{
  "n_frames": 100,
  "scenewise_psnr": 21.983724042937585,
  "scenewise_ssim": 0.5591656139742689,
  "scenewise_lpips": 0.5282249140739441,
  "all_framewise_psnrs": [
    24.96093718889487,
    26.380675504096622,
    25.144522561724166,
    24.420244372475175,
    23.797511941158717,
    24.7920711307494,
    24.618165724294578,
    25.154407237944334,
    25.11919412831897,
    24.891888600521646,
    24.484520651111957,
    25.027041119168132,
    24.419069927705902,
    24.68291780452371,
    24.193655317363966,
    24.3352989598457,
    23.556500580943958,
    24.249592846915835,
    24.47391898792386,
    24.537381386471946,
    23.371266807657246,
    22.79385201976103,
    23.342532475202788,
    23.530494247308255,
    23.185972375285377,
    23.557182683343004,
    22.596839762947948,
    23.183591764200887,
    24.072162437919236,
    23.764343439355695,
    22.83430263536774,
    22.843394606137785,
    22.76222993925972,
    21.200654112087236,
    22.245477730016315,
    20.830908856648215,
    20.946551818041932,
    21.268912366359338,
    21.266165896880484,
    20.22287010131528,
    19.683298054523164,
    20.716165332110133,
    20.137851497896854,
    19.83724882275376,
    20.042666433737143,
    19.89982246807414,
    21.27436116262043,
    21.538143366148937,
    21.526153064975205,
    21.563619860441896,
    20.552647029572874,
    22.220740256651812,
    21.653279921933716,
    19.147492721323896,
    19.078580447342134,
    20.603569544481708,
    21.974496229638127,
    22.593269392493305,
    22.489411423187576,
    22.76623565780558,
    22.480850332988673,
    21.296839383056117,
    21.576411609312423,
    21.894159487492814,
    21.84055974570183,
    21.69234204876669,
    21.30319415771678,
    21.087090735883507,
    20.666876327486175,
    20.540449446279364,
    18.89354530891231,
    20.68546068724631,
    20.946233451503964,
    20.92241772948138,
    20.36931612986628,
    19.86740518932633,
    19.79946859922532,
    20.2916005799769,
    19.72432240221796,
    19.714758499748857,
    20.085590675983894,
    21.21538461043538,
    22.785865064142676,
    22.810858210496434,
    23.02844676651158,
    23.254213800756105,
    23.37629961831482,
    23.4315648972916,
    23.546140484845584,
    24.147474663064482,
    24.136413891383217,
    23.753572585659036,
    24.27521382546405,
    23.832656881215478,
    22.386420618220157,
    21.068914819589942,
    20.642992951738638,
    20.81943837743107,
    22.704604975947653,
    23.131893088426136
  ],
  "all_framewise_ssim": [
    0.7555677890777588,
    0.7403839230537415,
    0.6899669766426086,
    0.602695882320404,
    0.5622625350952148,
    0.6172028183937073,
    0.6088628172874451,
    0.6251447796821594,
    0.6190443634986877,
    0.6005865335464478,
    0.5674465298652649,
    0.5983831286430359,
    0.5812793970108032,
    0.5897648334503174,
    0.5562052726745605,
    0.5601074695587158,
    0.5226885676383972,
    0.5580751299858093,
    0.5737772583961487,
    0.5884608030319214,
    0.5143889784812927,
    0.4666609764099121,
    0.5265624523162842,
    0.5528047680854797,
    0.522467851638794,
    0.549454391002655,
    0.5200679302215576,
    0.5586530566215515,
    0.6214491724967957,
    0.6230223774909973,
    0.5825896263122559,
    0.5984058976173401,
    0.601732075214386,
    0.5861898064613342,
    0.5752213001251221,
    0.5390586256980896,
    0.5585765838623047,
    0.5795948505401611,
    0.5641188025474548,
    0.5170319080352783,
    0.5169301629066467,
    0.5651790499687195,
    0.5336626768112183,
    0.5079846382141113,
    0.49039125442504883,
    0.517001211643219,
    0.5832233428955078,
    0.5993886590003967,
    0.599191427230835,
    0.5910103917121887,
    0.5616954565048218,
    0.6586266160011292,
    0.6003668904304504,
    0.4835573434829712,
    0.4712429940700531,
    0.5312631726264954,
    0.598193347454071,
    0.6200311779975891,
    0.6187617182731628,
    0.6176020503044128,
    0.5815870761871338,
    0.5475836992263794,
    0.5716838836669922,
    0.5845797061920166,
    0.6036214232444763,
    0.6025895476341248,
    0.592363178730011,
    0.5448326468467712,
    0.5246887803077698,
    0.5376208424568176,
    0.46888771653175354,
    0.5343379974365234,
    0.553753137588501,
    0.5543836951255798,
    0.5220991969108582,
    0.49343565106391907,
    0.48409852385520935,
    0.4905560314655304,
    0.4572676122188568,
    0.4477907121181488,
    0.4540715515613556,
    0.463775634765625,
    0.5416126251220703,
    0.5507462620735168,
    0.5301128625869751,
    0.5082891583442688,
    0.4972686469554901,
    0.4982040822505951,
    0.5035393238067627,
    0.5286820530891418,
    0.5293627381324768,
    0.533389151096344,
    0.5726955533027649,
    0.5654376149177551,
    0.5084041953086853,
    0.4769470989704132,
    0.46927115321159363,
    0.4646274745464325,
    0.594822108745575,
    0.6862723231315613
  ],
  "all_framewise_lpips": [
    0.2976283133029938,
    0.3175708055496216,
    0.3608245849609375,
    0.4700012505054474,
    0.4937954545021057,
    0.46258801221847534,
    0.4542413055896759,
    0.44395384192466736,
    0.44866734743118286,
    0.4621759057044983,
    0.47749611735343933,
    0.48712924122810364,
    0.5002921223640442,
    0.48336881399154663,
    0.5016225576400757,
    0.4994552433490753,
    0.5029125213623047,
    0.5013220310211182,
    0.5038861632347107,
    0.4873417317867279,
    0.5682542324066162,
    0.6341389417648315,
    0.5791405439376831,
    0.5264065265655518,
    0.5204631686210632,
    0.5162044763565063,
    0.5107477307319641,
    0.521216094493866,
    0.4970775246620178,
    0.48237571120262146,
    0.4873792231082916,
    0.4771018624305725,
    0.4786573052406311,
    0.4928146004676819,
    0.49661126732826233,
    0.5392681360244751,
    0.550237774848938,
    0.5544658899307251,
    0.5641109943389893,
    0.5827770829200745,
    0.552873432636261,
    0.5529944896697998,
    0.5811123847961426,
    0.6420015096664429,
    0.6451437473297119,
    0.582165002822876,
    0.5043697953224182,
    0.47971290349960327,
    0.48457691073417664,
    0.4616914391517639,
    0.44309312105178833,
    0.5171603560447693,
    0.5405062437057495,
    0.5782167315483093,
    0.5772964358329773,
    0.5317201614379883,
    0.45272430777549744,
    0.5044465065002441,
    0.47932788729667664,
    0.5010448694229126,
    0.48693132400512695,
    0.5386453866958618,
    0.503292977809906,
    0.4800852835178375,
    0.4567700922489166,
    0.4730294644832611,
    0.4386587142944336,
    0.5491721630096436,
    0.5725517272949219,
    0.5332698822021484,
    0.6149049401283264,
    0.5853555202484131,
    0.577682614326477,
    0.5628925561904907,
    0.5888169407844543,
    0.6332215070724487,
    0.6429949998855591,
    0.6239218711853027,
    0.6394362449645996,
    0.6443076133728027,
    0.644034206867218,
    0.6211860179901123,
    0.543287992477417,
    0.5395376682281494,
    0.559118926525116,
    0.5909108519554138,
    0.6045674085617065,
    0.5921614170074463,
    0.5590583682060242,
    0.5469273328781128,
    0.5495787262916565,
    0.5709006190299988,
    0.5478300452232361,
    0.5504269599914551,
    0.5916805267333984,
    0.586678683757782,
    0.5944796204566956,
    0.6130635738372803,
    0.5127437114715576,
    0.4104762375354767
  ]
}