{
  "n_frames": 120,
  "scenewise_psnr": 16.36342500281249,
  "scenewise_ssim": 0.31217848749218646,
  "scenewise_lpips": 0.7825756137569745,
  "all_framewise_psnrs": [
    15.980752183828017,
    17.810212186806517,
    18.923766061752623,
    18.962611632995127,
    17.920162609762723,
    16.98693041621086,
    16.936106457374752,
    15.727502458382364,
    17.245325376654502,
    17.15756351729564,
    17.513309725302985,
    17.458156819597527,
    16.701628637943283,
    16.925073298898273,
    16.645533926146634,
    16.546108104755287,
    15.579858748604103,
    15.891196428863898,
    15.821351019286725,
    15.310917514535799,
    15.599301256011247,
    15.214974030295018,
    15.34600738265842,
    15.322722728259208,
    15.71821514779451,
    15.37393888842755,
    15.235181504701439,
    15.071304147149839,
    15.214212617197003,
    14.848839597646272,
    14.561563876564458,
    14.774510636110998,
    14.51811380445104,
    14.660177771915134,
    14.336627332600196,
    15.988060112788101,
    16.874423542682653,
    17.308165380676677,
    16.760572484922594,
    17.10577823621709,
    16.16341471348726,
    16.946079622694782,
    17.091038255488346,
    17.541708156103258,
    17.51307793378896,
    17.442285067709133,
    17.4369191734291,
    17.75582538288116,
    17.661660815806663,
    17.6982670430738,
    17.823817464225527,
    18.111970944500413,
    18.144667145659504,
    17.80250337766052,
    17.712571177379136,
    18.184696612563222,
    17.926880635988443,
    17.877566602510168,
    17.75162436121788,
    17.54941771681161,
    17.60566557554875,
    16.580429669563323,
    16.732088295949247,
    17.165634012991347,
    17.25602339125786,
    16.73832000435826,
    16.533147689158238,
    16.445243079046698,
    16.437603333873717,
    16.59002761439002,
    16.323985944603358,
    17.805480913605813,
    18.147337300255845,
    18.344638217738748,
    17.4684096103357,
    17.87731949378251,
    18.422581995323444,
    17.479893652862625,
    16.1594259114173,
    16.53931020351575,
    15.962278651181443,
    15.843849151845289,
    15.426902649151081,
    19.096648996925445,
    19.24705775825085,
    18.780386653887962,
    18.391940546889625,
    17.998067292002602,
    17.71651844315589,
    17.014628549642335,
    16.274525321105003,
    15.953580552852937,
    16.384117798822928,
    16.710420096631378,
    16.276456478236312,
    15.743890556050399,
    15.020157557993512,
    15.181281167375303,
    15.208825799173633,
    15.339455479816719,
    15.390963731563975,
    14.71329468679313,
    15.01655953113372,
    14.784557443053234,
    14.531098650273652,
    15.44093241026664,
    14.653141704039562,
    15.221013620928524,
    15.538280407241798,
    15.655334684297117,
    15.766888717070312,
    16.104355516866704,
    16.203486971556245,
    15.874277515585618,
    15.570575223432543,
    14.951330693720505,
    15.18633002529587,
    15.248048372117376,
    15.628104451825418,
    15.369303080577394
  ],
  "all_framewise_ssim": [
    0.28130507469177246,
    0.3745715916156769,
    0.43922269344329834,
    0.4528179168701172,
    0.37020063400268555,
    0.32280072569847107,
    0.3221031725406647,
    0.3134116530418396,
    0.3107806146144867,
    0.287634015083313,
    0.30725932121276855,
    0.33479222655296326,
    0.27503204345703125,
    0.31216028332710266,
    0.271566241979599,
    0.27559807896614075,
    0.24842913448810577,
    0.22606508433818817,
    0.21465645730495453,
    0.20076370239257812,
    0.23596738278865814,
    0.21116383373737335,
    0.2188236564397812,
    0.1963043361902237,
    0.2066224366426468,
    0.20845840871334076,
    0.22584931552410126,
    0.1974196434020996,
    0.19405752420425415,
    0.21438483893871307,
    0.22233927249908447,
    0.2391626387834549,
    0.2730623483657837,
    0.2803628742694855,
    0.2609318792819977,
    0.29067566990852356,
    0.31462255120277405,
    0.28612908720970154,
    0.3081790506839752,
    0.3299520015716553,
    0.29765552282333374,
    0.2588307857513428,
    0.24213874340057373,
    0.2822853922843933,
    0.2884736955165863,
    0.2744087278842926,
    0.2531881630420685,
    0.2452564239501953,
    0.2715867757797241,
    0.2571463882923126,
    0.2649137079715729,
    0.2652641832828522,
    0.267265260219574,
    0.24610954523086548,
    0.26334598660469055,
    0.3138652443885803,
    0.3095981180667877,
    0.3109728991985321,
    0.324332594871521,
    0.2876593768596649,
    0.31511685252189636,
    0.24374377727508545,
    0.25619229674339294,
    0.277483731508255,
    0.2894904911518097,
    0.2561216354370117,
    0.2654009759426117,
    0.28543519973754883,
    0.29415518045425415,
    0.29605019092559814,
    0.28041332960128784,
    0.36555638909339905,
    0.3993425667285919,
    0.4165166914463043,
    0.36704662442207336,
    0.390872597694397,
    0.46550217270851135,
    0.3802296817302704,
    0.390667587518692,
    0.4283798635005951,
    0.43227943778038025,
    0.45645925402641296,
    0.4508903920650482,
    0.5672018527984619,
    0.5442793369293213,
    0.4989868700504303,
    0.4574644863605499,
    0.4016660153865814,
    0.3729591369628906,
    0.3778100907802582,
    0.3518923819065094,
    0.35853302478790283,
    0.30269089341163635,
    0.28921034932136536,
    0.27887165546417236,
    0.27230438590049744,
    0.23458285629749298,
    0.24606537818908691,
    0.2709473967552185,
    0.28204840421676636,
    0.29113733768463135,
    0.30241715908050537,
    0.33138763904571533,
    0.35008323192596436,
    0.3631139099597931,
    0.47339415550231934,
    0.309752494096756,
    0.3191456198692322,
    0.32701560854911804,
    0.32989901304244995,
    0.354367733001709,
    0.36978545784950256,
    0.407765656709671,
    0.3814539611339569,
    0.3340713083744049,
    0.2620072364807129,
    0.2486705780029297,
    0.23707275092601776,
    0.24408744275569916,
    0.2720414400100708
  ],