{
  "n_frames": 100,
  "scenewise_psnr": 21.34279198140846,
  "scenewise_ssim": 0.5805088617682799,
  "scenewise_lpips": 0.5785047882795333,
  "all_framewise_psnrs": [
    21.82798976029876,
    21.830165607636665,
    21.87015516034435,
    21.897785131739212,
    21.869319372908677,
    21.75701677717059,
    21.590111641723297,
    21.492368345913178,
    21.796499624990865,
    20.96394247826182,
    20.712868737762445,
    21.4027365772957,
    21.076331783922406,
    21.188219465233374,
    21.344387188058036,
    21.333218456823722,
    21.76245499671349,
    22.35582784954248,
    22.506636984820684,
    22.703027236522605,
    22.46656452495015,
    22.188391682577304,
    21.749169573632212,
    21.64052002871173,
    21.562346609603175,
    21.62066915768093,
    21.218486000944957,
    20.90100239610471,
    20.918836917828795,
    20.832889861414444,
    21.648769400654654,
    22.10755904053414,
    22.53068885010393,
    22.104647033174658,
    21.48437663102799,
    22.500511064158168,
    21.418758684198416,
    21.780384197784496,
    20.243365822670427,
    20.238582449197693,
    20.253498064920635,
    21.55290294110062,
    22.46406179822491,
    21.67479958801607,
    22.172088873551704,
    22.030479710303993,
    23.05768627561401,
    22.791452275148444,
    22.586342876469757,
    22.426108467465564,
    21.752249534272273,
    21.32839662234394,
    21.226035420424232,
    21.262553968256764,
    20.793829866550645,
    20.436375705110756,
    19.663238135707495,
    20.19155827805246,
    20.83971812063124,
    20.873561400582066,
    20.751614308272526,
    20.68808296833407,
    20.664191877558906,
    21.55983453413114,
    19.54679070757211,
    19.748319174999935,
    18.619671315492877,
    18.340599236205573,
    17.80661089169253,
    18.015571502304436,
    20.017046656792694,
    21.757099215493746,
    21.61032081351781,
    21.578123206016187,
    21.07010900410576,
    21.22098467505718,
    21.19910469625465,
    20.321005718272286,
    21.274874033137753,
    22.62955936567338,
    22.88951823157682,
    21.745621414791167,
    21.675357835262016,
    21.941134387640304,
    21.812988828207377,
    21.536327902800277,
    21.697773081009682,
    21.868560553784228,
    22.298729519886574,
    22.196086891323795,
    21.97407436710074,
    22.147888114949914,
    21.95278410639044,
    22.47871296314637,
    23.667151782644492,
    23.72205259622264,
    23.502695624656617,
    22.255976160587227,
    22.285030842701758,
    22.364545925675454
  ],
  "all_framewise_ssim": [
    0.5941654443740845,
    0.5976639986038208,
    0.5979894399642944,
    0.5992551445960999,
    0.5983923673629761,
    0.5932474732398987,
    0.5923519730567932,
    0.5935158133506775,
    0.6085962653160095,
    0.5855333805084229,
    0.5749343037605286,
    0.5892444849014282,
    0.583484411239624,
    0.5900231003761292,
    0.6051087975502014,
    0.6084510684013367,
    0.6310184001922607,
    0.6516431570053101,
    0.6727151274681091,
    0.6764304041862488,
    0.665122389793396,
    0.6538689136505127,
    0.6351165771484375,
    0.6269981265068054,
    0.6227766871452332,
    0.6271832585334778,
    0.6203938126564026,
    0.6066898703575134,
    0.6038089990615845,
    0.58844393491745,
    0.6093310713768005,
    0.6345500946044922,
    0.6722723841667175,
    0.6606641411781311,
    0.6508194804191589,
    0.654869794845581,
    0.6199073195457458,
    0.6071322560310364,
    0.5525421500205994,
    0.5376619696617126,
    0.5577141642570496,
    0.6126101613044739,
    0.6232993602752686,
    0.5925517082214355,
    0.6306014060974121,
    0.6291317939758301,
    0.6333296895027161,
    0.6062593460083008,
    0.576995849609375,
    0.5616045594215393,
    0.5338215827941895,
    0.51279217004776,
    0.498831182718277,
    0.5018473267555237,
    0.5010871887207031,
    0.48629820346832275,
    0.48763903975486755,
    0.5169442892074585,
    0.5590036511421204,
    0.5811030268669128,
    0.5957768559455872,
    0.5671971440315247,
    0.5625025629997253,
    0.5737563371658325,
    0.5344042181968689,
    0.4576229155063629,
    0.4240797758102417,
    0.4102286994457245,
    0.4082697927951813,
    0.4060746729373932,
    0.4637855291366577,
    0.5357714295387268,
    0.5292561054229736,
    0.5670003890991211,
    0.5699589252471924,
    0.5798309445381165,
    0.5661621689796448,
    0.5199680328369141,
    0.5318679809570312,
    0.5672597289085388,
    0.5687503814697266,
    0.5414392352104187,
    0.555133581161499,
    0.5649401545524597,
    0.5731474757194519,
    0.5777238011360168,
    0.5753462314605713,
    0.5606365203857422,
    0.5633972883224487,
    0.5649561882019043,
    0.5561564564704895,
    0.5576550364494324,
    0.5480546951293945,
    0.6190519332885742,
    0.6639018654823303,
    0.6662092804908752,
    0.644953191280365,
    0.5997112393379211,
    0.5927218794822693,
    0.6008561253547668
  ],
  "all_framewise_lpips": [
    0.5702864527702332,
    0.5676418542861938,
    0.5642470717430115,
    0.5622361898422241,
    0.5588105916976929,
    0.5599187612533569,
    0.5565944910049438,
    0.5561588406562805,
    0.5429831743240356,
    0.5649410486221313,
    0.5700559616088867,
    0.553942859172821,
    0.5522372126579285,
    0.5364903807640076,
    0.5070798397064209,
    0.5069894790649414,
    0.4771806001663208,
    0.44662970304489136,
    0.4217335879802704,
    0.4200628101825714,
    0.4377332925796509,
    0.4522196352481842,
    0.4727805256843567,
    0.4919764995574951,
    0.5011908411979675,
    0.4956169128417969,
    0.5013625025749207,
    0.5286647081375122,
    0.528727114200592,
    0.5615509748458862,
    0.5629626512527466,
    0.523344099521637,
    0.47792336344718933,
    0.48487764596939087,
    0.5029009580612183,
    0.5074087977409363,
    0.5395025610923767,
    0.5659735798835754,
    0.6227572560310364,
    0.6337008476257324,
    0.6179686188697815,
    0.5763389468193054,
    0.5784664750099182,
    0.6019601225852966,
    0.5642863512039185,
    0.5834733843803406,
    0.5818713903427124,
    0.6043859720230103,
    0.6226612329483032,
    0.6332948207855225,
    0.6334254145622253,
    0.6457319259643555,
    0.6561974287033081,
    0.6452251076698303,
    0.6312007904052734,
    0.6374558210372925,
    0.6297265887260437,
    0.614413857460022,
    0.574230432510376,
    0.5584076642990112,
    0.5536009073257446,
    0.5582005381584167,
    0.573255717754364,
    0.5733823776245117,
    0.613404393196106,
    0.7250585556030273,
    0.731847882270813,
    0.7081029415130615,
    0.7019277811050415,
    0.7137042880058289,
    0.6699978113174438,
    0.6294074058532715,
    0.638912558555603,
    0.5905715227127075,
    0.5875246524810791,
    0.5736051797866821,
    0.5874918103218079,
    0.6367325186729431,
    0.6266084909439087,
    0.61308753490448,
    0.628021240234375,
    0.6631525754928589,
    0.6394936442375183,
    0.6236158013343811,
    0.6078393459320068,
    0.60052889585495,
    0.6220641136169434,
    0.636771023273468,
    0.6370656490325928,
    0.6326224207878113,
    0.6417108178138733,
    0.644016444683075,
    0.64798504114151,
    0.5666055679321289,
    0.5190296173095703,
    0.5167300701141357,
    0.5412170886993408,
    0.5679202079772949,
    0.5677176117897034,
    0.5598287582397461
  ]
}