{
  "n_frames": 27,
  "scenewise_psnr": 16.773328683164838,
  "scenewise_ssim": 0.3473879062455545,
  "scenewise_lpips": 0.6747813379323041,
  "all_framewise_psnrs": [
    17.749475025476436,
    19.44350094751246,
    18.55890975369466,
    17.385923066984915,
    18.10174214897658,
    18.32046735016692,
    17.477341531859935,
    17.53878026266246,
    17.566423753648913,
    17.75408921382843,
    17.690546993649406,
    17.268133635664682,
    17.491323246104283,
    16.940983187549836,
    16.725395846800676,
    14.588749216017112,
    16.438230619722653,
    14.443392988085307,
    13.429956692056935,
    15.157328062080072,
    15.022322536925046,
    16.40842535732717,
    17.581578158222626,
    17.02361135885536,
    17.002650685212643,
    18.027804047321037,
    18.082423055811326
  ],
  "all_framewise_ssim": [
    0.3562510311603546,
    0.47377076745033264,
    0.44230642914772034,
    0.35741791129112244,
    0.3683381974697113,
    0.34629878401756287,
    0.3173845708370209,
    0.36931660771369934,
    0.3723674714565277,
    0.3586196005344391,
    0.372901052236557,
    0.36308184266090393,
    0.36033645272254944,
    0.3974255621433258,
    0.4445144236087799,
    0.2813397943973541,
    0.3744542598724365,
    0.2798863649368286,
    0.24399243295192719,
    0.2643355429172516,
    0.2216617614030838,
    0.3012847900390625,
    0.3192642033100128,
    0.3324996531009674,
    0.30522608757019043,
    0.36304208636283875,
    0.35792747139930725
  ],
  "all_framewise_lpips": [
    0.6493067741394043,
    0.5572609305381775,
    0.5532196760177612,
    0.5920288562774658,
    0.5598611235618591,
    0.5714698433876038,
    0.6685710549354553,
    0.6436859965324402,
    0.6678045988082886,
    0.6842190623283386,
    0.6696364879608154,
    0.6759524941444397,
    0.6976035237312317,
    0.6868646740913391,
    0.6876625418663025,
    0.7795156836509705,
    0.7258225679397583,
    0.7263824939727783,
    0.7986956834793091,
    0.7372113466262817,
    0.741258978843689,
    0.7112470865249634,
    0.687974214553833,
    0.6940793395042419,
    0.7101085782051086,
    0.6686611175537109,
    0.6729913949966431
  ]
}