{
  "n_frames": 100,
  "scenewise_psnr": 21.736105638092,
  "scenewise_ssim": 0.5339192746423542,
  "scenewise_lpips": 0.5723807290196419,
  "all_framewise_psnrs": [
    21.75992731249863,
    22.317892816708216,
    21.79569195782947,
    22.11581332472196,
    22.58235777767083,
    22.27387651533064,
    21.915666848549943,
    20.586446230445397,
    20.47781593950619,
    20.407085137933674,
    21.348284943389114,
    20.44681295408319,
    20.306567330815323,
    20.637123017096243,
    20.07144208477974,
    19.634338629096106,
    18.64897392841399,
    20.054932682131245,
    20.250019053682273,
    20.625291986663207,
    20.015859502639273,
    21.41364523803432,
    22.009013636808223,
    20.741890542961468,
    21.13441888542586,
    20.404348305083268,
    20.837973380438516,
    20.30633642160224,
    20.14764987341212,
    21.715861783051153,
    21.489775573849528,
    21.46303636282869,
    21.978193102851243,
    22.692226120457242,
    22.974920511341598,
    22.82765279932425,
    22.480546362115778,
    22.12744076299991,
    22.56201158963202,
    22.087621399009265,
    21.707550625298726,
    21.395784982312986,
    21.79930943377667,
    21.66689457922237,
    21.026416001817637,
    21.853727418516655,
    21.23796467519246,
    21.286663956799345,
    20.838793654664297,
    21.019002662947152,
    21.1804649891455,
    21.717241816598687,
    22.35072943977841,
    22.499257791198843,
    22.81537308845108,
    23.49419022387996,
    23.465218056175303,
    23.29113411130234,
    23.84832631661841,
    23.463170486393903,
    22.635953669337,
    23.04493570679724,
    22.407969436729296,
    21.73064757465046,
    21.31514837423736,
    22.338017854780936,
    22.379579208124945,
    21.886426700400282,
    21.26718516156768,
    20.91359302451037,
    21.895693742560592,
    22.27753187720621,
    21.32250038378568,
    21.83901797105731,
    22.135860277052185,
    21.928150857961846,
    21.716219660862915,
    21.65318818598749,
    22.063845827630413,
    22.154652498578102,
    20.121677155007156,
    22.74645324982554,
    22.966588640196306,
    22.581402015094106,
    22.749462388489377,
    22.886217893236847,
    22.731623481459614,
    22.87241028234236,
    22.980631144626113,
    22.705806191023427,
    22.96572822771069,
    23.37950951868359,
    23.2315447857456,
    22.824856034054836,
    22.38197175846924,
    22.63266913246961,
    22.356636064438554,
    22.29194042705113,
    23.995262735457686,
    25.122435574324435
  ],
  "all_framewise_ssim": [
    0.5892581343650818,
    0.6238760352134705,
    0.6278038620948792,
    0.5951908230781555,
    0.6251065135002136,
    0.6153292059898376,
    0.588543713092804,
    0.5525550842285156,
    0.5336549878120422,
    0.5358490347862244,
    0.5308915972709656,
    0.4901156723499298,
    0.47905638813972473,
    0.5021538138389587,
    0.521373450756073,
    0.5457401275634766,
    0.5381059646606445,
    0.5334226489067078,
    0.5327072143554688,
    0.554108738899231,
    0.5542356967926025,
    0.5838724970817566,
    0.5916953086853027,
    0.5917076468467712,
    0.6027997136116028,
    0.5923135876655579,
    0.6209004521369934,
    0.6379826664924622,
    0.6503512859344482,
    0.6652106046676636,
    0.6514852643013,
    0.6566522717475891,
    0.6507090926170349,
    0.6229419708251953,
    0.5860112309455872,
    0.5635061860084534,
    0.5538815259933472,
    0.5282027125358582,
    0.4846322536468506,
    0.42966213822364807,
    0.4215114414691925,
    0.3972456455230713,
    0.4449446201324463,
    0.40230080485343933,
    0.40237486362457275,
    0.43032360076904297,
    0.42935267090797424,
    0.42700231075286865,
    0.4083866775035858,
    0.40137040615081787,
    0.4240356385707855,
    0.4186509847640991,
    0.40554431080818176,
    0.4173401892185211,
    0.4089176654815674,
    0.4315933287143707,
    0.4309968948364258,
    0.44024398922920227,
    0.4647230803966522,
    0.5121638774871826,
    0.5178946256637573,
    0.5462786555290222,
    0.5297403931617737,
    0.5027366280555725,
    0.4821976125240326,
    0.49623918533325195,
    0.4922870099544525,
    0.5225405097007751,
    0.5520390868186951,
    0.5347023606300354,
    0.5513942837715149,
    0.525737464427948,
    0.5117968916893005,
    0.5363596677780151,
    0.5520029067993164,
    0.6120176315307617,
    0.6160460114479065,
    0.6067271828651428,
    0.5932918190956116,
    0.5880868434906006,
    0.5799851417541504,
    0.6046605110168457,
    0.6094902157783508,
    0.5956928133964539,
    0.5841048359870911,
    0.5745112299919128,
    0.5644358396530151,
    0.5556256175041199,
    0.544881284236908,
    0.5222846865653992,
    0.5155830979347229,
    0.5170027613639832,
    0.5027107000350952,
    0.483514666557312,
    0.47242411971092224,
    0.4749404489994049,
    0.4791208803653717,
    0.4933684766292572,
    0.5463449358940125,
    0.5809577107429504
  ],
  "all_framewise_lpips": [
    0.4839998483657837,
    0.4591347277164459,
    0.44620686769485474,
    0.475640207529068,
    0.4710625410079956,
    0.4822038412094116,
    0.49096015095710754,
    0.5079538822174072,
    0.5298644304275513,
    0.5337486863136292,
    0.5431069135665894,
    0.5737168788909912,
    0.5985106229782104,
    0.640007495880127,
    0.621748685836792,
    0.6141756176948547,
    0.6231542229652405,
    0.6146671772003174,
    0.6195853352546692,
    0.6008222103118896,
    0.5886555910110474,
    0.568836510181427,
    0.5603256821632385,
    0.5709375143051147,
    0.5612455606460571,
    0.5847988128662109,
    0.5779947638511658,
    0.5585938692092896,
    0.5547559261322021,
    0.5553003549575806,
    0.5606801509857178,
    0.5546459555625916,
    0.5529227256774902,
    0.5667890310287476,
    0.5854822397232056,
    0.5833181142807007,
    0.5722653865814209,
    0.5772865414619446,
    0.6045898795127869,
    0.642429769039154,
    0.6489779949188232,
    0.6595705151557922,
    0.6309367418289185,
    0.6669705510139465,
    0.6624096632003784,
    0.6506443619728088,
    0.6523473858833313,
    0.6621593236923218,
    0.6640520095825195,
    0.6570460200309753,
    0.6502903699874878,
    0.6560275554656982,
    0.6668791770935059,
    0.6670901775360107,
    0.6706648468971252,
    0.6629996299743652,
    0.6681455373764038,
    0.6684895753860474,
    0.6565777063369751,
    0.6323572397232056,
    0.6320109367370605,
    0.6228428483009338,
    0.6238040924072266,
    0.6264292597770691,
    0.621920108795166,
    0.6016961336135864,
    0.6022809743881226,
    0.5824087262153625,
    0.5500065088272095,
    0.5552067160606384,
    0.5422769784927368,
    0.5611413717269897,
    0.5805141925811768,
    0.5678061842918396,
    0.5575129985809326,
    0.519507110118866,
    0.5184583067893982,
    0.51492840051651,
    0.523590087890625,
    0.5283915996551514,
    0.5117433667182922,
    0.4968545436859131,
    0.4867037534713745,
    0.490939736366272,
    0.4931310713291168,
    0.49610498547554016,
    0.4980190396308899,
    0.4986959397792816,
    0.49990180134773254,
    0.5078348517417908,
    0.5130631923675537,
    0.5152119398117065,
    0.5279765725135803,
    0.5429287552833557,
    0.5504538416862488,
    0.5526732802391052,
    0.5524604320526123,
    0.5430538058280945,
    0.4910363554954529,
    0.4697909951210022
  ]
}