{
  "n_frames": 100,
  "scenewise_psnr": 20.86503275569126,
  "scenewise_ssim": 0.6334560222760466,
  "scenewise_lpips": 0.6326818436384201,
  "all_framewise_psnrs": [
    22.051291149422973,
    22.084421721709102,
    21.102349790107333,
    21.242940981153072,
    20.84169087445387,
    21.124967663748848,
    20.520844048050392,
    19.29898092097891,
    17.528806185719674,
    18.54823956206551,
    20.72341385551318,
    20.974956526309136,
    21.007845878696017,
    21.92240179163983,
    20.66606996954746,
    20.98441021687424,
    21.21287337935255,
    18.988172010704247,
    19.03475302251007,
    19.928579865717488,
    22.27585972148498,
    22.25225906171982,
    22.517931738895292,
    21.010659570127306,
    20.74380014518389,
    21.077756356525093,
    21.288209020637222,
    20.136796989090655,
    18.84546214831462,
    19.59824964472619,
    19.917911333944474,
    20.54237283908098,
    20.94106087752936,
    20.706658069446576,
    20.89943934037685,
    21.0899149284789,
    21.021669045304176,
    19.85387251493568,
    19.985095161638807,
    20.75545639592285,
    22.674473543862593,
    22.0960747531125,
    21.43511900480223,
    20.273555890925007,
    20.428897013248204,
    22.373971434680612,
    21.73785751838249,
    20.87505777673038,
    18.93114337367026,
    19.335668864059933,
    19.52504647746919,
    20.29169055300413,
    22.170482154582956,
    23.31183607457026,
    21.819518630318363,
    18.85344518725889,
    20.247347289507868,
    20.27487853970815,
    19.976243226042364,
    21.2008522276427,
    22.1725547631706,
    23.498116578270512,
    22.785872746090124,
    21.4702925739557,
    20.719340800530915,
    21.309648469951842,
    21.158057314986124,
    22.738921843762554,
    22.638505118424312,
    21.829418837260345,
    21.453281981252704,
    22.876617809837878,
    22.767371812506653,
    21.552610605788345,
    20.799306860095022,
    20.007698689538202,
    20.10277136169713,
    19.518505608596335,
    20.651128541015666,
    20.999296591388827,
    20.187094664671946,
    19.370110441584796,
    20.992320223401588,
    20.575554313107695,
    20.477799233719793,
    22.90083974057943,
    25.648932426968955,
    26.9298204614256,
    23.902733114108635,
    23.0541065559626,
    20.095279987411253,
    19.83233301492518,
    20.434871514798303,
    20.693494560416553,
    21.132473447998823,
    22.89221171550558,
    22.698865147871157,
    21.59233197589954,
    20.258394487176158,
    19.770028422676205
  ],
  "all_framewise_ssim": [
    0.6444323658943176,
    0.64239102602005,
    0.6304174065589905,
    0.6299650073051453,
    0.6253211498260498,
    0.6225274205207825,
    0.607160747051239,
    0.5685821175575256,
    0.5271636247634888,
    0.5357179045677185,
    0.6266723275184631,
    0.6251561045646667,
    0.6196739673614502,
    0.6968101859092712,
    0.6783838272094727,
    0.6516744494438171,
    0.5804013013839722,
    0.5594860911369324,
    0.604362428188324,
    0.5796855092048645,
    0.6687612533569336,
    0.6768155097961426,
    0.7242565155029297,
    0.6877686381340027,
    0.675334632396698,
    0.6680313944816589,
    0.6656415462493896,
    0.6072182655334473,
    0.5513663291931152,
    0.5527482628822327,
    0.5576305985450745,
    0.5950477123260498,
    0.6210095882415771,
    0.5924550294876099,
    0.59084552526474,
    0.574191153049469,
    0.5668166875839233,
    0.5794556140899658,
    0.6114510893821716,
    0.6325864195823669,
    0.6488979458808899,
    0.6393269896507263,
    0.6181098222732544,
    0.5779117941856384,
    0.6129013895988464,
    0.705365002155304,
    0.6676931977272034,
    0.6312807202339172,
    0.5191486477851868,
    0.5617602467536926,
    0.5988059043884277,
    0.615630567073822,
    0.6757452487945557,
    0.7043134570121765,
    0.6665232181549072,
    0.5807182788848877,
    0.6002588868141174,
    0.6011800169944763,
    0.5879185199737549,
    0.6282041668891907,
    0.6589651703834534,
    0.724235475063324,
    0.6766367554664612,
    0.6345162391662598,
    0.6007308959960938,
    0.614070475101471,
    0.6257733702659607,
    0.6706035137176514,
    0.6588996052742004,
    0.6179588437080383,
    0.6237173080444336,
    0.6765003204345703,
    0.6743338108062744,
    0.664829432964325,
    0.6773841977119446,
    0.6575881838798523,
    0.5838194489479065,
    0.5600385069847107,
    0.5930312275886536,
    0.6516255736351013,
    0.6221308708190918,
    0.5782240033149719,
    0.588127851486206,
    0.57410728931427,
    0.5992231965065002,
    0.7123059630393982,
    0.7645859718322754,
    0.8112946152687073,
    0.7833847999572754,
    0.754594624042511,
    0.6892702579498291,
    0.645775318145752,
    0.58021479845047,
    0.5853225588798523,
    0.6549391150474548,
    0.7208524346351624,
    0.7085407376289368,
    0.6705271601676941,
    0.6163591742515564,
    0.5144322514533997
  ],
  "all_framewise_lpips": [
    0.5829622149467468,
    0.5850011706352234,
    0.5799665451049805,
    0.5706332921981812,
    0.576248049736023,
    0.5840617418289185,
    0.6135664582252502,
    0.627620279788971,
    0.6797982454299927,
    0.6614536046981812,
    0.6069093346595764,
    0.6240353584289551,
    0.6397088766098022,
    0.6162716150283813,
    0.6484444737434387,
    0.6377347707748413,
    0.6776251792907715,
    0.7066196799278259,
    0.6749032735824585,
    0.6935771107673645,
    0.6590742468833923,
    0.6631603240966797,
    0.6186484098434448,
    0.6160869598388672,
    0.646027147769928,
    0.6369718313217163,
    0.6140125393867493,
    0.653336226940155,
    0.6708685159683228,
    0.6806564927101135,
    0.6669310927391052,
    0.6217361688613892,
    0.6276702284812927,
    0.648741602897644,
    0.6587322950363159,
    0.6742667555809021,
    0.6903238892555237,
    0.6754945516586304,
    0.6516029834747314,
    0.637666642665863,
    0.6168172955513,
    0.6264052391052246,
    0.6350463628768921,
    0.6615985035896301,
    0.6489002704620361,
    0.6039317846298218,
    0.6244579553604126,
    0.647934079170227,
    0.7327154278755188,
    0.6921570897102356,
    0.659549355506897,
    0.6529712677001953,
    0.6110007166862488,
    0.5757471919059753,
    0.6082682013511658,
    0.644481360912323,
    0.6390230655670166,
    0.6329759955406189,
    0.638740062713623,
    0.6036603450775146,
    0.5914493203163147,
    0.5443459153175354,
    0.5908920764923096,
    0.6353481411933899,
    0.6463139653205872,
    0.6349743604660034,
    0.618217408657074,
    0.5761769413948059,
    0.5860196948051453,
    0.6390790939331055,
    0.6306459903717041,
    0.5702164173126221,
    0.5664488077163696,
    0.571907103061676,
    0.5869725942611694,
    0.6145226955413818,
    0.6570891737937927,
    0.6548882126808167,
    0.6448147892951965,
    0.6410113573074341,
    0.6473535299301147,
    0.6892350912094116,
    0.661767840385437,
    0.6704396605491638,
    0.6597596406936646,
    0.6079750657081604,
    0.6252291798591614,
    0.5845839977264404,
    0.6184780597686768,
    0.6019636392593384,
    0.6297242045402527,
    0.6440889835357666,
    0.6439719200134277,
    0.6398940086364746,
    0.6153659224510193,
    0.5744031667709351,
    0.5922818183898926,
    0.6259572505950928,
    0.6546876430511475,
    0.7241579294204712
  ]
}