{
  "n_frames": 100,
  "scenewise_psnr": 22.807199042511037,
  "scenewise_ssim": 0.6789826486271089,
  "scenewise_lpips": 0.6112154966592789,
  "all_framewise_psnrs": [
    23.145538611771403,
    23.082368308907313,
    23.189802026788886,
    22.557512281054688,
    22.14789242603729,
    20.931581181864058,
    21.07332557007478,
    21.761380278113513,
    22.33046599863429,
    21.870478071806218,
    22.058235032504125,
    21.498688990892433,
    20.761977341823844,
    20.18541898415552,
    21.352767714510495,
    21.62390295316115,
    22.004787608863708,
    22.33447360419973,
    22.416508569495456,
    22.074275644301544,
    22.291906832187355,
    22.327390312417457,
    23.12211258755159,
    23.353078826319926,
    23.606442731681625,
    23.77125260444761,
    24.185011170983426,
    25.22409306549062,
    26.336339314023,
    26.149006698012975,
    25.797461925988912,
    26.254155838035512,
    24.51854429432379,
    23.31041860112956,
    23.437336112925813,
    23.535335337164955,
    23.575337851737117,
    23.44659337389958,
    23.171709922850944,
    22.63508435141215,
    22.712324784068922,
    22.586234290174758,
    22.47890013338299,
    22.040277025120357,
    21.66151208153956,
    21.79634333991998,
    23.122170275273515,
    22.584174966249964,
    22.663876817933936,
    21.87624131816397,
    22.745417306269303,
    23.965785606386806,
    23.691365302295573,
    23.526959902283096,
    23.40202424956676,
    23.727320122619112,
    23.744628490828354,
    22.635040574744494,
    23.018560675368715,
    23.553906634657537,
    23.823543230796993,
    23.124367544260895,
    23.507241863343154,
    23.27837094051774,
    23.096306471255144,
    22.92002828355293,
    23.078827364692508,
    22.913567167352223,
    23.015638269557826,
    22.949167816033462,
    23.15617468559669,
    23.384684158745337,
    23.380041503124826,
    23.60319840774029,
    23.511163699691448,
    23.505957737243044,
    23.38276806526311,
    23.779807004767164,
    23.56624687311114,
    24.027722593769234,
    24.145935642827858,
    23.354095251379825,
    23.18070764299215,
    23.544431753993187,
    23.45887372956176,
    23.65834757446553,
    23.781512855910343,
    23.54891889334143,
    22.672758890417533,
    22.88047139181893,
    23.33630500657459,
    22.48178600938018,
    23.309214762281677,
    22.070494803586026,
    19.74259371023351,
    19.858635809703454,
    22.730891057663417,
    22.547437478553686,
    21.089476979068383,
    21.563049416459215
  ],
  "all_framewise_ssim": [
    0.7079686522483826,
    0.7022230625152588,
    0.697162389755249,
    0.6898189187049866,
    0.7062149047851562,
    0.6600955128669739,
    0.6723586916923523,
    0.7181100845336914,
    0.7084512710571289,
    0.6688332557678223,
    0.6890721917152405,
    0.6881892085075378,
    0.6712217926979065,
    0.6736125946044922,
    0.6977905631065369,
    0.6884171366691589,
    0.7008989453315735,
    0.6998797059059143,
    0.6867737770080566,
    0.6845347285270691,
    0.6760819554328918,
    0.6612004637718201,
    0.6960024237632751,
    0.7155082821846008,
    0.7067477107048035,
    0.7162638306617737,
    0.7450106143951416,
    0.7722516059875488,
    0.8079514503479004,
    0.7935419082641602,
    0.7591482996940613,
    0.7677566409111023,
    0.7438139915466309,
    0.6902872920036316,
    0.6935439109802246,
    0.6896608471870422,
    0.6664891242980957,
    0.6592376828193665,
    0.6449511647224426,
    0.6262977719306946,
    0.6154846549034119,
    0.6115210652351379,
    0.5921939015388489,
    0.5783870220184326,
    0.5816899538040161,
    0.6007342338562012,
    0.6771511435508728,
    0.6808157563209534,
    0.6762146949768066,
    0.6688646674156189,
    0.7002229690551758,
    0.7317344546318054,
    0.6913323998451233,
    0.6693727970123291,
    0.6512244343757629,
    0.6523686647415161,
    0.6342893838882446,
    0.6119186878204346,
    0.6450474858283997,
    0.6730465888977051,
    0.7012712359428406,
    0.6788420677185059,
    0.6805230975151062,
    0.670745849609375,
    0.6663548350334167,
    0.6549930572509766,
    0.6748277544975281,
    0.6695447564125061,
    0.6811344623565674,
    0.6731627583503723,
    0.6754925847053528,
    0.6751713156700134,
    0.6703431010246277,
    0.6672785878181458,
    0.6622899770736694,
    0.6589099764823914,
    0.6737415790557861,
    0.6877246499061584,
    0.6922693252563477,
    0.7057588696479797,
    0.7098100185394287,
    0.6917085647583008,
    0.6830117106437683,
    0.6761863827705383,
    0.6677858233451843,
    0.6579620242118835,
    0.6569618582725525,
    0.6550662517547607,
    0.6364279389381409,
    0.6364790797233582,
    0.6655575037002563,
    0.648227870464325,
    0.7000771164894104,
    0.6749694347381592,
    0.6444910168647766,
    0.5945578217506409,
    0.6692898869514465,
    0.6831662058830261,
    0.6569375991821289,
    0.658357560634613
  ],
  "all_framewise_lpips": [
    0.566588282585144,
    0.5698606371879578,
    0.5755296945571899,
    0.5954364538192749,
    0.5825347304344177,
    0.6296477913856506,
    0.6180509328842163,
    0.5519058108329773,
    0.5566236972808838,
    0.6356306672096252,
    0.6359996199607849,
    0.6170415878295898,
    0.5802867412567139,
    0.5884689092636108,
    0.6240536570549011,
    0.6634006500244141,
    0.6212413311004639,
    0.6320347189903259,
    0.6561023592948914,
    0.6533288955688477,
    0.6525207757949829,
    0.6759384274482727,
    0.6458063125610352,
    0.6144656538963318,
    0.6304317712783813,
    0.6064446568489075,
    0.5878350138664246,
    0.5926405191421509,
    0.5422476530075073,
    0.573900580406189,
    0.6093391180038452,
    0.5883823037147522,
    0.5951230525970459,
    0.6320280432701111,
    0.6135855317115784,
    0.5995098352432251,
    0.6237777471542358,
    0.620751678943634,
    0.6234479546546936,
    0.6364281177520752,
    0.6295796632766724,
    0.6319182515144348,
    0.6528582572937012,
    0.6525305509567261,
    0.6433950662612915,
    0.6523571014404297,
    0.6026121377944946,
    0.6344234943389893,
    0.6504098773002625,
    0.6363880634307861,
    0.6143694519996643,
    0.6065829992294312,
    0.6132811307907104,
    0.6306453943252563,
    0.6359880566596985,
    0.6216715574264526,
    0.6350403428077698,
    0.6576130390167236,
    0.6281728744506836,
    0.6046686768531799,
    0.5971113443374634,
    0.6232327222824097,
    0.6352216005325317,
    0.6313369870185852,
    0.6309057474136353,
    0.6316698789596558,
    0.603743314743042,
    0.5957604646682739,
    0.5816301703453064,
    0.6051532626152039,
    0.5983937978744507,
    0.6051613092422485,
    0.6063530445098877,
    0.6057701110839844,
    0.6039096713066101,
    0.5968918204307556,
    0.566650390625,
    0.5648295283317566,
    0.5612224340438843,
    0.5557546019554138,
    0.5509324669837952,
    0.5680031180381775,
    0.5758706331253052,
    0.5913805365562439,
    0.5952009558677673,
    0.6018431186676025,
    0.6135585904121399,
    0.6097486615180969,
    0.6394477486610413,
    0.6603274941444397,
    0.63197922706604,
    0.6544913649559021,
    0.5913189649581909,
    0.5684247612953186,
    0.5677323937416077,
    0.6359474658966064,
    0.6240546703338623,
    0.5907524228096008,
    0.5958455204963684,
    0.6011094450950623
  ]
}