{
  "n_frames": 100,
  "scenewise_psnr": 20.64953778084426,
  "scenewise_ssim": 0.649114126413906,
  "scenewise_lpips": 0.6344295686483383,
  "all_framewise_psnrs": [
    25.935197645024868,
    26.130004039493592,
    23.242429272006394,
    22.884708351716384,
    23.99241137758487,
    21.634972069701103,
    20.899233363524267,
    20.33704197522431,
    18.815293350145843,
    20.262792800391214,
    20.692715505456654,
    22.39960484125178,
    21.806112326169828,
    23.022230037151033,
    19.093228249910467,
    21.784505585636303,
    20.38186713042792,
    21.354522117762933,
    20.576413780131926,
    19.35094054731178,
    23.720613815178897,
    23.988527190094718,
    21.38363625066225,
    21.093660744808016,
    22.432109018494973,
    21.45620596772906,
    22.76269487321438,
    21.353916061452534,
    19.3523316121005,
    21.183993322829465,
    21.15908162441693,
    19.80897258901216,
    21.189858091887892,
    20.241789737403938,
    18.38991912949801,
    18.945227213491258,
    20.340901603942307,
    18.138785245295225,
    20.078041550700135,
    19.996323015304736,
    22.78324208956027,
    23.30005779733691,
    22.96897979224528,
    21.2689372855972,
    20.780661781209524,
    22.725258444515784,
    20.94597143273081,
    20.412192166772574,
    19.61802427462767,
    19.73004813990687,
    17.275497409139646,
    21.43727499216354,
    22.30921858192972,
    23.02573769980109,
    18.929069736716663,
    19.91653591386466,
    21.1582247158925,
    21.561879197339195,
    21.430982866834608,
    22.034906591201878,
    22.313155291064717,
    24.842986053158928,
    22.431710375804013,
    20.953216717634568,
    19.858609186788556,
    20.23196504853174,
    18.392547518768552,
    20.67105103358793,
    19.9506168677772,
    19.40537260213348,
    18.050777514933788,
    19.810945897552845,
    21.438822479179308,
    20.884982514932894,
    22.33917172816852,
    21.13448296053644,
    21.864991528865705,
    21.424328985547803,
    22.614778610805,
    21.42207840260128,
    20.527206773310418,
    18.01433308799464,
    20.818873755319576,
    21.619620145913302,
    18.893958209396445,
    21.65336958829573,
    23.781003735056995,
    25.692592527431106,
    23.184933065845094,
    21.6078760173176,
    19.841385525423497,
    16.008463682986246,
    19.19802735620497,
    18.282978447119824,
    18.367640980702404,
    21.408989840562796,
    21.948676716013583,
    19.646598799929897,
    17.82251640923013,
    19.37930086047804
  ],
  "all_framewise_ssim": [
    0.7729162573814392,
    0.7755271792411804,
    0.6998169422149658,
    0.6822047233581543,
    0.725508987903595,
    0.6563704609870911,
    0.6599319577217102,
    0.6156578660011292,
    0.5473349690437317,
    0.5989951491355896,
    0.6271466612815857,
    0.6704707145690918,
    0.6492286324501038,
    0.7231844067573547,
    0.6426970958709717,
    0.6540663838386536,
    0.5821645855903625,
    0.60514897108078,
    0.6458051204681396,
    0.5722846388816833,
    0.689548671245575,
    0.6956348419189453,
    0.726432740688324,
    0.6909270286560059,
    0.699661910533905,
    0.6789901852607727,
    0.6949579119682312,
    0.6435674428939819,
    0.5745254158973694,
    0.6210046410560608,
    0.6154707074165344,
    0.5955008864402771,
    0.6297702193260193,
    0.6000661849975586,
    0.5767424702644348,
    0.5655599236488342,
    0.5773053765296936,
    0.5499989986419678,
    0.6528213620185852,
    0.6415975093841553,
    0.6575716137886047,
    0.6728360056877136,
    0.6658692359924316,
    0.6120907664299011,
    0.6218624711036682,
    0.7207832336425781,
    0.6650806665420532,
    0.6293630599975586,
    0.5417537689208984,
    0.5699694752693176,
    0.5554961562156677,
    0.645874559879303,
    0.690150797367096,
    0.7101315855979919,
    0.6319648623466492,
    0.604147732257843,
    0.6480550765991211,
    0.6475180983543396,
    0.6589078903198242,
    0.6794474124908447,
    0.6888954043388367,
    0.7581173777580261,
    0.681929349899292,
    0.6445403099060059,
    0.6112832427024841,
    0.6224401593208313,
    0.5962685942649841,
    0.6554602980613708,
    0.630243718624115,
    0.5951147675514221,
    0.5831637382507324,
    0.6397498250007629,
    0.6607548594474792,
    0.6577379107475281,
    0.7062639594078064,
    0.6863747239112854,
    0.6474482417106628,
    0.6204774379730225,
    0.658209502696991,
    0.671927273273468,
    0.6369828581809998,
    0.558411180973053,
    0.6081603169441223,
    0.6121231913566589,
    0.5791284441947937,
    0.6984980702400208,
    0.7550880312919617,
    0.8043118119239807,
    0.7794642448425293,
    0.7469343543052673,
    0.6910853981971741,
    0.6102799773216248,
    0.5605781674385071,
    0.549732506275177,
    0.6261250376701355,
    0.7254162430763245,
    0.7057860493659973,
    0.6473932862281799,
    0.573619544506073,
    0.516001284122467
  ],
  "all_framewise_lpips": [
    0.42185109853744507,
    0.4204336106777191,
    0.4480491280555725,
    0.4542405307292938,
    0.4465361535549164,
    0.4850861132144928,
    0.5164187550544739,
    0.5163860321044922,
    0.5954592227935791,
    0.5234121084213257,
    0.5295637845993042,
    0.5538562536239624,
    0.5786719918251038,
    0.587221622467041,
    0.6887436509132385,
    0.648821234703064,
    0.6912811994552612,
    0.6627799272537231,
    0.6378704309463501,
    0.736956000328064,
    0.6376219987869263,
    0.6421299576759338,
    0.6210858821868896,
    0.6287813782691956,
    0.6488144397735596,
    0.6357958316802979,
    0.6025081276893616,
    0.6195662021636963,
    0.6556787490844727,
    0.6279362440109253,
    0.6326951384544373,
    0.6551779508590698,
    0.6667705774307251,
    0.6787787675857544,
    0.6983917355537415,
    0.6995930671691895,
    0.6983094811439514,
    0.7432341575622559,
    0.6425679326057434,
    0.6555631160736084,
    0.6400465369224548,
    0.6182959675788879,
    0.5973119735717773,
    0.614534854888916,
    0.638905942440033,
    0.6134438514709473,
    0.6351783275604248,
    0.6800651550292969,
    0.6905744075775146,
    0.6784190535545349,
    0.7023357152938843,
    0.6640359163284302,
    0.6365734338760376,
    0.6054344177246094,
    0.6894217729568481,
    0.6577034592628479,
    0.5808423161506653,
    0.5597256422042847,
    0.5742686986923218,
    0.587439775466919,
    0.5931171178817749,
    0.5562169551849365,
    0.6234235763549805,
    0.6425296068191528,
    0.6514478921890259,
    0.6439347267150879,
    0.6506369709968567,
    0.616483747959137,
    0.649016797542572,
    0.700476348400116,
    0.6978473663330078,
    0.6610821485519409,
    0.6395375728607178,
    0.6436893343925476,
    0.6384546160697937,
    0.6528066992759705,
    0.6361267566680908,
    0.6207466721534729,
    0.6135258674621582,
    0.6787095069885254,
    0.6698593497276306,
    0.7233836650848389,
    0.6547650694847107,
    0.6414763927459717,
    0.6979198455810547,
    0.645418643951416,
    0.6590827703475952,
    0.612851083278656,
    0.6624546051025391,
    0.6545590162277222,
    0.671768307685852,
    0.7575666904449463,
    0.7450501322746277,
    0.7499642968177795,
    0.7191258668899536,
    0.62908935546875,
    0.6560332775115967,
    0.7075151801109314,
    0.7439874410629272,
    0.7320787906646729
  ]
}