{
  "n_frames": 100,
  "scenewise_psnr": 20.920199498148307,
  "scenewise_ssim": 0.49196719013997026,
  "scenewise_lpips": 0.5711764320731163,
  "all_framewise_psnrs": [
    22.15852064921117,
    23.627343250441854,
    22.978133600133155,
    22.293168874881243,
    21.974241960151325,
    22.51526246219754,
    22.490337822331593,
    21.988099340888446,
    24.366250812516054,
    24.387247508498326,
    24.287731652259804,
    24.543015613789287,
    24.379938383130245,
    24.66786729181065,
    24.22928075765485,
    23.750215072248913,
    23.683667965753447,
    23.724932542693338,
    23.72058809296763,
    23.787460560708173,
    22.56510912192659,
    21.58048059076289,
    21.816620746429592,
    23.103109103029965,
    22.91519361451432,
    22.319493610285043,
    22.0222773083389,
    21.938372272287946,
    22.680420373314426,
    22.822365506306113,
    22.2195789857357,
    21.775739484288323,
    21.293500947544413,
    21.85279346827847,
    20.511558791424015,
    19.795030531652586,
    19.853968723029578,
    20.00434545044873,
    20.12238226539762,
    19.249114412033585,
    19.054522104778428,
    19.778143932283477,
    19.308567200883875,
    19.22704661259342,
    19.515875590995535,
    19.53934609562648,
    20.079022162289185,
    20.111544953308442,
    20.105695857322267,
    20.36410925502022,
    19.82340457635613,
    20.425512891479297,
    20.216771448881413,
    18.66380526837634,
    18.625184887702545,
    19.394029358459527,
    20.748267160400697,
    20.915288018917053,
    21.12416513965101,
    20.842523636673718,
    20.12058206892212,
    19.612394305674922,
    19.6447129171141,
    19.9993323713023,
    19.854224115015093,
    19.56939151941127,
    19.51270916151867,
    19.34030821498833,
    19.448013709049654,
    19.52450991044848,
    18.680981298706506,
    19.76271113641318,
    20.4554058868095,
    20.60109533030286,
    19.923108209395593,
    18.984519628490673,
    18.806949811758802,
    19.123515062308307,
    18.714041125741094,
    18.313101070116794,
    18.82913777019955,
    20.13184639260367,
    21.5647212495913,
    21.590715695927205,
    22.086541608107346,
    22.327696884373825,
    22.269640310085048,
    22.768541165231575,
    23.131245082754226,
    23.404712830136344,
    23.308537587087784,
    22.96206947516357,
    23.324113306502966,
    22.762831650442592,
    21.48035827063819,
    20.10966171641238,
    19.622873471781578,
    20.202053680643004,
    22.2007738796227,
    23.457333926719
  ],
  "all_framewise_ssim": [
    0.6501374244689941,
    0.6305949687957764,
    0.5796382427215576,
    0.4496528208255768,
    0.41548028588294983,
    0.4511468708515167,
    0.4674953520298004,
    0.46061158180236816,
    0.562179684638977,
    0.5573073625564575,
    0.5498951077461243,
    0.5712445378303528,
    0.5765049457550049,
    0.5831819176673889,
    0.5580687522888184,
    0.5331998467445374,
    0.5298023819923401,
    0.5380228161811829,
    0.5457894802093506,
    0.5640514492988586,
    0.48183485865592957,
    0.40301644802093506,
    0.4469704329967499,
    0.5181289911270142,
    0.514873206615448,
    0.5051268935203552,
    0.5052605867385864,
    0.509455144405365,
    0.563288152217865,
    0.5766622424125671,
    0.5480477809906006,
    0.525999128818512,
    0.5281407237052917,
    0.5410571098327637,
    0.5102309584617615,
    0.4746370315551758,
    0.48191893100738525,
    0.48335716128349304,
    0.47514379024505615,
    0.4261923134326935,
    0.44735825061798096,
    0.48383793234825134,
    0.4583190381526947,
    0.4438086748123169,
    0.43816399574279785,
    0.4613697826862335,
    0.4883914887905121,
    0.49411478638648987,
    0.491953581571579,
    0.5144479274749756,
    0.5218799114227295,
    0.5661569237709045,
    0.5324718356132507,
    0.48422956466674805,
    0.47219905257225037,
    0.49598607420921326,
    0.5512397885322571,
    0.5400861501693726,
    0.5410730242729187,
    0.5117128491401672,
    0.450949102640152,
    0.4359610378742218,
    0.4486699104309082,
    0.4762180745601654,
    0.5005873441696167,
    0.47934409976005554,
    0.4739842116832733,
    0.4320056438446045,
    0.4375894069671631,
    0.46350622177124023,
    0.42139410972595215,
    0.4673905372619629,
    0.513374388217926,
    0.5156434774398804,
    0.4703817367553711,
    0.41959699988365173,
    0.40405359864234924,
    0.3957119882106781,
    0.36613729596138,
    0.35645249485969543,
    0.36431634426116943,
    0.38913998007774353,
    0.46513986587524414,
    0.4713503420352936,
    0.4690949022769928,
    0.45077046751976013,
    0.43176522850990295,
    0.4516181945800781,
    0.4656364619731903,
    0.4742492437362671,
    0.4709664285182953,
    0.48132339119911194,
    0.5171372890472412,
    0.5087748765945435,
    0.44830775260925293,
    0.4153970777988434,
    0.4107230603694916,
    0.4166344404220581,
    0.5664233565330505,
    0.684495747089386
  ],
  "all_framewise_lpips": [
    0.4851280450820923,
    0.5045716166496277,
    0.538850724697113,
    0.6329795122146606,
    0.6524569392204285,
    0.6289429068565369,
    0.6128484010696411,
    0.6220306754112244,
    0.4876158833503723,
    0.49155792593955994,
    0.4915250241756439,
    0.4835251569747925,
    0.48099806904792786,
    0.47208142280578613,
    0.5000101327896118,
    0.5253022909164429,
    0.5275917053222656,
    0.5177748203277588,
    0.5142135620117188,
    0.5016074776649475,
    0.5551585555076599,
    0.6058254241943359,
    0.5684641599655151,
    0.5257281064987183,
    0.5337685346603394,
    0.5441504716873169,
    0.5465342998504639,
    0.5514509677886963,
    0.5242890119552612,
    0.5349156856536865,
    0.5493004322052002,
    0.5556498765945435,
    0.5549910068511963,
    0.5588340163230896,
    0.5795691609382629,
    0.5918481349945068,
    0.5889002084732056,
    0.5836874842643738,
    0.5954188108444214,
    0.6130994558334351,
    0.5947185754776001,
    0.5774774551391602,
    0.5883663296699524,
    0.6032418012619019,
    0.6057478189468384,
    0.5808039307594299,
    0.5605429410934448,
    0.5497030019760132,
    0.5525785684585571,
    0.5389932990074158,
    0.5293959975242615,
    0.5454376935958862,
    0.5610477328300476,
    0.5772798657417297,
    0.578165590763092,
    0.5757234692573547,
    0.5395038723945618,
    0.5703015327453613,
    0.5530040860176086,
    0.5825303792953491,
    0.6052697896957397,
    0.6279191374778748,
    0.6057990789413452,
    0.585258960723877,
    0.576007604598999,
    0.5802879333496094,
    0.5661606788635254,
    0.6028954982757568,
    0.5971932411193848,
    0.5843480825424194,
    0.6257752776145935,
    0.606080174446106,
    0.5678728818893433,
    0.5624428987503052,
    0.5909510850906372,
    0.6230112910270691,
    0.6262897849082947,
    0.6320213079452515,
    0.6437800526618958,
    0.643417239189148,
    0.6455444693565369,
    0.6375170946121216,
    0.5900610089302063,
    0.5869612693786621,
    0.5914602875709534,
    0.6064426302909851,
    0.6156072616577148,
    0.5764106512069702,
    0.569588303565979,
    0.5828195810317993,
    0.587401807308197,
    0.5791359543800354,
    0.5670345425605774,
    0.572493314743042,
    0.6076395511627197,
    0.6337614059448242,
    0.6363726854324341,
    0.6233060956001282,
    0.5275795459747314,
    0.42996370792388916
  ]
}