{
  "n_frames": 100,
  "scenewise_psnr": 22.318445663624892,
  "scenewise_ssim": 0.6801826257285342,
  "scenewise_lpips": 0.5631160899996758,
  "all_framewise_psnrs": [
    22.455229414293424,
    22.510756141491328,
    21.661053440370985,
    21.878304347068408,
    21.674399906845146,
    21.51683156329069,
    21.46206976450092,
    19.67204174536091,
    18.654786560277284,
    19.174458756117012,
    20.925487417624815,
    20.981289485894404,
    21.06731911937237,
    21.22592170531874,
    23.07789923854922,
    22.97300246028908,
    21.871324039460784,
    21.808728997306034,
    21.43289235942649,
    21.559683641483915,
    23.911586559894474,
    23.596328631089616,
    24.079718694466706,
    22.53950707777421,
    22.4959107902818,
    22.282885395683806,
    22.86400196165314,
    20.73823493472741,
    21.558941129094563,
    23.482088377335486,
    22.064541302597522,
    20.96306035863014,
    22.1182739970665,
    22.445929044476305,
    22.4918512703155,
    22.60024524776879,
    22.597291736376413,
    20.34127042916858,
    22.348508927772492,
    22.323588476072423,
    24.22599011144662,
    23.622691025438407,
    22.98128076563364,
    22.80222688426735,
    22.373520806063727,
    23.56288589232944,
    22.095533116900036,
    21.795006735926744,
    20.9515557020356,
    21.27437879069179,
    21.76285072520819,
    22.29340411273629,
    23.860469288294496,
    24.270877551578835,
    22.12138269966197,
    21.11318235647908,
    22.226774487923443,
    22.001682988825646,
    23.048530314532275,
    23.152854356866577,
    23.905007778210276,
    24.847151224721806,
    23.127570166384828,
    22.557830069460287,
    21.83145758012078,
    22.994698647544965,
    22.20985323454826,
    23.880051759728396,
    23.55834713792263,
    22.810383070466195,
    22.61060908234597,
    24.090453510713093,
    25.382028841362224,
    24.751717111410983,
    23.861847396716968,
    22.302014831941946,
    21.34407603680892,
    20.827662531406727,
    22.174993411776658,
    21.584249594291315,
    21.811470005518714,
    20.281140521337964,
    21.273966312573194,
    21.612252490118188,
    21.868443943745845,
    24.12752603182568,
    27.450974955853628,
    29.9514818271241,
    26.39000764071945,
    26.380076159763707,
    23.048073328790167,
    21.65504873307168,
    22.127920372875018,
    21.48510507946638,
    22.418674832808343,
    24.763124444927342,
    24.222219935325008,
    24.110091252048193,
    22.8008160120743,
    22.37016387218852
  ],
  "all_framewise_ssim": [
    0.6704997420310974,
    0.6692385673522949,
    0.6649293899536133,
    0.6680484414100647,
    0.6641528606414795,
    0.6532188057899475,
    0.6467869281768799,
    0.6084118485450745,
    0.5706976056098938,
    0.584411084651947,
    0.6499962210655212,
    0.63950115442276,
    0.6321353912353516,
    0.7001714706420898,
    0.7156069278717041,
    0.6871060729026794,
    0.6038240194320679,
    0.6338150501251221,
    0.6747991442680359,
    0.6219006180763245,
    0.701676070690155,
    0.7004907727241516,
    0.7572070956230164,
    0.7221072316169739,
    0.7092301845550537,
    0.6992899775505066,
    0.7076923847198486,
    0.6370735764503479,
    0.6441999077796936,
    0.6974493861198425,
    0.6515357494354248,
    0.6255226731300354,
    0.6620018482208252,
    0.6576804518699646,
    0.6491777300834656,
    0.63291335105896,
    0.6235551238059998,
    0.6100037693977356,
    0.6880261301994324,
    0.6881370544433594,
    0.6922492980957031,
    0.6804154515266418,
    0.6687626838684082,
    0.6682887673377991,
    0.6692070364952087,
    0.7379048466682434,
    0.6875467896461487,
    0.6580871939659119,
    0.5866098999977112,
    0.6231305599212646,
    0.6628992557525635,
    0.6711139678955078,
    0.710904598236084,
    0.7311484217643738,
    0.6821277737617493,
    0.6416102051734924,
    0.6798614859580994,
    0.68058180809021,
    0.7016019225120544,
    0.6992068290710449,
    0.714357852935791,
    0.7583608627319336,
    0.7012702822685242,
    0.6775567531585693,
    0.6540558934211731,
    0.6670522689819336,
    0.6620467305183411,
    0.7121601700782776,
    0.7008668780326843,
    0.6707720756530762,
    0.6719759106636047,
    0.7173857688903809,
    0.7421386241912842,
    0.7435368895530701,
    0.7422420382499695,
    0.710667610168457,
    0.6358946561813354,
    0.6175864338874817,
    0.6444399952888489,
    0.6771159172058105,
    0.6747839450836182,
    0.6042366027832031,
    0.6007760167121887,
    0.6106211543083191,
    0.6326937675476074,
    0.7344885468482971,
    0.785529375076294,
    0.8329342007637024,
    0.8133623003959656,
    0.797865092754364,
    0.7414495944976807,
    0.6848292350769043,
    0.6496989130973816,
    0.6392466425895691,
    0.6976311802864075,
    0.7653179168701172,
    0.7509188652038574,
    0.7271750569343567,
    0.6778345108032227,
    0.6144875884056091
  ],
  "all_framewise_lpips": [
    0.5462937951087952,
    0.5476068258285522,
    0.5423551797866821,
    0.5302215814590454,
    0.5309720039367676,
    0.5383229851722717,
    0.5646058320999146,
    0.5841813087463379,
    0.6223837733268738,
    0.5972785949707031,
    0.5690176486968994,
    0.5865173935890198,
    0.6078063249588013,
    0.6202328205108643,
    0.599680483341217,
    0.5775017738342285,
    0.5866681337356567,
    0.5574522614479065,
    0.5465707778930664,
    0.5920204520225525,
    0.6034450531005859,
    0.6093375086784363,
    0.5816375613212585,
    0.5788688659667969,
    0.5958298444747925,
    0.5697868466377258,
    0.550489604473114,
    0.5812581777572632,
    0.5466595888137817,
    0.4963333010673523,
    0.5274912118911743,
    0.5643404722213745,
    0.5770037174224854,
    0.5480144619941711,
    0.543555736541748,
    0.5654923915863037,
    0.5862600207328796,
    0.5858765840530396,
    0.5389378070831299,
    0.5426058769226074,
    0.5579944252967834,
    0.5608078241348267,
    0.5468342304229736,
    0.5190726518630981,
    0.562767744064331,
    0.5616414546966553,
    0.5755874514579773,
    0.5843688249588013,
    0.5822536945343018,
    0.5654358863830566,
    0.5402623414993286,
    0.5618486404418945,
    0.56770920753479,
    0.5567148327827454,
    0.5736686587333679,
    0.5571166276931763,
    0.5166175365447998,
    0.5076838731765747,
    0.48920801281929016,
    0.538798451423645,
    0.5660818815231323,
    0.55759596824646,
    0.5819829702377319,
    0.5845782160758972,
    0.5778800845146179,
    0.5593345165252686,
    0.5530225038528442,
    0.5238227248191833,
    0.5451280474662781,
    0.5580323934555054,
    0.5470883250236511,
    0.5158388018608093,
    0.4949738383293152,
    0.503504753112793,
    0.552540123462677,
    0.580026388168335,
    0.5850493311882019,
    0.5566444993019104,
    0.5549678802490234,
    0.5951423645019531,
    0.5934885144233704,
    0.6147369742393494,
    0.5893161296844482,
    0.5851386785507202,
    0.5950330495834351,
    0.5985071063041687,
    0.5995641946792603,
    0.573925793170929,
    0.5858554840087891,
    0.5718448162078857,
    0.577081561088562,
    0.5723991394042969,
    0.5431092977523804,
    0.5437172055244446,
    0.5661513209342957,
    0.5495477914810181,
    0.5708006024360657,
    0.5540226101875305,
    0.540576696395874,
    0.5262494683265686
  ]
}