{
  "n_frames": 100,
  "scenewise_psnr": 19.860933433849837,
  "scenewise_ssim": 0.5189936191386515,
  "scenewise_lpips": 0.7096183556318283,
  "all_framewise_psnrs": [
    24.620607877615505,
    23.6517749825967,
    22.39867300016238,
    21.470107595116463,
    22.948072011319603,
    22.71454327595589,
    22.342445823280208,
    22.345317714836625,
    22.146509118253007,
    21.952234370030578,
    22.016256622894655,
    21.87749004868127,
    21.918000622371995,
    22.022411010047836,
    22.33453937887245,
    22.454258161324717,
    22.5447111321559,
    22.402699059875868,
    22.139402577377982,
    22.378359647667697,
    22.35376919898578,
    22.144131468707666,
    22.104911680447582,
    21.767110123260256,
    21.537680280305707,
    21.40472171866076,
    21.086734886437647,
    21.55205259202061,
    21.411516900943607,
    20.79623613312377,
    21.157847940915904,
    21.791584080177984,
    23.428558128620523,
    23.737689307852882,
    23.729138158006094,
    23.07792511985674,
    23.33127519023993,
    22.61795799542687,
    21.188910793486855,
    19.934963623043927,
    19.891746030843965,
    21.065286679196447,
    20.569770613943305,
    20.585152492881452,
    20.259751171494706,
    20.484571696521435,
    19.2552919272283,
    19.4174779967605,
    20.168629945028588,
    21.19240820750937,
    19.395981545544632,
    19.270018796767786,
    20.36033222687709,
    20.708776033319932,
    21.56478011030878,
    21.499445264837945,
    22.227006494465854,
    20.690526644122325,
    19.368246432597374,
    19.82122491853659,
    19.79628733720841,
    19.899321325978924,
    15.409006052710396,
    18.278881267034016,
    19.16522907368047,
    17.45956587623861,
    17.757116261192294,
    16.879565453310676,
    16.605394671272208,
    16.771364667952415,
    16.85350143610146,
    15.848139448644842,
    17.838963830331625,
    18.317285310502513,
    18.6041974172419,
    19.3141446354553,
    19.06674243695236,
    18.465264988405814,
    19.260831681522042,
    19.599557729820667,
    19.004491471931,
    15.281462231748158,
    17.367801152403842,
    18.112233343622243,
    17.694887713782926,
    17.3092113935887,
    16.92979084098869,
    16.921022106716343,
    17.70622551096969,
    18.48643555529693,
    18.767744665446976,
    19.116727915578217,
    19.616572125889896,
    20.967627908916846,
    23.854836433975958,
    22.783096990967806,
    18.385115233275727,
    20.62708276567266,
    20.356788123865776,
    23.221354945701023
  ],
  "all_framewise_ssim": [
    0.6706461906433105,
    0.6724950671195984,
    0.6229323744773865,
    0.5921571850776672,
    0.601590096950531,
    0.5843459963798523,
    0.5612567067146301,
    0.5600640177726746,
    0.5430199503898621,
    0.5126593708992004,
    0.5376929640769958,
    0.54027259349823,
    0.5221837162971497,
    0.5115984082221985,
    0.5323624014854431,
    0.5227211117744446,
    0.5398554801940918,
    0.5291800498962402,
    0.4928956925868988,
    0.5060245990753174,
    0.5208138823509216,
    0.5368555188179016,
    0.5122510194778442,
    0.4863424301147461,
    0.47830310463905334,
    0.48652124404907227,
    0.46525439620018005,
    0.4578424394130707,
    0.45630478858947754,
    0.47801706194877625,
    0.46930423378944397,
    0.4832885265350342,
    0.5381849408149719,
    0.566067099571228,
    0.5777627825737,
    0.5437449812889099,
    0.5298122763633728,
    0.49188539385795593,
    0.4590679407119751,
    0.48405253887176514,
    0.47826674580574036,
    0.5029619336128235,
    0.48226264119148254,
    0.44964373111724854,
    0.43555140495300293,
    0.44214072823524475,
    0.4294073283672333,
    0.4226895570755005,
    0.5572240948677063,
    0.6112475991249084,
    0.5729880332946777,
    0.5544950366020203,
    0.6088194251060486,
    0.6253771185874939,
    0.6113911271095276,
    0.6263614296913147,
    0.6249271035194397,
    0.5933037400245667,
    0.5590669512748718,
    0.5535390973091125,
    0.5435066819190979,
    0.5508710741996765,
    0.4899214804172516,
    0.5257384181022644,
    0.5394918918609619,
    0.512200117111206,
    0.5298579335212708,
    0.5194242000579834,
    0.48984313011169434,
    0.4756258428096771,
    0.43470001220703125,
    0.44706466794013977,
    0.5730639100074768,
    0.6064527630805969,
    0.5833590030670166,
    0.5643539428710938,
    0.5264298915863037,
    0.5016083717346191,
    0.5109398365020752,
    0.5040947794914246,
    0.4732392132282257,
    0.38587871193885803,
    0.3792192041873932,
    0.3876292407512665,
    0.37817588448524475,
    0.39905890822410583,
    0.4362712800502777,
    0.45515990257263184,
    0.44964155554771423,
    0.4648836851119995,
    0.4931980073451996,
    0.5280628800392151,
    0.5581492781639099,
    0.6082297563552856,
    0.6574426293373108,
    0.4879426956176758,
    0.3669532835483551,
    0.4324939250946045,
    0.4414323568344116,
    0.5389213562011719
  ],
  "all_framewise_lpips": [
    0.5051712989807129,
    0.4882867932319641,
    0.5073105692863464,
    0.5010844469070435,
    0.539459228515625,
    0.5652863383293152,
    0.5743390917778015,
    0.5726876258850098,
    0.5895795822143555,
    0.6530188322067261,
    0.648408830165863,
    0.6483200192451477,
    0.6401363611221313,
    0.632093608379364,
    0.6311115026473999,
    0.6397754549980164,
    0.629253625869751,
    0.6588064432144165,
    0.6804614067077637,
    0.6705396175384521,
    0.6560314893722534,
    0.6799572706222534,
    0.6814817786216736,
    0.689415454864502,
    0.6903949975967407,
    0.6829416155815125,
    0.6938827037811279,
    0.7104280591011047,
    0.7256619930267334,
    0.7303148508071899,
    0.7372725605964661,
    0.7105021476745605,
    0.6795322895050049,
    0.678062379360199,
    0.6883689761161804,
    0.7107531428337097,
    0.7198769450187683,
    0.7528982162475586,
    0.7957831025123596,
    0.8519387245178223,
    0.8157155513763428,
    0.7834302186965942,
    0.7990591526031494,
    0.8225000500679016,
    0.8317335844039917,
    0.8217403292655945,
    0.8296350836753845,
    0.8256403803825378,
    0.740720808506012,
    0.6536670923233032,
    0.6745913028717041,
    0.6961058974266052,
    0.647408664226532,
    0.6399437785148621,
    0.6248586773872375,
    0.6164024472236633,
    0.615679144859314,
    0.6409918069839478,
    0.6638249158859253,
    0.6805776953697205,
    0.6957587599754333,
    0.6945228576660156,
    0.758551299571991,
    0.7661534547805786,
    0.7513437271118164,
    0.7716997265815735,
    0.7892118096351624,
    0.7890307903289795,
    0.804072380065918,
    0.8021807670593262,
    0.856464147567749,
    0.8508321046829224,
    0.7938473224639893,
    0.7734256982803345,
    0.7807358503341675,
    0.7637436985969543,
    0.758682370185852,
    0.764691174030304,
    0.7490190863609314,
    0.7427476644515991,
    0.7555577158927917,
    0.8046027421951294,
    0.8078010082244873,
    0.7984517812728882,
    0.810326337814331,
    0.8100518584251404,
    0.766481876373291,
    0.7209142446517944,
    0.7479985952377319,
    0.7431128025054932,
    0.7246770262718201,
    0.7256770133972168,
    0.6922627687454224,
    0.617287278175354,
    0.6040809750556946,
    0.6941540837287903,
    0.8080099821090698,
    0.759045422077179,
    0.7601544260978699,
    0.6896169781684875
  ]
}