{
  "n_frames": 100,
  "scenewise_psnr": 8.91924451316334,
  "scenewise_ssim": 0.24688281866393424,
  "scenewise_lpips": 1.003894391655922,
  "all_framewise_psnrs": [
    10.008863917341824,
    10.067267768325493,
    9.892653737551022,
    9.764484305514895,
    9.548176329998924,
    9.973094095205186,
    8.937333433655867,
    8.854456869116161,
    9.316419360150231,
    9.534200728103906,
    9.101579387286714,
    6.139549240496152,
    5.100539815386305,
    6.465586728385726,
    7.985246703031458,
    7.664801563634574,
    6.599745239724762,
    8.634883359836314,
    9.167335212272647,
    10.691309859381589,
    11.974841269735476,
    11.193217480452551,
    10.22972916285596,
    10.035517954311906,
    9.414503074161232,
    8.912323175566382,
    8.863092248082445,
    8.504496285207559,
    8.683736495363483,
    9.673326780108107,
    9.949247602751273,
    9.612447354488529,
    10.289400368047232,
    12.263351055152329,
    11.518053673129018,
    10.483039783699205,
    8.701499279335852,
    9.268896243675082,
    10.394185395512984,
    9.483008339573962,
    7.748840644665089,
    6.9031588322253175,
    8.23108937035022,
    9.24789486140458,
    8.354734302152476,
    7.447676386982936,
    6.602609993207737,
    6.529274733949854,
    7.660067505508894,
    10.00614443151619,
    10.557806085152864,
    10.621833430983134,
    10.556367015126735,
    9.17866977480688,
    7.752360198896069,
    7.5879351271518285,
    8.12814794060659,
    9.310983888567835,
    11.161373688642854,
    10.844248492577366,
    10.667756135748672,
    11.048885189153943,
    10.466204046627599,
    9.881305864652866,
    9.808636940916918,
    10.282973649624862,
    9.672243751731243,
    9.367717841872818,
    9.510243947256093,
    9.568755615421805,
    8.659495505215036,
    8.765925846115882,
    7.942363891576547,
    8.822657792528002,
    9.05194741642169,
    10.030469843174792,
    9.675356722746917,
    10.061304682932795,
    10.391574858095911,
    9.475223391795641,
    8.909353932535343,
    8.345785867585295,
    8.253157888954908,
    7.146960165433814,
    8.573615984118927,
    9.02039666514306,
    8.776762678022457,
    6.0304207555644895,
    6.911971392337655,
    10.022905896596656,
    7.987419892892413,
    6.927220516699411,
    6.511108518099926,
    9.120597558585581,
    11.065446096496512,
    10.392306500407102,
    9.938581440075144,
    10.515747635712389,
    10.460054021952272,
    9.908125333313471
  ],
  "all_framewise_ssim": [
    0.17949362099170685,
    0.1782262772321701,
    0.20407748222351074,
    0.23896950483322144,
    0.23806242644786835,
    0.22199416160583496,
    0.1925947666168213,
    0.2158396691083908,
    0.23609007894992828,
    0.25028738379478455,
    0.2701546847820282,
    0.236280158162117,
    0.19012533128261566,
    0.21356205642223358,
    0.23811493813991547,
    0.21153050661087036,
    0.21056997776031494,
    0.2500159740447998,
    0.2805430591106415,
    0.3161930739879608,
    0.3173515498638153,
    0.2739017605781555,
    0.23763048648834229,
    0.23070740699768066,
    0.22127477824687958,
    0.21910297870635986,
    0.24081480503082275,
    0.230338916182518,
    0.19197450578212738,
    0.1883750706911087,
    0.18531019985675812,
    0.16820941865444183,
    0.18107201159000397,
    0.21350498497486115,
    0.215800479054451,
    0.20694886147975922,
    0.17602753639221191,
    0.18662023544311523,
    0.20889568328857422,
    0.21672505140304565,
    0.21511811017990112,
    0.22594594955444336,
    0.2546418607234955,
    0.29843583703041077,
    0.28450655937194824,
    0.23798775672912598,
    0.24029748141765594,
    0.24390475451946259,
    0.2413148134946823,
    0.28060057759284973,
    0.3156721293926239,
    0.29703986644744873,
    0.2748185098171234,
    0.1844102144241333,
    0.15252672135829926,
    0.17044208943843842,
    0.19324111938476562,
    0.22233732044696808,
    0.25699684023857117,
    0.24778537452220917,
    0.21455468237400055,
    0.22930234670639038,
    0.24370242655277252,
    0.22605527937412262,
    0.17718176543712616,
    0.17320632934570312,
    0.1935090273618698,
    0.2167801856994629,
    0.22510702908039093,
    0.22445832192897797,
    0.23770634829998016,
    0.24802058935165405,
    0.25997409224510193,
    0.24407674372196198,
    0.24627836048603058,
    0.2775760591030121,
    0.2815535366535187,
    0.27528631687164307,
    0.2793891727924347,
    0.27568772435188293,
    0.3022831976413727,
    0.26650896668434143,
    0.3194969594478607,
    0.36174407601356506,
    0.3682057857513428,
    0.3700961768627167,
    0.44792237877845764,
    0.4385536015033722,
    0.3373527526855469,
    0.29561910033226013,
    0.2992241680622101,
    0.27357280254364014,
    0.2681550681591034,
    0.2721374034881592,
    0.2723435163497925,
    0.258279949426651,
    0.26482078433036804,
    0.24966919422149658,
    0.22306400537490845,
    0.23155371844768524
  ],
  "all_framewise_lpips": [
    1.051888108253479,
    1.0483460426330566,
    1.0324567556381226,
    1.0313644409179688,
    1.014983057975769,
    1.000653862953186,
    1.0181457996368408,
    1.003207802772522,
    1.0087448358535767,
    1.0107033252716064,
    1.0341068506240845,
    1.0512820482254028,
    1.038015365600586,
    1.0473077297210693,
    1.0436586141586304,
    1.0394805669784546,
    1.0294517278671265,
    0.9807327389717102,
    0.9918540120124817,
    0.956008791923523,
    0.9397151470184326,
    0.9724098443984985,
    0.994150698184967,
    0.9988952875137329,
    1.0168306827545166,
    1.0201606750488281,
    0.9916393756866455,
    1.0131382942199707,
    1.0097132921218872,
    1.0100922584533691,
    1.0101232528686523,
    1.0336308479309082,
    1.0113614797592163,
    1.0042871236801147,
    1.0110650062561035,
    1.000966191291809,
    1.0787603855133057,
    1.0713680982589722,
    1.039387583732605,
    1.039886236190796,
    1.0344126224517822,
    0.9875665307044983,
    0.9725865125656128,
    0.9604985117912292,
    0.9892839193344116,
    0.9910715818405151,
    1.0113064050674438,
    0.9456358551979065,
    0.9279787540435791,
    0.9106517434120178,
    0.9366621971130371,
    0.9674860835075378,
    0.9596428871154785,
    1.0019721984863281,
    1.045853853225708,
    1.0176783800125122,
    1.0248037576675415,
    1.0060338973999023,
    0.9943118095397949,
    0.9860916137695312,
    1.0119075775146484,
    1.0010846853256226,
    1.0036096572875977,
    1.0264042615890503,
    1.0341161489486694,
    1.0260192155838013,
    1.0254418849945068,
    1.0078270435333252,
    0.9900678396224976,
    0.9869552850723267,
    0.9878101944923401,
    1.0071592330932617,
    1.0351381301879883,
    1.0301190614700317,
    1.0275468826293945,
    0.9867990016937256,
    1.0108263492584229,
    0.9894727468490601,
    1.0041353702545166,
    1.0074981451034546,
    1.0148978233337402,
    1.0316193103790283,
    0.9839963912963867,
    0.9893692135810852,
    0.9617497324943542,
    0.9037770628929138,
    0.8589164018630981,
    0.8981502056121826,
    0.9744680523872375,
    0.9089978933334351,
    1.0053629875183105,
    1.0227200984954834,
    1.055671215057373,
    1.0420317649841309,
    1.020459771156311,
    1.014979362487793,
    1.0058480501174927,
    1.020349144935608,
    1.053168773651123,
    1.0514638423919678
  ]
}