{
  "n_frames": 100,
  "scenewise_psnr": 24.24653409670585,
  "scenewise_ssim": 0.6653441949352867,
  "scenewise_lpips": 0.42335859209299087,
  "all_framewise_psnrs": [
    22.774312592544913,
    23.01910697099052,
    22.931519081790643,
    22.88813102108069,
    22.902590052139505,
    22.617607694676636,
    22.771713046257787,
    21.932490694539947,
    21.819627169474586,
    21.916598698361103,
    22.056005859574945,
    20.332328140291306,
    20.92205061296951,
    22.37929728330482,
    22.489297699963355,
    23.082765581190632,
    23.070214796642684,
    23.23577269651972,
    23.419798295105597,
    24.547803891162584,
    24.103652436988042,
    24.881873866544538,
    22.26393623926228,
    25.279731889971057,
    25.803852609158895,
    26.323147618514746,
    26.97158009923062,
    26.869341905009904,
    27.244305841184364,
    27.488600950997892,
    26.37268387486416,
    25.171043834035906,
    24.678344703191193,
    24.36537820685539,
    24.1624260988928,
    23.904422850171905,
    23.935127721160665,
    23.84921038542395,
    24.120003969050416,
    23.737640530176346,
    23.287879329280557,
    23.57013035708608,
    24.179679546146687,
    24.661604433139157,
    24.20975143729317,
    24.81310338188287,
    24.9078449750234,
    24.08591483667116,
    24.190984702558364,
    24.387287772711467,
    24.813337394809153,
    24.808033238301867,
    25.298453342761825,
    24.614985397462267,
    25.208694482072968,
    26.11054855868999,
    26.399719569813897,
    25.87979993224782,
    26.187082987327024,
    25.43639286741561,
    25.828909126912905,
    25.56842414686947,
    25.075975792540675,
    23.81477382148558,
    23.643184813834,
    24.488271845560785,
    24.181590210754067,
    24.210743697499307,
    24.171422205683367,
    24.463389769504072,
    25.590159196183695,
    26.142752537236177,
    24.982881883832846,
    24.966982402379507,
    25.273111671429817,
    25.55326263566508,
    25.634927182594552,
    26.35284072770823,
    26.659736018316806,
    26.48173083842775,
    25.46282150821,
    25.904845670292417,
    25.000726278194158,
    24.230301326959513,
    24.67879161081719,
    25.31446386474407,
    25.41460359091522,
    25.506973587277997,
    25.202907255875523,
    24.64515680772626,
    24.93321434362112,
    25.554384717998857,
    25.292540556672538,
    24.736844410644316,
    24.080822966167595,
    23.957570574223315,
    23.28179125277825,
    22.981021226970512,
    23.95884096228376,
    24.404939409918565
  ],
  "all_framewise_ssim": [
    0.6751971244812012,
    0.693626344203949,
    0.701063334941864,
    0.6812283396720886,
    0.6778771877288818,
    0.6752159595489502,
    0.6608615517616272,
    0.647408664226532,
    0.637113094329834,
    0.6222223043441772,
    0.6011743545532227,
    0.5461311340332031,
    0.5567958950996399,
    0.6374788284301758,
    0.6698600649833679,
    0.703669548034668,
    0.7394384741783142,
    0.7150809168815613,
    0.701535701751709,
    0.7255602478981018,
    0.7330303192138672,
    0.7356627583503723,
    0.7326644062995911,
    0.7462317943572998,
    0.769271194934845,
    0.7904229760169983,
    0.8029074668884277,
    0.8061243891716003,
    0.8161028027534485,
    0.8246290683746338,
    0.7986421585083008,
    0.8046835064888,
    0.7939273715019226,
    0.7470157742500305,
    0.704054594039917,
    0.6884939670562744,
    0.6946118474006653,
    0.6801846623420715,
    0.6366918683052063,
    0.583946943283081,
    0.5694150328636169,
    0.5644150376319885,
    0.6140543818473816,
    0.5865097641944885,
    0.5931816697120667,
    0.6217901706695557,
    0.6328204274177551,
    0.6204788088798523,
    0.6057907938957214,
    0.5854098796844482,
    0.6025233268737793,
    0.5854502320289612,
    0.5607542395591736,
    0.546697199344635,
    0.5573017001152039,
    0.5731616616249084,
    0.5722914934158325,
    0.5670174956321716,
    0.5826259255409241,
    0.6261990070343018,
    0.6447715163230896,
    0.6606146693229675,
    0.6507899165153503,
    0.6230066418647766,
    0.6143338084220886,
    0.6184634566307068,
    0.6025804877281189,
    0.632643461227417,
    0.687617838382721,
    0.6755293011665344,
    0.6882367134094238,
    0.6658786535263062,
    0.6401245594024658,
    0.673092782497406,
    0.6871063709259033,
    0.7489051818847656,
    0.7587632536888123,
    0.7658643126487732,
    0.7467212080955505,
    0.7302508354187012,
    0.723348081111908,
    0.741504430770874,
    0.7204006314277649,
    0.7071172595024109,
    0.7013168931007385,
    0.6980595588684082,
    0.6886551976203918,
    0.673366129398346,
    0.6534285545349121,
    0.6248102188110352,
    0.6134441494941711,
    0.6109951138496399,
    0.5947545170783997,
    0.573706328868866,
    0.5606526732444763,
    0.5486523509025574,
    0.5434115529060364,
    0.5491818785667419,
    0.5646443963050842,
    0.5726616978645325
  ],
  "all_framewise_lpips": [
    0.3649093806743622,
    0.34861502051353455,
    0.34064507484436035,
    0.3592504858970642,
    0.3750602900981903,
    0.3819054663181305,
    0.40683940052986145,
    0.3788931965827942,
    0.3947575092315674,
    0.4184719920158386,
    0.45078298449516296,
    0.505057692527771,
    0.5164211988449097,
    0.43793103098869324,
    0.40191450715065,
    0.3878955543041229,
    0.3259608745574951,
    0.3283180892467499,
    0.36102619767189026,
    0.34942081570625305,
    0.34081992506980896,
    0.33397039771080017,
    0.34078335762023926,
    0.31504344940185547,
    0.30050230026245117,
    0.2921527326107025,
    0.2810544967651367,
    0.26926150918006897,
    0.2609463036060333,
    0.2508239448070526,
    0.2613833248615265,
    0.27289295196533203,
    0.2964388132095337,
    0.3374785780906677,
    0.377876877784729,
    0.3693503439426422,
    0.35344764590263367,
    0.36557361483573914,
    0.4278085231781006,
    0.5126235485076904,
    0.5270770788192749,
    0.5152893662452698,
    0.42813554406166077,
    0.5007443428039551,
    0.5049017667770386,
    0.45347264409065247,
    0.4238085448741913,
    0.4359084963798523,
    0.47009268403053284,
    0.5091017484664917,
    0.4888022541999817,
    0.5127459764480591,
    0.5745759010314941,
    0.5773788690567017,
    0.6040499210357666,
    0.5967022180557251,
    0.6084871888160706,
    0.60052090883255,
    0.5856338739395142,
    0.5081667304039001,
    0.4944414496421814,
    0.4736327528953552,
    0.4982979893684387,
    0.5255832076072693,
    0.5063378214836121,
    0.49988463521003723,
    0.5113608837127686,
    0.46314722299575806,
    0.3879041075706482,
    0.4115413427352905,
    0.40377160906791687,
    0.4535035490989685,
    0.47516942024230957,
    0.4282754361629486,
    0.39743494987487793,
    0.2943080961704254,
    0.2767601013183594,
    0.2841305732727051,
    0.3311213254928589,
    0.35236993432044983,
    0.3094053864479065,
    0.3109726011753082,
    0.3287140130996704,
    0.3561982214450836,
    0.3613259494304657,
    0.36866283416748047,
    0.38432419300079346,
    0.40153005719184875,
    0.42315348982810974,
    0.44748371839523315,
    0.46624478697776794,
    0.4706597924232483,
    0.503494918346405,
    0.534534215927124,
    0.5523644685745239,
    0.5698544979095459,
    0.580649733543396,
    0.5702163577079773,
    0.5512219667434692,
    0.5559661388397217
  ]
}