{
  "n_frames": 100,
  "scenewise_psnr": 18.73654165178017,
  "scenewise_ssim": 0.6254090288161365,
  "scenewise_lpips": 0.636327873468399,
  "all_framewise_psnrs": [
    18.399787439736702,
    18.604368118099405,
    18.89937720697621,
    18.607053873403714,
    18.3858328154299,
    18.10811665696378,
    18.06901471298913,
    17.727077875919854,
    18.576667352087004,
    18.976241087517703,
    19.050279474711026,
    19.16816263144822,
    17.597356869995345,
    17.747472666945875,
    18.41874559122221,
    18.427975840388385,
    18.814557216708145,
    18.887990176492423,
    18.92211847167259,
    18.846797425546626,
    18.778999270556017,
    18.838405582949203,
    19.689441723204332,
    19.545849232236904,
    19.832556782304643,
    19.76701201250539,
    19.97482990816221,
    22.0835315798726,
    22.347180359508485,
    21.926756054346185,
    22.02217550449673,
    22.60458718478949,
    20.045920639697936,
    18.553066557134,
    18.67996165263584,
    18.426890284646337,
    18.3300993491393,
    18.424672426972947,
    17.914032883597596,
    17.550983273483997,
    17.55005592824468,
    17.750322584898832,
    17.72845708797758,
    17.426598581077272,
    16.691587409176623,
    17.075770917512227,
    17.99169526226614,
    18.651517220737837,
    18.849077276306822,
    17.941130867535563,
    18.373820790301536,
    19.340919107326002,
    19.471046657205385,
    19.594539954145304,
    19.579450093042865,
    19.843774703607046,
    19.886317798082057,
    19.834146056971793,
    19.65899052460815,
    19.054341219843007,
    19.66689236901517,
    19.35227377283108,
    19.603313056664565,
    19.481348150100985,
    19.36787190844557,
    18.832094815651914,
    18.736754525431426,
    18.39225617285279,
    18.552892353641006,
    17.9320953186918,
    18.23321859463483,
    18.295237779793993,
    18.33149122084218,
    18.130040151254736,
    18.24105906263269,
    18.216473879820153,
    18.237003646753553,
    18.48971945603997,
    18.64936243997915,
    18.764523414569855,
    18.733726593120835,
    18.329971035188464,
    18.65935416968146,
    18.50608971260907,
    18.296285726541633,
    18.343212298379125,
    18.34078279499642,
    18.454874845310748,
    18.13225325419228,
    18.419091557964098,
    18.833165966703138,
    18.649846720444852,
    18.63683616418115,
    19.195980631270228,
    17.987343350781455,
    18.010239820163335,
    19.908802628113207,
    19.63921390356273,
    18.915580673561514,
    19.045152034819694
  ],
  "all_framewise_ssim": [
    0.6471517086029053,
    0.6433166861534119,
    0.6382673382759094,
    0.6310880780220032,
    0.6491535305976868,
    0.6193310618400574,
    0.6263958811759949,
    0.653144359588623,
    0.6620601415634155,
    0.629432201385498,
    0.6593537330627441,
    0.6583032011985779,
    0.6368288993835449,
    0.6386118531227112,
    0.6567246913909912,
    0.644798994064331,
    0.6551603674888611,
    0.65398770570755,
    0.6425143480300903,
    0.6397524476051331,
    0.6289613842964172,
    0.6203077435493469,
    0.6598002314567566,
    0.6771111488342285,
    0.6704080700874329,
    0.6717788577079773,
    0.6999875903129578,
    0.741180956363678,
    0.774086058139801,
    0.7620556354522705,
    0.7277405858039856,
    0.7333817481994629,
    0.7013238072395325,
    0.6403796076774597,
    0.6376678943634033,
    0.6255032420158386,
    0.6009992361068726,
    0.5968199372291565,
    0.5784161686897278,
    0.5556300282478333,
    0.5427616238594055,
    0.5404322743415833,
    0.5204282402992249,
    0.5079590082168579,
    0.5062066316604614,
    0.5265734195709229,
    0.6108686327934265,
    0.6256186366081238,
    0.6223158836364746,
    0.6126270890235901,
    0.6464159488677979,
    0.6794770359992981,
    0.6405841112136841,
    0.6172841787338257,
    0.6001503467559814,
    0.5959097743034363,
    0.5828461050987244,
    0.5644760131835938,
    0.5932880640029907,
    0.6110332608222961,
    0.6483364701271057,
    0.6307417750358582,
    0.6286621689796448,
    0.6179724335670471,
    0.607353150844574,
    0.5971718430519104,
    0.6131429672241211,
    0.6040653586387634,
    0.6197752952575684,
    0.603142499923706,
    0.6096574664115906,
    0.6138896346092224,
    0.6064351797103882,
    0.5964656472206116,
    0.5905827879905701,
    0.5887640118598938,
    0.6053908467292786,
    0.6170318722724915,
    0.6269643902778625,
    0.6360496878623962,
    0.6330403685569763,
    0.6198059916496277,
    0.620739758014679,
    0.601041853427887,
    0.5921482443809509,
    0.5803625583648682,
    0.577519416809082,
    0.5834272503852844,
    0.5637392997741699,
    0.5720449686050415,
    0.60878986120224,
    0.5922494530677795,
    0.6445943713188171,
    0.6489911675453186,
    0.6415878534317017,
    0.5764761567115784,
    0.6354751586914062,
    0.645118236541748,
    0.6273466944694519,
    0.6274375319480896
  ],
  "all_framewise_lpips": [
    0.5923765301704407,
    0.5881940722465515,
    0.5947988033294678,
    0.6159100532531738,
    0.6037634611129761,
    0.6513584852218628,
    0.6400316953659058,
    0.5732666254043579,
    0.5672773122787476,
    0.6468119025230408,
    0.6461883783340454,
    0.6257666349411011,
    0.5927478075027466,
    0.6036117672920227,
    0.6467218399047852,
    0.6966089606285095,
    0.6568887233734131,
    0.6633895635604858,
    0.693865180015564,
    0.6853049993515015,
    0.6819285750389099,
    0.7103054523468018,
    0.6776300668716431,
    0.6426051259040833,
    0.6528130173683167,
    0.6417723894119263,
    0.6236181855201721,
    0.6102523803710938,
    0.5662229061126709,
    0.5942667722702026,
    0.6252578496932983,
    0.6096358299255371,
    0.63037109375,
    0.6730166673660278,
    0.6585367918014526,
    0.6519474387168884,
    0.6692201495170593,
    0.6628512740135193,
    0.6691361665725708,
    0.683651328086853,
    0.6813259124755859,
    0.6800800561904907,
    0.7002592086791992,
    0.6976487636566162,
    0.6906564831733704,
    0.6891318559646606,
    0.6303278803825378,
    0.6450018882751465,
    0.6610620021820068,
    0.6472117304801941,
    0.6196368932723999,
    0.6084121465682983,
    0.6270647048950195,
    0.6550606489181519,
    0.6642683148384094,
    0.654697597026825,
    0.6699274778366089,
    0.6890907883644104,
    0.6587623953819275,
    0.6347168684005737,
    0.6260769367218018,
    0.6388949155807495,
    0.6554965972900391,
    0.658745288848877,
    0.6613481640815735,
    0.6638197898864746,
    0.6398106813430786,
    0.634559690952301,
    0.6202609539031982,
    0.6398619413375854,
    0.6302538514137268,
    0.6330631375312805,
    0.627470850944519,
    0.6282697916030884,
    0.6315740346908569,
    0.6194074153900146,
    0.5903260707855225,
    0.5857381224632263,
    0.5820808410644531,
    0.5840591192245483,
    0.5818831920623779,
    0.5935543179512024,
    0.5995863676071167,
    0.623086154460907,
    0.6285555958747864,
    0.630618691444397,
    0.6353790760040283,
    0.6306499242782593,
    0.6598535776138306,
    0.683250904083252,
    0.6515235900878906,
    0.67528235912323,
    0.6133250594139099,
    0.5742234587669373,
    0.5610304474830627,
    0.6285556554794312,
    0.6199180483818054,
    0.5827853083610535,
    0.5846917629241943,
    0.5996497869491577
  ]
}