{
  "n_frames": 73,
  "scenewise_psnr": 22.35453181887534,
  "scenewise_ssim": 0.6735092754248875,
  "scenewise_lpips": 0.38427891204618425,
  "all_framewise_psnrs": [
    19.085440566509448,
    22.887563993144013,
    22.929832909172973,
    23.12136520656065,
    23.33144155205335,
    24.501026651476813,
    25.374225096309615,
    26.2329735157074,
    25.413190676053677,
    25.07883540228167,
    24.044523795177447,
    23.970702921109726,
    22.94222203194636,
    22.613909459659226,
    22.537525649960997,
    22.071238913739585,
    21.58262350830176,
    21.960756760566476,
    21.28153355645063,
    23.765017595709956,
    26.849349504910194,
    27.872061285198015,
    28.247290314555645,
    29.492767142929573,
    29.357000404564655,
    28.967027540086146,
    27.020080298314,
    26.12703559600306,
    25.76399610687374,
    23.943035137889353,
    23.38730820220075,
    22.604088038896712,
    22.348895490369962,
    22.08509598506627,
    20.9878754193381,
    20.129316746722083,
    20.052130169508967,
    20.51289086939152,
    20.967955429511676,
    20.721710912123275,
    20.823523328284885,
    20.800386844996765,
    21.335180318385415,
    21.197954188799063,
    22.20285260237553,
    21.937024727125074,
    21.73225531313838,
    21.819830111151788,
    20.95681087545472,
    23.407619360649015,
    24.04145015903783,
    23.926137305654635,
    24.28971191091739,
    24.21096366765733,
    23.228307122405187,
    22.86241450710188,
    22.808813160289112,
    22.164524581074755,
    21.118612321113083,
    19.881141909112962,
    19.99988401623195,
    20.41428338071499,
    20.014346392165034,
    20.11235052602717,
    20.360575693595486,
    20.448445509908648,
    21.24481775889359,
    21.448996950378003,
    20.571637833400427,
    21.792940105973546,
    22.8228648147136,
    23.21962585453114,
    22.340388998362002
  ],
  "all_framewise_ssim": [
    0.5575526356697083,
    0.7295193672180176,
    0.6987153887748718,
    0.7197971343994141,
    0.7297883629798889,
    0.7458816170692444,
    0.7505586743354797,
    0.7887577414512634,
    0.769132673740387,
    0.7588480114936829,
    0.7352588772773743,
    0.7335817813873291,
    0.6954103112220764,
    0.6824645400047302,
    0.6825103759765625,
    0.6744253039360046,
    0.6535320281982422,
    0.6527925133705139,
    0.6310088038444519,
    0.7096330523490906,
    0.8121009469032288,
    0.8353279232978821,
    0.8375350832939148,
    0.870356559753418,
    0.8704424500465393,
    0.8702435493469238,
    0.8387101292610168,
    0.8018110394477844,
    0.7839310765266418,
    0.7061855792999268,
    0.6760332584381104,
    0.6358805894851685,
    0.6155714392662048,
    0.6195659637451172,
    0.5684700012207031,
    0.5381577610969543,
    0.542481005191803,
    0.5570816397666931,
    0.5929501056671143,
    0.5926458239555359,
    0.5926231741905212,
    0.6010462641716003,
    0.641160249710083,
    0.6423476338386536,
    0.6395431160926819,
    0.6383675932884216,
    0.6634392142295837,
    0.6416149735450745,
    0.6473241448402405,
    0.7214085459709167,
    0.7161466479301453,
    0.6939387321472168,
    0.6845671534538269,
    0.7236695289611816,
    0.6802938580513,
    0.6649239659309387,
    0.6680772304534912,
    0.6020715236663818,
    0.5965363383293152,
    0.5136895179748535,
    0.5207143425941467,
    0.5424496531486511,
    0.4928327798843384,
    0.49630019068717957,
    0.48661407828330994,
    0.4944702684879303,
    0.54884272813797,
    0.6291953921318054,
    0.5824325680732727,
    0.6143751740455627,
    0.6635804176330566,
    0.6964893341064453,
    0.6081458926200867
  ],
  "all_framewise_lpips": [
    0.41626593470573425,
    0.3032965660095215,
    0.3523056209087372,
    0.34173956513404846,
    0.30610498785972595,
    0.3148093521595001,
    0.3334447741508484,
    0.30062639713287354,
    0.2943817377090454,
    0.28832539916038513,
    0.2975550591945648,
    0.30174243450164795,
    0.35339707136154175,
    0.34616798162460327,
    0.3671451210975647,
    0.4053039848804474,
    0.40704986453056335,
    0.3964203894138336,
    0.4037482440471649,
    0.37682145833969116,
    0.31732165813446045,
    0.26944243907928467,
    0.25793763995170593,
    0.23114456236362457,
    0.24139824509620667,
    0.22613473236560822,
    0.23858995735645294,
    0.28124937415122986,
    0.2724798321723938,
    0.3873809576034546,
    0.3675081431865692,
    0.3883126378059387,
    0.4166388511657715,
    0.4277881681919098,
    0.4737831652164459,
    0.47205981612205505,
    0.48002269864082336,
    0.484346479177475,
    0.47116827964782715,
    0.44297417998313904,
    0.4260331988334656,
    0.4201241433620453,
    0.4052044749259949,
    0.41076987981796265,
    0.42305153608322144,
    0.41885650157928467,
    0.3974839448928833,
    0.4434302747249603,
    0.39873650670051575,
    0.35669568181037903,
    0.3675572872161865,
    0.37387144565582275,
    0.3860852122306824,
    0.33816781640052795,
    0.3670150637626648,
    0.3680221736431122,
    0.36596307158470154,
    0.42473340034484863,
    0.4473906457424164,
    0.49723970890045166,
    0.47852975130081177,
    0.4630323052406311,
    0.5038082003593445,
    0.5189273357391357,
    0.5390793681144714,
    0.5350193977355957,
    0.481223464012146,
    0.41384604573249817,
    0.4344676434993744,
    0.4068048894405365,
    0.3970749080181122,
    0.35245582461357117,
    0.43732571601867676
  ]
}