{
  "n_frames": 100,
  "scenewise_psnr": 15.556920987346663,
  "scenewise_ssim": 0.34505028793151027,
  "scenewise_lpips": 0.7486067080497741,
  "all_framewise_psnrs": [
    15.962717972928466,
    17.78261952892131,
    17.964933506850333,
    17.48528619251633,
    17.07031694445924,
    16.165525574445187,
    12.571571782899584,
    14.28856121508841,
    14.200213371608399,
    16.76109931257685,
    16.409752307411303,
    15.982528457305751,
    15.146213940480493,
    15.338156460549513,
    16.786662817798604,
    17.466338156636294,
    17.194465598780916,
    17.47431650905175,
    17.61582729239497,
    17.381675324010306,
    17.170404078899367,
    16.941051980612137,
    15.921349093244785,
    17.074645588211098,
    15.000577375483315,
    13.576816848457725,
    13.755134200206044,
    18.06546570433533,
    18.204489144848274,
    18.622585980334428,
    17.33030459732523,
    18.900582207903547,
    19.853303131801876,
    19.505478615867595,
    18.20084590559826,
    16.48525447352963,
    16.267623002373195,
    16.720606516857867,
    15.91688479632748,
    15.242582659347478,
    14.685181567111549,
    16.125668199049244,
    16.197027798147346,
    16.133227298641398,
    15.920995208583921,
    15.63189913138007,
    14.890259049386776,
    14.049594429032899,
    15.47018094215205,
    16.1890726849711,
    15.83502298180199,
    15.186525489976315,
    15.127338998049177,
    14.657756596390401,
    13.39652546118549,
    15.143114056115829,
    14.408993619928875,
    14.79332725831565,
    11.69561108880684,
    13.752470816360823,
    15.088657622601872,
    14.118462122352646,
    15.14080558948157,
    15.891597207712362,
    14.611880210745314,
    14.481116812513708,
    14.229130383878537,
    15.246545447808348,
    15.463486681825849,
    15.59988979021294,
    14.33640732692114,
    15.3929204290268,
    15.394720842961618,
    14.812278678737263,
    14.80691678383198,
    14.94292597213595,
    14.410660363406443,
    15.056219028634047,
    15.015719923919047,
    15.632076066636944,
    15.340173329047225,
    14.493495502678623,
    14.71931136555963,
    14.296069115866604,
    14.004595459757434,
    15.598718380338612,
    15.34554062468837,
    15.79363309996169,
    15.508416487273458,
    15.856307162874204,
    15.895378472792812,
    16.692895358945204,
    16.551584739253475,
    15.121759665209947,
    15.13998785038568,
    15.215359759948829,
    15.966537090977324,
    16.640451118220813,
    17.385651452055487,
    18.207957138021168
  ],
  "all_framewise_ssim": [
    0.219400092959404,
    0.35890159010887146,
    0.3949699401855469,
    0.37878358364105225,
    0.3835037052631378,
    0.37281128764152527,
    0.33582234382629395,
    0.32366320490837097,
    0.2501407563686371,
    0.35743674635887146,
    0.3539300858974457,
    0.3393755853176117,
    0.33511972427368164,
    0.3673888146877289,
    0.3987085521221161,
    0.41598963737487793,
    0.44720327854156494,
    0.4242015779018402,
    0.48183342814445496,
    0.47211071848869324,
    0.42623651027679443,
    0.4778834581375122,
    0.4563889801502228,
    0.44993457198143005,
    0.35874247550964355,
    0.272590309381485,
    0.37364253401756287,
    0.46844974160194397,
    0.38755717873573303,
    0.42091187834739685,
    0.369496613740921,
    0.5390574336051941,
    0.584656834602356,
    0.5796528458595276,
    0.6006593108177185,
    0.48107877373695374,
    0.5195826888084412,
    0.41995111107826233,
    0.3398951590061188,
    0.27886900305747986,
    0.3407036066055298,
    0.2822451591491699,
    0.2732422649860382,
    0.2721491754055023,
    0.25597259402275085,
    0.21605540812015533,
    0.1977173089981079,
    0.21905767917633057,
    0.2731381356716156,
    0.3948124647140503,
    0.43293872475624084,
    0.38964852690696716,
    0.44574931263923645,
    0.24152660369873047,
    0.22697778046131134,
    0.26556310057640076,
    0.2628293037414551,
    0.29058611392974854,
    0.1644410938024521,
    0.22902710735797882,
    0.31744131445884705,
    0.24582648277282715,
    0.2531643211841583,
    0.3995853662490845,
    0.2471289038658142,
    0.22273211181163788,
    0.20943105220794678,
    0.26919063925743103,
    0.22306644916534424,
    0.2784259021282196,
    0.24554014205932617,
    0.3224930763244629,
    0.3129877746105194,
    0.28174009919166565,
    0.25531694293022156,
    0.27684199810028076,
    0.24914269149303436,
    0.41662096977233887,
    0.4242919981479645,
    0.42835426330566406,
    0.3898739516735077,
    0.24751146137714386,
    0.2281036376953125,
    0.17272062599658966,
    0.19561700522899628,
    0.2976246178150177,
    0.29033616185188293,
    0.3276922404766083,
    0.2994880974292755,
    0.333281546831131,
    0.3406754434108734,
    0.43082427978515625,
    0.3907400071620941,
    0.329984575510025,
    0.35037961602211,
    0.281368225812912,
    0.2996625602245331,
    0.33193668723106384,
    0.35593506693840027,
    0.4811369478702545
  ],
  "all_framewise_lpips": [
    0.6483351588249207,
    0.582417905330658,
    0.6070618629455566,
    0.6249803900718689,
    0.6654066443443298,
    0.7250934839248657,
    0.7767432332038879,
    0.7862794399261475,
    0.7599048614501953,
    0.7071846723556519,
    0.6988189816474915,
    0.7234190702438354,
    0.7342644929885864,
    0.7345225811004639,
    0.6835978627204895,
    0.6493098139762878,
    0.5860943794250488,
    0.6203389763832092,
    0.5421590209007263,
    0.568572998046875,
    0.6099424958229065,
    0.5788795351982117,
    0.6464034914970398,
    0.6922341585159302,
    0.833248496055603,
    0.8637926578521729,
    0.7675426602363586,
    0.6802093386650085,
    0.774549663066864,
    0.7294336557388306,
    0.7384834289550781,
    0.5615522861480713,
    0.5109956860542297,
    0.5225656032562256,
    0.5193542838096619,
    0.6556863188743591,
    0.6079890131950378,
    0.7202012538909912,
    0.8433422446250916,
    0.9174201488494873,
    0.8826025128364563,
    0.8731325268745422,
    0.8688586950302124,
    0.815992534160614,
    0.8612359762191772,
    0.8839207887649536,
    0.9191530346870422,
    0.8885412812232971,
    0.8603071570396423,
    0.7964056134223938,
    0.7411677241325378,
    0.813217043876648,
    0.8693250417709351,
    0.9251142740249634,
    0.920647919178009,
    0.8388011455535889,
    0.8134267330169678,
    0.8793059587478638,
    0.9241703152656555,
    0.7887505888938904,
    0.8034030199050903,
    0.9204761385917664,
    0.8922102451324463,
    0.7620362043380737,
    0.8485280871391296,
    0.8636332154273987,
    0.85520339012146,
    0.7615102529525757,
    0.7793949842453003,
    0.757443904876709,
    0.804533064365387,
    0.7099509835243225,
    0.72627854347229,
    0.7462694048881531,
    0.7765135765075684,
    0.7902478575706482,
    0.8224862217903137,
    0.6536953449249268,
    0.6480162143707275,
    0.6409422159194946,
    0.656218409538269,
    0.7803727388381958,
    0.8095278143882751,
    0.9235739707946777,
    0.9130215644836426,
    0.7656781673431396,
    0.7328555583953857,
    0.730964183807373,
    0.7633752226829529,
    0.7237052917480469,
    0.7234232425689697,
    0.662444531917572,
    0.7208622097969055,
    0.6814634799957275,
    0.6341010928153992,
    0.7246015667915344,
    0.7493200898170471,
    0.7812013626098633,
    0.7902570366859436,
    0.6685212850570679
  ]
}