{
  "n_frames": 81,
  "scenewise_psnr": 21.617054776426205,
  "scenewise_ssim": 0.5983152774768676,
  "scenewise_lpips": 0.5172212466045663,
  "all_framewise_psnrs": [
    24.280919350471418,
    25.569753587961653,
    25.034914899457718,
    27.197151485105067,
    24.590051346645584,
    25.851829437209297,
    25.32427588785874,
    23.270295032789726,
    23.76023291759827,
    24.082966333934582,
    22.578999977924386,
    23.987953701326283,
    20.60425188563944,
    20.19657237247521,
    18.116161535664705,
    19.790755794284912,
    19.83733998809026,
    19.674094126172783,
    18.610365970212765,
    19.202321956092984,
    18.99932236917455,
    20.72961601368799,
    19.153485328195586,
    19.26144377908836,
    19.414888287052833,
    19.632052613893237,
    18.921403132445338,
    19.168851655501815,
    19.262128993972464,
    19.113347384509805,
    20.17177502766675,
    19.85246170769648,
    19.64552919994401,
    19.33341956146386,
    19.900826507128023,
    19.86857206414266,
    20.845836134325545,
    23.84584580154351,
    22.52072334607039,
    23.518069544116766,
    24.719999580423963,
    24.083358575242336,
    24.5561873677573,
    25.376319602290206,
    23.43405778511693,
    24.320617519945934,
    25.53654895087762,
    24.440143433574363,
    23.367424443989027,
    23.042465705765558,
    20.725598804448705,
    21.024629972085272,
    21.71437564470127,
    17.03844168699903,
    18.918925126618667,
    24.85523315193676,
    26.600458810313036,
    26.26071582014451,
    25.41809335286981,
    26.575468495939113,
    26.00758916954179,
    26.565374294410326,
    25.285583539895896,
    25.193958470503123,
    24.750606826914265,
    22.99187843829695,
    23.659694945225343,
    23.932877746630936,
    22.94602629219805,
    19.954278651306034,
    13.828869647451414,
    25.040096079317845,
    25.919084682131622,
    24.191460349499067,
    25.67564097794562,
    25.26570261056296,
    23.908911468647545,
    26.320915762606223,
    24.544112647089555,
    24.39352211985614,
    25.05081735326398
  ],
  "all_framewise_ssim": [
    0.6440748572349548,
    0.7790296673774719,
    0.7171795964241028,
    0.8119732737541199,
    0.7428744435310364,
    0.8084511756896973,
    0.7489530444145203,
    0.6601691246032715,
    0.6545165777206421,
    0.6882176399230957,
    0.6099629998207092,
    0.6878727078437805,
    0.5476138591766357,
    0.5367878079414368,
    0.41646304726600647,
    0.40243735909461975,
    0.48875465989112854,
    0.4326530396938324,
    0.40727898478507996,
    0.4415484666824341,
    0.4076509177684784,
    0.5735712647438049,
    0.4003855288028717,
    0.4145156443119049,
    0.4497509002685547,
    0.43703559041023254,
    0.38041746616363525,
    0.3969617187976837,
    0.4042774438858032,
    0.38798150420188904,
    0.4774770736694336,
    0.4730452597141266,
    0.4473976194858551,
    0.4428044259548187,
    0.5051486492156982,
    0.49542364478111267,
    0.48800501227378845,
    0.6321845650672913,
    0.5798606872558594,
    0.6209564208984375,
    0.6857523918151855,
    0.6294719576835632,
    0.626787543296814,
    0.6545173525810242,
    0.5676808953285217,
    0.5657135844230652,
    0.6238222122192383,
    0.549339234828949,
    0.5113133192062378,
    0.5168229937553406,
    0.3925769329071045,
    0.4682220220565796,
    0.5410062074661255,
    0.5443306565284729,
    0.5263023972511292,
    0.6924576163291931,
    0.7441648840904236,
    0.7191368937492371,
    0.6998999118804932,
    0.7965126037597656,
    0.7814297080039978,
    0.7848843932151794,
    0.7402240633964539,
    0.7468283772468567,
    0.7170752882957458,
    0.666657030582428,
    0.7250451445579529,
    0.7608948349952698,
    0.7069820761680603,
    0.6092739105224609,
    0.5101187825202942,
    0.7760891914367676,
    0.7114694118499756,
    0.5580727458000183,
    0.6313269138336182,
    0.5731086730957031,
    0.4998779296875,
    0.6863725781440735,
    0.5625413060188293,
    0.5878730416297913,
    0.61647629737854
  ],
  "all_framewise_lpips": [
    0.4683508276939392,
    0.39123982191085815,
    0.3834613859653473,
    0.3415333330631256,
    0.4210003614425659,
    0.39546483755111694,
    0.4375747740268707,
    0.4842187166213989,
    0.47983819246292114,
    0.4906838536262512,
    0.558129072189331,
    0.5134569406509399,
    0.6387312412261963,
    0.6409400701522827,
    0.6779961585998535,
    0.6960546970367432,
    0.6363207101821899,
    0.6246546506881714,
    0.6586846113204956,
    0.6266629695892334,
    0.6398670673370361,
    0.5664045810699463,
    0.6645561456680298,
    0.6521519422531128,
    0.6508239507675171,
    0.6327204704284668,
    0.666144847869873,
    0.6655306816101074,
    0.6196575164794922,
    0.6309325098991394,
    0.6180319786071777,
    0.6105341911315918,
    0.6333781480789185,
    0.6322038173675537,
    0.5964589715003967,
    0.6120206713676453,
    0.5733968615531921,
    0.4687974452972412,
    0.47543156147003174,
    0.4207068383693695,
    0.3700808882713318,
    0.41481244564056396,
    0.42356860637664795,
    0.4266299605369568,
    0.4857935309410095,
    0.5354368686676025,
    0.5085657835006714,
    0.5741264224052429,
    0.6134269833564758,
    0.6107968091964722,
    0.6926681399345398,
    0.6588866114616394,
    0.6036694645881653,
    0.6456828713417053,
    0.5686477422714233,
    0.4168659448623657,
    0.3911527097225189,
    0.3790110647678375,
    0.35143908858299255,
    0.2954729199409485,
    0.29378998279571533,
    0.2960166335105896,
    0.3299282193183899,
    0.34771963953971863,
    0.36312729120254517,
    0.38692745566368103,
    0.3483865559101105,
    0.3139677941799164,
    0.3860955536365509,
    0.499420702457428,
    0.6040977239608765,
    0.3885871469974518,
    0.4293409585952759,
    0.49560749530792236,
    0.5404370427131653,
    0.5816080570220947,
    0.6196142435073853,
    0.5282295346260071,
    0.567674458026886,
    0.49277597665786743,
    0.5200862288475037
  ]
}