{
  "n_frames": 100,
  "scenewise_psnr": 15.562028544574982,
  "scenewise_ssim": 0.29240513250988087,
  "scenewise_lpips": 0.6490972036123276,
  "all_framewise_psnrs": [
    14.47694247078784,
    15.098511397233542,
    15.588481633111384,
    15.16432900889412,
    16.052799075487584,
    16.369431113936667,
    15.077318158663353,
    15.500254924693166,
    15.276137788232605,
    15.428700832783914,
    15.721141895566266,
    15.355377522740959,
    15.787239410659469,
    15.29013933843194,
    15.39598168905134,
    15.70321960034429,
    15.968939015895074,
    15.76890847717426,
    15.067577772540432,
    15.668466543375498,
    15.718434268556003,
    15.89316424363406,
    16.040919257538203,
    15.999086971879194,
    15.125361956042969,
    15.904690897781329,
    16.300326322847823,
    16.343111579413346,
    16.41721979995976,
    16.461773458663906,
    16.307873693873574,
    16.245304433584646,
    15.618184934738672,
    15.893045470908513,
    15.776879756484714,
    15.691983796598048,
    15.419804416793992,
    15.089055793900334,
    15.133177668566596,
    15.513057028196846,
    16.35783876635692,
    16.448378799128744,
    14.977099884531953,
    15.924824956821862,
    15.652872006752297,
    15.573952364721169,
    16.574757383400993,
    16.26893468173686,
    15.937649197571957,
    15.604323392706805,
    16.294671373908493,
    15.298620078497722,
    15.38543800304687,
    16.234045093663127,
    15.168997265308978,
    15.985710184042896,
    15.859264897762346,
    15.573150741803738,
    16.137704326253626,
    15.631690250539181,
    15.875984784413696,
    16.650533283042705,
    16.803949183323077,
    16.769495350521453,
    17.143494260842147,
    16.65104468436867,
    16.087976457994152,
    16.05610318718766,
    15.751199222227967,
    16.065109634549827,
    16.026015980313804,
    16.26637266834142,
    15.992027599020153,
    16.11113677990198,
    16.080118053307334,
    15.604028227114009,
    15.630885886861922,
    16.229039584511135,
    15.597882229842368,
    15.33932603061827,
    15.656550925195326,
    14.878423005723825,
    14.600037074452759,
    14.727657636738588,
    14.587089478258788,
    14.415567391930022,
    14.770935187902928,
    14.73784985406677,
    14.588691042347694,
    14.702052909125932,
    14.438998890890044,
    14.157728337813513,
    14.638601808928197,
    14.414529566232464,
    15.099225834245084,
    15.253436634417456,
    14.51249873689604,
    14.915044185379184,
    14.867624432618737,
    14.662952502576452
  ],
  "all_framewise_ssim": [
    0.28124213218688965,
    0.31031110882759094,
    0.3356957733631134,
    0.297716349363327,
    0.33828893303871155,
    0.36937054991722107,
    0.28499042987823486,
    0.30784526467323303,
    0.2636946737766266,
    0.2843998968601227,
    0.3108186423778534,
    0.28402474522590637,
    0.33239510655403137,
    0.30157312750816345,
    0.3301873505115509,
    0.3631238043308258,
    0.38925406336784363,
    0.37656643986701965,
    0.3070976734161377,
    0.332201212644577,
    0.3609819710254669,
    0.3365340232849121,
    0.3164444863796234,
    0.2771974802017212,
    0.21072380244731903,
    0.28891721367836,
    0.3264891803264618,
    0.342007040977478,
    0.3747192323207855,
    0.36096516251564026,
    0.32625386118888855,
    0.32112470269203186,
    0.30597376823425293,
    0.30338969826698303,
    0.28111734986305237,
    0.2820713520050049,
    0.24996860325336456,
    0.2299836277961731,
    0.26163312792778015,
    0.2904692590236664,
    0.3594389855861664,
    0.3612663745880127,
    0.2366068959236145,
    0.3158324062824249,
    0.29005682468414307,
    0.27135398983955383,
    0.3542705476284027,
    0.3290647566318512,
    0.3002135455608368,
    0.2985992133617401,
    0.32054403424263,
    0.2446737289428711,
    0.2704012989997864,
    0.27617183327674866,
    0.20169460773468018,
    0.25262650847435,
    0.27687501907348633,
    0.24841956794261932,
    0.2773788869380951,
    0.25946366786956787,
    0.28533729910850525,
    0.3411063849925995,
    0.34933438897132874,
    0.3372664749622345,
    0.384163498878479,
    0.34258928894996643,
    0.29639923572540283,
    0.309344619512558,
    0.2636450529098511,
    0.29634419083595276,
    0.2999815046787262,
    0.3226979374885559,
    0.29988911747932434,
    0.3083823025226593,
    0.3119579553604126,
    0.26973631978034973,
    0.27769234776496887,
    0.3284201920032501,
    0.2786577045917511,
    0.2801685333251953,
    0.28771939873695374,
    0.25138816237449646,
    0.23714853823184967,
    0.2406875342130661,
    0.23968635499477386,
    0.21919392049312592,
    0.25585436820983887,
    0.24876725673675537,
    0.21821846067905426,
    0.22004592418670654,
    0.21062929928302765,
    0.17031486332416534,
    0.23731471598148346,
    0.2024676352739334,
    0.2643015384674072,
    0.28189849853515625,
    0.23039056360721588,
    0.2742379605770111,
    0.26831260323524475,
    0.2327696681022644
  ],
  "all_framewise_lpips": [
    0.6367189884185791,
    0.5788166522979736,
    0.5697586536407471,
    0.6352205872535706,
    0.5818961262702942,
    0.5681644678115845,
    0.6372123956680298,
    0.6184279322624207,
    0.6032010316848755,
    0.674411952495575,
    0.6178874969482422,
    0.6049843430519104,
    0.6397319436073303,
    0.5912055969238281,
    0.59555584192276,
    0.6448303461074829,
    0.6014590859413147,
    0.6087650656700134,
    0.7074815630912781,
    0.6210395693778992,
    0.6275080442428589,
    0.6968902945518494,
    0.6790750026702881,
    0.6973466873168945,
    0.7748046517372131,
    0.6977907419204712,
    0.667705774307251,
    0.682417631149292,
    0.612068772315979,
    0.6003480553627014,
    0.6708253622055054,
    0.657891035079956,
    0.6355175971984863,
    0.7067053318023682,
    0.6600630879402161,
    0.6452656984329224,
    0.708646297454834,
    0.6514806151390076,
    0.6351230144500732,
    0.6710970401763916,
    0.6310449838638306,
    0.629650354385376,
    0.6643092632293701,
    0.6458642482757568,
    0.6409192681312561,
    0.7060756087303162,
    0.6473129987716675,
    0.6502879858016968,
    0.6740187406539917,
    0.6264864206314087,
    0.6549018621444702,
    0.7168165445327759,
    0.6609799861907959,
    0.676731288433075,
    0.8078354597091675,
    0.7176875472068787,
    0.6713260412216187,
    0.7494518756866455,
    0.6647441387176514,
    0.6051046252250671,
    0.7087182998657227,
    0.6172032952308655,
    0.6186202764511108,
    0.6692904233932495,
    0.6075797080993652,
    0.609657883644104,
    0.6649116277694702,
    0.6019803285598755,
    0.616136908531189,
    0.6366312503814697,
    0.5972846746444702,
    0.5821578502655029,
    0.6377768516540527,
    0.589881420135498,
    0.5940537452697754,
    0.6627704501152039,
    0.630907416343689,
    0.6282583475112915,
    0.7031205296516418,
    0.6585731506347656,
    0.6391200423240662,
    0.7000927925109863,
    0.6494802832603455,
    0.6408560276031494,
    0.6836501359939575,
    0.6358556151390076,
    0.6246117949485779,
    0.6730909943580627,
    0.6391018033027649,
    0.6358698606491089,
    0.6899545788764954,
    0.6358320116996765,
    0.6424883604049683,
    0.6931515336036682,
    0.6470454931259155,
    0.651901125907898,
    0.6774793267250061,
    0.63352370262146,
    0.6389747262001038,
    0.6852360963821411
  ]
}