{
  "n_frames": 100,
  "scenewise_psnr": 25.875099383493,
  "scenewise_ssim": 0.7963545136913046,
  "scenewise_lpips": 0.3443017344176769,
  "all_framewise_psnrs": [
    24.289489816398813,
    24.78642938023979,
    25.901735525615774,
    25.09648943176633,
    26.216819354530607,
    27.062197850202132,
    26.602066326649307,
    25.803098895369757,
    24.45245584093691,
    24.81302344056592,
    28.096404341304076,
    27.503625864812008,
    31.130176013891898,
    29.93971502457387,
    26.399790629917455,
    24.305495007765746,
    24.93844703147756,
    25.121137916457677,
    23.168487181058893,
    25.590890031980077,
    26.222283269183386,
    27.25261117355619,
    26.38162214448696,
    27.111912416604543,
    27.290216574054096,
    28.0829289639287,
    28.169459789228007,
    28.41439279879917,
    28.034293172326944,
    26.87286093368028,
    26.52463583760033,
    26.964648682289855,
    27.603247587098735,
    26.492405918424513,
    26.338875489152205,
    26.2479624704884,
    25.116332133988834,
    26.74492880937698,
    28.578092879962934,
    27.887703532868606,
    26.91905373789536,
    26.108159574181315,
    26.425324247487396,
    25.873192203063915,
    23.399068820540847,
    26.669106313459743,
    26.79997897304327,
    25.119064310452416,
    26.050895347263193,
    25.46555820220817,
    26.11949528373573,
    24.600907727496,
    25.139698772197967,
    23.511869134850862,
    24.742031845787817,
    23.572891471427763,
    23.841676550675174,
    25.893096294554194,
    27.18547386527545,
    27.75817500745056,
    25.006627970959553,
    27.374704909376444,
    27.203422559802526,
    26.828314988285292,
    27.421254534084678,
    24.647175491198517,
    24.947036271798684,
    24.708780764051752,
    27.333358203137177,
    27.23388348507296,
    26.879401312330764,
    27.15913728378585,
    25.714899277934983,
    25.475807559182808,
    26.433968124970843,
    25.8461405593268,
    25.643745580885312,
    25.824823900529413,
    25.771398904516065,
    25.711850230943163,
    25.166052306252624,
    24.896469061591983,
    24.53086690468668,
    24.198917985767032,
    24.099955748886455,
    26.132523770125,
    26.002810768288207,
    26.252000528588763,
    25.651764093815217,
    25.17607873319747,
    26.548388526675556,
    26.166572103650587,
    25.76096879441039,
    24.006113576365177,
    24.113601814369623,
    25.18921909861691,
    25.838793222951715,
    26.756598013317955,
    27.353228747523772,
    26.518377249910188
  ],
  "all_framewise_ssim": [
    0.6953659057617188,
    0.738572895526886,
    0.784368097782135,
    0.8022684454917908,
    0.8251943588256836,
    0.823885977268219,
    0.8187308311462402,
    0.8027822375297546,
    0.7968494296073914,
    0.8092175126075745,
    0.8430934548377991,
    0.8440154194831848,
    0.8541147708892822,
    0.8159962296485901,
    0.7962045669555664,
    0.7355111241340637,
    0.7524760365486145,
    0.7592175602912903,
    0.7163034081459045,
    0.8005152344703674,
    0.8148316740989685,
    0.8340857625007629,
    0.8288393020629883,
    0.8366296887397766,
    0.8535685539245605,
    0.8553730845451355,
    0.8474587798118591,
    0.8291314244270325,
    0.815334141254425,
    0.800288200378418,
    0.7923230528831482,
    0.7978299260139465,
    0.8095269203186035,
    0.7816555500030518,
    0.7812040448188782,
    0.776987612247467,
    0.7609772086143494,
    0.7945858836174011,
    0.8410188555717468,
    0.8250961303710938,
    0.817267656326294,
    0.8049089908599854,
    0.8064233660697937,
    0.7928853034973145,
    0.720419704914093,
    0.8129164576530457,
    0.8125270009040833,
    0.7844249606132507,
    0.8055462837219238,
    0.7564526200294495,
    0.7786275744438171,
    0.7622771263122559,
    0.7997907996177673,
    0.7411468625068665,
    0.7499110102653503,
    0.7650406956672668,
    0.7697191834449768,
    0.8052183985710144,
    0.8517596125602722,
    0.846168041229248,
    0.8097984194755554,
    0.8495818972587585,
    0.8495455384254456,
    0.854686975479126,
    0.862723171710968,
    0.8169404864311218,
    0.8139932751655579,
    0.813633382320404,
    0.8534277081489563,
    0.8420753479003906,
    0.816740095615387,
    0.8308367133140564,
    0.8103612065315247,
    0.8024852871894836,
    0.8186525702476501,
    0.8021443486213684,
    0.8107099533081055,
    0.7987372875213623,
    0.7938863635063171,
    0.765530526638031,
    0.7319505214691162,
    0.7123300433158875,
    0.7377960681915283,
    0.7617551684379578,
    0.7619423866271973,
    0.7563229203224182,
    0.7513761520385742,
    0.767475426197052,
    0.7731835246086121,
    0.7613456845283508,
    0.7955708503723145,
    0.7677626609802246,
    0.7493869662284851,
    0.7023823857307434,
    0.7242013812065125,
    0.7773475646972656,
    0.7715107798576355,
    0.7876594066619873,
    0.798206090927124,
    0.7796791195869446
  ],
  "all_framewise_lpips": [
    0.40581345558166504,
    0.3902731239795685,
    0.3878343403339386,
    0.39062950015068054,
    0.3496856987476349,
    0.31276288628578186,
    0.2730896770954132,
    0.27786535024642944,
    0.3547847270965576,
    0.39449942111968994,
    0.40433675050735474,
    0.46897053718566895,
    0.5001293420791626,
    0.5338312983512878,
    0.45225510001182556,
    0.40189680457115173,
    0.38591763377189636,
    0.37595152854919434,
    0.3859734535217285,
    0.3597264885902405,
    0.3385976552963257,
    0.26744845509529114,
    0.24944686889648438,
    0.2624320983886719,
    0.29059702157974243,
    0.2838134467601776,
    0.2556014060974121,
    0.28287234902381897,
    0.3028564453125,
    0.3253147602081299,
    0.3307967782020569,
    0.3377853035926819,
    0.3271819055080414,
    0.3363744616508484,
    0.3298214375972748,
    0.3371749222278595,
    0.36625492572784424,
    0.36558008193969727,
    0.35641953349113464,
    0.3237308859825134,
    0.28698888421058655,
    0.2851778566837311,
    0.3006669878959656,
    0.3186150789260864,
    0.37020552158355713,
    0.35660260915756226,
    0.39709800481796265,
    0.4258381724357605,
    0.44109684228897095,
    0.4914819300174713,
    0.45121943950653076,
    0.38920336961746216,
    0.3404041826725006,
    0.35918790102005005,
    0.38251641392707825,
    0.39892101287841797,
    0.44286245107650757,
    0.40024638175964355,
    0.21877571940422058,
    0.2599859833717346,
    0.22358757257461548,
    0.24045881628990173,
    0.24221009016036987,
    0.22344344854354858,
    0.218098446726799,
    0.2265140414237976,
    0.28526026010513306,
    0.24294492602348328,
    0.22896042466163635,
    0.2622237205505371,
    0.30750977993011475,
    0.32807663083076477,
    0.32146722078323364,
    0.2807621359825134,
    0.29022085666656494,
    0.28987666964530945,
    0.2699688673019409,
    0.31903934478759766,
    0.30954620242118835,
    0.3483871519565582,
    0.38139861822128296,
    0.40860429406166077,
    0.38296937942504883,
    0.35026589035987854,
    0.36476343870162964,
    0.4011559784412384,
    0.3884279727935791,
    0.34284844994544983,
    0.3074612617492676,
    0.3467581272125244,
    0.39851099252700806,
    0.4246372878551483,
    0.4052802324295044,
    0.401995986700058,
    0.3936920166015625,
    0.34202367067337036,
    0.3591337502002716,
    0.3854932188987732,
    0.39169177412986755,
    0.4010818898677826
  ]
}