{
  "n_frames": 100,
  "scenewise_psnr": 24.9064768639858,
  "scenewise_ssim": 0.7648136637772573,
  "scenewise_lpips": 0.5624450352787972,
  "all_framewise_psnrs": [
    31.941327829979205,
    31.632896172222008,
    29.520486773456604,
    26.58182975239988,
    26.58961750111168,
    28.922966649997058,
    29.132465383375063,
    23.255743150586326,
    20.410758125426625,
    23.272813462061702,
    23.660018583102577,
    25.904203774503873,
    25.302820450278176,
    27.003071898929775,
    27.325676043290123,
    28.080680139955167,
    24.659812901086248,
    24.858380877603384,
    25.468987285232245,
    25.505845723290157,
    23.851899511933873,
    21.89335472089644,
    21.318415280374765,
    24.341228267512072,
    25.170342759189055,
    22.849011161973813,
    22.148512272292326,
    21.9423981241988,
    23.809056472987358,
    21.719195812391973,
    20.73610112153677,
    23.56191355877002,
    25.169121802244963,
    27.554056203036808,
    27.427315789304544,
    24.895674514916294,
    24.439702432460134,
    23.53354005561431,
    22.640201098576306,
    23.76316956957879,
    25.150354602985878,
    24.71310856581323,
    24.680140927257845,
    25.245604015609345,
    26.366184816734297,
    26.96027859412402,
    25.07703706254745,
    24.00323475306456,
    23.154805019412695,
    25.357018225230856,
    27.399233049971528,
    27.437963704335303,
    25.270385346671574,
    25.75126726794668,
    24.596195184959036,
    22.781859627446906,
    22.238043984087646,
    22.844360754873794,
    22.654640565550295,
    23.56624411488262,
    24.174615957201336,
    24.579159346781868,
    25.155741722420167,
    25.520290780378403,
    25.651914196938748,
    26.050075530549293,
    25.924790852257505,
    25.6050352976439,
    25.126250881522108,
    25.673967642955557,
    25.243490428318506,
    25.23580420050541,
    23.893044118846014,
    23.129961418644918,
    22.271702107630148,
    25.287170409898714,
    25.447792109013584,
    26.505986119103436,
    26.314213220095954,
    28.383093156856162,
    27.786192594843563,
    27.216067574223114,
    26.46312388796491,
    26.858165176704855,
    25.740994559121443,
    26.921341512182117,
    27.732678462353533,
    27.960936274383275,
    28.4524441099922,
    28.48540399502597,
    29.345953813496415,
    31.019464315400747,
    30.83540569003279,
    29.9066290811272,
    25.820306814885274,
    26.428945915628464,
    27.201481335014776,
    27.194601120378927,
    21.41101142719256,
    26.032230279879034
  ],
  "all_framewise_ssim": [
    0.826843798160553,
    0.8350501656532288,
    0.8013224601745605,
    0.7381482720375061,
    0.7282971739768982,
    0.7878934741020203,
    0.7849974632263184,
    0.7202903628349304,
    0.6246388554573059,
    0.6461443901062012,
    0.6698136329650879,
    0.732252836227417,
    0.7238969802856445,
    0.7674000263214111,
    0.7723928093910217,
    0.7800505757331848,
    0.7438799738883972,
    0.7332296371459961,
    0.7151718139648438,
    0.7193832397460938,
    0.6995341181755066,
    0.6388385891914368,
    0.6024630069732666,
    0.6613982319831848,
    0.6900466084480286,
    0.6734218001365662,
    0.7006165385246277,
    0.6702268123626709,
    0.6937053203582764,
    0.7062546610832214,
    0.6830909848213196,
    0.7311412692070007,
    0.7486693263053894,
    0.7899814248085022,
    0.8438917994499207,
    0.8004640936851501,
    0.7634584903717041,
    0.7261548638343811,
    0.7407307624816895,
    0.7654538154602051,
    0.7677575945854187,
    0.7682411074638367,
    0.7667391300201416,
    0.8151162266731262,
    0.8299962878227234,
    0.8224220275878906,
    0.7896274924278259,
    0.754966676235199,
    0.737217903137207,
    0.799821138381958,
    0.8092514872550964,
    0.766333281993866,
    0.7293739318847656,
    0.7345354557037354,
    0.7294854521751404,
    0.7077285647392273,
    0.682824432849884,
    0.6631991267204285,
    0.6840398907661438,
    0.7197608947753906,
    0.724095344543457,
    0.7415995597839355,
    0.7433223128318787,
    0.7409207820892334,
    0.7538911700248718,
    0.7651703953742981,
    0.756903350353241,
    0.763543426990509,
    0.764457643032074,
    0.7723360061645508,
    0.7697780132293701,
    0.7804617881774902,
    0.7558668255805969,
    0.775399386882782,
    0.7559349536895752,
    0.7874500751495361,
    0.7904801368713379,
    0.8179691433906555,
    0.8147797584533691,
    0.8541960716247559,
    0.8409910798072815,
    0.8185526728630066,
    0.8269140124320984,
    0.8286145329475403,
    0.8038032054901123,
    0.8353581428527832,
    0.842226505279541,
    0.8232781887054443,
    0.8478538990020752,
    0.8427780270576477,
    0.825842559337616,
    0.8643522262573242,
    0.8689435124397278,
    0.831498920917511,
    0.8079794049263,
    0.8130173683166504,
    0.7770204544067383,
    0.8058033585548401,
    0.7567204833030701,
    0.7950475811958313
  ],
  "all_framewise_lpips": [
    0.36951759457588196,
    0.3429257869720459,
    0.38229697942733765,
    0.44024530053138733,
    0.4054385721683502,
    0.3701397180557251,
    0.40150076150894165,
    0.45804867148399353,
    0.552138090133667,
    0.6174871325492859,
    0.5394436120986938,
    0.5402628183364868,
    0.6098769307136536,
    0.5681147575378418,
    0.5680631399154663,
    0.5804479718208313,
    0.6086240410804749,
    0.6238370537757874,
    0.6411553025245667,
    0.5913820862770081,
    0.6065827012062073,
    0.6767034530639648,
    0.6721734404563904,
    0.6441472768783569,
    0.6731387376785278,
    0.6606122851371765,
    0.6239010095596313,
    0.6789853572845459,
    0.6219818592071533,
    0.6055390238761902,
    0.6576132774353027,
    0.6140400171279907,
    0.5691329836845398,
    0.5368499159812927,
    0.48521000146865845,
    0.5898127555847168,
    0.6594027876853943,
    0.6574243307113647,
    0.7001288533210754,
    0.6715290546417236,
    0.6491228342056274,
    0.6551581025123596,
    0.6590422987937927,
    0.6278144717216492,
    0.6225572824478149,
    0.6457299590110779,
    0.6567031145095825,
    0.6861680150032043,
    0.6936123967170715,
    0.5991764068603516,
    0.6041905283927917,
    0.6560900211334229,
    0.6581839919090271,
    0.6393075585365295,
    0.6766003370285034,
    0.6995320320129395,
    0.7169085144996643,
    0.7386987805366516,
    0.697900652885437,
    0.6488228440284729,
    0.622606098651886,
    0.5970492362976074,
    0.5849806666374207,
    0.5806546211242676,
    0.5553785562515259,
    0.5418626070022583,
    0.5515970587730408,
    0.5306665301322937,
    0.5249252319335938,
    0.5249143242835999,
    0.5241647958755493,
    0.5128204226493835,
    0.550768256187439,
    0.4958151876926422,
    0.5343629717826843,
    0.5344662070274353,
    0.5211805701255798,
    0.5081064701080322,
    0.5220457911491394,
    0.4448052644729614,
    0.4365399479866028,
    0.4764591157436371,
    0.4460996389389038,
    0.44340798258781433,
    0.4844668209552765,
    0.44781431555747986,
    0.44814103841781616,
    0.4932902455329895,
    0.4512553811073303,
    0.45491811633110046,
    0.48579514026641846,
    0.4227027893066406,
    0.41099655628204346,
    0.4765183925628662,
    0.49663516879081726,
    0.4905521869659424,
    0.5577300786972046,
    0.5176318883895874,
    0.5648584365844727,
    0.42834383249282837
  ]
}