{
  "n_frames": 100,
  "scenewise_psnr": 18.65996671629931,
  "scenewise_ssim": 0.6241620435735022,
  "scenewise_lpips": 0.6377390378713608,
  "all_framewise_psnrs": [
    25.511970755281613,
    25.435349282219736,
    23.092329582571125,
    23.763983066070736,
    23.027744975550178,
    20.508259710007195,
    21.117087187215983,
    21.284352827701344,
    20.19737101698485,
    20.978174035638798,
    19.058893286548397,
    23.971644557986593,
    20.04290212239446,
    16.80198948062042,
    20.864359517995418,
    20.530812788151426,
    17.282816138934034,
    20.614371289792558,
    22.49197080385592,
    20.189145709413175,
    18.88971820759042,
    16.9010049285859,
    18.36402761405931,
    17.731131427983527,
    19.617604245970586,
    19.079587848728327,
    21.70377462128554,
    21.496126121820037,
    19.600443040536277,
    17.138862897434375,
    17.540279545624628,
    17.468576254494895,
    16.10655436337787,
    16.91689752693216,
    19.633976503556994,
    18.14515845542658,
    17.6058879119083,
    17.36925049202785,
    19.35918648855754,
    15.813319674658558,
    17.849890182151363,
    17.843409746340022,
    18.175713312200973,
    18.063645283739266,
    18.327804038358636,
    18.51144852366157,
    18.157410078334628,
    17.832275732974992,
    18.783176810043436,
    19.039741739290186,
    17.6769025825188,
    19.64554187403767,
    19.466727048616196,
    20.44947889724568,
    20.40900279202061,
    20.46087410990273,
    19.462089748144948,
    19.372047703882657,
    18.98180955079043,
    18.926125855326564,
    17.927931204201684,
    18.95278474887251,
    15.07009121683115,
    20.704001245298397,
    20.76306544014049,
    20.18766857238255,
    13.805565165418798,
    18.055660822677908,
    16.834539671157934,
    20.26427766212112,
    12.46086796685454,
    19.2042692983351,
    18.728788252537104,
    19.348986911210993,
    18.689398936457216,
    20.161757980735167,
    19.365374158421286,
    17.94355454218621,
    16.50793667791585,
    18.134007388246406,
    16.212976799875666,
    19.30140013027063,
    19.84083181378454,
    18.633170762629234,
    16.807969379295514,
    17.90052957395185,
    15.768279491063552,
    19.44455609213515,
    19.861971620803466,
    19.915917791325988,
    18.62859136584093,
    16.793842450325315,
    21.39821284049464,
    21.405209970552825,
    21.84634651231114,
    22.10726762050417,
    21.828625669208236,
    20.34973094033335,
    17.08776626929056,
    20.994536449880187
  ],
  "all_framewise_ssim": [
    0.7645175457000732,
    0.7625046372413635,
    0.701307475566864,
    0.715508222579956,
    0.6920111775398254,
    0.5936071276664734,
    0.6161982417106628,
    0.6269450187683105,
    0.6133599281311035,
    0.6520543694496155,
    0.6304916739463806,
    0.7274201512336731,
    0.6595636010169983,
    0.5772650241851807,
    0.6334636807441711,
    0.6404373049736023,
    0.5918990969657898,
    0.7029576897621155,
    0.6788907051086426,
    0.6849257349967957,
    0.6968555450439453,
    0.5860521197319031,
    0.5695889592170715,
    0.5462248921394348,
    0.634541928768158,
    0.6922195553779602,
    0.7768458724021912,
    0.7074388861656189,
    0.5690812468528748,
    0.5522324442863464,
    0.5948320031166077,
    0.5970281958580017,
    0.5968948006629944,
    0.6092339158058167,
    0.6206663250923157,
    0.6576880812644958,
    0.6516115665435791,
    0.6809234619140625,
    0.6977232098579407,
    0.6268751621246338,
    0.6133615970611572,
    0.5754762887954712,
    0.5885157585144043,
    0.5956859588623047,
    0.5745792984962463,
    0.5802022814750671,
    0.5462102890014648,
    0.5245886445045471,
    0.5315437316894531,
    0.5600007176399231,
    0.5126515626907349,
    0.5741766095161438,
    0.6061670184135437,
    0.6184316277503967,
    0.6116975545883179,
    0.5659864544868469,
    0.5210886001586914,
    0.5770123600959778,
    0.5822991132736206,
    0.6214372515678406,
    0.5871953964233398,
    0.6374598145484924,
    0.6584867835044861,
    0.658855140209198,
    0.6528720855712891,
    0.6375223994255066,
    0.5839499831199646,
    0.6104912161827087,
    0.5845056772232056,
    0.6367247700691223,
    0.616124153137207,
    0.6348921060562134,
    0.5925847887992859,
    0.6084585785865784,
    0.6060512661933899,
    0.6530479788780212,
    0.628291130065918,
    0.6172062754631042,
    0.5525488257408142,
    0.5906407833099365,
    0.519519567489624,
    0.6420732140541077,
    0.6423307061195374,
    0.6059167981147766,
    0.5400034785270691,
    0.544738233089447,
    0.5307449698448181,
    0.6047487854957581,
    0.6258273720741272,
    0.598153293132782,
    0.6105697751045227,
    0.6038628220558167,
    0.6358315944671631,
    0.6747927069664001,
    0.6778977513313293,
    0.690455973148346,
    0.7204592227935791,
    0.6893722414970398,
    0.599799633026123,
    0.6830219626426697
  ],
  "all_framewise_lpips": [
    0.3833061456680298,
    0.37343525886535645,
    0.39520135521888733,
    0.40900787711143494,
    0.47435712814331055,
    0.5257625579833984,
    0.6116591691970825,
    0.6177463531494141,
    0.6471065878868103,
    0.5593637824058533,
    0.6334901452064514,
    0.5529485940933228,
    0.6195328235626221,
    0.6702876091003418,
    0.5895510911941528,
    0.5915198922157288,
    0.6280938386917114,
    0.5502244234085083,
    0.612392008304596,
    0.6254681348800659,
    0.5824348330497742,
    0.6867810487747192,
    0.7062363624572754,
    0.7531694173812866,
    0.6385869979858398,
    0.5292528867721558,
    0.4651801586151123,
    0.5292662382125854,
    0.6812418699264526,
    0.7002719640731812,
    0.6996915340423584,
    0.7208927273750305,
    0.6819127202033997,
    0.6290515065193176,
    0.610854983329773,
    0.5923742055892944,
    0.5719676613807678,
    0.5365439653396606,
    0.5218005776405334,
    0.6265971660614014,
    0.6613813042640686,
    0.7006477117538452,
    0.6830616593360901,
    0.6792994141578674,
    0.692066490650177,
    0.6802529692649841,
    0.7324606776237488,
    0.6703672409057617,
    0.6779562830924988,
    0.6717671751976013,
    0.708529531955719,
    0.7019356489181519,
    0.6959891319274902,
    0.667253851890564,
    0.6781678199768066,
    0.6747733950614929,
    0.7058875560760498,
    0.702475905418396,
    0.7320280075073242,
    0.7145698070526123,
    0.773216187953949,
    0.7336125373840332,
    0.7052965760231018,
    0.6056524515151978,
    0.6055759787559509,
    0.6864649653434753,
    0.7268776893615723,
    0.7625198364257812,
    0.7105056047439575,
    0.656405508518219,
    0.6682802438735962,
    0.7441726326942444,
    0.7634397149085999,
    0.730571448802948,
    0.6800455451011658,
    0.56414794921875,
    0.6085039973258972,
    0.6423149108886719,
    0.6756753921508789,
    0.6764341592788696,
    0.7415711879730225,
    0.6279276609420776,
    0.6317349672317505,
    0.6638022661209106,
    0.674905002117157,
    0.7056183218955994,
    0.6698974370956421,
    0.6581449508666992,
    0.6350246071815491,
    0.6814184188842773,
    0.663928747177124,
    0.6560314297676086,
    0.6460579633712769,
    0.6137454509735107,
    0.5873795747756958,
    0.575251042842865,
    0.5603572726249695,
    0.53913414478302,
    0.5975049734115601,
    0.5593198537826538
  ]
}