{
  "n_frames": 100,
  "scenewise_psnr": 20.528263642690852,
  "scenewise_ssim": 0.5304243719026402,
  "scenewise_lpips": 0.7411014240980148,
  "all_framewise_psnrs": [
    19.079349310039586,
    19.558437926293664,
    18.81876449470735,
    17.361807243485224,
    16.935660230272404,
    16.78209813476848,
    17.628540474744103,
    18.225454885844485,
    19.07053910736874,
    18.729358749839722,
    18.517802328762453,
    20.525833318812087,
    20.66176014451729,
    21.12160004852342,
    21.011171067838326,
    20.746835928205336,
    20.793742461694396,
    21.385554805517234,
    21.56255207827578,
    21.542988988431105,
    21.062001938635248,
    21.75140404508149,
    21.888370243116615,
    21.69853971506197,
    22.305621403279602,
    22.296466110226394,
    21.940845070267603,
    21.592677774541592,
    20.544630865553756,
    20.993797073583615,
    21.176683093659214,
    21.299717167120818,
    20.327996711475937,
    21.53037714656245,
    21.49964920716998,
    20.946313921094728,
    21.798589981410753,
    22.06783705185571,
    21.585806070192074,
    20.420031062722835,
    20.441074511921016,
    19.94350016958793,
    20.746057332294164,
    20.75812707543008,
    20.79274811251092,
    19.703603304278474,
    20.44165074641348,
    21.279719321417694,
    21.54676369675945,
    21.341635554321815,
    21.239484436372386,
    20.141574800832608,
    20.154801725940406,
    20.542095136149516,
    21.430129912735918,
    19.887507895924028,
    21.267947397595567,
    20.79348851200916,
    19.99185325842222,
    20.188842806798107,
    20.96554761796288,
    21.26042755817579,
    21.45267922272831,
    21.312600420371773,
    22.16947354949736,
    22.356115213069934,
    22.465497969389325,
    22.40397683266878,
    22.57023504582412,
    22.447542922762302,
    21.664520984223365,
    21.06578448996474,
    20.328034224704176,
    20.823247097924238,
    20.301384378478716,
    20.294568510227073,
    20.0015102396275,
    18.996342694424268,
    19.062936695854575,
    18.666532210450985,
    19.5179354613217,
    20.582154540086446,
    21.49949467855749,
    21.766426662158004,
    22.500609255480512,
    22.820518680330775,
    22.06901054783705,
    21.515391056846504,
    20.437211193959136,
    20.322364245392215,
    19.76423329367328,
    20.17663741355264,
    19.977774906680757,
    19.796801045902377,
    20.24148185808478,
    20.888129561795452,
    21.679588510701407,
    22.53174038319003,
    21.130356510693304,
    20.827550953049602
  ],
  "all_framewise_ssim": [
    0.5091531872749329,
    0.5490357279777527,
    0.497048020362854,
    0.4106350839138031,
    0.41279682517051697,
    0.42340922355651855,
    0.42824795842170715,
    0.45332351326942444,
    0.4710567891597748,
    0.4690755605697632,
    0.4818854033946991,
    0.5127396583557129,
    0.5064401030540466,
    0.5200822949409485,
    0.5043643116950989,
    0.4847358167171478,
    0.5004848837852478,
    0.5196525454521179,
    0.5190479159355164,
    0.5349361300468445,
    0.5233188271522522,
    0.535012423992157,
    0.5470864176750183,
    0.5491403937339783,
    0.5553520917892456,
    0.5637582540512085,
    0.5435266494750977,
    0.5147602558135986,
    0.5098867416381836,
    0.5321130752563477,
    0.5271586775779724,
    0.545906126499176,
    0.5359229445457458,
    0.524440348148346,
    0.5347652435302734,
    0.5349419713020325,
    0.5642456412315369,
    0.598029613494873,
    0.6303836703300476,
    0.6113645434379578,
    0.6056346297264099,
    0.6089692115783691,
    0.6409885287284851,
    0.6176295876502991,
    0.5787015557289124,
    0.5409109592437744,
    0.5637685060501099,
    0.5793699622154236,
    0.5686624646186829,
    0.5414184927940369,
    0.518047034740448,
    0.510154664516449,
    0.5291983485221863,
    0.5668573975563049,
    0.6135655641555786,
    0.528988778591156,
    0.5970034003257751,
    0.5182040333747864,
    0.4936966001987457,
    0.5055213570594788,
    0.5232052206993103,
    0.5420754551887512,
    0.5515181422233582,
    0.5291615724563599,
    0.5553187727928162,
    0.5538911819458008,
    0.5441897511482239,
    0.5551809668540955,
    0.5617924332618713,
    0.5548812747001648,
    0.5470778346061707,
    0.5248475670814514,
    0.49305519461631775,
    0.5323335528373718,
    0.5125943422317505,
    0.4855465888977051,
    0.5093303322792053,
    0.4694792330265045,
    0.42417141795158386,
    0.4136646091938019,
    0.4554469883441925,
    0.48973754048347473,
    0.5371108651161194,
    0.5572962164878845,
    0.5812851190567017,
    0.6116257309913635,
    0.5768828392028809,
    0.5478500127792358,
    0.518955409526825,
    0.4809015691280365,
    0.42516517639160156,
    0.4590553343296051,
    0.4706588685512543,
    0.45908012986183167,
    0.5028287768363953,
    0.5263004302978516,
    0.55218106508255,
    0.6354247331619263,
    0.6192643046379089,
    0.5966413021087646
  ],
  "all_framewise_lpips": [
    0.7387822270393372,
    0.6921293139457703,
    0.7231237888336182,
    0.7560738921165466,
    0.7567163705825806,
    0.7635606527328491,
    0.7670577168464661,
    0.7569217681884766,
    0.7436875700950623,
    0.7632939219474792,
    0.7467167377471924,
    0.7294604778289795,
    0.7326909899711609,
    0.7175877094268799,
    0.7201522588729858,
    0.7395930290222168,
    0.7339159250259399,
    0.7296160459518433,
    0.7328178882598877,
    0.711431622505188,
    0.7196943163871765,
    0.7207706570625305,
    0.7083507776260376,
    0.6896405220031738,
    0.6880286335945129,
    0.6763788461685181,
    0.6856720447540283,
    0.7151650190353394,
    0.6964658498764038,
    0.6972229480743408,
    0.7145470380783081,
    0.7111212015151978,
    0.7180943489074707,
    0.7476145029067993,
    0.7443278431892395,
    0.7440913915634155,
    0.7602024674415588,
    0.7301914095878601,
    0.7054697275161743,
    0.7145965695381165,
    0.6813556551933289,
    0.680662214756012,
    0.6775014400482178,
    0.6776077747344971,
    0.6842260360717773,
    0.6969395875930786,
    0.6631474494934082,
    0.6559607982635498,
    0.6889065504074097,
    0.7407011389732361,
    0.7550541162490845,
    0.7400383949279785,
    0.7323321104049683,
    0.7160622477531433,
    0.7027679681777954,
    0.7418361902236938,
    0.7369329333305359,
    0.8087054491043091,
    0.8209928870201111,
    0.7896643877029419,
    0.7374688386917114,
    0.720158576965332,
    0.7003104090690613,
    0.726527750492096,
    0.7248308658599854,
    0.7256865501403809,
    0.7424294352531433,
    0.7243509292602539,
    0.7167282700538635,
    0.7263135313987732,
    0.7113398909568787,
    0.7292464375495911,
    0.7795700430870056,
    0.765609622001648,
    0.7797001004219055,
    0.7874693274497986,
    0.7875514626502991,
    0.8049277067184448,
    0.835697591304779,
    0.8336436152458191,
    0.8038653135299683,
    0.8011071681976318,
    0.7718820571899414,
    0.7517609596252441,
    0.7453056573867798,
    0.7325193881988525,
    0.7577178478240967,
    0.7918721437454224,
    0.7795343399047852,
    0.7976389527320862,
    0.8472374081611633,
    0.8216042518615723,
    0.8073899745941162,
    0.818467378616333,
    0.7903003692626953,
    0.7926444411277771,
    0.8038171529769897,
    0.7425999641418457,
    0.7165071368217468,
    0.7424381971359253
  ]
}