{
  "n_frames": 100,
  "scenewise_psnr": 21.170647799955788,
  "scenewise_ssim": 0.5135183749420662,
  "scenewise_lpips": 0.6116302602820927,
  "all_framewise_psnrs": [
    21.23798861067111,
    21.78022666333783,
    21.528893893932562,
    21.638974793206,
    21.796056169294985,
    22.078195535846238,
    21.934738490497754,
    21.531022147013378,
    21.330349987877728,
    21.025746986953,
    21.2011519512603,
    21.32314677640045,
    20.950023678770346,
    21.272455312213154,
    21.135172878272932,
    20.38215023268964,
    20.578344852952238,
    20.50575284712518,
    20.502850966576304,
    20.352395834766888,
    20.184305598913127,
    19.237857270629192,
    20.538105689860554,
    21.464738132579146,
    20.878503132778825,
    20.895582627324416,
    21.372746575338446,
    20.00134475772728,
    22.494089211104544,
    22.377754716074378,
    20.634342208991434,
    20.35891256919362,
    21.10013545002561,
    20.992035587118973,
    21.242063060136278,
    22.15007073568787,
    22.296685397222888,
    21.660428556735113,
    20.945298604731196,
    21.131621510551206,
    22.10310773620411,
    21.452061856397705,
    22.554399403143908,
    23.17407940781486,
    22.514065538912345,
    22.642774370609512,
    23.3650818578112,
    24.223123602123927,
    23.449044789280112,
    22.707210669082983,
    21.35892256688166,
    21.202399866476714,
    23.072789265112988,
    22.770463611949154,
    20.76999429681116,
    20.695505946380727,
    20.344128464277546,
    20.415972745545453,
    22.707579212368646,
    22.4604485008863,
    21.850444606828802,
    21.039074458781148,
    21.258982334317537,
    21.675328686853504,
    21.393736181925792,
    21.22622584625446,
    19.918838579530586,
    19.95159552144767,
    18.751966899602287,
    22.02468650317391,
    22.940393189914488,
    22.03820805105819,
    20.756420578409006,
    19.97522481864795,
    20.926768972551805,
    22.16702534026087,
    21.461402079164827,
    19.989638665064223,
    19.105462345207272,
    19.796044205518935,
    19.387717852675248,
    21.612977786739464,
    22.101347192074748,
    21.81800612892207,
    20.763691328640427,
    20.917637641091424,
    20.083102664229735,
    20.149577707923175,
    20.307064348122196,
    20.691481734183263
  ],
  "all_framewise_ssim": [
    0.5365085601806641,
    0.5382307171821594,
    0.5194913744926453,
    0.5068353414535522,
    0.49713996052742004,
    0.5130890011787415,
    0.5086734294891357,
    0.5050280690193176,
    0.4982697069644928,
    0.4922042191028595,
    0.49971380829811096,
    0.5028001070022583,
    0.4858420789241791,
    0.5015790462493896,
    0.48411867022514343,
    0.46427324414253235,
    0.47509291768074036,
    0.4562857151031494,
    0.44450274109840393,
    0.4399001896381378,
    0.43123117089271545,
    0.417142778635025,
    0.4388687312602997,
    0.46492019295692444,
    0.4574107229709625,
    0.46147212386131287,
    0.4784224331378937,
    0.4424520432949066,
    0.47494998574256897,
    0.4749949276447296,
    0.44543418288230896,
    0.44393590092658997,
    0.4416082799434662,
    0.44534042477607727,
    0.46250200271606445,
    0.4843018054962158,
    0.4800366461277008,
    0.4644293487071991,
    0.4570647180080414,
    0.44325175881385803,
    0.4872932434082031,
    0.501560628414154,
    0.5577483773231506,
    0.6033671498298645,
    0.5810886025428772,
    0.5783803462982178,
    0.6120713353157043,
    0.6243976950645447,
    0.6100936532020569,
    0.6165350079536438,
    0.587660551071167,
    0.569134533405304,
    0.6039209365844727,
    0.5753169655799866,
    0.5425485968589783,
    0.5794014930725098,
    0.5641257166862488,
    0.5797814130783081,
    0.6149508357048035,
    0.6008590459823608,
    0.5654026865959167,
    0.5562041997909546,
    0.5399485230445862,
    0.5456894040107727,
    0.5808702111244202,
    0.5635185837745667,
    0.5318688154220581,
    0.4740021526813507,
    0.4926568269729614,
    0.579667329788208,
    0.592583954334259,
    0.575588583946228,
    0.5095186829566956,
    0.5016712546348572,
    0.5471939444541931,
    0.5320210456848145,
    0.5315113067626953,
    0.48474133014678955,
    0.46999526023864746,
    0.5037235617637634,
    0.49529722332954407,
    0.49592527747154236,
    0.5129225850105286,
    0.5123875737190247,
    0.4749925136566162,
    0.5007995367050171,
    0.4662468433380127,
    0.4263594150543213,
    0.4453584849834442,
    0.5019857287406921
  ],
  "all_framewise_lpips": [
    0.5600150227546692,
    0.5448246002197266,
    0.5493347644805908,
    0.5641225576400757,
    0.5528628826141357,
    0.5390028953552246,
    0.5498392581939697,
    0.5400703549385071,
    0.5306984782218933,
    0.5516030192375183,
    0.5484786629676819,
    0.5528665781021118,
    0.5741245746612549,
    0.5630492568016052,
    0.5769487023353577,
    0.5922854542732239,
    0.5852303504943848,
    0.5972808003425598,
    0.6482325792312622,
    0.6490275859832764,
    0.6349499225616455,
    0.6367690563201904,
    0.6103171110153198,
    0.5903299450874329,
    0.6036518812179565,
    0.6009059548377991,
    0.6058323383331299,
    0.6315171122550964,
    0.6146554350852966,
    0.6192384362220764,
    0.6438487768173218,
    0.6147168874740601,
    0.6028392314910889,
    0.6067999601364136,
    0.606173574924469,
    0.6170903444290161,
    0.6420725584030151,
    0.6276504397392273,
    0.6083952188491821,
    0.6096158027648926,
    0.5975537300109863,
    0.6033374071121216,
    0.6038883924484253,
    0.5889191627502441,
    0.5918372869491577,
    0.6076197624206543,
    0.592589259147644,
    0.5875471830368042,
    0.6027441620826721,
    0.5870155692100525,
    0.600645899772644,
    0.6319875121116638,
    0.5943994522094727,
    0.6003609895706177,
    0.6139335632324219,
    0.593600869178772,
    0.6137384176254272,
    0.6077524423599243,
    0.5812976360321045,
    0.5956210494041443,
    0.6311002969741821,
    0.6281101107597351,
    0.6267897486686707,
    0.6310753226280212,
    0.6156919002532959,
    0.6264849901199341,
    0.641000509262085,
    0.6491170525550842,
    0.6511446833610535,
    0.6555418968200684,
    0.6326823234558105,
    0.6315188407897949,
    0.6318942308425903,
    0.6281477212905884,
    0.5983471870422363,
    0.6113044023513794,
    0.6036340594291687,
    0.6411560773849487,
    0.6521772146224976,
    0.6317673325538635,
    0.6395195722579956,
    0.6950523853302002,
    0.6812929511070251,
    0.6675983667373657,
    0.6890982985496521,
    0.6631115674972534,
    0.6632214784622192,
    0.6834144592285156,
    0.6752126216888428,
    0.6768577098846436
  ]
}