{
  "n_frames": 100,
  "scenewise_psnr": 11.862866738174937,
  "scenewise_ssim": 0.42615303434627094,
  "scenewise_lpips": 0.9128655916452408,
  "all_framewise_psnrs": [
    12.275220817151983,
    12.27137244083496,
    11.62217868733279,
    12.197759602538614,
    12.164017345726528,
    12.326179443783127,
    11.628605977439523,
    11.33369367666053,
    11.245963398546879,
    10.864632749098915,
    17.346216372945726,
    16.72275993970789,
    15.228924531954796,
    14.486310047396953,
    12.577423641974725,
    11.936703273784044,
    12.773051993575177,
    12.384081080878248,
    12.101131578579942,
    11.768522707363271,
    12.213740113736304,
    11.827296282076071,
    12.103185262491877,
    12.01336241554921,
    12.538330158111721,
    12.760758142166873,
    16.545121824096135,
    14.951336764703996,
    14.934106617926597,
    13.16696560256577,
    12.35435528810578,
    11.806664412501487,
    11.437252804730845,
    11.765540813625485,
    11.541111226882453,
    11.105960566143267,
    11.252633212283172,
    11.103316197693049,
    11.20141334634013,
    11.050600136410138,
    11.231848671763643,
    11.655241937042787,
    12.162978959655197,
    12.525861369392622,
    12.833045007022712,
    12.885125673123959,
    12.537471673147431,
    12.173323039933459,
    11.767585875677064,
    11.756631641208624,
    11.442584650639372,
    11.108277850485702,
    10.971296236002374,
    10.487723397431235,
    10.776311939261472,
    11.00294133225866,
    11.670570720642935,
    12.20982982204568,
    11.277957251581526,
    10.865841173676467,
    10.431835299732215,
    10.996225893632612,
    11.287661656983659,
    10.742570109620967,
    11.287140691805051,
    11.132049715521031,
    10.67914642413875,
    11.215646381982214,
    11.247439279946276,
    10.629398838307424,
    10.859724711143532,
    10.652700517505309,
    11.103389201876379,
    11.757804733319501,
    12.375369239740316,
    12.21622504793755,
    12.712410888613963,
    12.821690969448499,
    13.12965309637653,
    13.349200562554886,
    13.581688473495625,
    12.349614595279395,
    11.815632195280838,
    11.61727734783576,
    12.156295036547535,
    12.13287543567997,
    11.73744698343105,
    11.855809170682479,
    12.027437893618277,
    11.790224996026154,
    11.36259714067217,
    11.181957112013112,
    11.32700810284042,
    10.91400625259205,
    10.45857649168262,
    11.01250880171257,
    11.976943968312671,
    11.797372478066324,
    11.423446519246848,
    11.939996770042383
  ],
  "all_framewise_ssim": [
    0.3742096722126007,
    0.37865591049194336,
    0.37439537048339844,
    0.37913379073143005,
    0.373800665140152,
    0.3729790449142456,
    0.34666571021080017,
    0.3294581174850464,
    0.33292487263679504,
    0.32236823439598083,
    0.43199387192726135,
    0.4119592010974884,
    0.4501396119594574,
    0.46605491638183594,
    0.4414900243282318,
    0.42356908321380615,
    0.45973679423332214,
    0.46088019013404846,
    0.4775218963623047,
    0.4395155906677246,
    0.433170884847641,
    0.39763370156288147,
    0.3914966285228729,
    0.3663559854030609,
    0.38254451751708984,
    0.41060420870780945,
    0.5069360733032227,
    0.4729214012622833,
    0.47123193740844727,
    0.4370063245296478,
    0.4078035056591034,
    0.421836256980896,
    0.40948882699012756,
    0.40853580832481384,
    0.43380680680274963,
    0.42915987968444824,
    0.4464239180088043,
    0.40624502301216125,
    0.41404199600219727,
    0.41346144676208496,
    0.44508013129234314,
    0.4615606367588043,
    0.49125850200653076,
    0.49762821197509766,
    0.48227688670158386,
    0.4805851876735687,
    0.48714375495910645,
    0.4799222946166992,
    0.4709148406982422,
    0.46122339367866516,
    0.44941648840904236,
    0.4398902356624603,
    0.44624200463294983,
    0.4250842034816742,
    0.43363770842552185,
    0.4388841390609741,
    0.44176122546195984,
    0.45135581493377686,
    0.38326582312583923,
    0.37286409735679626,
    0.37590670585632324,
    0.3837324380874634,
    0.39219680428504944,
    0.40534141659736633,
    0.415921688079834,
    0.38493549823760986,
    0.3783484697341919,
    0.38745570182800293,
    0.3882328271865845,
    0.3783146142959595,
    0.3869881331920624,
    0.38704371452331543,
    0.39607980847358704,
    0.420744389295578,
    0.4363120496273041,
    0.4285196363925934,
    0.43936261534690857,
    0.42083191871643066,
    0.4136855900287628,
    0.4189746677875519,
    0.4227633476257324,
    0.4066835343837738,
    0.37143635749816895,
    0.38553205132484436,
    0.38139113783836365,
    0.39323821663856506,
    0.356198787689209,
    0.3823297321796417,
    0.4579278528690338,
    0.4560597836971283,
    0.47875359654426575,
    0.4966285228729248,
    0.5117760300636292,
    0.4795220196247101,
    0.47212329506874084,
    0.48132219910621643,
    0.5104085803031921,
    0.5266152024269104,
    0.5025539994239807,
    0.4685504734516144
  ],
  "all_framewise_lpips": [
    0.9506601095199585,
    0.9451425075531006,
    0.9443017244338989,
    0.9452245235443115,
    0.9534317851066589,
    0.9498357772827148,
    0.9527366161346436,
    0.9624585509300232,
    0.9591259956359863,
    0.9624930620193481,
    0.8407882452011108,
    0.8774651288986206,
    0.8728342652320862,
    0.8620718121528625,
    0.884589433670044,
    0.9066881537437439,
    0.8876551985740662,
    0.9032833576202393,
    0.8856185674667358,
    0.9026609659194946,
    0.9149066805839539,
    0.9294512271881104,
    0.8979426622390747,
    0.9223319888114929,
    0.9294013977050781,
    0.9106316566467285,
    0.801582932472229,
    0.8652348518371582,
    0.8721833825111389,
    0.8809929490089417,
    0.9114646911621094,
    0.9176005721092224,
    0.9328431487083435,
    0.927467942237854,
    0.9086774587631226,
    0.9246152639389038,
    0.9164984822273254,
    0.9475343227386475,
    0.9298540353775024,
    0.9362626075744629,
    0.9149230718612671,
    0.914772629737854,
    0.9030141234397888,
    0.893438458442688,
    0.9030339121818542,
    0.9120368957519531,
    0.8858396410942078,
    0.892830491065979,
    0.8811977505683899,
    0.9014948010444641,
    0.908111572265625,
    0.9195804595947266,
    0.9202947020530701,
    0.9241566061973572,
    0.9339650869369507,
    0.9093799591064453,
    0.9172048568725586,
    0.9220933318138123,
    0.9271317720413208,
    0.9443768262863159,
    0.9563699960708618,
    0.9572915434837341,
    0.9510971307754517,
    0.9232295155525208,
    0.9143588542938232,
    0.9410431385040283,
    0.9221135377883911,
    0.9270337820053101,
    0.9373295903205872,
    0.9489254951477051,
    0.9478749632835388,
    0.9545767307281494,
    0.9530135989189148,
    0.9271541833877563,
    0.914014458656311,
    0.9192578196525574,
    0.8884227275848389,
    0.9344419240951538,
    0.9276761412620544,
    0.918376088142395,
    0.9150028228759766,
    0.9130772352218628,
    0.9346909523010254,
    0.9258745312690735,
    0.911339282989502,
    0.9255369305610657,
    0.9128862619400024,
    0.9186564087867737,
    0.8882638216018677,
    0.8888387084007263,
    0.8926097750663757,
    0.8722841739654541,
    0.8524411916732788,
    0.8653136491775513,
    0.8875964879989624,
    0.8681280612945557,
    0.8597639799118042,
    0.8560317754745483,
    0.8769470453262329,
    0.9022538661956787
  ]
}