{
  "n_frames": 120,
  "scenewise_psnr": 14.543823033314425,
  "scenewise_ssim": 0.2651739839583911,
  "scenewise_lpips": 0.9164768760402997,
  "all_framewise_psnrs": [
    12.104493899736264,
    15.060597610467955,
    15.603250132703119,
    15.555989919542696,
    15.591642316841746,
    15.486154691005554,
    14.99655688603597,
    14.314275421605007,
    14.554983954172096,
    14.878259831175866,
    14.754189140270245,
    14.928481056931236,
    14.731236091005673,
    15.01079954659479,
    14.625963685427683,
    14.489958381758646,
    14.254984922130154,
    14.027981392287677,
    14.316685537860359,
    14.077104749286846,
    13.760160524178993,
    13.638092604020233,
    14.237860251697738,
    13.878178442295292,
    14.028670642548626,
    13.536127705809326,
    13.660141186623251,
    13.495018443497733,
    13.33776340463815,
    12.499993096718509,
    11.865457803568829,
    13.698083142018625,
    14.694381236753243,
    14.808364577485102,
    11.634880601783502,
    13.82079965082135,
    14.336706818430487,
    15.360308091865882,
    15.855420858060468,
    16.196887612504284,
    15.348976694483403,
    15.070341055374,
    14.732077292258207,
    15.478885625125514,
    15.450004191927524,
    15.55015914901116,
    16.150789719407662,
    16.33468561550282,
    16.133970879906585,
    16.284704437155142,
    16.669482579337263,
    16.701453391372084,
    16.93149978187268,
    16.723374258319776,
    16.164089569019808,
    16.417414788395806,
    15.88712446490716,
    15.908348626946808,
    16.142300445333312,
    15.528294458077806,
    15.055174297287305,
    14.505929210508143,
    14.380346519698461,
    14.952114932676729,
    14.62927138093079,
    14.416616201057785,
    13.907248726861955,
    14.170295186860205,
    14.1387443695334,
    14.639097553276505,
    13.858084191858499,
    14.579185699629493,
    14.1452254814173,
    15.966624974050257,
    12.75910719416414,
    15.512166976726897,
    15.784471272806254,
    15.357864052148603,
    14.985862240902392,
    14.726132258118913,
    13.311525838083849,
    12.051656357363365,
    14.28827240805929,
    16.651990205899157,
    17.33155024334525,
    16.961493316671078,
    16.827596415237885,
    16.537652573785124,
    15.39479003990875,
    15.13196289482014,
    15.012242546383574,
    14.645762874206703,
    14.411875542056404,
    15.151327062709,
    15.190276002951126,
    14.863341363856177,
    13.487948841173731,
    13.676008669809509,
    13.751176961467905,
    13.964804423651564,
    14.032693382452191,
    13.596141068004613,
    14.164721142302401,
    14.068965547463607,
    13.788054908604435,
    15.096924616054972,
    12.244769489951802,
    13.771829025330842,
    13.795353158580681,
    14.156340395352142,
    14.310473086504217,
    14.809036267026103,
    15.261512837046752,
    14.85134499115202,
    14.396234679238667,
    13.655953019593756,
    13.885026260149544,
    12.755613103438472,
    14.100236250902263,
    14.122391700309286
  ],
  "all_framewise_ssim": [
    0.21375198662281036,
    0.2956455647945404,
    0.3462115526199341,
    0.3573932945728302,
    0.2859004735946655,
    0.2548786997795105,
    0.23605413734912872,
    0.22840917110443115,
    0.21229533851146698,
    0.19689194858074188,
    0.20478419959545135,
    0.2199753075838089,
    0.19002819061279297,
    0.21629385650157928,
    0.18227986991405487,
    0.18329596519470215,
    0.20320206880569458,
    0.17265856266021729,
    0.16430915892124176,
    0.16624923050403595,
    0.18261320888996124,
    0.16240687668323517,
    0.19464834034442902,
    0.16802696883678436,
    0.1652301698923111,
    0.18471695482730865,
    0.18857163190841675,
    0.16062386333942413,
    0.15502886474132538,
    0.16436250507831573,
    0.18255148828029633,
    0.20109260082244873,
    0.2553551495075226,
    0.2686338722705841,
    0.20371776819229126,
    0.261234313249588,
    0.2846249043941498,
    0.263212651014328,
    0.3009076416492462,
    0.3135436177253723,
    0.2828204333782196,
    0.23681676387786865,
    0.20555134117603302,
    0.25079146027565,
    0.2631112039089203,
    0.24807731807231903,
    0.23704715073108673,
    0.22722972929477692,
    0.25437307357788086,
    0.2356894463300705,
    0.24568288028240204,
    0.24003249406814575,
    0.24866168200969696,
    0.2214520424604416,
    0.2437172532081604,
    0.2869609296321869,
    0.2837546765804291,
    0.281894713640213,
    0.29357561469078064,
    0.24600087106227875,
    0.26301172375679016,
    0.21038693189620972,
    0.21860158443450928,
    0.24417297542095184,
    0.24923022091388702,
    0.22362244129180908,
    0.23167049884796143,
    0.25045865774154663,
    0.2561546266078949,
    0.26410114765167236,
    0.24826575815677643,
    0.30792027711868286,
    0.33646664023399353,
    0.3674871623516083,
    0.29391005635261536,
    0.3411199152469635,
    0.42282557487487793,
    0.3351317346096039,
    0.346783310174942,
    0.37111783027648926,
    0.36447373032569885,
    0.34048739075660706,
    0.3913519084453583,
    0.4938081204891205,
    0.4997767508029938,
    0.4534470736980438,
    0.41030701994895935,
    0.370627760887146,
    0.32878023386001587,
    0.33293023705482483,
    0.3117859661579132,
    0.3240744173526764,
    0.26596012711524963,
    0.25560978055000305,
    0.2496078610420227,
    0.24582494795322418,
    0.20643259584903717,
    0.20367617905139923,
    0.23001430928707123,
    0.24046964943408966,
    0.25056564807891846,
    0.26245370507240295,
    0.3034501373767853,
    0.31491076946258545,
    0.3239462673664093,
    0.44149136543273926,
    0.2442001849412918,
    0.2531737983226776,
    0.2523426115512848,
    0.2571294605731964,
    0.28958365321159363,
    0.3096396028995514,
    0.34788504242897034,
    0.3195154368877411,
    0.2842671573162079,
    0.21158327162265778,
    0.19808392226696014,
    0.18781691789627075,
    0.19371135532855988,
    0.2353316992521286
  ],