{
  "n_frames": 100,
  "scenewise_psnr": 8.550478514041519,
  "scenewise_ssim": 0.25520923176022947,
  "scenewise_lpips": 0.945418860912323,
  "all_framewise_psnrs": [
    11.132599441843215,
    10.964385473911944,
    10.683974152150668,
    11.592305130236893,
    11.989806183084877,
    11.973541808237806,
    11.90293545546755,
    12.162354716249675,
    12.189329427276835,
    13.294593426614698,
    14.99679665057526,
    16.08237653685501,
    14.259263072424613,
    13.85161722022229,
    13.765079482829323,
    13.57812062619561,
    12.488478693704742,
    11.949206424366782,
    10.984845562833701,
    9.867629829556773,
    9.652090676848973,
    8.935840997073202,
    9.243249771994158,
    9.389034658222718,
    9.135030116916564,
    8.635734121285783,
    8.203957054720004,
    7.792231510326441,
    7.580880147131084,
    6.810064426427448,
    6.766208518807125,
    6.581675695418035,
    6.349585389802277,
    6.399728132274083,
    6.647605725212832,
    7.656139032761706,
    7.943811897800865,
    8.467351346168906,
    8.972199153891182,
    9.017253540753519,
    8.928527573920633,
    9.065595602323985,
    9.11883080017873,
    9.303243861681283,
    9.049003886790123,
    6.644493877012768,
    6.54694419044149,
    6.601948227689979,
    6.298538305058516,
    6.359092419701047,
    7.354057815459468,
    8.154056605368124,
    7.913923397350699,
    7.703615276462534,
    7.722023743089808,
    8.213058960226023,
    8.427957140062723,
    8.570622637098836,
    9.661480077048733,
    9.171071704288568,
    9.305323028313879,
    8.47764692641764,
    7.603986441361314,
    7.841936258726103,
    7.858111619439146,
    7.795949261949998,
    7.589119191899516,
    6.906985519064194,
    7.126924733067761,
    7.411271079217117,
    8.91060614554559,
    9.33861046900424,
    8.74463637717286,
    8.723566041833227,
    8.460066100360379,
    7.923933876210957,
    8.045802717459182,
    8.31769604870929,
    7.607005918916777,
    6.658809066785932,
    8.468506476614177,
    9.46151109459987,
    10.281172626364583,
    10.508250525384447,
    10.538110359629748,
    10.068636380361024,
    9.65753216624057,
    9.822950384284587,
    9.992677147685642,
    8.310104330765277,
    6.735987626298259,
    6.477999775743766,
    6.481027929374948,
    6.539004440447882,
    6.5115684729472765,
    7.25095591273433,
    7.753959571703538,
    7.486163713819316,
    7.999579108537162,
    7.22919814270302
  ],
  "all_framewise_ssim": [
    0.4332861006259918,
    0.37199047207832336,
    0.3031409680843353,
    0.2249651402235031,
    0.21548600494861603,
    0.23961226642131805,
    0.2587873041629791,
    0.27335628867149353,
    0.2753874361515045,
    0.2929529845714569,
    0.3253211975097656,
    0.37194693088531494,
    0.3416801691055298,
    0.3283900320529938,
    0.31560471653938293,
    0.3205053508281708,
    0.3049946427345276,
    0.29561877250671387,
    0.27068281173706055,
    0.2777165472507477,
    0.2443336844444275,
    0.18126803636550903,
    0.21595324575901031,
    0.25989246368408203,
    0.25578367710113525,
    0.25261303782463074,
    0.2501385509967804,
    0.24004597961902618,
    0.2586086392402649,
    0.25968384742736816,
    0.2585790455341339,
    0.23629002273082733,
    0.2415364533662796,
    0.24385406076908112,
    0.23156951367855072,
    0.23347193002700806,
    0.23074154555797577,
    0.22286735475063324,
    0.21637576818466187,
    0.20486336946487427,
    0.22890926897525787,
    0.2524634897708893,
    0.24341224133968353,
    0.22498881816864014,
    0.24420471489429474,
    0.20396018028259277,
    0.20524215698242188,
    0.2062029093503952,
    0.19183789193630219,
    0.20908713340759277,
    0.2708832025527954,
    0.30018675327301025,
    0.29437267780303955,
    0.28768131136894226,
    0.29124006628990173,
    0.31563735008239746,
    0.32896101474761963,
    0.31666433811187744,
    0.3129274547100067,
    0.28945812582969666,
    0.2610812187194824,
    0.23475879430770874,
    0.23743949830532074,
    0.2579677402973175,
    0.28429582715034485,
    0.2592714726924896,
    0.25199899077415466,
    0.22400490939617157,
    0.22168004512786865,
    0.23417477309703827,
    0.2220897674560547,
    0.22362186014652252,
    0.213478684425354,
    0.22239482402801514,
    0.2122439593076706,
    0.20761220157146454,
    0.20460103452205658,
    0.20980606973171234,
    0.1928725242614746,
    0.17190611362457275,
    0.1903998851776123,
    0.21191740036010742,
    0.2612903118133545,
    0.266126424074173,
    0.2631772458553314,
    0.26787269115448,
    0.2592293322086334,
    0.2597379982471466,
    0.266896516084671,
    0.2408502846956253,
    0.21476970613002777,
    0.2134665846824646,
    0.23736630380153656,
    0.23095305263996124,
    0.19478239119052887,
    0.2209375947713852,
    0.2230769842863083,
    0.22152014076709747,
    0.3056143522262573,
    0.3525634706020355
  ],
  "all_framewise_lpips": [
    0.7154719233512878,
    0.7974509596824646,
    0.9211244583129883,
    0.9293901920318604,
    0.9179216027259827,
    0.8887518644332886,
    0.8740746974945068,
    0.8653280735015869,
    0.8804658055305481,
    0.8694334030151367,
    0.8436374664306641,
    0.8226021528244019,
    0.8720800280570984,
    0.8794944882392883,
    0.87477707862854,
    0.8591039776802063,
    0.862769365310669,
    0.8743464350700378,
    0.9292043447494507,
    0.9356544613838196,
    0.9650180339813232,
    1.021135687828064,
    0.9890191555023193,
    0.9531788229942322,
    0.9546868801116943,
    0.9448093771934509,
    0.9521970748901367,
    0.9887666702270508,
    0.9763996601104736,
    0.9720158576965332,
    0.9594321846961975,
    0.9916411638259888,
    0.9925202131271362,
    0.9694768190383911,
    0.9627451300621033,
    0.9644307494163513,
    0.9722409844398499,
    0.9764508008956909,
    0.984431803226471,
    1.0064008235931396,
    0.9722679257392883,
    0.9973574876785278,
    0.9903269410133362,
    0.992606520652771,
    0.9510986804962158,
    0.9988619089126587,
    0.9919960498809814,
    0.9819507598876953,
    0.9975695013999939,
    0.96562659740448,
    0.8964519500732422,
    0.9504109621047974,
    0.9440363645553589,
    0.9467222690582275,
    0.9514176249504089,
    0.9307364225387573,
    0.8965184688568115,
    0.9466710686683655,
    0.9300236701965332,
    0.9496245384216309,
    0.9043967723846436,
    0.9784798622131348,
    0.9860773086547852,
    0.9398220777511597,
    0.9295409321784973,
    0.9423348307609558,
    0.9056261777877808,
    0.9719134569168091,
    0.951348066329956,
    0.9098665714263916,
    0.9539978504180908,
    0.9471422433853149,
    0.9561822414398193,
    0.9468914270401001,
    0.9556452631950378,
    0.9766955971717834,
    0.967933177947998,
    0.9583505392074585,
    0.999403178691864,
    1.0156679153442383,
    0.9797365069389343,
    0.9487287998199463,
    0.9033785462379456,
    0.9111801981925964,
    0.9228328466415405,
    0.922269344329834,
    0.927541971206665,
    0.9456676840782166,
    0.9631814360618591,
    0.9916074275970459,
    1.0206172466278076,
    1.0288385152816772,
    1.0111287832260132,
    1.0049207210540771,
    1.019230604171753,
    0.9977003931999207,
    0.9942701458930969,
    1.0083321332931519,
    0.9431878328323364,
    0.9078630805015564
  ]
}