{
  "n_frames": 100,
  "scenewise_psnr": 20.23300408756459,
  "scenewise_ssim": 0.4773205715862332,
  "scenewise_lpips": 0.7279577374458313,
  "all_framewise_psnrs": [
    18.963145834832098,
    19.238108749180757,
    19.425382548239273,
    19.704037023176465,
    19.891830851523096,
    20.240808448157498,
    19.97981114412479,
    19.754495953650096,
    19.286304450668872,
    19.429774712146973,
    19.356153149195325,
    19.62753170680705,
    19.212763098980616,
    19.287308351817085,
    19.026662398694732,
    19.139643042298143,
    19.48694005195267,
    19.7658491106252,
    19.517725521180953,
    19.712772753808775,
    19.968566412871937,
    19.046612827808055,
    19.700776125788092,
    20.121721247050605,
    19.94055317873077,
    19.987231621292175,
    20.15721122233261,
    19.84999077138842,
    20.75810251329605,
    20.837231244265958,
    19.973157365774522,
    19.726917686630042,
    19.78663697826461,
    20.103726919468954,
    20.208537358645312,
    20.70292879422442,
    20.883654236898288,
    20.57143299048295,
    20.270889845619084,
    20.30182833969624,
    20.844240239457367,
    20.489273170192423,
    21.203614521118027,
    21.305147143189906,
    21.298611695771367,
    21.315273484155142,
    21.779048535612837,
    22.453474270531185,
    21.888170008349146,
    21.44740124268653,
    20.119839829945732,
    20.465395107590368,
    21.93026014744689,
    21.45576030227366,
    20.10625952238676,
    19.94701890240574,
    19.871241281956326,
    19.59821645908173,
    20.7520673304111,
    20.58164768348591,
    20.497145080082912,
    20.692832686889545,
    20.228241911509667,
    20.579048198505234,
    20.75382889101664,
    20.703710159221018,
    19.928327622746146,
    19.53887395634341,
    18.70406638441414,
    21.80011073368986,
    22.260563538992525,
    21.663777536496553,
    19.254177874663167,
    18.712394517273403,
    20.235306220361466,
    21.02406414800639,
    20.593279574101963,
    19.202699639911195,
    18.520639330359025,
    19.581967921541747,
    19.41308411145466,
    21.01817525087382,
    21.075868775356277,
    20.95199330642351,
    20.1463645678906,
    20.141822187333275,
    19.56635019011952,
    19.764019914367953,
    20.093505865562772,
    20.915439826832667,
    22.25860737483839,
    22.102212115812247,
    22.465653886391305,
    21.776166258084807,
    21.135790929627966,
    20.073958804968566,
    20.00862909599055,
    20.46038885600315,
    21.575911285168985,
    21.088832221172098
  ],
  "all_framewise_ssim": [
    0.4574757516384125,
    0.4450357258319855,
    0.4408961832523346,
    0.4268355369567871,
    0.41626277565956116,
    0.43101027607917786,
    0.42390576004981995,
    0.4218595027923584,
    0.4188489615917206,
    0.42703115940093994,
    0.4353597164154053,
    0.4425557851791382,
    0.42045852541923523,
    0.4243529736995697,
    0.4035932719707489,
    0.42046502232551575,
    0.44537901878356934,
    0.43287017941474915,
    0.41746675968170166,
    0.41877463459968567,
    0.42192545533180237,
    0.4069662094116211,
    0.4069119989871979,
    0.41073963046073914,
    0.41219258308410645,
    0.4187277853488922,
    0.43458735942840576,
    0.42713257670402527,
    0.427335649728775,
    0.42912518978118896,
    0.4185570776462555,
    0.42613789439201355,
    0.39349794387817383,
    0.40238726139068604,
    0.41494354605674744,
    0.4312880337238312,
    0.4280085861682892,
    0.4214573800563812,
    0.42866459488868713,
    0.4116266667842865,
    0.441121906042099,
    0.4638293981552124,
    0.5142819285392761,
    0.5502370595932007,
    0.5481070280075073,
    0.5442883968353271,
    0.576195478439331,
    0.5785173773765564,
    0.564684271812439,
    0.5798256397247314,
    0.5649369359016418,
    0.5536631941795349,
    0.5734230875968933,
    0.5331630110740662,
    0.5187922716140747,
    0.5584702491760254,
    0.5463799834251404,
    0.5587778091430664,
    0.5637175440788269,
    0.5459079742431641,
    0.5276544094085693,
    0.5367333292961121,
    0.5090084671974182,
    0.5109421014785767,
    0.5557079315185547,
    0.5420050621032715,
    0.5251722931861877,
    0.4593866765499115,
    0.4792451858520508,
    0.5677927136421204,
    0.5715939998626709,
    0.5608674883842468,
    0.4703787863254547,
    0.4633800983428955,
    0.519362211227417,
    0.4963005483150482,
    0.5058667063713074,
    0.4627070426940918,
    0.45726513862609863,
    0.4977629482746124,
    0.493060439825058,
    0.4859151542186737,
    0.495429664850235,
    0.4926617443561554,
    0.45892927050590515,
    0.48763084411621094,
    0.4564492702484131,
    0.4150707423686981,
    0.43782734870910645,
    0.5111273527145386,
    0.5066331624984741,
    0.5169926285743713,
    0.521275520324707,
    0.48536205291748047,
    0.46590447425842285,
    0.4418807327747345,
    0.4169323146343231,
    0.4914933443069458,
    0.45342588424682617,
    0.5089156031608582
  ],
  "all_framewise_lpips": [
    0.7271981239318848,
    0.7348989248275757,
    0.7416900992393494,
    0.767078161239624,
    0.7601637840270996,
    0.7491948008537292,
    0.7566924095153809,
    0.7500319480895996,
    0.7344021201133728,
    0.7469621896743774,
    0.7387098670005798,
    0.7430608868598938,
    0.769592821598053,
    0.7592974901199341,
    0.7707128524780273,
    0.7477922439575195,
    0.733243465423584,
    0.7588796615600586,
    0.8348101377487183,
    0.8356038928031921,
    0.7981845736503601,
    0.8016172051429749,
    0.8004999756813049,
    0.7806957364082336,
    0.7809281349182129,
    0.7591403126716614,
    0.7501907348632812,
    0.7543883323669434,
    0.8102474212646484,
    0.8114429116249084,
    0.784442663192749,
    0.7235854864120483,
    0.7672415971755981,
    0.7588906288146973,
    0.7348099946975708,
    0.7261972427368164,
    0.7514001131057739,
    0.7415465116500854,
    0.7253965139389038,
    0.7665628790855408,
    0.7215051054954529,
    0.678644061088562,
    0.6745820045471191,
    0.659164309501648,
    0.6462071537971497,
    0.6605181694030762,
    0.633525013923645,
    0.6462746858596802,
    0.6466814875602722,
    0.628512978553772,
    0.6657260656356812,
    0.6742221117019653,
    0.6284869909286499,
    0.6607394814491272,
    0.645138680934906,
    0.6087273955345154,
    0.6522486805915833,
    0.6514759063720703,
    0.6745772957801819,
    0.6944893598556519,
    0.7162402272224426,
    0.6883031129837036,
    0.6830583810806274,
    0.699607789516449,
    0.6685310006141663,
    0.6751071214675903,
    0.6660003066062927,
    0.7097472548484802,
    0.7005599737167358,
    0.6937739253044128,
    0.6778956651687622,
    0.6694438457489014,
    0.7306274175643921,
    0.713371753692627,
    0.6346901655197144,
    0.6910159587860107,
    0.6733739972114563,
    0.7203174829483032,
    0.7239184975624084,
    0.7007840871810913,
    0.6956178545951843,
    0.7852298021316528,
    0.7739706635475159,
    0.7668865919113159,
    0.7687243223190308,
    0.7390928864479065,
    0.7522757053375244,
    0.8020415306091309,
    0.7715785503387451,
    0.7392065525054932,
    0.7827505469322205,
    0.7639907598495483,
    0.7557181119918823,
    0.7938113212585449,
    0.7922879457473755,
    0.7849414348602295,
    0.7935477495193481,
    0.7190029621124268,
    0.7878019213676453,
    0.7520567774772644
  ]
}