{
  "n_frames": 100,
  "scenewise_psnr": 19.202785145085613,
  "scenewise_ssim": 0.5016134434702018,
  "scenewise_lpips": 0.582512426674366,
  "all_framewise_psnrs": [
    20.316521545567173,
    21.842318735247165,
    22.783997601833548,
    21.927898341659215,
    21.347552606605817,
    22.31801869269427,
    22.10451143232192,
    21.93557906918467,
    22.739751772417822,
    22.992740019374985,
    21.69211064054621,
    22.68258399075013,
    22.767636868796338,
    21.44404632619932,
    21.96302019125109,
    20.043339221870703,
    19.94568376483046,
    20.366913704629503,
    20.52625014921883,
    22.613981820746044,
    19.549092789271914,
    20.69794287901945,
    19.44048781277431,
    20.815623721636108,
    21.63067245030577,
    21.638166109038274,
    21.209053284393722,
    21.33152786997455,
    20.971757081643425,
    21.368900540194517,
    19.46705724731467,
    20.85492986561188,
    16.61015342844499,
    20.15878501341635,
    20.42018522259958,
    21.490282888461024,
    20.721485972899202,
    21.212141867612367,
    20.155407433154284,
    20.040253505405687,
    21.408412776798723,
    19.218958692185577,
    19.323081933488012,
    18.976265371692854,
    21.733555859393153,
    22.872691232109865,
    22.96395308966252,
    20.50275469444525,
    20.175309390081768,
    15.094945157435824,
    17.90947912538249,
    17.835712115777923,
    18.69586861833045,
    19.427415530007895,
    18.785631747367113,
    18.29392547113548,
    19.194832292401188,
    18.13497922979827,
    19.659423924301407,
    20.922273179902895,
    19.509554070901125,
    21.22030054353878,
    20.731110502779092,
    20.173940514727647,
    19.403680966458094,
    20.798134789601338,
    18.738529281761625,
    18.46784530874401,
    17.853509795079894,
    18.17932408385822,
    15.906540967553633,
    16.72216434283544,
    16.602602667657344,
    17.617346872783607,
    17.99406373560806,
    18.09717187100738,
    18.622093538783762,
    19.271094173755312,
    19.01360138119212,
    18.922307818052456,
    19.09345540617514,
    18.824522686459247,
    19.68318900926313,
    19.603412362093657,
    19.81934470705386,
    20.405321519382966,
    20.678226006022797,
    20.662674535026994,
    19.672719137622554,
    18.405460933392785,
    17.064517968214265,
    17.000123246855495,
    15.845623440076373,
    12.441834198225528,
    15.599347654514332,
    16.4898173520889,
    17.457587378614228,
    18.25547237588029,
    18.595989408020476,
    16.388050867433478
  ],
  "all_framewise_ssim": [
    0.5244183540344238,
    0.5980086326599121,
    0.6406993269920349,
    0.5945739150047302,
    0.594413697719574,
    0.6407848000526428,
    0.6198826432228088,
    0.6136569976806641,
    0.6136741042137146,
    0.6105138063430786,
    0.5628526210784912,
    0.629921019077301,
    0.6323699355125427,
    0.5784218311309814,
    0.593883216381073,
    0.4874551594257355,
    0.4452398717403412,
    0.49468573927879333,
    0.4957650601863861,
    0.5900827050209045,
    0.48709535598754883,
    0.5663583874702454,
    0.5026037693023682,
    0.6043505668640137,
    0.6202159523963928,
    0.6182839274406433,
    0.6187402606010437,
    0.5985279083251953,
    0.5972878336906433,
    0.5964441895484924,
    0.5144678950309753,
    0.5678537487983704,
    0.38228997588157654,
    0.5658032298088074,
    0.592591404914856,
    0.6255716681480408,
    0.5672686100006104,
    0.580298662185669,
    0.5300352573394775,
    0.49668216705322266,
    0.5551751255989075,
    0.46824660897254944,
    0.47465595602989197,
    0.49201056361198425,
    0.5480057001113892,
    0.5834234952926636,
    0.5943982005119324,
    0.5350130200386047,
    0.5057371258735657,
    0.3520927429199219,
    0.39448341727256775,
    0.3784371614456177,
    0.3727913200855255,
    0.3881514072418213,
    0.3756776750087738,
    0.4089585840702057,
    0.48264941573143005,
    0.529902458190918,
    0.5738878846168518,
    0.5836920142173767,
    0.5657208561897278,
    0.6178619265556335,
    0.562936007976532,
    0.5311006903648376,
    0.44056835770606995,
    0.482006698846817,
    0.41418135166168213,
    0.4042832553386688,
    0.3898780643939972,
    0.40162649750709534,
    0.3293754458427429,
    0.37152695655822754,
    0.3486539423465729,
    0.40996453166007996,
    0.4130474030971527,
    0.3984208106994629,
    0.4395374059677124,
    0.4855094254016876,
    0.446451336145401,
    0.4480288326740265,
    0.4451756477355957,
    0.45074567198753357,
    0.47600850462913513,
    0.45748838782310486,
    0.46440640091896057,
    0.500715434551239,
    0.5205062031745911,
    0.5067766904830933,
    0.4793904721736908,
    0.43536925315856934,
    0.37666401267051697,
    0.3573409616947174,
    0.31468167901039124,
    0.2603483200073242,
    0.3393070697784424,
    0.372612327337265,
    0.39441776275634766,
    0.4402153491973877,
    0.44336235523223877,
    0.4151526689529419
  ],
  "all_framewise_lpips": [
    0.42689353227615356,
    0.3950917720794678,
    0.3690935969352722,
    0.39790040254592896,
    0.3778206706047058,
    0.38667261600494385,
    0.39059239625930786,
    0.38906294107437134,
    0.3686402440071106,
    0.38556361198425293,
    0.3935237228870392,
    0.34842294454574585,
    0.37189874053001404,
    0.36218130588531494,
    0.3922775089740753,
    0.47527188062667847,
    0.5544822216033936,
    0.5760772824287415,
    0.5870580673217773,
    0.5085485577583313,
    0.46475058794021606,
    0.4193062484264374,
    0.4146457314491272,
    0.39841794967651367,
    0.39391201734542847,
    0.3761623501777649,
    0.39170870184898376,
    0.41993075609207153,
    0.4276714324951172,
    0.41662243008613586,
    0.4372203052043915,
    0.4506404399871826,
    0.5240445733070374,
    0.45227354764938354,
    0.42915546894073486,
    0.45623713731765747,
    0.5003347396850586,
    0.49696654081344604,
    0.5675820708274841,
    0.6032389402389526,
    0.5746822357177734,
    0.6587151288986206,
    0.6787302494049072,
    0.6751230955123901,
    0.6142964959144592,
    0.5718768239021301,
    0.5678770542144775,
    0.5780919790267944,
    0.6096523404121399,
    0.7286325097084045,
    0.73732990026474,
    0.7661979794502258,
    0.7638360857963562,
    0.7567797303199768,
    0.7677836418151855,
    0.7656779289245605,
    0.7156553864479065,
    0.6594226360321045,
    0.6454250812530518,
    0.631844162940979,
    0.6497739553451538,
    0.5757655501365662,
    0.6537539958953857,
    0.6508334279060364,
    0.7167577147483826,
    0.714282214641571,
    0.7639650106430054,
    0.744409441947937,
    0.7219588756561279,
    0.7297286987304688,
    0.7569088935852051,
    0.727301299571991,
    0.7432337999343872,
    0.688427209854126,
    0.6895955801010132,
    0.705440104007721,
    0.6649923324584961,
    0.6190664172172546,
    0.6512088179588318,
    0.6471275091171265,
    0.6536291241645813,
    0.6421399712562561,
    0.6062197685241699,
    0.6084975600242615,
    0.6048859357833862,
    0.5961105823516846,
    0.5820615291595459,
    0.5896795988082886,
    0.6080589890480042,
    0.649021327495575,
    0.7029005289077759,
    0.7025085091590881,
    0.7385187745094299,
    0.7827129364013672,
    0.759510338306427,
    0.7341371178627014,
    0.7477802038192749,
    0.7229605317115784,
    0.713413655757904,
    0.7264384031295776
  ]
}