{
  "n_frames": 81,
  "scenewise_psnr": 12.338646521835114,
  "scenewise_ssim": 0.38168290550669326,
  "scenewise_lpips": 0.8598568159856914,
  "all_framewise_psnrs": [
    13.135249541289056,
    12.922737511855527,
    12.292357710631558,
    13.036509084626484,
    13.115772026063851,
    13.334194415012098,
    13.050439811024843,
    13.244224921629666,
    13.189689646750928,
    13.363793973816165,
    14.105025669876055,
    13.91292631697814,
    12.893455649702796,
    12.652451412905956,
    12.854761582549878,
    12.80443871268128,
    13.0743277009663,
    12.889020090605275,
    12.813712616866013,
    12.704263598923545,
    13.008539679289395,
    13.50569252545419,
    12.826591723908138,
    12.59937399586825,
    12.630704123562317,
    13.004227085206661,
    12.429476812749984,
    12.49533998732328,
    12.869520180435892,
    12.783886570145409,
    13.314255083702689,
    12.841459529624862,
    12.730034456815796,
    12.361187768613522,
    12.480870526860375,
    12.566196336444627,
    12.248529732942707,
    12.571152674035888,
    12.219105395038275,
    12.566270828159343,
    12.79190842461313,
    12.560116571909422,
    13.251939685671205,
    13.448241485187333,
    13.548059090388922,
    13.58640373636254,
    13.451756109025098,
    12.893299419907882,
    12.711159670411707,
    13.039604706616426,
    12.346494774487212,
    11.737522775291666,
    12.91822951115978,
    12.212884200898074,
    12.322483959322255,
    12.32644840438337,
    11.821650553021932,
    11.65580472293449,
    11.87100448762595,
    12.036159648017012,
    11.719575359005784,
    11.121609317209556,
    11.262227476106158,
    11.138528643890949,
    10.951917666701739,
    10.938019922510886,
    10.787655352192857,
    10.67697337049899,
    10.65250046402567,
    10.456038385032059,
    11.059816072278332,
    11.246939071138144,
    11.381576048587213,
    11.427273427472553,
    11.481935469100131,
    11.216762566272509,
    11.004238204136014,
    11.140071529618998,
    11.773466418101272,
    13.394184803359288,
    13.805750530786295
  ],
  "all_framewise_ssim": [
    0.41413530707359314,
    0.6025376915931702,
    0.44805487990379333,
    0.579396665096283,
    0.5087935328483582,
    0.5744925141334534,
    0.5154708027839661,
    0.4542481005191803,
    0.44320809841156006,
    0.4820997714996338,
    0.45698288083076477,
    0.5192301273345947,
    0.4383210241794586,
    0.3995022475719452,
    0.3350578844547272,
    0.2511536180973053,
    0.36560964584350586,
    0.27154645323753357,
    0.28999099135398865,
    0.28219330310821533,
    0.258651465177536,
    0.4007894694805145,
    0.2551170289516449,
    0.25912705063819885,
    0.3021608591079712,
    0.27265453338623047,
    0.2365068793296814,
    0.2501258850097656,
    0.26276877522468567,
    0.2341090440750122,
    0.32346972823143005,
    0.30731162428855896,
    0.27706143260002136,
    0.2832413911819458,
    0.35292473435401917,
    0.3354501724243164,
    0.30369019508361816,
    0.4045093059539795,
    0.3181733191013336,
    0.3462909162044525,
    0.40061700344085693,
    0.3364504873752594,
    0.3418814241886139,
    0.36356350779533386,
    0.2858770191669464,
    0.300409197807312,
    0.3512323796749115,
    0.29326948523521423,
    0.27330660820007324,
    0.32164499163627625,
    0.2480679601430893,
    0.34390124678611755,
    0.4331168234348297,
    0.5142452716827393,
    0.41279783844947815,
    0.4568593502044678,
    0.45245909690856934,
    0.40352746844291687,
    0.38573893904685974,
    0.44867774844169617,
    0.41093528270721436,
    0.387272447347641,
    0.3548130989074707,
    0.3478984534740448,
    0.33410394191741943,
    0.3437751531600952,
    0.3791973292827606,
    0.4213089942932129,
    0.383847713470459,
    0.39324691891670227,
    0.5432199835777283,
    0.5096598267555237,
    0.45512089133262634,
    0.379292756319046,
    0.4286222457885742,
    0.38780447840690613,
    0.3374015986919403,
    0.5033780932426453,
    0.4356178939342499,
    0.4504894018173218,
    0.4780888557434082
  ],
  "all_framewise_lpips": [
    0.8340430855751038,
    0.7198301553726196,
    0.8331718444824219,
    0.7580890655517578,
    0.797797679901123,
    0.737202525138855,
    0.7970185279846191,
    0.8147236704826355,
    0.8163611888885498,
    0.7982139587402344,
    0.799406886100769,
    0.7499613761901855,
    0.8414309620857239,
    0.8628430366516113,
    0.8898369669914246,
    0.9044632911682129,
    0.8776067495346069,
    0.8936083316802979,
    0.892038106918335,
    0.8951241970062256,
    0.9027005434036255,
    0.8600984811782837,
    0.91082763671875,
    0.9097145795822144,
    0.9043211936950684,
    0.8942984342575073,
    0.9170578718185425,
    0.9138218760490417,
    0.9051070213317871,
    0.9156391620635986,
    0.8887676000595093,
    0.8912393450737,
    0.9072875380516052,
    0.9086552262306213,
    0.8753801584243774,
    0.8992591500282288,
    0.8961308002471924,
    0.8750355839729309,
    0.8930521607398987,
    0.8798670768737793,
    0.8598798513412476,
    0.883023738861084,
    0.8702974915504456,
    0.8517940640449524,
    0.8911818265914917,
    0.8810849189758301,
    0.8436571359634399,
    0.8741930723190308,
    0.8862128257751465,
    0.8604124188423157,
    0.9024367332458496,
    0.8870816230773926,
    0.838956356048584,
    0.8467307686805725,
    0.8436890244483948,
    0.8370594382286072,
    0.8459038138389587,
    0.85993891954422,
    0.8615661263465881,
    0.8363262414932251,
    0.8525826930999756,
    0.8554235696792603,
    0.8768448233604431,
    0.8647463321685791,
    0.8772938251495361,
    0.8624824285507202,
    0.8448323011398315,
    0.825657308101654,
    0.8630965352058411,
    0.8769726753234863,
    0.7889906167984009,
    0.8171418905258179,
    0.8586755990982056,
    0.8586894273757935,
    0.8296486735343933,
    0.8647983074188232,
    0.8714332580566406,
    0.8241547346115112,
    0.8723031878471375,
    0.8601922392845154,
    0.8799822330474854
  ]
}