{
  "n_frames": 100,
  "scenewise_psnr": 20.115683972758568,
  "scenewise_ssim": 0.43710770326034876,
  "scenewise_lpips": 0.7064311623573303,
  "all_framewise_psnrs": [
    21.284850296321896,
    22.952948629980455,
    22.71165337823582,
    22.213517366247707,
    21.921719894322532,
    22.563902763110484,
    22.636500282253454,
    23.019291381539183,
    23.021232017342474,
    22.994186845000073,
    22.891688234312074,
    22.948775001256358,
    22.824963389774098,
    22.89939804847423,
    22.702742731527575,
    22.49011248320603,
    22.231878116116732,
    22.084370739497974,
    21.87730901035284,
    21.944936195469285,
    21.27423370023358,
    20.81195528333357,
    20.816882534275205,
    21.281084544185646,
    21.108995937627597,
    21.205629734901233,
    21.049028350216872,
    20.751266638618098,
    20.92441290505366,
    20.94822349957881,
    21.113841978297764,
    20.449096282034848,
    20.220486463365603,
    21.326927782496057,
    20.656287249707677,
    19.11881158300372,
    19.11130885737841,
    19.140529645976642,
    19.358211542149007,
    18.49346527655606,
    18.367405458086925,
    18.899111322930665,
    18.526667780855327,
    18.10328720341413,
    18.350960218211636,
    18.66459807040504,
    19.07915168297062,
    19.112652601842104,
    19.10585210933535,
    19.494070294295053,
    19.526987736065212,
    19.729772961683377,
    19.91944838315999,
    19.97091853437088,
    19.98855861801281,
    20.223509223804307,
    20.345623882831113,
    20.37271357879188,
    19.360586132094753,
    19.370620918727848,
    19.33637665327786,
    18.63861814258954,
    18.58898917788546,
    19.082632085150877,
    19.1975848483944,
    18.72682468478381,
    18.563422615709825,
    18.463354249342036,
    18.537438978168723,
    18.57450481285434,
    18.20143797465696,
    19.12050447340797,
    19.240052854108292,
    19.252022466369354,
    18.78460099383913,
    18.246281941939728,
    18.08616192457776,
    18.407351690664385,
    17.98949813990923,
    17.922053197810875,
    18.45398823422388,
    20.034055214394893,
    21.145670406155116,
    21.191229939832475,
    22.038175069302266,
    22.198380098911485,
    22.308443574369406,
    22.32721128716888,
    22.45518171853042,
    22.64900877990791,
    22.467238706036817,
    21.767191234450607,
    21.85391956324967,
    21.539576161564558,
    20.629515726374855,
    19.346203192561955,
    18.583927100344255,
    18.94808820082642,
    19.72473465834553,
    20.9017281318115
  ],
  "all_framewise_ssim": [
    0.6264620423316956,
    0.6147716641426086,
    0.5714402198791504,
    0.4433017671108246,
    0.41259512305259705,
    0.4511219561100006,
    0.47276735305786133,
    0.4848470389842987,
    0.4805701971054077,
    0.47525742650032043,
    0.4680643379688263,
    0.48317381739616394,
    0.4852990210056305,
    0.48315319418907166,
    0.46893367171287537,
    0.4628395140171051,
    0.4573378264904022,
    0.45619964599609375,
    0.46155479550361633,
    0.483816534280777,
    0.4143451452255249,
    0.34486785531044006,
    0.38818153738975525,
    0.4404276907444,
    0.4362016022205353,
    0.4392293393611908,
    0.4485264718532562,
    0.4455013573169708,
    0.4775610864162445,
    0.494195818901062,
    0.48578429222106934,
    0.45118120312690735,
    0.4555581510066986,
    0.49425193667411804,
    0.47296568751335144,
    0.4203944504261017,
    0.42146745324134827,
    0.4139042794704437,
    0.40533387660980225,
    0.3663276731967926,
    0.39491549134254456,
    0.4188542068004608,
    0.39257892966270447,
    0.3581651449203491,
    0.3583851754665375,
    0.38933777809143066,
    0.4136275053024292,
    0.42257043719291687,
    0.42460688948631287,
    0.4582127034664154,
    0.4876821041107178,
    0.5210819840431213,
    0.5005291104316711,
    0.48557886481285095,
    0.4835902154445648,
    0.4988420009613037,
    0.520054280757904,
    0.5049106478691101,
    0.47022536396980286,
    0.4438885748386383,
    0.4020160436630249,
    0.37884485721588135,
    0.38783714175224304,
    0.4190949499607086,
    0.44635114073753357,
    0.4225032329559326,
    0.41681504249572754,
    0.37815240025520325,
    0.38230952620506287,
    0.40742042660713196,
    0.3788628578186035,
    0.4067448377609253,
    0.41699931025505066,
    0.4235179126262665,
    0.3968571126461029,
    0.36819007992744446,
    0.35326218605041504,
    0.34661972522735596,
    0.31855514645576477,
    0.30330750346183777,
    0.3132740557193756,
    0.3536113500595093,
    0.4320049285888672,
    0.43725287914276123,
    0.4459080994129181,
    0.4311235845088959,
    0.4198113977909088,
    0.41647565364837646,
    0.4267676770687103,
    0.4356788098812103,
    0.42650970816612244,
    0.410757452249527,
    0.44235944747924805,
    0.44456347823143005,
    0.39950549602508545,
    0.3775995671749115,
    0.3637324571609497,
    0.3549802303314209,
    0.4753767251968384,
    0.5887653231620789
  ],
  "all_framewise_lpips": [
    0.48308122158050537,
    0.49981099367141724,
    0.5421344637870789,
    0.6871554255485535,
    0.713524580001831,
    0.6747024655342102,
    0.6524776816368103,
    0.6398040056228638,
    0.6445022821426392,
    0.6536417007446289,
    0.6555702686309814,
    0.6455854773521423,
    0.6484038829803467,
    0.646054744720459,
    0.653465986251831,
    0.6613948941230774,
    0.6681641340255737,
    0.6684754490852356,
    0.6688211560249329,
    0.6427755355834961,
    0.7284597158432007,
    0.8238613605499268,
    0.7673262357711792,
    0.6990503072738647,
    0.7019522786140442,
    0.6990323662757874,
    0.6881974935531616,
    0.7179684638977051,
    0.6895617246627808,
    0.6765825748443604,
    0.6807703971862793,
    0.7024161219596863,
    0.6955246925354004,
    0.6763759255409241,
    0.692862868309021,
    0.7393666505813599,
    0.7485496997833252,
    0.745786190032959,
    0.7577664256095886,
    0.7871123552322388,
    0.7526587247848511,
    0.757499098777771,
    0.7808178663253784,
    0.8268759846687317,
    0.8023457527160645,
    0.7677430510520935,
    0.7395325899124146,
    0.7202953696250916,
    0.7248727083206177,
    0.6788492202758789,
    0.634676992893219,
    0.7040174007415771,
    0.690116822719574,
    0.6847261190414429,
    0.6828990578651428,
    0.6689452528953552,
    0.6335158944129944,
    0.6964522004127502,
    0.7004905343055725,
    0.717523455619812,
    0.7063305974006653,
    0.7636750936508179,
    0.7381008863449097,
    0.7047899961471558,
    0.6798442006111145,
    0.6932110786437988,
    0.6540564894676208,
    0.7249166965484619,
    0.7017855644226074,
    0.6674814224243164,
    0.7492235898971558,
    0.7443379163742065,
    0.7377458810806274,
    0.7167450785636902,
    0.7390280961990356,
    0.7749624252319336,
    0.7761105895042419,
    0.7776380777359009,
    0.80604088306427,
    0.8092800378799438,
    0.8135970830917358,
    0.7759494781494141,
    0.6822351217269897,
    0.6768741607666016,
    0.678144633769989,
    0.6957369446754456,
    0.7038552761077881,
    0.713200032711029,
    0.6983234286308289,
    0.7007440328598022,
    0.7240956425666809,
    0.7491455078125,
    0.7304132580757141,
    0.7345545291900635,
    0.7661963701248169,
    0.7664615511894226,
    0.7743420004844666,
    0.7844092845916748,
    0.6901876926422119,
    0.5864213109016418
  ]
}