{
  "n_frames": 100,
  "scenewise_psnr": 10.437285894847566,
  "scenewise_ssim": 0.270866673488797,
  "scenewise_lpips": 0.9448843163251877,
  "all_framewise_psnrs": [
    11.710974359374886,
    9.965255679642786,
    10.537848494052806,
    10.39776264359828,
    10.044269123728906,
    10.336950708057323,
    10.70601550569354,
    10.235086839774429,
    10.985860524735056,
    11.327210145544537,
    11.3999954728075,
    10.647014619274177,
    10.6714682529001,
    10.748557884523093,
    10.246197369365216,
    10.679236471404504,
    12.3457172518095,
    11.850313061074027,
    11.741708828924512,
    12.031950272484044,
    11.301476300344824,
    11.004706330977,
    11.366395600439262,
    9.455052733111861,
    10.30098311820783,
    10.703897079901619,
    10.612544944937618,
    9.915787909495272,
    10.124856340249844,
    10.394591462692324,
    10.540300027263466,
    10.191344731318456,
    9.839916316773317,
    9.318956528526044,
    9.480647129274555,
    9.490890147717813,
    9.325963212237653,
    10.798816506263325,
    10.300796546542843,
    9.991110091456292,
    11.19720690867744,
    12.071948869358899,
    10.977607645962594,
    11.053785834604994,
    11.405085428965156,
    10.433061364408143,
    10.725201016021868,
    10.981417963201267,
    9.939263262349785,
    11.137989940775634,
    10.53114937436945,
    10.261339717630165,
    11.92823175455427,
    11.724379886712267,
    11.50731524036235,
    11.228202959676869,
    10.068518039520347,
    9.719899830549595,
    9.672257554217563,
    9.581702996076775,
    9.021627068100639,
    9.951436970182536,
    11.360339309721581,
    11.749070646775657,
    11.361421151258158,
    11.637167406124028,
    11.494871361477816,
    11.255712287576841,
    10.657997012132952,
    10.462789210789518,
    9.512454717704117,
    10.162809246294756,
    9.773569106693515,
    9.150982441712136,
    9.192241529485017,
    10.197752996196916,
    9.422253488920463,
    9.241674795434188,
    8.95864256815297,
    9.490757770071225,
    10.553675189406293,
    9.885494141859496,
    10.146142272051664,
    10.285472355786524,
    10.942566224434335,
    11.360597793998284,
    11.587729786239066,
    11.398072594262702,
    11.138372198630593,
    9.905333627277475,
    10.215184327963158,
    9.5594023806258,
    9.64816441763579,
    9.63645450680053,
    10.071861752143764,
    11.178493939016272,
    10.565562535727667,
    9.964963582853176,
    9.865430534480609,
    9.760908372878738
  ],
  "all_framewise_ssim": [
    0.22030584514141083,
    0.21172499656677246,
    0.22803455591201782,
    0.216208815574646,
    0.22293035686016083,
    0.23270732164382935,
    0.23660241067409515,
    0.23723341524600983,
    0.2502088248729706,
    0.25662288069725037,
    0.2655186355113983,
    0.25397956371307373,
    0.23601071536540985,
    0.24671189486980438,
    0.23981694877147675,
    0.24255377054214478,
    0.27947911620140076,
    0.2736268937587738,
    0.2670746147632599,
    0.27595487236976624,
    0.26849624514579773,
    0.2533189654350281,
    0.24291129410266876,
    0.2232176810503006,
    0.22163839638233185,
    0.21561361849308014,
    0.23409484326839447,
    0.23452292382717133,
    0.23426389694213867,
    0.24333715438842773,
    0.245435893535614,
    0.243727445602417,
    0.26581981778144836,
    0.22804595530033112,
    0.2572565972805023,
    0.28208982944488525,
    0.25045448541641235,
    0.26933014392852783,
    0.2774472236633301,
    0.27303770184516907,
    0.3233034908771515,
    0.33184561133384705,
    0.3089596927165985,
    0.312656432390213,
    0.3151814341545105,
    0.30014917254447937,
    0.3109734356403351,
    0.3124144375324249,
    0.28090786933898926,
    0.30320417881011963,
    0.26701873540878296,
    0.2662492096424103,
    0.2913336455821991,
    0.28932198882102966,
    0.2804192304611206,
    0.30105194449424744,
    0.32263630628585815,
    0.35369956493377686,
    0.3580824136734009,
    0.33163803815841675,
    0.3199247121810913,
    0.40052691102027893,
    0.3878577947616577,
    0.35791757702827454,
    0.2917062044143677,
    0.3075307607650757,
    0.2956370413303375,
    0.2878584861755371,
    0.2673141062259674,
    0.2617414891719818,
    0.26073238253593445,
    0.27556079626083374,
    0.24185962975025177,
    0.25506582856178284,
    0.2594318091869354,
    0.2511027157306671,
    0.26073870062828064,
    0.28030315041542053,
    0.26091691851615906,
    0.27527251839637756,
    0.25278475880622864,
    0.24085092544555664,
    0.2522817552089691,
    0.25321272015571594,
    0.2525372803211212,
    0.27098873257637024,
    0.2776447832584381,
    0.2684037387371063,
    0.272752970457077,
    0.2413073033094406,
    0.25271618366241455,
    0.24212320148944855,
    0.23165757954120636,
    0.2425025850534439,
    0.2692253589630127,
    0.2919161319732666,
    0.2795899212360382,
    0.27469679713249207,
    0.27417680621147156,
    0.2814263105392456
  ],
  "all_framewise_lpips": [
    0.9394433498382568,
    0.9606263041496277,
    0.9542854428291321,
    0.9495193362236023,
    0.9489501118659973,
    0.9598596692085266,
    0.9569109678268433,
    0.9313088059425354,
    0.9262728691101074,
    0.9279118180274963,
    0.9251120090484619,
    0.9153722524642944,
    0.9389232397079468,
    0.9306772351264954,
    0.9421253204345703,
    0.9348809719085693,
    0.9372454285621643,
    0.9497870802879333,
    0.962189793586731,
    0.9541016817092896,
    0.9588444232940674,
    0.961270272731781,
    0.9593480229377747,
    0.9821416139602661,
    0.9864504337310791,
    0.9649335145950317,
    0.9466198682785034,
    0.9752868413925171,
    0.9687234163284302,
    0.9736168384552002,
    0.9656777381896973,
    0.966778039932251,
    0.9322612285614014,
    0.980540931224823,
    0.9449723362922668,
    0.9464906454086304,
    0.9899870753288269,
    0.9645554423332214,
    0.9660406112670898,
    0.9815727472305298,
    0.9406434297561646,
    0.9494064450263977,
    0.9490299224853516,
    0.9457156658172607,
    0.9701693654060364,
    0.9758093357086182,
    0.9618344902992249,
    0.9209463596343994,
    0.9408847689628601,
    0.9072073101997375,
    0.9335642457008362,
    0.9453352093696594,
    0.9316405057907104,
    0.941228985786438,
    0.94834965467453,
    0.918623685836792,
    0.9210969805717468,
    0.9014631509780884,
    0.9263041019439697,
    0.9321861267089844,
    0.9407655596733093,
    0.8665599822998047,
    0.9239212870597839,
    0.9086252450942993,
    0.950636625289917,
    0.9393680095672607,
    0.9459344148635864,
    0.9456806182861328,
    0.9234277606010437,
    0.9360756874084473,
    0.9276330471038818,
    0.9385102391242981,
    0.9807393550872803,
    0.9569878578186035,
    0.9632566571235657,
    0.9694263935089111,
    0.9558913111686707,
    0.9321533441543579,
    0.9593551158905029,
    0.9258214831352234,
    0.9506062269210815,
    0.9660928249359131,
    0.948089599609375,
    0.9394779205322266,
    0.9505199790000916,
    0.9338284730911255,
    0.9357557892799377,
    0.9342132210731506,
    0.9292685985565186,
    0.9349634647369385,
    0.9538771510124207,
    0.939068615436554,
    0.9432380199432373,
    0.9493324160575867,
    0.9309637546539307,
    0.8988457322120667,
    0.9339984655380249,
    0.938382089138031,
    0.9364681839942932,
    0.9276156425476074
  ]
}