{
  "n_frames": 100,
  "scenewise_psnr": 26.08148594771088,
  "scenewise_ssim": 0.8233867574838305,
  "scenewise_lpips": 0.2868291062116623,
  "all_framewise_psnrs": [
    27.46560601355499,
    27.212371848471616,
    25.692853941857923,
    26.63938861067259,
    27.344013008384323,
    22.47709676345275,
    26.06105427474445,
    28.12446524762972,
    28.398665127068575,
    25.117725276648972,
    24.460990641331776,
    26.58505464159504,
    25.819947242083785,
    26.968489830065504,
    28.227034442677457,
    26.294721865809688,
    25.574042870413027,
    25.726777830126583,
    28.501859870825136,
    28.762843944708113,
    26.39112722486129,
    23.676658028705017,
    26.800644488767222,
    26.278102053469354,
    25.81351356732409,
    28.510656781143755,
    28.552443181447483,
    27.76404330636463,
    26.077908202953886,
    24.70583520456373,
    26.396134971184267,
    27.386677574334414,
    27.039468072681736,
    26.23190542930643,
    26.308154499345633,
    26.35676863475378,
    22.228356228067064,
    22.13192336806837,
    25.75820287660004,
    25.24020808604178,
    27.225650955803047,
    26.244704061120178,
    26.71212006411851,
    26.36815831340529,
    25.901244798654396,
    25.952496505304843,
    25.130966815013437,
    23.869830425657632,
    25.317758108349263,
    25.76329082856875,
    25.54134339451327,
    26.613902671125036,
    26.77548550622541,
    26.42722575747028,
    27.480132000567373,
    26.077025085662655,
    25.878321241037124,
    26.39946799990983,
    26.812028728293548,
    25.320871003318047,
    27.588480182104544,
    29.184968153498186,
    27.92653014757905,
    26.489424342979344,
    26.47759216123115,
    27.63492717957936,
    24.8465671996345,
    27.385019835792658,
    27.58855794656352,
    26.440858653354407,
    24.494431806320453,
    27.38317397165312,
    28.310104015560565,
    28.707991216126295,
    28.451031056042247,
    24.275925862005472,
    27.224578656888582,
    27.05955157622244,
    24.823362160993376,
    25.280603660285507,
    25.783597897619398,
    26.781351120993207,
    27.920424195632194,
    26.61643136928829,
    22.7498756748634,
    25.668513985113172,
    23.706036147002074,
    26.4345535973688,
    26.615195128732477,
    27.509095493672753,
    27.19502594465872,
    24.66492773258385,
    26.591069256710522,
    26.991700393209914,
    27.20721459177642,
    26.201990031887064,
    26.78690908904651,
    26.055483556281178,
    25.42540891630611,
    25.433224706973697
  ],
  "all_framewise_ssim": [
    0.8386134505271912,
    0.8397600650787354,
    0.8345224261283875,
    0.8428414463996887,
    0.847398042678833,
    0.7307754158973694,
    0.8186257481575012,
    0.8427903652191162,
    0.8278496265411377,
    0.8122336268424988,
    0.7925493121147156,
    0.8038053512573242,
    0.7991880774497986,
    0.8381772041320801,
    0.8429564833641052,
    0.832225501537323,
    0.8060604929924011,
    0.8336023688316345,
    0.8292862772941589,
    0.8548696637153625,
    0.8298563957214355,
    0.7773945927619934,
    0.8315213322639465,
    0.8332882523536682,
    0.8097299933433533,
    0.8750588297843933,
    0.8552276492118835,
    0.8547012805938721,
    0.799929678440094,
    0.7785153985023499,
    0.8089033961296082,
    0.8156221508979797,
    0.8274514079093933,
    0.8339941501617432,
    0.8225284218788147,
    0.8368403315544128,
    0.8317373394966125,
    0.857463538646698,
    0.8392422795295715,
    0.8422523140907288,
    0.8117063641548157,
    0.7901057600975037,
    0.8131118416786194,
    0.8208281397819519,
    0.8045390248298645,
    0.8095095753669739,
    0.7820896506309509,
    0.7940457463264465,
    0.8058773875236511,
    0.833177387714386,
    0.818922221660614,
    0.8314762115478516,
    0.8320204615592957,
    0.8287764191627502,
    0.8364868760108948,
    0.8133612275123596,
    0.7906791567802429,
    0.7856857776641846,
    0.7927477955818176,
    0.800082266330719,
    0.8220608830451965,
    0.8427569270133972,
    0.8489148020744324,
    0.8133283257484436,
    0.8081724047660828,
    0.8265319466590881,
    0.8060463070869446,
    0.8363234996795654,
    0.8401413559913635,
    0.8157073855400085,
    0.8209490776062012,
    0.8456079363822937,
    0.8391354084014893,
    0.8500363826751709,
    0.8503620624542236,
    0.801872730255127,
    0.8149380683898926,
    0.8102415204048157,
    0.8058421611785889,
    0.8036076426506042,
    0.8199858069419861,
    0.8462495803833008,
    0.8528797030448914,
    0.8305239081382751,
    0.782682478427887,
    0.8228855729103088,
    0.8086698055267334,
    0.8383962512016296,
    0.8372175693511963,
    0.8457334637641907,
    0.8564584255218506,
    0.8235059380531311,
    0.7931041717529297,
    0.8253192901611328,
    0.8337759971618652,
    0.8247082233428955,
    0.8406274914741516,
    0.8422927856445312,
    0.8073537945747375,
    0.8116475939750671
  ],
  "all_framewise_lpips": [
    0.2535344958305359,
    0.24872902035713196,
    0.23512323200702667,
    0.23042936623096466,
    0.2546497583389282,
    0.23715625703334808,
    0.3067387640476227,
    0.27981752157211304,
    0.31533440947532654,
    0.2558855414390564,
    0.26189565658569336,
    0.35603293776512146,
    0.3109360933303833,
    0.27814748883247375,
    0.28352120518684387,
    0.31510791182518005,
    0.3322518765926361,
    0.230722576379776,
    0.33734193444252014,
    0.3129110038280487,
    0.3056012988090515,
    0.24813033640384674,
    0.28843963146209717,
    0.2616110146045685,
    0.18748757243156433,
    0.20265156030654907,
    0.26118263602256775,
    0.21732810139656067,
    0.2802238464355469,
    0.2859742045402527,
    0.31611740589141846,
    0.3514987528324127,
    0.3186104893684387,
    0.2732824981212616,
    0.285814106464386,
    0.29296642541885376,
    0.2916021943092346,
    0.2544603645801544,
    0.2703855335712433,
    0.26231780648231506,
    0.3492812514305115,
    0.35659632086753845,
    0.319246381521225,
    0.276405930519104,
    0.29097598791122437,
    0.2753675580024719,
    0.3412264287471771,
    0.262633353471756,
    0.26886311173439026,
    0.25295206904411316,
    0.2653162181377411,
    0.23983532190322876,
    0.2530260384082794,
    0.27562975883483887,
    0.245676189661026,
    0.23499035835266113,
    0.27408191561698914,
    0.34321579337120056,
    0.3580641746520996,
    0.30666691064834595,
    0.325396329164505,
    0.3514794111251831,
    0.32993102073669434,
    0.34649109840393066,
    0.352834016084671,
    0.3391478657722473,
    0.24555565416812897,
    0.2955799698829651,
    0.26492974162101746,
    0.3459008038043976,
    0.24225276708602905,
    0.28331422805786133,
    0.2992647886276245,
    0.2759699523448944,
    0.25650545954704285,
    0.19699156284332275,
    0.3014431893825531,
    0.30648359656333923,
    0.25792187452316284,
    0.3092116117477417,
    0.2793366611003876,
    0.24056796729564667,
    0.2762783169746399,
    0.2976410686969757,
    0.24614658951759338,
    0.27790844440460205,
    0.2026902586221695,
    0.26659899950027466,
    0.2535494267940521,
    0.27789828181266785,
    0.24461135268211365,
    0.22878961265087128,
    0.38267895579338074,
    0.33438411355018616,
    0.3262805938720703,
    0.33887434005737305,
    0.37030187249183655,
    0.31433773040771484,
    0.3521046042442322,
    0.36332258582115173
  ]
}