{
  "n_frames": 100,
  "scenewise_psnr": 19.431038339468852,
  "scenewise_ssim": 0.5507901075733201,
  "scenewise_lpips": 0.7002828186750412,
  "all_framewise_psnrs": [
    21.08501241588762,
    20.90583196445529,
    19.628314691623686,
    20.05427243011814,
    19.49783563050843,
    19.624700922694306,
    19.667714705045302,
    19.205798425762637,
    19.862828605832295,
    20.09255833831993,
    19.955354609426696,
    20.595531293214545,
    21.28982022625199,
    21.648870207681284,
    21.456817701065773,
    21.17550510755435,
    20.209127264182122,
    19.278426481937437,
    19.77399558657315,
    20.624077685889972,
    20.948175196411476,
    17.02704095543417,
    17.09394687125315,
    17.580736480151216,
    17.52890143531803,
    17.637878669831515,
    18.371446107255988,
    19.849910280501224,
    20.052267714130593,
    20.194556733972668,
    19.433518771502925,
    20.107184340237737,
    20.64109668220926,
    20.453577640451645,
    21.098785301052754,
    21.434944241916128,
    21.435377925709137,
    21.202540176013862,
    19.25632072066695,
    19.066063224797556,
    19.12617084434912,
    19.20029372977764,
    19.713810575258208,
    19.869810298703577,
    20.00113032845819,
    19.796064658930355,
    19.487386450078038,
    18.938475270987176,
    17.82115353726423,
    17.774986638345677,
    17.401132220407685,
    14.892400643311818,
    19.385282393167177,
    21.857946330848236,
    20.974050908086127,
    18.90398017664377,
    20.156296655389024,
    22.949774056785888,
    22.60906179863818,
    19.383702094571987,
    18.740748747556417,
    17.615051819754353,
    19.23378880385389,
    18.93359767136648,
    18.086418082941307,
    19.380152907185714,
    19.672787407819644,
    20.528636851187436,
    20.838894727879442,
    21.150129271989172,
    21.236052145915885,
    20.67761751361495,
    20.29040472135042,
    19.847066315192624,
    19.559673404751262,
    19.305034057776716,
    18.249759154866695,
    18.77135569539054,
    19.51991265412007,
    19.63752767834508,
    20.35935014864104,
    19.688240678305135,
    22.04400249848288,
    22.472879301463404,
    22.37308733847067,
    20.1089947510062,
    18.027248278327423,
    19.971382200409206,
    19.937266913232264,
    19.27201486698198,
    20.07521462567816,
    20.14077047422001,
    19.154698026524027,
    19.829019883048435,
    19.435764057975533,
    17.23616923903864,
    16.85706482535557,
    17.86379266027988,
    17.663324048561748,
    16.922240134022704
  ],
  "all_framewise_ssim": [
    0.5300927758216858,
    0.5363115072250366,
    0.529266893863678,
    0.5129696726799011,
    0.5121229290962219,
    0.5199515223503113,
    0.5325445532798767,
    0.5153489708900452,
    0.514653742313385,
    0.5024927258491516,
    0.5015400052070618,
    0.5311204791069031,
    0.5345487594604492,
    0.5441107153892517,
    0.5561783909797668,
    0.5331339240074158,
    0.521658718585968,
    0.5046254992485046,
    0.538852870464325,
    0.5725921988487244,
    0.5823606252670288,
    0.5357191562652588,
    0.5457189083099365,
    0.5422089099884033,
    0.5124271512031555,
    0.4972492754459381,
    0.49066272377967834,
    0.5016151666641235,
    0.478633850812912,
    0.47344279289245605,
    0.4580955505371094,
    0.5099827647209167,
    0.5475265383720398,
    0.5663573741912842,
    0.5991365313529968,
    0.6168410181999207,
    0.6141652464866638,
    0.6139864325523376,
    0.5403640270233154,
    0.4893876612186432,
    0.5117316246032715,
    0.5183418393135071,
    0.5391003489494324,
    0.5894663333892822,
    0.6102786064147949,
    0.618896484375,
    0.6389942169189453,
    0.6153886914253235,
    0.5787518620491028,
    0.569852888584137,
    0.5206187963485718,
    0.4977658987045288,
    0.5689464211463928,
    0.6492533683776855,
    0.643437922000885,
    0.6565418839454651,
    0.6604182124137878,
    0.7272761464118958,
    0.6772353053092957,
    0.5570152401924133,
    0.5229386687278748,
    0.45201167464256287,
    0.47196438908576965,
    0.4613429009914398,
    0.5400848984718323,
    0.5943883061408997,
    0.6055892109870911,
    0.6249821186065674,
    0.6099703907966614,
    0.5988099575042725,
    0.5816830396652222,
    0.5860156416893005,
    0.5698046088218689,
    0.5438570380210876,
    0.495781272649765,
    0.44910380244255066,
    0.41902658343315125,
    0.43153154850006104,
    0.46339431405067444,
    0.5007477402687073,
    0.5451436042785645,
    0.6031901836395264,
    0.6392282247543335,
    0.6673733592033386,
    0.6506496071815491,
    0.5776752829551697,
    0.5044302344322205,
    0.5326142907142639,
    0.5539142489433289,
    0.5083749890327454,
    0.48347774147987366,
    0.470062255859375,
    0.4857237637042999,
    0.5280882120132446,
    0.609197199344635,
    0.5776870846748352,
    0.5460973381996155,
    0.5802947878837585,
    0.5452170968055725,
    0.5382551550865173
  ],
  "all_framewise_lpips": [
    0.6994686126708984,
    0.6908997297286987,
    0.7007988691329956,
    0.7039092183113098,
    0.7123661637306213,
    0.7199240922927856,
    0.716860294342041,
    0.7012821435928345,
    0.7173202037811279,
    0.732110857963562,
    0.7207022905349731,
    0.7031793594360352,
    0.7115382552146912,
    0.6964539885520935,
    0.6823260188102722,
    0.6883469820022583,
    0.6804203987121582,
    0.7227121591567993,
    0.7258712649345398,
    0.6986077427864075,
    0.6954163312911987,
    0.7129753828048706,
    0.6993324756622314,
    0.6749191284179688,
    0.6532832980155945,
    0.655981183052063,
    0.6612890958786011,
    0.7114502191543579,
    0.7205998301506042,
    0.7180604338645935,
    0.7251721024513245,
    0.7055097818374634,
    0.7069262266159058,
    0.6823405027389526,
    0.6768372058868408,
    0.6530035734176636,
    0.6483814716339111,
    0.6127917766571045,
    0.6497312188148499,
    0.6608902812004089,
    0.6224232912063599,
    0.6688872575759888,
    0.6891233921051025,
    0.6620786190032959,
    0.64870685338974,
    0.654251754283905,
    0.6423035264015198,
    0.6728878617286682,
    0.6953700184822083,
    0.6597810983657837,
    0.6332808136940002,
    0.6484105587005615,
    0.6810362339019775,
    0.6057189702987671,
    0.6105291843414307,
    0.5773322582244873,
    0.5661371946334839,
    0.5678991675376892,
    0.610274612903595,
    0.7279105186462402,
    0.7058843374252319,
    0.6961566209793091,
    0.7284949421882629,
    0.7399761080741882,
    0.7386282682418823,
    0.7116451859474182,
    0.756007194519043,
    0.7427851557731628,
    0.7548223733901978,
    0.7677622437477112,
    0.766768217086792,
    0.7595431804656982,
    0.7721915245056152,
    0.7865579128265381,
    0.7998628616333008,
    0.8177724480628967,
    0.8262926936149597,
    0.7827885150909424,
    0.7552109956741333,
    0.7377248406410217,
    0.7190107703208923,
    0.6828752160072327,
    0.6466104984283447,
    0.6056761741638184,
    0.6139646172523499,
    0.6795001029968262,
    0.7508670091629028,
    0.7616880536079407,
    0.7407938241958618,
    0.7210819721221924,
    0.7439348697662354,
    0.7587313652038574,
    0.7769588232040405,
    0.7699297070503235,
    0.7392401099205017,
    0.6924343705177307,
    0.6940227746963501,
    0.7003089189529419,
    0.7543620467185974,
    0.735081672668457
  ]
}