{
  "n_frames": 100,
  "scenewise_psnr": 12.811103294911456,
  "scenewise_ssim": 0.28614709200928345,
  "scenewise_lpips": 0.9368713015317917,
  "all_framewise_psnrs": [
    13.710087209058637,
    14.81134782947639,
    10.792490725808028,
    13.390952032727563,
    10.43837604777,
    12.326466925407685,
    11.746566460495337,
    11.092302880395778,
    11.199404939032275,
    11.410220308146195,
    12.967278935152946,
    12.30171769492917,
    11.71455764005575,
    12.175224537258906,
    12.056486476944501,
    13.547653696037862,
    13.027547617273354,
    13.83155255728705,
    13.166763995669104,
    14.229060982353216,
    13.680011608535636,
    14.269141064838779,
    14.316133911819644,
    12.676622588680244,
    13.965325274566059,
    12.054836975442058,
    12.295835490179428,
    15.637487315279614,
    15.549688507928392,
    16.21303971111008,
    15.159378359510926,
    16.621645634322746,
    17.941256248942818,
    15.444540316231222,
    16.92227716995238,
    15.554199294694433,
    13.630117572325426,
    14.970393352705841,
    14.774798683930495,
    13.707617707073139,
    12.546966815332375,
    13.798464287109773,
    13.905874530971328,
    12.940872181320252,
    13.792364355372438,
    13.024774504412457,
    12.993523606392674,
    12.349177185237108,
    12.94043211544729,
    12.526149353186984,
    12.246992945796979,
    12.003736620192576,
    13.083951692166904,
    11.943799986325176,
    11.253217848405848,
    13.216329625874167,
    11.358642282247132,
    13.364650882322964,
    10.65063236427195,
    10.205685637782189,
    13.277915360443874,
    11.591240775077898,
    11.360934200685502,
    11.722871766359535,
    11.65508656792587,
    11.65294843880295,
    11.669885291621227,
    13.062592150894822,
    10.972255011773502,
    13.030752265586447,
    12.992454901300128,
    12.378908564876207,
    12.889254206598652,
    12.703694596334731,
    12.267844914830434,
    12.372551588999006,
    12.009087188890014,
    13.191178728556674,
    13.200760516715889,
    13.278530383323023,
    12.803413682437448,
    12.769875767217911,
    12.875759351813228,
    11.494003143717578,
    12.954544054612713,
    12.115691858346882,
    12.203082595555092,
    12.741796186143336,
    12.801313774049197,
    12.968226737729891,
    12.472196954636502,
    13.975017555423296,
    13.264080253550059,
    13.308505788877692,
    12.747668000953594,
    12.858123308878714,
    13.21998774775719,
    13.66344761946739,
    13.093302849694934,
    14.324470845524935
  ],
  "all_framewise_ssim": [
    0.16373217105865479,
    0.1887194961309433,
    0.16287368535995483,
    0.21382670104503632,
    0.19168733060359955,
    0.2381054162979126,
    0.3116900622844696,
    0.2503151595592499,
    0.16902343928813934,
    0.24063408374786377,
    0.27467048168182373,
    0.2623097896575928,
    0.2836669683456421,
    0.2962794601917267,
    0.3008134067058563,
    0.32088562846183777,
    0.36019954085350037,
    0.3237510919570923,
    0.38333240151405334,
    0.38537609577178955,
    0.36947834491729736,
    0.40679529309272766,
    0.4290001392364502,
    0.36969733238220215,
    0.32933804392814636,
    0.23786093294620514,
    0.358208030462265,
    0.4431954324245453,
    0.3331049680709839,
    0.3682541847229004,
    0.3339836895465851,
    0.5023447871208191,
    0.5604146122932434,
    0.5376221537590027,
    0.6058472990989685,
    0.4817303419113159,
    0.4914363920688629,
    0.40215930342674255,
    0.32603052258491516,
    0.26016390323638916,
    0.2875588834285736,
    0.2536650598049164,
    0.23662245273590088,
    0.2187568098306656,
    0.21563787758350372,
    0.18058359622955322,
    0.16383638978004456,
    0.20426519215106964,
    0.24145062267780304,
    0.3138408362865448,
    0.3507523536682129,
    0.3204052150249481,
    0.38929954171180725,
    0.198374405503273,
    0.19785945117473602,
    0.23556791245937347,
    0.21889589726924896,
    0.28008607029914856,
    0.16211742162704468,
    0.16071408987045288,
    0.3091506063938141,
    0.20198683440685272,
    0.20903919637203217,
    0.3093336820602417,
    0.20750753581523895,
    0.17159175872802734,
    0.1797924041748047,
    0.20849959552288055,
    0.1417638063430786,
    0.2315714806318283,
    0.22094415128231049,
    0.2425764948129654,
    0.23078776895999908,
    0.2185668796300888,
    0.18652550876140594,
    0.21454034745693207,
    0.2231086939573288,
    0.4043065011501312,
    0.4057347774505615,
    0.3741835355758667,
    0.33463993668556213,
    0.19300846755504608,
    0.1880042999982834,
    0.13944892585277557,
    0.175486758351326,
    0.24103331565856934,
    0.2223040610551834,
    0.262949675321579,
    0.23231573402881622,
    0.25822892785072327,
    0.25538378953933716,
    0.3422964811325073,
    0.28157347440719604,
    0.2656923830509186,
    0.2989409267902374,
    0.23223759233951569,
    0.21936827898025513,
    0.2579673230648041,
    0.2700183689594269,
    0.3979453146457672
  ],
  "all_framewise_lpips": [
    1.047989845275879,
    1.0369716882705688,
    1.073099136352539,
    1.0017015933990479,
    0.9961035251617432,
    1.0052270889282227,
    0.9350786805152893,
    0.8966997265815735,
    1.0273540019989014,
    1.034544825553894,
    0.9802581071853638,
    0.993516206741333,
    0.959578275680542,
    0.9451011419296265,
    0.9548869132995605,
    0.9422899484634399,
    0.8807668685913086,
    0.8887249231338501,
    0.8258781433105469,
    0.8401821851730347,
    0.8679060935974121,
    0.8022487163543701,
    0.8295013308525085,
    0.8978949189186096,
    0.9565362334251404,
    0.9464014768600464,
    0.8345670104026794,
    0.7604991793632507,
    0.8869189620018005,
    0.8644610643386841,
    0.8949291706085205,
    0.710924506187439,
    0.6384166479110718,
    0.6696376204490662,
    0.6057401299476624,
    0.7334436178207397,
    0.7131404876708984,
    0.8200597167015076,
    0.9334372282028198,
    1.0059587955474854,
    0.9770784974098206,
    0.9857280850410461,
    0.9931737184524536,
    0.9733330607414246,
    1.0200127363204956,
    1.0225400924682617,
    1.0329452753067017,
    1.0077614784240723,
    0.9219069480895996,
    0.908667266368866,
    0.8974128365516663,
    0.9348585605621338,
    0.9405059218406677,
    1.0057706832885742,
    0.9671562910079956,
    0.9644661545753479,
    0.9981710910797119,
    0.9604915380477905,
    0.9951382875442505,
    0.9957412481307983,
    0.9409184455871582,
    1.0162359476089478,
    1.0043809413909912,
    0.9283989071846008,
    0.9994865655899048,
    0.9844930768013,
    1.0347516536712646,
    1.0038412809371948,
    0.9929399490356445,
    0.9329679608345032,
    0.9815956950187683,
    0.9658553600311279,
    0.9433268904685974,
    0.9485155940055847,
    1.0415799617767334,
    1.0229859352111816,
    1.013463020324707,
    0.8266429305076599,
    0.8277980089187622,
    0.844168484210968,
    0.8705098032951355,
    1.0130287408828735,
    0.9911766052246094,
    1.0541439056396484,
    1.0374999046325684,
    0.9810986518859863,
    0.9981204271316528,
    0.9723643064498901,
    1.0017731189727783,
    0.9664880037307739,
    0.9809021949768066,
    0.8952638506889343,
    0.9565716981887817,
    0.913532018661499,
    0.8713535666465759,
    0.9541802406311035,
    0.958846926689148,
    0.9581761360168457,
    1.008804440498352,
    0.9075134992599487
  ]
}