{
  "n_frames": 100,
  "scenewise_psnr": 15.331358230675905,
  "scenewise_ssim": 0.37050860627651616,
  "scenewise_lpips": 0.8832457512617111,
  "all_framewise_psnrs": [
    13.259105505283685,
    13.888622166222405,
    14.71820507845968,
    14.740172980119715,
    14.5485795203432,
    14.353081138162283,
    14.75369941974588,
    15.48015514798231,
    15.627275629483023,
    15.381848118720749,
    15.175400949878775,
    15.723920719083162,
    15.45767865773068,
    15.34967282973331,
    15.100468658929723,
    15.04550407409389,
    16.71535995299332,
    16.89734869607132,
    16.59571398283116,
    16.62542759604814,
    15.32852868067697,
    15.550655395248366,
    15.294672749573277,
    13.60622800731375,
    14.135981868407729,
    14.553302447125915,
    14.448892770236421,
    14.037464188732642,
    15.24431476737841,
    15.409846534395227,
    15.126401588326763,
    14.795272222899072,
    14.26460740717353,
    13.679457437350537,
    13.127606484617864,
    13.090076776371172,
    14.028283667214003,
    15.039071609412611,
    15.135398423134426,
    15.246801043633491,
    16.348030563306256,
    15.86572811845276,
    14.521168967524618,
    19.3306246516392,
    20.467834179225687,
    20.28202522248201,
    20.494028684012417,
    19.774493224971064,
    19.205779224128985,
    18.126821671041565,
    19.658615121005308,
    19.407218742592164,
    20.164980853556173,
    10.590252191555628,
    19.12248387162378,
    19.636143386492513,
    20.174391846434553,
    20.743399822232163,
    20.531964712228717,
    16.35415202297362,
    16.823653005313986,
    16.46714829059108,
    16.900845622261432,
    15.983990684016266,
    16.60001138215018,
    16.025530363867087,
    14.824787070643804,
    13.590607067601784,
    13.417635194667492,
    12.359110909625882,
    11.78206490054896,
    12.627146179628996,
    12.361832340071114,
    13.067127693491642,
    14.13620537019666,
    15.105080530878537,
    15.442780885819975,
    15.058802137987552,
    15.108148656181992,
    15.264822678356389,
    16.309554476165687,
    16.042722917681825,
    15.93035264296722,
    15.618440654808257,
    16.399029067390114,
    16.60084341350775,
    16.68729128391782,
    16.562688175819407,
    16.397627745898834,
    16.232766672901427,
    15.005420609410109,
    14.545816519827323,
    14.734470965832,
    15.071925433862408,
    15.650291872044955,
    15.993139968111748,
    15.831671200613807,
    15.691343656216482,
    15.888603881312955,
    16.15306291416376
  ],
  "all_framewise_ssim": [
    0.25334322452545166,
    0.2813551127910614,
    0.29410508275032043,
    0.28706467151641846,
    0.2965139150619507,
    0.29919934272766113,
    0.2977540194988251,
    0.3129994869232178,
    0.31115543842315674,
    0.30606821179389954,
    0.31165429949760437,
    0.3245820701122284,
    0.3019264042377472,
    0.31489109992980957,
    0.311358779668808,
    0.31955933570861816,
    0.34584465622901917,
    0.3654683828353882,
    0.35709401965141296,
    0.3651328980922699,
    0.3349384367465973,
    0.3163609206676483,
    0.3059294521808624,
    0.3058253526687622,
    0.2836998701095581,
    0.27774766087532043,
    0.3008194863796234,
    0.3056289851665497,
    0.324643075466156,
    0.3265515863895416,
    0.3167806565761566,
    0.31528255343437195,
    0.3520672619342804,
    0.3055953085422516,
    0.32567885518074036,
    0.37488794326782227,
    0.3375621736049652,
    0.3473067283630371,
    0.37194371223449707,
    0.36907410621643066,
    0.4167053699493408,
    0.39292845129966736,
    0.39456477761268616,
    0.48155179619789124,
    0.49404382705688477,
    0.4900554120540619,
    0.5021791458129883,
    0.4850137233734131,
    0.4481247365474701,
    0.455582857131958,
    0.4346851408481598,
    0.42964968085289,
    0.4192509651184082,
    0.29537829756736755,
    0.3910376727581024,
    0.44814565777778625,
    0.49440300464630127,
    0.5423060059547424,
    0.5612666606903076,
    0.5158539414405823,
    0.5417211651802063,
    0.5443585515022278,
    0.5032881498336792,
    0.44309043884277344,
    0.3933885097503662,
    0.3891800343990326,
    0.36371472477912903,
    0.35072723031044006,
    0.33998093008995056,
    0.3130175769329071,
    0.3073112964630127,
    0.33396729826927185,
    0.2959612309932709,
    0.33525776863098145,
    0.34288346767425537,
    0.3259924054145813,
    0.3613346517086029,
    0.39319172501564026,
    0.35911521315574646,
    0.37272825837135315,
    0.3538379669189453,
    0.34417521953582764,
    0.3480050563812256,
    0.3467334806919098,
    0.3493112623691559,
    0.375289648771286,
    0.391899973154068,
    0.3896496295928955,
    0.3813241720199585,
    0.3634079694747925,
    0.3416794538497925,
    0.33777904510498047,
    0.32398268580436707,
    0.34199070930480957,
    0.38276228308677673,
    0.4033738374710083,
    0.38890933990478516,
    0.3970402777194977,
    0.3983200490474701,
    0.43443962931632996
  ],
  "all_framewise_lpips": [
    0.9843056797981262,
    0.9644200801849365,
    0.9539725184440613,
    0.956702709197998,
    0.9480729699134827,
    0.9408533573150635,
    0.9391616582870483,
    0.9204691648483276,
    0.9202550649642944,
    0.9297549724578857,
    0.9210621118545532,
    0.907292902469635,
    0.9351531267166138,
    0.9234890937805176,
    0.9328752160072327,
    0.9357635974884033,
    0.9301600456237793,
    0.9428858757019043,
    0.9575046300888062,
    0.9524244666099548,
    0.9634031653404236,
    0.9553090333938599,
    0.9464051723480225,
    0.9541382193565369,
    0.9625692367553711,
    0.9454855918884277,
    0.9405632615089417,
    0.9303767681121826,
    0.9129545092582703,
    0.9179965257644653,
    0.9189388155937195,
    0.9258571863174438,
    0.8817963600158691,
    0.9164188504219055,
    0.8927148580551147,
    0.8974765539169312,
    0.9227526187896729,
    0.9064202904701233,
    0.8971903324127197,
    0.9091115593910217,
    0.8906072974205017,
    0.922003448009491,
    0.8963804244995117,
    0.7499963045120239,
    0.7538338899612427,
    0.7374858260154724,
    0.7251943349838257,
    0.7172806859016418,
    0.7297486066818237,
    0.7329058647155762,
    0.7528769969940186,
    0.7568652033805847,
    0.7707377076148987,
    0.97831130027771,
    0.7794342041015625,
    0.7336640954017639,
    0.721670389175415,
    0.6889283061027527,
    0.7023887038230896,
    0.7986623644828796,
    0.795863926410675,
    0.7877815961837769,
    0.8827776312828064,
    0.8925342559814453,
    0.9230870008468628,
    0.9216423034667969,
    0.9432069063186646,
    0.9405441284179688,
    0.9404743313789368,
    0.953936755657196,
    0.9450299143791199,
    0.9433305263519287,
    0.9854440093040466,
    0.9468677043914795,
    0.9421418905258179,
    0.9541981220245361,
    0.9159270524978638,
    0.8556923866271973,
    0.8692954182624817,
    0.8501926064491272,
    0.8946506977081299,
    0.9033156633377075,
    0.8931563496589661,
    0.896896481513977,
    0.9020135402679443,
    0.8934070467948914,
    0.8856186270713806,
    0.8783948421478271,
    0.8741598129272461,
    0.8685754537582397,
    0.8673792481422424,
    0.8497850298881531,
    0.8664358258247375,
    0.86652672290802,
    0.8346757888793945,
    0.8127437829971313,
    0.8425148129463196,
    0.8396783471107483,
    0.8372308015823364,
    0.7940136790275574
  ]
}