{
  "n_frames": 100,
  "scenewise_psnr": 23.54151725474825,
  "scenewise_ssim": 0.7666187696765085,
  "scenewise_lpips": 0.43474407970905304,
  "all_framewise_psnrs": [
    25.284460170644433,
    23.924691218636234,
    24.345159882494265,
    25.785174175897826,
    26.41207323298766,
    24.540801090053222,
    24.4606268760988,
    25.000385050370845,
    25.262176546384442,
    25.693832228998282,
    22.831108791273763,
    22.628202737321452,
    25.384902699340742,
    25.8081750416456,
    26.83453098759442,
    26.227557229147518,
    25.993842900796746,
    24.79344513418788,
    23.705721404167623,
    21.53730224060848,
    22.304374989404966,
    23.14050226608657,
    23.004393981162004,
    23.885643216405942,
    22.597129182338893,
    21.621611487288625,
    21.781815981653413,
    22.81170316105356,
    22.501200608408894,
    21.461029205436887,
    23.97553943066295,
    25.636101293308755,
    24.837773417538017,
    21.789604578399228,
    21.356321448557807,
    24.13503887412005,
    22.51238383636916,
    22.790904651390647,
    22.915660178207695,
    23.129129547458263,
    23.65551049306212,
    23.457409693411893,
    23.29197127703722,
    25.626031362844618,
    26.577915586910134,
    28.164320877060725,
    25.763432256280232,
    22.128651277389363,
    23.937591171147083,
    25.203245003727016,
    27.53049683313629,
    24.589590494388172,
    21.908070178807076,
    23.741474117026904,
    24.21337953966182,
    24.47336662649823,
    23.585951245691582,
    24.41101963220525,
    23.479789035004384,
    23.866635551500682,
    23.15510693618572,
    23.61961511241895,
    23.528994021130544,
    23.4177582509772,
    23.091863843620516,
    22.391551654754267,
    22.795259476254174,
    22.236445851028517,
    21.91217105039677,
    21.556123112112058,
    21.651228458888543,
    21.598011228435794,
    22.92652203734827,
    23.776747617867343,
    25.10345860112748,
    23.811902774636597,
    25.25842087174487,
    25.795136530721198,
    25.25135426581268,
    26.683500131226662,
    25.46411616122633,
    23.70328683444256,
    22.291555472909167,
    21.615367373033155,
    21.68085550951907,
    21.74156181158907,
    22.424377067118012,
    21.555079737393086,
    22.315045200959457,
    23.59159759213696,
    23.528968953384634,
    24.17868271206586,
    24.861289306875662,
    24.253387140590682,
    23.896151352447674,
    24.72124660691167,
    24.835818443665772,
    24.4506859716967,
    21.210842775501135,
    24.06853502119068
  ],
  "all_framewise_ssim": [
    0.7128968834877014,
    0.7185812592506409,
    0.7210060954093933,
    0.7027832865715027,
    0.7187911868095398,
    0.7086164951324463,
    0.7040470242500305,
    0.7176368832588196,
    0.7129235863685608,
    0.7130535244941711,
    0.6886579394340515,
    0.7253510355949402,
    0.7555837631225586,
    0.7886614799499512,
    0.7954159379005432,
    0.7821054458618164,
    0.7790769934654236,
    0.748190701007843,
    0.7180749773979187,
    0.7037525177001953,
    0.7100322842597961,
    0.700908362865448,
    0.704213559627533,
    0.7214749455451965,
    0.7244580388069153,
    0.7150633931159973,
    0.7343408465385437,
    0.719355583190918,
    0.7042748332023621,
    0.7535481452941895,
    0.7855401039123535,
    0.7730699181556702,
    0.7479481101036072,
    0.7416611313819885,
    0.809891939163208,
    0.8089701533317566,
    0.7790659070014954,
    0.7349691390991211,
    0.7354099750518799,
    0.7551310062408447,
    0.7683946490287781,
    0.7775838971138,
    0.7736284136772156,
    0.8215101361274719,
    0.830371618270874,
    0.8350815176963806,
    0.7972862720489502,
    0.7494232058525085,
    0.7456786036491394,
    0.8056014180183411,
    0.8224330544471741,
    0.7520855069160461,
    0.7306981086730957,
    0.7451689839363098,
    0.7574819922447205,
    0.7536943554878235,
    0.7367879748344421,
    0.7217920422554016,
    0.7213295102119446,
    0.7530956268310547,
    0.7494173645973206,
    0.7630211710929871,
    0.7582055926322937,
    0.7446944713592529,
    0.7479865550994873,
    0.745258629322052,
    0.7403923869132996,
    0.741119384765625,
    0.7386488914489746,
    0.7307479381561279,
    0.7416054606437683,
    0.7651059031486511,
    0.7877993583679199,
    0.8083739876747131,
    0.829739511013031,
    0.8069862723350525,
    0.8213490843772888,
    0.8330504298210144,
    0.823664665222168,
    0.8460454940795898,
    0.8324301838874817,
    0.7984635829925537,
    0.7980173230171204,
    0.7820197939872742,
    0.7718095779418945,
    0.7939250469207764,
    0.8089982867240906,
    0.780995786190033,
    0.8058393001556396,
    0.8117914795875549,
    0.7936198115348816,
    0.8301400542259216,
    0.8405694365501404,
    0.809803307056427,
    0.8286392688751221,
    0.8219112753868103,
    0.7793845534324646,
    0.8065454363822937,
    0.7822139859199524,
    0.8027675151824951
  ],
  "all_framewise_lpips": [
    0.4885839819908142,
    0.47669488191604614,
    0.47486329078674316,
    0.4838321805000305,
    0.458143949508667,
    0.4678783118724823,
    0.4914809763431549,
    0.4729045629501343,
    0.4558687210083008,
    0.458013117313385,
    0.452312171459198,
    0.4718591570854187,
    0.470893532037735,
    0.4336091876029968,
    0.4282689094543457,
    0.45322468876838684,
    0.4290428161621094,
    0.4276261329650879,
    0.45976632833480835,
    0.41199952363967896,
    0.40651577711105347,
    0.44827303290367126,
    0.4139021635055542,
    0.4032967984676361,
    0.4589719772338867,
    0.4360770583152771,
    0.4134978652000427,
    0.44862329959869385,
    0.42193880677223206,
    0.37733229994773865,
    0.4004572033882141,
    0.4527450501918793,
    0.4858528673648834,
    0.5068631172180176,
    0.45889484882354736,
    0.41539454460144043,
    0.41859883069992065,
    0.3908161520957947,
    0.37840935587882996,
    0.4110303819179535,
    0.43246886134147644,
    0.45082956552505493,
    0.4779507517814636,
    0.43629634380340576,
    0.4591110646724701,
    0.4511057436466217,
    0.39541107416152954,
    0.38088902831077576,
    0.4054904580116272,
    0.37650445103645325,
    0.4186020493507385,
    0.4389457106590271,
    0.4312479496002197,
    0.4204186201095581,
    0.4474807381629944,
    0.41466236114501953,
    0.4263417720794678,
    0.45790180563926697,
    0.4339970052242279,
    0.42908841371536255,
    0.45396366715431213,
    0.4258762001991272,
    0.42340290546417236,
    0.44152694940567017,
    0.4221327304840088,
    0.4226146936416626,
    0.43280893564224243,
    0.41674789786338806,
    0.40967944264411926,
    0.4212927222251892,
    0.4166451096534729,
    0.39996156096458435,
    0.4253893494606018,
    0.36428308486938477,
    0.3630223870277405,
    0.43419983983039856,
    0.42082926630973816,
    0.4411676824092865,
    0.4816552996635437,
    0.4259539842605591,
    0.4064798951148987,
    0.4450647830963135,
    0.4102685749530792,
    0.4078563153743744,
    0.4379707872867584,
    0.404907763004303,
    0.4085735082626343,
    0.4529365599155426,
    0.41451406478881836,
    0.4250553250312805,
    0.4652555584907532,
    0.4217383861541748,
    0.42031073570251465,
    0.47259873151779175,
    0.43189650774002075,
    0.4431009292602539,
    0.5105288028717041,
    0.4795335829257965,
    0.49116402864456177,
    0.3823978006839752
  ]
}