{
  "n_frames": 73,
  "scenewise_psnr": 11.385619968367918,
  "scenewise_ssim": 0.2939959382638335,
  "scenewise_lpips": 0.875311504488122,
  "all_framewise_psnrs": [
    11.522314501043855,
    10.408729310152188,
    10.838551284790212,
    11.26678500735987,
    10.751748382512982,
    11.652709355803243,
    11.60196252710463,
    12.120158260901421,
    11.998781234940397,
    12.302724634636172,
    12.147665536006729,
    11.917730705817018,
    12.129661739204495,
    12.000183148240229,
    11.8524138101649,
    11.433964011579015,
    11.658595569687925,
    12.104425083380061,
    11.403044976036885,
    11.000034664160419,
    10.20758968826976,
    9.2455041099994,
    10.461068946278328,
    12.01043280156211,
    11.357906151138106,
    10.492908977849297,
    10.916127822902787,
    9.967025692766615,
    9.94030518633433,
    12.00565514363798,
    11.502405938808028,
    12.015258950384188,
    13.098408137979531,
    12.770869026236326,
    13.27853279264938,
    12.450064444535084,
    11.959481638052956,
    11.752087265079636,
    10.860402358800304,
    10.990759222800587,
    11.373160330981147,
    11.380595893914322,
    11.932134739770072,
    11.883868346954227,
    12.713135442896192,
    11.720394177328863,
    10.983853159471412,
    11.563959727627175,
    10.978671992694462,
    11.249596443453083,
    11.511237424607767,
    11.167482042905396,
    11.774337331467121,
    10.923863089664332,
    11.15973362191962,
    11.477147962151022,
    10.878584436790067,
    11.297298806132316,
    11.340066192994636,
    12.664980228632912,
    12.114158974763136,
    12.291191940245152,
    12.495741495979555,
    12.630275711913201,
    12.561124849782587,
    11.463716197508349,
    10.955001531577475,
    10.857619077211629,
    11.05833941499855,
    10.937475810252957,
    10.151307292600897,
    10.080318672149552,
    9.693728131904974
  ],
  "all_framewise_ssim": [
    0.1995968222618103,
    0.22724445164203644,
    0.27114027738571167,
    0.26606249809265137,
    0.23549677431583405,
    0.27629396319389343,
    0.274700403213501,
    0.3010003864765167,
    0.2864486575126648,
    0.29834243655204773,
    0.2636219561100006,
    0.25396716594696045,
    0.22862987220287323,
    0.24970626831054688,
    0.26126229763031006,
    0.274198442697525,
    0.2796734571456909,
    0.29722860455513,
    0.30010735988616943,
    0.35488101840019226,
    0.3964749276638031,
    0.38147294521331787,
    0.4095299541950226,
    0.4588102400302887,
    0.4696193039417267,
    0.4501999318599701,
    0.429152250289917,
    0.38645920157432556,
    0.34098246693611145,
    0.38000914454460144,
    0.3427865505218506,
    0.30417290329933167,
    0.2937469184398651,
    0.27902212738990784,
    0.2555420696735382,
    0.2360394448041916,
    0.24112403392791748,
    0.24098795652389526,
    0.25055262446403503,
    0.23862765729427338,
    0.23458360135555267,
    0.2435014694929123,
    0.2679031789302826,
    0.27065086364746094,
    0.29162469506263733,
    0.28834980726242065,
    0.30508744716644287,
    0.30927470326423645,
    0.3206617832183838,
    0.3640781342983246,
    0.3667411804199219,
    0.3460802137851715,
    0.3253697454929352,
    0.3326306641101837,
    0.30608558654785156,
    0.29332226514816284,
    0.3038523495197296,
    0.26496079564094543,
    0.26994192600250244,
    0.25413861870765686,
    0.2332882285118103,
    0.24550460278987885,
    0.22471852600574493,
    0.24055512249469757,
    0.24790365993976593,
    0.22512567043304443,
    0.240866556763649,
    0.27122142910957336,
    0.2354419231414795,
    0.24305517971515656,
    0.2810727059841156,
    0.27043238282203674,
    0.26134490966796875
  ],
  "all_framewise_lpips": [
    0.8900230526924133,
    0.8820818066596985,
    0.8641318678855896,
    0.8593951463699341,
    0.8644684553146362,
    0.8646660447120667,
    0.8685271739959717,
    0.8481952548027039,
    0.8541136384010315,
    0.8566293716430664,
    0.8742965459823608,
    0.8844010233879089,
    0.9017298221588135,
    0.8802450895309448,
    0.8805811405181885,
    0.8772783279418945,
    0.8796820044517517,
    0.87883460521698,
    0.8731111884117126,
    0.8766821026802063,
    0.8733421564102173,
    0.8702782392501831,
    0.8365510106086731,
    0.840485692024231,
    0.8526500463485718,
    0.846724271774292,
    0.8669891953468323,
    0.8790918588638306,
    0.8767544627189636,
    0.8792362213134766,
    0.883731484413147,
    0.8951950073242188,
    0.8793007731437683,
    0.8656523823738098,
    0.8588257431983948,
    0.8738731741905212,
    0.8752488493919373,
    0.876453161239624,
    0.8854320049285889,
    0.8830130100250244,
    0.8887234926223755,
    0.8876766562461853,
    0.8799371123313904,
    0.8842929005622864,
    0.878266453742981,
    0.8900913596153259,
    0.884742021560669,
    0.8792484402656555,
    0.8781527876853943,
    0.8687300682067871,
    0.8487605452537537,
    0.8680245876312256,
    0.8582131862640381,
    0.8697388768196106,
    0.8680317401885986,
    0.8601605296134949,
    0.8765464425086975,
    0.8816989660263062,
    0.87071692943573,
    0.8738572001457214,
    0.8792198300361633,
    0.8796513080596924,
    0.8847625255584717,
    0.8882918953895569,
    0.8847959041595459,
    0.8953312635421753,
    0.8922879695892334,
    0.9038088321685791,
    0.8926975727081299,
    0.8879058361053467,
    0.8798078298568726,
    0.8815078139305115,
    0.8941585421562195
  ]
}