{
  "n_frames": 100,
  "scenewise_psnr": 18.785809730767564,
  "scenewise_ssim": 0.5289321213444076,
  "scenewise_lpips": 0.5658355583883312,
  "all_framewise_psnrs": [
    20.1440639340357,
    21.561219168239553,
    21.865313435145634,
    21.140891042472084,
    20.687671636902873,
    21.07039362859379,
    21.513377327929625,
    21.803598630488263,
    22.19382572751476,
    21.940390738604975,
    20.597519156086058,
    22.247964810194915,
    22.135999836712056,
    21.015808945300574,
    21.76673466198094,
    21.035447536564508,
    21.038623368107153,
    21.31225624648208,
    22.843721173061674,
    22.039943826869475,
    19.059316348602824,
    17.77191369781096,
    17.22209177188568,
    17.762204367839768,
    18.00120295330901,
    18.13914070689289,
    18.224537566923583,
    17.754822864390313,
    17.547184485149096,
    17.03656912753451,
    22.17932964727641,
    21.753926469138825,
    17.840725413764652,
    20.292785085710094,
    20.57311954135901,
    21.191240582192904,
    20.460829135065147,
    21.2391885119707,
    21.906275264734433,
    21.697541383230355,
    20.8969563285075,
    19.891232013516735,
    18.28242172901976,
    20.149018020388084,
    23.477612520546224,
    22.66164747065435,
    14.325341949217794,
    20.456491252845403,
    20.421414241820557,
    18.04162816326319,
    20.10634076250129,
    19.299659003677377,
    17.08394779389614,
    16.624272545756117,
    12.981130102756456,
    17.539511477169942,
    17.585366337675524,
    18.39273607999493,
    21.308121452955405,
    19.51152998084169,
    22.792571195928208,
    24.709114783996974,
    25.06172343363361,
    23.209055723462168,
    23.168702375619,
    24.336680688950075,
    24.000193237865012,
    23.859230790681284,
    18.90561806925696,
    14.721039214087492,
    12.316720310615114,
    11.800961656895574,
    11.995393693448895
  ],
  "all_framewise_ssim": [
    0.5138006210327148,
    0.5891395211219788,
    0.6020653247833252,
    0.5697147250175476,
    0.5635867714881897,
    0.5857725143432617,
    0.5928208827972412,
    0.586098849773407,
    0.5904133915901184,
    0.5762690901756287,
    0.5432153940200806,
    0.5975715517997742,
    0.5915834307670593,
    0.5674128532409668,
    0.5772550106048584,
    0.5169604420661926,
    0.5255573391914368,
    0.5500046610832214,
    0.5611886978149414,
    0.5400583148002625,
    0.4446828365325928,
    0.3907559812068939,
    0.37363946437835693,
    0.39805886149406433,
    0.3802917003631592,
    0.36291036009788513,
    0.3831389844417572,
    0.38118013739585876,
    0.37294408679008484,
    0.3517000675201416,
    0.6223029494285583,
    0.6001739501953125,
    0.4993695318698883,
    0.5749008059501648,
    0.5942500233650208,
    0.6144618988037109,
    0.5573720932006836,
    0.5794104933738708,
    0.6077517867088318,
    0.5877040028572083,
    0.5643748641014099,
    0.5214123725891113,
    0.4759082794189453,
    0.5974330902099609,
    0.6516318917274475,
    0.6034307479858398,
    0.49856331944465637,
    0.5180615782737732,
    0.5069766640663147,
    0.49546778202056885,
    0.4794636070728302,
    0.482551246881485,
    0.41604170203208923,
    0.39853283762931824,
    0.3370271623134613,
    0.45037683844566345,
    0.5019828677177429,
    0.561215877532959,
    0.6266899704933167,
    0.5956976413726807,
    0.669531524181366,
    0.690434455871582,
    0.6636454463005066,
    0.6133000254631042,
    0.5756679177284241,
    0.6226269006729126,
    0.6051295399665833,
    0.6486511826515198,
    0.5574381351470947,
    0.4010535478591919,
    0.3145342767238617,
    0.3174014389514923,
    0.28493598103523254
  ],
  "all_framewise_lpips": [
    0.46988627314567566,
    0.4356158673763275,
    0.430008202791214,
    0.4445798397064209,
    0.43036630749702454,
    0.44124096632003784,
    0.44307786226272583,
    0.4413551688194275,
    0.4392071068286896,
    0.45402780175209045,
    0.4544048011302948,
    0.4130871593952179,
    0.43736588954925537,
    0.4145936071872711,
    0.44291606545448303,
    0.4920012354850769,
    0.5118877291679382,
    0.5431596040725708,
    0.553730845451355,
    0.6108942627906799,
    0.721516489982605,
    0.738405704498291,
    0.7383822202682495,
    0.717147707939148,
    0.7395526170730591,
    0.7529839277267456,
    0.7471445202827454,
    0.7527420520782471,
    0.7658809423446655,
    0.7993859648704529,
    0.45593443512916565,
    0.4725981056690216,
    0.45991051197052,
    0.4657691419124603,
    0.44873887300491333,
    0.46450960636138916,
    0.5014780163764954,
    0.4925343990325928,
    0.4943872392177582,
    0.5259971618652344,
    0.527637779712677,
    0.6051551103591919,
    0.7415814995765686,
    0.4631478190422058,
    0.48791050910949707,
    0.5417090654373169,
    0.6194353699684143,
    0.5497545003890991,
    0.5629218816757202,
    0.5631232261657715,
    0.6012489795684814,
    0.6178206205368042,
    0.662574052810669,
    0.7446159720420837,
    0.6885385513305664,
    0.6026413440704346,
    0.6090372800827026,
    0.5427442789077759,
    0.4965209364891052,
    0.608302116394043,
    0.5046197175979614,
    0.45693349838256836,
    0.5068916082382202,
    0.49944454431533813,
    0.5185832381248474,
    0.48765891790390015,
    0.4955267906188965,
    0.4150245189666748,
    0.47742700576782227,
    0.6887310147285461,
    0.9501202702522278,
    0.9343624711036682,
    0.9758450388908386
  ]
}