{
  "n_frames": 100,
  "scenewise_psnr": 22.422781311818227,
  "scenewise_ssim": 0.5981535773984739,
  "scenewise_lpips": 0.4464379164576531,
  "all_framewise_psnrs": [
    25.189046090105585,
    26.171054763584763,
    25.844647647210603,
    24.682987955180423,
    23.27172953803008,
    25.032729653037457,
    24.8183113128176,
    25.657230969564473,
    25.57233270476113,
    25.71062684264287,
    25.245479499241306,
    25.99963452612127,
    25.488140161654936,
    25.66024822543598,
    25.177953210269376,
    25.28785814256331,
    25.162675907949122,
    25.101543002025387,
    25.108598977092417,
    25.681925473859437,
    23.478077827223068,
    23.155181791375036,
    23.33563885203397,
    24.839114814395664,
    24.731301856587258,
    24.323712221086925,
    23.34350014198225,
    23.588917908562202,
    24.104312956148412,
    24.482522227486292,
    23.871506419620317,
    22.903156677778473,
    22.77781685902061,
    24.4988385582906,
    22.787850531387484,
    21.15711613506917,
    20.966208433107315,
    20.594386504115406,
    21.039557455177473,
    20.068490838019013,
    19.87077444300799,
    20.518978935404494,
    19.77925092986246,
    19.768577860736766,
    20.077268666864676,
    20.676481132949924,
    21.18463802003655,
    21.0430114168547,
    21.126080124067016,
    21.48878192195038,
    21.096649312683468,
    21.589354286384527,
    22.094523750168477,
    22.46784445188422,
    22.574135134839995,
    22.884904039812533,
    22.723569061819564,
    22.570728853674016,
    21.94272929916332,
    21.63399855387825,
    20.959157350284205,
    20.806063002185724,
    21.17353720759955,
    21.787858869739697,
    22.199280002997117,
    21.561696650722766,
    21.134217737737245,
    21.023605910134478,
    21.206822863976043,
    20.74988392942707,
    20.258757229921933,
    21.34903754463955,
    21.431898981039694,
    21.540880817145997,
    20.927841564255903,
    20.1443240064103,
    19.87311385359544,
    20.259538195533896,
    19.864641096373266,
    19.912618790803382,
    20.6013238746608,
    22.048438978577384,
    23.698162090122597,
    23.316745320720717,
    24.41371090524809,
    24.20578279775999,
    24.08230180526052,
    24.03947506862096,
    24.469637051778083,
    24.930024200844812,
    24.755049064550875,
    23.859624238538146,
    24.485798716079085,
    24.23240133154573,
    22.938662590153047,
    22.224572225060754,
    22.051246716804638,
    22.106179649962932,
    23.16577488212628,
    25.042844638701812
  ],
  "all_framewise_ssim": [
    0.7679343223571777,
    0.7561671733856201,
    0.7265436053276062,
    0.6330929398536682,
    0.5627276301383972,
    0.6408182978630066,
    0.6424062252044678,
    0.6673138737678528,
    0.6574311256408691,
    0.6559041738510132,
    0.6342239379882812,
    0.6701802611351013,
    0.658970296382904,
    0.6628147959709167,
    0.6404216885566711,
    0.6415469646453857,
    0.6338687539100647,
    0.6324202418327332,
    0.6445249319076538,
    0.6695549488067627,
    0.5636975169181824,
    0.5207322239875793,
    0.5509388446807861,
    0.6332967281341553,
    0.6174437403678894,
    0.6113552451133728,
    0.5875105261802673,
    0.6063501834869385,
    0.6409773230552673,
    0.6619821190834045,
    0.6390342116355896,
    0.6021057963371277,
    0.6044346690177917,
    0.6384367346763611,
    0.5924056172370911,
    0.5593898892402649,
    0.5680839419364929,
    0.5484235286712646,
    0.552304208278656,
    0.5072454214096069,
    0.5352078676223755,
    0.5586051344871521,
    0.5237462520599365,
    0.5155860781669617,
    0.5058339238166809,
    0.5443183779716492,
    0.5738701224327087,
    0.572199821472168,
    0.5733816027641296,
    0.5964475274085999,
    0.6093083024024963,
    0.6419811248779297,
    0.6362385153770447,
    0.6308478713035583,
    0.6243557929992676,
    0.6361280679702759,
    0.6444951891899109,
    0.6198505759239197,
    0.600566565990448,
    0.5777861475944519,
    0.535827100276947,
    0.5325614809989929,
    0.5630464553833008,
    0.5928480625152588,
    0.6243708729743958,
    0.6028715968132019,
    0.5902101397514343,
    0.5531483292579651,
    0.5638496279716492,
    0.5747241377830505,
    0.5399996638298035,
    0.5785464644432068,
    0.5855045318603516,
    0.5911434292793274,
    0.5606861710548401,
    0.5240136981010437,
    0.5058645606040955,
    0.5034315586090088,
    0.475853830575943,
    0.47522249817848206,
    0.5008285641670227,
    0.5319421291351318,
    0.6140721440315247,
    0.6147936582565308,
    0.6271098852157593,
    0.6010351777076721,
    0.5797109603881836,
    0.567760169506073,
    0.5885817408561707,
    0.6100197434425354,
    0.5876883864402771,
    0.5657159090042114,
    0.6015769839286804,
    0.6017913818359375,
    0.5583734512329102,
    0.5634272694587708,
    0.5775476098060608,
    0.5470166802406311,
    0.6372272372245789,
    0.737987756729126
  ],
  "all_framewise_lpips": [
    0.2647976577281952,
    0.26964157819747925,
    0.30364587903022766,
    0.41241973638534546,
    0.44303619861602783,
    0.40917691588401794,
    0.39667442440986633,
    0.37990790605545044,
    0.38384997844696045,
    0.39187556505203247,
    0.3944410979747772,
    0.3718869090080261,
    0.37309467792510986,
    0.367841899394989,
    0.38700070977211,
    0.39632025361061096,
    0.39780208468437195,
    0.3980868458747864,
    0.39286932349205017,
    0.3629540503025055,
    0.4409234821796417,
    0.5351430773735046,
    0.4731409549713135,
    0.39842671155929565,
    0.40912729501724243,
    0.41437503695487976,
    0.4107106328010559,
    0.4378451704978943,
    0.4126925766468048,
    0.39898186922073364,
    0.4132421314716339,
    0.4361816644668579,
    0.4281187057495117,
    0.418603777885437,
    0.44936761260032654,
    0.48613637685775757,
    0.4969027042388916,
    0.5040017366409302,
    0.5209119319915771,
    0.5510701537132263,
    0.5135915875434875,
    0.5201224684715271,
    0.5426192283630371,
    0.5784465074539185,
    0.5575026273727417,
    0.517703652381897,
    0.49250930547714233,
    0.47817057371139526,
    0.4802365303039551,
    0.42655786871910095,
    0.3823229968547821,
    0.45674005150794983,
    0.4287068545818329,
    0.41822487115859985,
    0.4155464470386505,
    0.40422922372817993,
    0.3763521909713745,
    0.45089250802993774,
    0.45482951402664185,
    0.48136043548583984,
    0.4701709449291229,
    0.5265123248100281,
    0.4846346974372864,
    0.44924765825271606,
    0.41743746399879456,
    0.43317559361457825,
    0.4024263024330139,
    0.4817631244659424,
    0.46274223923683167,
    0.4339093565940857,
    0.5172257423400879,
    0.49761417508125305,
    0.4983641803264618,
    0.4794931411743164,
    0.4995447099208832,
    0.5366523265838623,
    0.539455235004425,
    0.5403530597686768,
    0.563325822353363,
    0.5603823065757751,
    0.5430365204811096,
    0.49713367223739624,
    0.418623149394989,
    0.4114624559879303,
    0.41290083527565,
    0.43076378107070923,
    0.448982298374176,
    0.46915870904922485,
    0.44228577613830566,
    0.4363318383693695,
    0.4664313793182373,
    0.4988934397697449,
    0.469504177570343,
    0.44991016387939453,
    0.4765908122062683,
    0.4503925144672394,
    0.4531879425048828,
    0.4906470775604248,
    0.3852483034133911,
    0.28798365592956543
  ]
}