{
  "n_frames": 100,
  "scenewise_psnr": 12.154459729459855,
  "scenewise_ssim": 0.40382003011194456,
  "scenewise_lpips": 0.9298201733827591,
  "all_framewise_psnrs": [
    9.608842988994162,
    11.033798396810049,
    11.059347749077036,
    10.824631164098806,
    10.696633926153362,
    11.171183895699087,
    11.196817306087997,
    10.874081240097508,
    12.115319514303406,
    10.805144503363824,
    11.910129360832238,
    12.336787394317206,
    12.230874149525931,
    11.577376662191712,
    12.473185023615299,
    11.625983950939517,
    10.942023954049686,
    11.378900268479622,
    11.186776007581951,
    11.28590229029826,
    11.1841215108688,
    11.960557353078409,
    11.95344134507515,
    12.451866580691629,
    11.863274207882773,
    11.947965281437964,
    12.275188034346158,
    12.422576831799946,
    12.101169634961755,
    12.06274812765444,
    11.879645327170692,
    11.853327474825015,
    12.029315287443366,
    12.247182944775993,
    12.728832436388142,
    12.385229186646441,
    12.687270623371042,
    12.02859406986743,
    12.243213151289137,
    11.800696651565614,
    10.605500922027103,
    10.251125588758805,
    9.401277699002128,
    10.727958464589335,
    11.631144793825005,
    10.116290729307382,
    11.622897062927427,
    12.694093111078637,
    11.188392712395832,
    12.286856299332278,
    12.648107523148482,
    11.871519267020322,
    12.770743172282323,
    13.874222419579782,
    12.914737388229462,
    12.335354513586523,
    12.452986358393538,
    11.951770920888354,
    12.233986396645955,
    12.521098659292013,
    12.36645722095007,
    12.737008368272502,
    12.58796010638687,
    12.97139847780719,
    12.319286415521695,
    12.491416813349772,
    12.469013562496214,
    12.710153097163854,
    12.399049577627032,
    12.83166321637867,
    13.094687977498332,
    13.054611903140811,
    13.280197956809728,
    12.980204866068707,
    14.024256834578564,
    13.124966433673453,
    13.309583765390215,
    12.995279032066357,
    12.756286304683949,
    12.40125643394131,
    12.647205932542365,
    12.89234672878554,
    13.801386635213111,
    13.634023504287605,
    13.214937043398244,
    12.990347912061637,
    13.75722427222839,
    13.319346949649074,
    13.35575583647438,
    13.38545277313165,
    13.258994487016986,
    12.85084503793077,
    13.435311010561513,
    13.066996560902338,
    13.626467222472328,
    13.09361190041586,
    13.347731499881393,
    13.161155294954586,
    13.016087966785756,
    12.795920911265421
  ],
  "all_framewise_ssim": [
    0.31638336181640625,
    0.3954025208950043,
    0.36811915040016174,
    0.2994178235530853,
    0.30725008249282837,
    0.32892173528671265,
    0.3241305947303772,
    0.33496609330177307,
    0.3471163213253021,
    0.32394734025001526,
    0.37424230575561523,
    0.3950043022632599,
    0.38900840282440186,
    0.3674071729183197,
    0.35865330696105957,
    0.3464779853820801,
    0.3493399918079376,
    0.36664068698883057,
    0.3586103022098541,
    0.3731083571910858,
    0.36826518177986145,
    0.3892603814601898,
    0.39033961296081543,
    0.4081060588359833,
    0.4067173898220062,
    0.41522589325904846,
    0.402128666639328,
    0.3817722499370575,
    0.3730602264404297,
    0.38547030091285706,
    0.37609586119651794,
    0.39372777938842773,
    0.3980478346347809,
    0.39197561144828796,
    0.4082142412662506,
    0.4099563658237457,
    0.43596139550209045,
    0.45230236649513245,
    0.4906184673309326,
    0.475269079208374,
    0.4230928122997284,
    0.4056195020675659,
    0.35076987743377686,
    0.40164563059806824,
    0.44295015931129456,
    0.4057115614414215,
    0.4289572536945343,
    0.4436585605144501,
    0.418536901473999,
    0.41804197430610657,
    0.4025228023529053,
    0.40734997391700745,
    0.44299376010894775,
    0.4787490665912628,
    0.4826979637145996,
    0.41769370436668396,
    0.42912212014198303,
    0.3780510127544403,
    0.39185476303100586,
    0.40117451548576355,
    0.40763774514198303,
    0.426245778799057,
    0.4310966730117798,
    0.4149037301540375,
    0.41692236065864563,
    0.4145178496837616,
    0.40267324447631836,
    0.41188135743141174,
    0.41573095321655273,
    0.41590461134910583,
    0.42146432399749756,
    0.4161520004272461,
    0.4025517404079437,
    0.42926421761512756,
    0.430490106344223,
    0.3978278338909149,
    0.40278616547584534,
    0.38928768038749695,
    0.34888291358947754,
    0.3378548324108124,
    0.37197259068489075,
    0.3956012725830078,
    0.4427855908870697,
    0.46195363998413086,
    0.4620303809642792,
    0.4945739209651947,
    0.47515788674354553,
    0.44455814361572266,
    0.42429685592651367,
    0.393595814704895,
    0.3438023626804352,
    0.3653275966644287,
    0.378032922744751,
    0.36473479866981506,
    0.40283846855163574,
    0.42298516631126404,
    0.45272722840309143,
    0.5043359398841858,
    0.5200386047363281,
    0.49720504879951477
  ],
  "all_framewise_lpips": [
    0.9703571200370789,
    0.9267966747283936,
    0.9373594522476196,
    0.9745235443115234,
    0.9699738621711731,
    0.964106559753418,
    0.9524090886116028,
    0.9307568073272705,
    0.932816207408905,
    0.9459457397460938,
    0.9194167852401733,
    0.9130253791809082,
    0.940185546875,
    0.920331597328186,
    0.9193376302719116,
    0.9322633147239685,
    0.9351925253868103,
    0.9207916855812073,
    0.9323593378067017,
    0.9191180467605591,
    0.9250885844230652,
    0.9137638807296753,
    0.9181112051010132,
    0.9288898706436157,
    0.9459715485572815,
    0.9261503219604492,
    0.9261474013328552,
    0.9381372332572937,
    0.9250286817550659,
    0.9328402280807495,
    0.9497664570808411,
    0.935513973236084,
    0.9298202395439148,
    0.9138258695602417,
    0.8991619348526001,
    0.9191893339157104,
    0.9083353281021118,
    0.9026410579681396,
    0.8874247074127197,
    0.8903306722640991,
    0.9029386043548584,
    0.9089597463607788,
    0.9226490259170532,
    0.9008952379226685,
    0.9323954582214355,
    0.9565008282661438,
    0.9266350269317627,
    0.8876586556434631,
    0.9525467157363892,
    0.9676389098167419,
    0.9445433616638184,
    0.9314724802970886,
    0.8987890481948853,
    0.8684984445571899,
    0.8695858716964722,
    0.9214204549789429,
    0.9243519306182861,
    0.9802919030189514,
    0.980380654335022,
    0.9665314555168152,
    0.9689240455627441,
    0.948649525642395,
    0.94429612159729,
    0.9478811025619507,
    0.9317165017127991,
    0.9266974329948425,
    0.9377859234809875,
    0.9269186854362488,
    0.9216113090515137,
    0.9339006543159485,
    0.9380872845649719,
    0.9215304851531982,
    0.9304802417755127,
    0.9126726388931274,
    0.9197273254394531,
    0.9349193572998047,
    0.9264868497848511,
    0.9149848222732544,
    0.9469962120056152,
    0.9630700945854187,
    0.9620844721794128,
    0.9480469822883606,
    0.9167768359184265,
    0.8937274217605591,
    0.9241455793380737,
    0.8942343592643738,
    0.8981517553329468,
    0.9352239966392517,
    0.9254647493362427,
    0.9419728517532349,
    0.9862627387046814,
    0.9598175287246704,
    0.9566604495048523,
    0.9713232517242432,
    0.9353050589561462,
    0.9216530919075012,
    0.9350167512893677,
    0.9027923941612244,
    0.8664034008979797,
    0.8917278051376343
  ]
}