{
  "n_frames": 100,
  "scenewise_psnr": 24.960684946184394,
  "scenewise_ssim": 0.7654337480657318,
  "scenewise_lpips": 0.5815142765641212,
  "all_framewise_psnrs": [
    26.9625972379297,
    27.089795140114354,
    26.864744849987527,
    26.134180045457814,
    25.104326480921756,
    24.666781789175825,
    26.047757016132977,
    26.017999653588543,
    25.468624664337298,
    25.876924444079595,
    23.87513921984293,
    25.73710975819905,
    25.55810175613116,
    24.58082615990424,
    27.024928435869676,
    27.383043063575027,
    27.200009269467603,
    24.282768280787362,
    24.110089688955448,
    20.49845958754023,
    24.005310405817994,
    21.058528201754314,
    24.41581850162929,
    23.88311459869506,
    23.41501940714378,
    23.551318359898712,
    23.134752455197066,
    22.646727531532996,
    23.214664855025863,
    21.140356937319314,
    23.712267812380233,
    25.927077875487488,
    25.864270440817997,
    25.75269229138746,
    26.546482537435804,
    25.71754608298011,
    23.51692856401292,
    24.363953070103914,
    24.187573621820174,
    22.911164416253314,
    23.967030671921638,
    25.284861682029348,
    24.834188739620224,
    26.71496526384005,
    27.75499598492509,
    26.62351742943251,
    25.697927446508714,
    24.437687438901197,
    24.647279855141626,
    25.655030008017228,
    27.845414295589357,
    25.65309997104192,
    25.67000351641173,
    25.350710447460948,
    25.088194614872066,
    26.380042767643992,
    26.203666267738413,
    25.764369378875713,
    25.00709812135966,
    25.50890697973148,
    25.774206871974204,
    25.85645539125403,
    25.60307333922404,
    25.26327276173602,
    24.750914489509963,
    24.72755258463185,
    24.47279621002679,
    24.121382591791964,
    23.668828536375276,
    23.427155029007388,
    24.096405814145182,
    24.43538894220023,
    24.320400128495034,
    24.313891357780804,
    24.417585400611,
    24.620704572614322,
    25.04769356094663,
    25.662159841688556,
    25.91776872497143,
    26.591009295315267,
    26.190396852707497,
    26.01177297321408,
    25.277097178815744,
    25.354946190656477,
    25.771579553080063,
    26.13928941952945,
    26.42476487712621,
    26.331737170657693,
    26.375312908165615,
    26.64445252378838,
    26.863311630978387,
    27.448063808306653,
    27.471795909399393,
    27.746642394884574,
    27.08967511118079,
    25.81325481432677,
    26.39112766535245,
    26.795951754359702,
    23.236603944391682,
    22.503367432195255
  ],
  "all_framewise_ssim": [
    0.7095962166786194,
    0.7245561480522156,
    0.7175009250640869,
    0.6883720755577087,
    0.6963975429534912,
    0.6966850161552429,
    0.694117546081543,
    0.7055502533912659,
    0.686861515045166,
    0.6936250329017639,
    0.6740949749946594,
    0.7045554518699646,
    0.7313499450683594,
    0.7677000164985657,
    0.7754961848258972,
    0.7676916718482971,
    0.7682225108146667,
    0.7275726199150085,
    0.6984803080558777,
    0.6819836497306824,
    0.7073407173156738,
    0.6485629677772522,
    0.6820620894432068,
    0.6925953030586243,
    0.7096861004829407,
    0.7095062136650085,
    0.7281830906867981,
    0.7017270922660828,
    0.69915372133255,
    0.7306718826293945,
    0.7584717273712158,
    0.782825231552124,
    0.7646405696868896,
    0.7760255932807922,
    0.838659942150116,
    0.82065749168396,
    0.7606541514396667,
    0.7480384707450867,
    0.755224883556366,
    0.7621375918388367,
    0.768042802810669,
    0.7833474278450012,
    0.775892972946167,
    0.8279716968536377,
    0.8380268216133118,
    0.8273980021476746,
    0.7994415163993835,
    0.776138961315155,
    0.7658658623695374,
    0.8184341788291931,
    0.8250916600227356,
    0.7626919150352478,
    0.7412514686584473,
    0.7407791614532471,
    0.7553378939628601,
    0.7569544911384583,
    0.7440118789672852,
    0.714418888092041,
    0.7192034721374512,
    0.7459267973899841,
    0.7504114508628845,
    0.7609416842460632,
    0.7521136403083801,
    0.7387979626655579,
    0.7445655465126038,
    0.7509584426879883,
    0.7407433390617371,
    0.7439677715301514,
    0.7385899424552917,
    0.7379845976829529,
    0.7502281069755554,
    0.7785671353340149,
    0.7742042541503906,
    0.7929220795631409,
    0.8048501014709473,
    0.7885453104972839,
    0.8024945855140686,
    0.8190303444862366,
    0.8121656775474548,
    0.8296861052513123,
    0.8240893483161926,
    0.8021245002746582,
    0.8127524256706238,
    0.8059949278831482,
    0.8011091351509094,
    0.8227152824401855,
    0.8316421508789062,
    0.8120169043540955,
    0.8342370390892029,
    0.8312575817108154,
    0.8116233944892883,
    0.8446879386901855,
    0.8506770133972168,
    0.8242993354797363,
    0.8384780287742615,
    0.8203570246696472,
    0.7854352593421936,
    0.8115622401237488,
    0.7814359664916992,
    0.7662476897239685
  ],
  "all_framewise_lpips": [
    0.6343210935592651,
    0.611449658870697,
    0.6054591536521912,
    0.6177418828010559,
    0.6022133231163025,
    0.607994556427002,
    0.631395161151886,
    0.6189028024673462,
    0.6018088459968567,
    0.5955179929733276,
    0.6026661396026611,
    0.6201654672622681,
    0.6250521540641785,
    0.6022880673408508,
    0.5968153476715088,
    0.6188135147094727,
    0.5976511836051941,
    0.6103275418281555,
    0.6267978549003601,
    0.6023528575897217,
    0.5537998676300049,
    0.6255476474761963,
    0.5777872800827026,
    0.5718132257461548,
    0.6403016448020935,
    0.6081821918487549,
    0.5739790201187134,
    0.6199376583099365,
    0.6178727746009827,
    0.586943507194519,
    0.5722335577011108,
    0.5635710954666138,
    0.5573855042457581,
    0.5658376216888428,
    0.5176195502281189,
    0.548477292060852,
    0.5991702675819397,
    0.598190188407898,
    0.5916164517402649,
    0.6053599715232849,
    0.5990317463874817,
    0.5954899787902832,
    0.6191229820251465,
    0.5762209892272949,
    0.5868691205978394,
    0.6230844855308533,
    0.5980892777442932,
    0.5971160531044006,
    0.6260232925415039,
    0.5600789189338684,
    0.5860763192176819,
    0.6349923014640808,
    0.6102241277694702,
    0.6072726845741272,
    0.6161715984344482,
    0.5933277010917664,
    0.6017938852310181,
    0.6400396823883057,
    0.6134366989135742,
    0.5952677726745605,
    0.5998740792274475,
    0.576647162437439,
    0.5842642784118652,
    0.5994713306427002,
    0.5836882591247559,
    0.5809985995292664,
    0.6004399061203003,
    0.5727949738502502,
    0.5672914385795593,
    0.5763856768608093,
    0.5675797462463379,
    0.5307647585868835,
    0.5662083625793457,
    0.4999462068080902,
    0.5148773193359375,
    0.5633443593978882,
    0.5456058979034424,
    0.5553109645843506,
    0.5900998115539551,
    0.5424012541770935,
    0.5276492834091187,
    0.5611413717269897,
    0.5258324146270752,
    0.5183026790618896,
    0.5403332710266113,
    0.5086203217506409,
    0.5100457668304443,
    0.5577061176300049,
    0.5223692059516907,
    0.5310804843902588,
    0.5695464015007019,
    0.5246645212173462,
    0.5239464044570923,
    0.5780503153800964,
    0.5366352200508118,
    0.5393306612968445,
    0.6011990904808044,
    0.5643874406814575,
    0.5806145668029785,
    0.5068871974945068
  ]
}