{
  "n_frames": 100,
  "scenewise_psnr": 18.307487713984536,
  "scenewise_ssim": 0.48972521751096565,
  "scenewise_lpips": 0.7383500123023987,
  "all_framewise_psnrs": [
    19.20818682765968,
    18.43958754793923,
    18.39392741749089,
    18.79582861537707,
    20.06372827174421,
    19.7193275715811,
    18.470531538536203,
    18.81804286949247,
    18.314497929805654,
    18.083821274570752,
    17.7551195432992,
    17.53888766498942,
    17.348548033778584,
    18.110703429110476,
    17.97106912997943,
    17.979350501750584,
    18.617259561926545,
    18.66314936830082,
    18.369007986174257,
    18.48144250432105,
    19.1877406295967,
    18.912116947510597,
    18.249426147060447,
    18.44096044337188,
    18.172970951512614,
    18.00063730536871,
    17.629926238171436,
    18.299696582115004,
    18.38127499124248,
    18.92227752207692,
    18.389109597769494,
    18.969969135438955,
    18.973437497781003,
    19.37434967601868,
    19.57882893980792,
    19.281602076302505,
    18.87180397416045,
    18.34488549470407,
    19.577826544754654,
    19.49140537978729,
    19.077300511102674,
    19.13123693853236,
    19.639714203116117,
    19.115490798460904,
    19.232505012531693,
    19.16348830468031,
    18.833326430261643,
    17.864568827781003,
    19.260035128543024,
    18.603254283971133,
    18.979510127616987,
    18.518287110759502,
    19.70400377489875,
    19.435769385830238,
    19.190283929473306,
    18.678814836885092,
    18.808161096985067,
    17.605238647074138,
    17.65310915100971,
    17.792975623653064,
    18.42281856030934,
    18.690032787171234,
    18.269416106354896,
    16.827851643133624,
    17.99462190091315,
    17.415818339622902,
    16.74612022786911,
    16.71008975897392,
    16.7770606425214,
    17.05672134958521,
    16.665820116289705,
    16.947556244801213,
    17.974813025639282,
    18.553992764582283,
    17.63577925082946,
    17.668947959981576,
    17.829601706656202,
    18.071151270186775,
    18.463198655413933,
    18.529821661858122,
    17.9665078783743,
    17.783530881085785,
    17.07945255015361,
    17.380708193568964,
    17.156468492977467,
    17.41097345170216,
    17.397363587387087,
    17.527128669831704,
    17.946129793085973,
    18.30904142606809,
    18.643224110720674,
    18.9256069254878,
    18.29005149021189,
    19.203967914928647,
    20.276145989285162,
    19.570432636851844,
    17.816874685282098,
    18.128151199882176,
    18.234062604441498,
    19.36277795150994
  ],
  "all_framewise_ssim": [
    0.5967732071876526,
    0.5967417359352112,
    0.5586640238761902,
    0.5346950888633728,
    0.5307050347328186,
    0.5126383900642395,
    0.48765572905540466,
    0.4892054796218872,
    0.4540874660015106,
    0.41608428955078125,
    0.4451044499874115,
    0.44857823848724365,
    0.42060399055480957,
    0.4104095995426178,
    0.421810507774353,
    0.4313614070415497,
    0.4558674395084381,
    0.4450685977935791,
    0.41369497776031494,
    0.4375756084918976,
    0.4654703438282013,
    0.47844815254211426,
    0.45362773537635803,
    0.42541733384132385,
    0.4182649552822113,
    0.42290082573890686,
    0.4209921061992645,
    0.42766404151916504,
    0.44275805354118347,
    0.4712317883968353,
    0.4514854848384857,
    0.45438647270202637,
    0.4843416213989258,
    0.5058203935623169,
    0.542367696762085,
    0.5240698456764221,
    0.49533963203430176,
    0.4568244516849518,
    0.45691075921058655,
    0.4992348849773407,
    0.4705571234226227,
    0.4815278947353363,
    0.4730508625507355,
    0.4391404092311859,
    0.43326735496520996,
    0.42503562569618225,
    0.4544459283351898,
    0.43351462483406067,
    0.5584202408790588,
    0.5794971585273743,
    0.5834831595420837,
    0.5745189189910889,
    0.606066882610321,
    0.591012179851532,
    0.572407066822052,
    0.583841860294342,
    0.5702252984046936,
    0.5426800847053528,
    0.5433316230773926,
    0.5392915606498718,
    0.5388960242271423,
    0.5619246363639832,
    0.5431300401687622,
    0.5277559757232666,
    0.527981162071228,
    0.5252136588096619,
    0.5138102769851685,
    0.5181166529655457,
    0.4998617172241211,
    0.4700007736682892,
    0.4264470040798187,
    0.46338725090026855,
    0.565079927444458,
    0.5997311472892761,
    0.5607800483703613,
    0.5330069065093994,
    0.510456919670105,
    0.49545320868492126,
    0.4921541213989258,
    0.4870023727416992,
    0.4640074670314789,
    0.43480929732322693,
    0.3941973149776459,
    0.3745245635509491,
    0.3604271113872528,
    0.390918105840683,
    0.4399808347225189,
    0.4708777368068695,
    0.44316592812538147,
    0.46562471985816956,
    0.5210828185081482,
    0.5355417132377625,
    0.5153999924659729,
    0.5680458545684814,
    0.6118960976600647,
    0.4557408094406128,
    0.3921262323856354,
    0.4155336320400238,
    0.42934057116508484,
    0.4913564622402191
  ],
  "all_framewise_lpips": [
    0.6379625797271729,
    0.6317608952522278,
    0.6574020981788635,
    0.6626970767974854,
    0.6726438999176025,
    0.7037737369537354,
    0.7366558909416199,
    0.7465457916259766,
    0.777020275592804,
    0.8333805799484253,
    0.8177663087844849,
    0.8143985271453857,
    0.813643753528595,
    0.8132399916648865,
    0.7912828326225281,
    0.7778205275535583,
    0.7603126168251038,
    0.781754195690155,
    0.7987650632858276,
    0.7683917880058289,
    0.7430870532989502,
    0.7517791390419006,
    0.7807192206382751,
    0.7872295379638672,
    0.7854256629943848,
    0.7638108134269714,
    0.7603352069854736,
    0.7570769786834717,
    0.7571591138839722,
    0.7476451396942139,
    0.7680561542510986,
    0.7595717310905457,
    0.7338067293167114,
    0.7251564264297485,
    0.7008966207504272,
    0.7223777770996094,
    0.7334288358688354,
    0.7657527923583984,
    0.7635608911514282,
    0.8040837645530701,
    0.7759095430374146,
    0.7398465275764465,
    0.7364382147789001,
    0.776226282119751,
    0.7915900349617004,
    0.8018234968185425,
    0.7434861660003662,
    0.7430146336555481,
    0.6728129386901855,
    0.6539051532745361,
    0.6490796804428101,
    0.6493581533432007,
    0.6345813870429993,
    0.6635808944702148,
    0.6961715221405029,
    0.6891257762908936,
    0.7144558429718018,
    0.7028775811195374,
    0.6880388259887695,
    0.6944037675857544,
    0.6921112537384033,
    0.6778615117073059,
    0.6854905486106873,
    0.7290443778038025,
    0.7341313362121582,
    0.7173305153846741,
    0.7070134878158569,
    0.7057896852493286,
    0.7302134037017822,
    0.7420748472213745,
    0.7812595367431641,
    0.7660003900527954,
    0.6880005598068237,
    0.6773129105567932,
    0.7060195803642273,
    0.7465945482254028,
    0.7683999538421631,
    0.7616158127784729,
    0.7529913187026978,
    0.7452925443649292,
    0.7813562750816345,
    0.8059695959091187,
    0.7927559614181519,
    0.8049829006195068,
    0.8289101123809814,
    0.766710638999939,
    0.7235738039016724,
    0.7101876735687256,
    0.7128989696502686,
    0.7429471015930176,
    0.7292944192886353,
    0.7182238101959229,
    0.7232028245925903,
    0.6728529930114746,
    0.6488207578659058,
    0.7299477458000183,
    0.8127948641777039,
    0.787142813205719,
    0.7809430956840515,
    0.7220323085784912
  ]
}