{
  "n_frames": 100,
  "scenewise_psnr": 17.02823358886313,
  "scenewise_ssim": 0.6268218177038847,
  "scenewise_lpips": 0.38654089242219924,
  "all_framewise_psnrs": [
    21.46726921487355,
    21.623094131583326,
    21.540184471531546,
    21.821052266537535,
    17.753364367245023,
    18.744123540120757,
    20.84761156845909,
    21.88367543433595,
    12.549570535632231,
    10.807404484105355,
    10.511540408238648,
    10.352833459991228,
    11.765887259474198,
    13.458844847629706,
    13.638862529221836,
    13.381627273801858,
    13.636681366594658,
    16.380540161049563,
    18.272408639845967,
    19.237494162651593,
    20.287469452295298,
    20.66901979825838,
    21.149624334483285,
    22.23253137006261,
    21.878742878679258,
    20.728649631109302,
    18.212118958536653,
    17.338821668693644,
    17.716025974173228,
    18.30417556874082,
    17.942194458443485,
    17.984137834655147,
    19.63738294134274,
    18.318478370831095,
    16.916909459283737,
    17.236641443932164,
    18.310482209143164,
    20.033833457171795,
    21.294152300943495,
    21.013075675850217,
    19.683012662550713,
    19.21960513126359,
    17.14445901668911,
    18.87561281697894,
    19.23505567816973,
    16.863935548660265,
    16.51883095297211,
    15.546615352191921,
    15.882227847133105,
    16.107636377482827,
    15.854205559393435,
    15.460633180664296,
    14.848513987802086,
    14.789229874602691,
    14.65323050566034,
    14.671072958983038,
    14.222230361177399,
    14.17397374071616,
    18.20578727743806,
    19.67267937635395,
    19.883138053933724,
    19.12390215252673,
    18.88628161128109,
    21.428936226977797,
    17.54734038308984,
    16.964160811056306,
    16.28783781120339,
    15.069574426833936,
    14.587875762187096,
    14.270186236070082,
    14.05327660943051,
    17.993865464013965,
    19.230705902565386,
    19.277649642442473,
    18.62330235864497,
    17.984201911625494,
    18.73492306480403,
    21.038747182180447,
    21.72728638396783,
    20.41409205573845,
    19.08181647880443,
    19.007329990803132,
    19.19139715464103,
    19.201489282680072,
    19.74608797815005,
    18.466753436721472,
    19.107253771607212,
    19.437143124859585,
    19.645373386168004,
    19.226991772097286,
    19.056772735087144,
    18.831546513281992,
    18.502266812354996,
    20.724524830629576,
    21.722161677894928,
    22.1773546341962,
    21.13843670007633,
    22.008546016026983,
    19.838952450307406,
    19.731771060650097
  ],
  "all_framewise_ssim": [
    0.6310720443725586,
    0.6147991418838501,
    0.595366895198822,
    0.5423608422279358,
    0.5468500256538391,
    0.6812508702278137,
    0.7032648921012878,
    0.7476565837860107,
    0.4788355529308319,
    0.3452678620815277,
    0.34268906712532043,
    0.3358858823776245,
    0.4435494840145111,
    0.514461100101471,
    0.5265492796897888,
    0.532835066318512,
    0.534512996673584,
    0.5648789405822754,
    0.6493861079216003,
    0.6918047070503235,
    0.7113563418388367,
    0.7174324989318848,
    0.746236264705658,
    0.7660135626792908,
    0.7853639721870422,
    0.789668083190918,
    0.7597467303276062,
    0.7338972091674805,
    0.6949844360351562,
    0.6855500340461731,
    0.7121427655220032,
    0.7433766722679138,
    0.7587816715240479,
    0.7186458706855774,
    0.697626531124115,
    0.6853135228157043,
    0.7107858657836914,
    0.7377602458000183,
    0.7410375475883484,
    0.7517902851104736,
    0.7420559525489807,
    0.7539589405059814,
    0.7026680111885071,
    0.7159690260887146,
    0.7362605929374695,
    0.5280976295471191,
    0.5020374655723572,
    0.48878684639930725,
    0.524198055267334,
    0.5534312725067139,
    0.5336110591888428,
    0.5176502466201782,
    0.4935254156589508,
    0.5104207992553711,
    0.5092194676399231,
    0.5023657083511353,
    0.48017314076423645,
    0.471525639295578,
    0.6678486466407776,
    0.688693106174469,
    0.6756554245948792,
    0.6835303902626038,
    0.6798669695854187,
    0.7080349922180176,
    0.6411714553833008,
    0.6027460694313049,
    0.5623396039009094,
    0.502080500125885,
    0.5070514678955078,
    0.5065914392471313,
    0.47916853427886963,
    0.5436699986457825,
    0.5540165901184082,
    0.5727940797805786,
    0.5960083603858948,
    0.576640784740448,
    0.578838050365448,
    0.6032505035400391,
    0.6366918683052063,
    0.6446681618690491,
    0.6203709244728088,
    0.5940988659858704,
    0.5698821544647217,
    0.5512722134590149,
    0.6051173210144043,
    0.5786029696464539,
    0.6174150109291077,
    0.6259613633155823,
    0.6061537861824036,
    0.5882566571235657,
    0.5824966430664062,
    0.5800755023956299,
    0.5808486342430115,
    0.6746940612792969,
    0.7321804165840149,
    0.746810257434845,
    0.7354943156242371,
    0.7594994902610779,
    0.7481341361999512,
    0.7321226000785828
  ],
  "all_framewise_lpips": [
    0.3984007239341736,
    0.4175003170967102,
    0.43409183621406555,
    0.49200889468193054,
    0.45318031311035156,
    0.3196403682231903,
    0.2840489447116852,
    0.258463054895401,
    0.3114336133003235,
    0.3749327063560486,
    0.38074907660484314,
    0.40150630474090576,
    0.39340412616729736,
    0.3598288297653198,
    0.3328946828842163,
    0.31885677576065063,
    0.30745819211006165,
    0.28133273124694824,
    0.26447904109954834,
    0.2773517370223999,
    0.2660050392150879,
    0.26978200674057007,
    0.2618207633495331,
    0.26368284225463867,
    0.2719360589981079,
    0.2717718183994293,
    0.2999851405620575,
    0.30186671018600464,
    0.3023700714111328,
    0.2964949607849121,
    0.2902485728263855,
    0.2934732139110565,
    0.32048895955085754,
    0.35844820737838745,
    0.35798177123069763,
    0.36955177783966064,
    0.35880246758461,
    0.34665605425834656,
    0.3409523367881775,
    0.34415939450263977,
    0.3339517414569855,
    0.32854071259498596,
    0.3404081463813782,
    0.35582995414733887,
    0.33067432045936584,
    0.4666343331336975,
    0.4863589107990265,
    0.506344735622406,
    0.4919995665550232,
    0.47713324427604675,
    0.4538564085960388,
    0.4650425314903259,
    0.48762601613998413,
    0.4787328839302063,
    0.47804534435272217,
    0.48587566614151,
    0.47688040137290955,
    0.49610546231269836,
    0.3824690282344818,
    0.35994502902030945,
    0.3477620482444763,
    0.30823493003845215,
    0.3204403817653656,
    0.32633155584335327,
    0.39527714252471924,
    0.4052146077156067,
    0.4354538023471832,
    0.5020340085029602,
    0.5007421374320984,
    0.5031325817108154,
    0.5038777589797974,
    0.4676494598388672,
    0.477378785610199,
    0.47304391860961914,
    0.46274784207344055,
    0.4813597798347473,
    0.47926729917526245,
    0.473901629447937,
    0.45132315158843994,
    0.4210115075111389,
    0.4180172383785248,
    0.43111875653266907,
    0.4546011686325073,
    0.48764491081237793,
    0.5477773547172546,
    0.4859810173511505,
    0.43067091703414917,
    0.4073222279548645,
    0.419482946395874,
    0.4369320571422577,
    0.44034355878829956,
    0.3851716220378876,
    0.39499470591545105,
    0.32533594965934753,
    0.30844762921333313,
    0.318077951669693,
    0.32279932498931885,
    0.31412479281425476,
    0.3230697214603424,
    0.335496187210083
  ]
}