{
  "n_frames": 100,
  "scenewise_psnr": 17.803249155627547,
  "scenewise_ssim": 0.444585666377062,
  "scenewise_lpips": 0.776364631652832,
  "all_framewise_psnrs": [
    16.795925353932887,
    16.734859933968497,
    16.715713096347734,
    16.556721588682716,
    16.68743577783476,
    16.609636443212278,
    16.43904683251707,
    16.813048309125282,
    16.353853291612673,
    16.817635937100654,
    16.97861891617189,
    17.101162829179014,
    16.39764080398676,
    16.16779109983931,
    15.916075752512109,
    16.71957904541562,
    17.41605169060196,
    17.288966259188634,
    17.107852115725194,
    17.698503694628858,
    18.1846918193542,
    17.010729934439333,
    17.284142162099997,
    17.356767354251105,
    17.041800330238686,
    17.188035385461056,
    17.01988876615928,
    17.62440128337555,
    18.00594033821129,
    18.194752420417544,
    17.543985444487802,
    17.535714908504115,
    16.85002400079654,
    17.10157451221926,
    17.512647235953004,
    18.026320271831384,
    18.078492766152543,
    17.54895395652836,
    17.697508130912574,
    17.9975372500912,
    18.2661898382511,
    17.848193386749106,
    18.393221627915644,
    18.504491125723,
    18.56817577201501,
    18.700947784704105,
    19.314213021504514,
    19.218852932692585,
    18.608226221291574,
    18.891572581539393,
    18.376802382864277,
    18.565315405641673,
    18.85197682569491,
    18.019431391865176,
    17.683438027798662,
    17.69562903721448,
    17.517753570531454,
    18.0299127124826,
    18.53310882685498,
    17.967031613799254,
    17.948060468707887,
    18.963771542955502,
    17.40859156205532,
    17.170525094898967,
    17.91795879816238,
    18.182370663842796,
    18.276890293803596,
    18.079216007232283,
    16.57852152728544,
    18.775059418067926,
    18.95434164464549,
    19.67991929970073,
    17.383548230000844,
    17.332097267905063,
    18.808833120251805,
    18.51661935431532,
    18.64857033993311,
    17.572129309645085,
    16.560358374050004,
    17.16248802259488,
    17.026278135563274,
    18.807900431595844,
    18.68783130861635,
    18.941465258616535,
    18.079617051229462,
    18.022718486383884,
    17.772034772083742,
    17.61371795705703,
    18.275429340196524,
    18.652843702807914,
    20.047609996105102,
    19.71321799086244,
    20.042788156957858,
    19.42264540992234,
    19.521768290341313,
    18.842221482950634,
    18.63165930525589,
    19.18126042415352,
    19.844687424030838,
    19.807870760326583
  ],
  "all_framewise_ssim": [
    0.42336997389793396,
    0.40264037251472473,
    0.3923814296722412,
    0.3801518976688385,
    0.37180742621421814,
    0.38029107451438904,
    0.37186217308044434,
    0.3789045512676239,
    0.37583425641059875,
    0.3840852975845337,
    0.39712151885032654,
    0.40229687094688416,
    0.37832602858543396,
    0.3763270378112793,
    0.35591062903404236,
    0.38761529326438904,
    0.41136571764945984,
    0.3939525783061981,
    0.38376834988594055,
    0.39104363322257996,
    0.39437294006347656,
    0.38390079140663147,
    0.3724827766418457,
    0.37323546409606934,
    0.3752952814102173,
    0.376956582069397,
    0.3946444094181061,
    0.4034384787082672,
    0.4042228162288666,
    0.40739408135414124,
    0.39489448070526123,
    0.39671000838279724,
    0.3540128171443939,
    0.36214104294776917,
    0.37795913219451904,
    0.3945724070072174,
    0.3897441625595093,
    0.38224276900291443,
    0.392781138420105,
    0.38223233819007874,
    0.40969380736351013,
    0.429067999124527,
    0.4799262583255768,
    0.5165908336639404,
    0.5165309906005859,
    0.5172625184059143,
    0.5504768490791321,
    0.5487391352653503,
    0.5367960333824158,
    0.5569067597389221,
    0.5443060398101807,
    0.5282642245292664,
    0.5343363285064697,
    0.48937320709228516,
    0.4817682206630707,
    0.5299267768859863,
    0.5164851546287537,
    0.5379165410995483,
    0.5329034924507141,
    0.5085006952285767,
    0.49302592873573303,
    0.511021077632904,
    0.4724871814250946,
    0.465578556060791,
    0.5162959694862366,
    0.505337655544281,
    0.49672818183898926,
    0.43922391533851624,
    0.4576577842235565,
    0.531544029712677,
    0.5333871841430664,
    0.5307562351226807,
    0.43843507766723633,
    0.4382435381412506,
    0.49266132712364197,
    0.45749905705451965,
    0.4724803864955902,
    0.43478503823280334,
    0.42236876487731934,
    0.4560544192790985,
    0.460538774728775,
    0.46055397391319275,
    0.46364322304725647,
    0.46368029713630676,
    0.43031537532806396,
    0.4543429911136627,
    0.4246104657649994,
    0.3777545988559723,
    0.4083397686481476,
    0.48436978459358215,
    0.4800470769405365,
    0.48855921626091003,
    0.4960085451602936,
    0.4576200544834137,
    0.4437094032764435,
    0.4213537871837616,
    0.39690470695495605,
    0.47794294357299805,
    0.4354168474674225,
    0.4952307939529419
  ],
  "all_framewise_lpips": [
    0.7837505340576172,
    0.7844602465629578,
    0.8029669523239136,
    0.8303729891777039,
    0.8220897912979126,
    0.8148089647293091,
    0.8244817852973938,
    0.8096171617507935,
    0.7973883748054504,
    0.8072013258934021,
    0.799418032169342,
    0.8111833930015564,
    0.8356475830078125,
    0.8292407989501953,
    0.8416919112205505,
    0.8069272041320801,
    0.791156530380249,
    0.8111804127693176,
    0.8763440847396851,
    0.881772518157959,
    0.8408315777778625,
    0.8459277153015137,
    0.8650169372558594,
    0.854451596736908,
    0.8457183837890625,
    0.8245077133178711,
    0.8164975047111511,
    0.8057618737220764,
    0.8546186089515686,
    0.8584927916526794,
    0.846057116985321,
    0.781035840511322,
    0.8334636688232422,
    0.8211027383804321,
    0.7865864634513855,
    0.7769474387168884,
    0.8181800246238708,
    0.8096503019332886,
    0.7818012833595276,
    0.8139714002609253,
    0.7760002613067627,
    0.737201988697052,
    0.7362955212593079,
    0.7189497947692871,
    0.6974000334739685,
    0.713460385799408,
    0.6886756420135498,
    0.7077447772026062,
    0.6919609904289246,
    0.676185131072998,
    0.7058941125869751,
    0.7263410091400146,
    0.7027292847633362,
    0.7460574507713318,
    0.7254806756973267,
    0.6660893559455872,
    0.6978681683540344,
    0.6773464679718018,
    0.7013005018234253,
    0.7392677068710327,
    0.7560083866119385,
    0.7221503853797913,
    0.7257895469665527,
    0.7454302906990051,
    0.7053643465042114,
    0.7240208983421326,
    0.6962547302246094,
    0.7332419157028198,
    0.7293254137039185,
    0.7450669407844543,
    0.7377265095710754,
    0.7254477739334106,
    0.778705894947052,
    0.7530499696731567,
    0.6899811625480652,
    0.7570702433586121,
    0.7417907118797302,
    0.7684116959571838,
    0.7537472248077393,
    0.7272474765777588,
    0.733548104763031,
    0.8173749446868896,
    0.8131228685379028,
    0.7959606647491455,
    0.7845558524131775,
    0.7550493478775024,
    0.7543289661407471,
    0.8117068409919739,
    0.7845420241355896,
    0.7708622217178345,
    0.8243383169174194,
    0.814228892326355,
    0.8103941679000854,
    0.8226606845855713,
    0.8031913042068481,
    0.7821407914161682,
    0.7894680500030518,
    0.7451526522636414,
    0.834500789642334,
    0.7989333271980286
  ]
}