{
  "n_frames": 100,
  "scenewise_psnr": 17.632690181029147,
  "scenewise_ssim": 0.592264651573359,
  "scenewise_lpips": 0.49776265263557434,
  "all_framewise_psnrs": [
    14.628322579132186,
    16.28613376509795,
    14.155440618676575,
    13.48094193472269,
    14.50124517935878,
    18.079856447701783,
    15.4700914350072,
    16.26122512649678,
    16.628034467710826,
    17.11805183650042,
    16.47671664825344,
    15.618653913854569,
    15.421326523709508,
    16.407116850848897,
    20.927525067071283,
    17.06203282851748,
    15.743919701863993,
    15.676702012074069,
    7.4297490738710135,
    17.047081285322964,
    19.337643950066806,
    20.774700097247592,
    21.437562763298214,
    19.881201335393783,
    19.90069328071608,
    19.056615517551414,
    21.172398485785617,
    22.308040294772162,
    22.648893032859448,
    20.30579739186181,
    21.42130125556145,
    20.937554511572827,
    17.79071331512852,
    15.385579457240357,
    14.193846908626496,
    14.728327050726573,
    16.03942571636568,
    15.144877024171858,
    13.231640803782053,
    12.923440932153557,
    14.371270898055045,
    17.97722612701078,
    18.25757676264536,
    16.942423669760473,
    17.05140364077719,
    19.17418886390235,
    19.013668739975365,
    19.765667459282852,
    20.666596678798914,
    20.035365606757512,
    20.70970942684724,
    21.40276339370819,
    21.10244676006658,
    20.62086516291563,
    22.02299934647177,
    20.906951728961403,
    19.506684315291373,
    18.52119435000075,
    21.89414416019104,
    22.112501044436467,
    22.060657437265014,
    19.36330153994884,
    19.350562288191423,
    20.504116780288353,
    22.719594920667397,
    22.469110115839612,
    22.193234901255714,
    21.424350601737867,
    20.729951427414143,
    19.730941829227383,
    18.702090561288603,
    19.272317247155566,
    20.247712964553827,
    20.619986124401855,
    20.759224325785087,
    21.636489645601166,
    22.35192075795333,
    21.21433704005526,
    19.43097944243569,
    17.826280490017602,
    17.992159886686835,
    19.69423791790642,
    20.420597827688802,
    19.91358693575777,
    19.48996545909936,
    19.361061624885377,
    18.77639275062904,
    19.350914771703263,
    19.304989252521118,
    20.53533584509391,
    21.067543051004876,
    20.879589127426748,
    20.07178913190294,
    18.419660453531336,
    17.194282436692973,
    16.054283853773754,
    15.419690301409952,
    19.96550566268852,
    20.314815624681057,
    21.255100963458162
  ],
  "all_framewise_ssim": [
    0.45867404341697693,
    0.5348844528198242,
    0.43598926067352295,
    0.38489851355552673,
    0.4917249381542206,
    0.6659476161003113,
    0.552791178226471,
    0.5149556994438171,
    0.49878907203674316,
    0.5120555758476257,
    0.5363857746124268,
    0.5620366930961609,
    0.5255920886993408,
    0.5116514563560486,
    0.6088694930076599,
    0.5444727540016174,
    0.5025599598884583,
    0.516233503818512,
    0.36876657605171204,
    0.46349263191223145,
    0.5112090110778809,
    0.5124844908714294,
    0.5098522305488586,
    0.4985429346561432,
    0.5268803238868713,
    0.5660919547080994,
    0.6150736212730408,
    0.638422966003418,
    0.6511152386665344,
    0.6185046434402466,
    0.6272321343421936,
    0.6506268382072449,
    0.625322163105011,
    0.5790224075317383,
    0.562547504901886,
    0.523756206035614,
    0.48902514576911926,
    0.4951061010360718,
    0.4190498888492584,
    0.3958594501018524,
    0.4090360105037689,
    0.6510778069496155,
    0.7153523564338684,
    0.6891326904296875,
    0.6551079154014587,
    0.6319364905357361,
    0.6220269799232483,
    0.6622945070266724,
    0.6558272242546082,
    0.5877099633216858,
    0.6456764340400696,
    0.6516404747962952,
    0.6391311287879944,
    0.6140069961547852,
    0.6352816820144653,
    0.605508029460907,
    0.6005825400352478,
    0.5796869397163391,
    0.6445013880729675,
    0.657118558883667,
    0.6564738154411316,
    0.6049886345863342,
    0.6124865412712097,
    0.6533282399177551,
    0.6649641990661621,
    0.653163731098175,
    0.6485810875892639,
    0.622999906539917,
    0.6146249771118164,
    0.6070898175239563,
    0.587933361530304,
    0.6086363196372986,
    0.5726293921470642,
    0.590038001537323,
    0.5834514498710632,
    0.5808885097503662,
    0.6150643229484558,
    0.6180768609046936,
    0.6113970279693604,
    0.5962064862251282,
    0.5991633534431458,
    0.6246265769004822,
    0.6425190567970276,
    0.6455495953559875,
    0.6145607829093933,
    0.6232791543006897,
    0.6151943206787109,
    0.6005842089653015,
    0.6576170921325684,
    0.6908717155456543,
    0.7075991034507751,
    0.7311765551567078,
    0.7061746120452881,
    0.6704750061035156,
    0.628296434879303,
    0.5391836762428284,
    0.5673630833625793,
    0.6297240853309631,
    0.6567534804344177,
    0.680166482925415
  ],
  "all_framewise_lpips": [
    0.5159714221954346,
    0.4997519254684448,
    0.5161374807357788,
    0.5409746766090393,
    0.4879194498062134,
    0.4793819189071655,
    0.5523679852485657,
    0.5683683753013611,
    0.5649587512016296,
    0.5563758015632629,
    0.5391603708267212,
    0.5867462158203125,
    0.6027756929397583,
    0.5656465888023376,
    0.5000866055488586,
    0.49763843417167664,
    0.5255456566810608,
    0.5481347441673279,
    0.8426750302314758,
    0.5260605812072754,
    0.5112781524658203,
    0.5034292936325073,
    0.5137552618980408,
    0.5460444688796997,
    0.5388617515563965,
    0.5231977701187134,
    0.5027480721473694,
    0.5075867176055908,
    0.49131110310554504,
    0.521895170211792,
    0.5327662229537964,
    0.5116927027702332,
    0.5441467761993408,
    0.5937860012054443,
    0.5779921412467957,
    0.571607232093811,
    0.5372867584228516,
    0.5296129584312439,
    0.5441594123840332,
    0.6302865147590637,
    0.6432186961174011,
    0.5393491387367249,
    0.5188300013542175,
    0.4781574606895447,
    0.46810591220855713,
    0.4332870543003082,
    0.4441930055618286,
    0.4580758213996887,
    0.5007238388061523,
    0.5404682755470276,
    0.5233005881309509,
    0.524590790271759,
    0.491744726896286,
    0.48066455125808716,
    0.44981616735458374,
    0.4629631042480469,
    0.4691019058227539,
    0.48179924488067627,
    0.47277453541755676,
    0.45333319902420044,
    0.4332530200481415,
    0.41812390089035034,
    0.4373179078102112,
    0.4149784445762634,
    0.46740058064460754,
    0.45652663707733154,
    0.46707502007484436,
    0.4860806465148926,
    0.4796285927295685,
    0.48131489753723145,
    0.4991132318973541,
    0.43096810579299927,
    0.46638280153274536,
    0.48099634051322937,
    0.49474626779556274,
    0.4991868734359741,
    0.4869382381439209,
    0.4860765039920807,
    0.4772641956806183,
    0.48551130294799805,
    0.48688042163848877,
    0.4789658784866333,
    0.4205385446548462,
    0.4161263108253479,
    0.41566604375839233,
    0.3953196704387665,
    0.43287748098373413,
    0.49588289856910706,
    0.4776500463485718,
    0.4670546352863312,
    0.45763400197029114,
    0.4301954507827759,
    0.440493643283844,
    0.44516679644584656,
    0.41661006212234497,
    0.4204026460647583,
    0.40132030844688416,
    0.4600249230861664,
    0.43797004222869873,
    0.4459817409515381
  ]
}