{
  "n_frames": 100,
  "scenewise_psnr": 22.33942576009088,
  "scenewise_ssim": 0.6048424800549945,
  "scenewise_lpips": 0.5320116654038429,
  "all_framewise_psnrs": [
    26.42005792243127,
    27.047089174899504,
    25.665016546497263,
    24.682456503007405,
    24.893991305474383,
    24.710481931914735,
    24.336862116422324,
    24.607456048399317,
    24.216169946268145,
    23.64568236054433,
    23.37464805170178,
    23.222454399444317,
    23.243343306405272,
    23.36620338449539,
    23.386925742887996,
    23.731317940464095,
    23.941301246762634,
    23.800037278952026,
    24.05341114173232,
    24.57219248308015,
    24.543937897699593,
    24.080697725363795,
    24.251316258614153,
    23.55168487729646,
    23.697182211700195,
    23.61973471899569,
    23.586432924968726,
    23.858117034718536,
    24.080641316429393,
    24.348697886294612,
    24.080671332101446,
    24.247643431280615,
    25.153910928920542,
    24.857911389443718,
    24.171949357767634,
    24.51414295834269,
    24.289409995471093,
    23.294484606572958,
    22.40839372365615,
    22.14917466700491,
    20.87255454307785,
    21.865077285350054,
    21.575076764610493,
    21.74565073653448,
    21.8823160521381,
    22.166776531802075,
    21.994212647045607,
    21.27795768586187,
    20.329474803306617,
    23.354710387248474,
    22.886385739819076,
    23.32494337361571,
    23.97264646982284,
    23.326890240243078,
    21.797103409192697,
    21.920808661319214,
    22.409020194825647,
    21.05380738426309,
    21.13222304608431,
    20.996071031963524,
    22.063226564806293,
    22.485948684679016,
    22.513094386268936,
    22.514670634960602,
    23.290128862615468,
    22.927789808598774,
    21.344982268340566,
    20.286373234010533,
    18.511690266419425,
    18.895758563047426,
    19.24868606062936,
    19.36798730460151,
    19.92917114246577,
    20.65536056273592,
    20.279083532728723,
    20.8787502185033,
    21.156236916746156,
    20.721871863049763,
    21.738776127550086,
    22.591462352134144,
    22.457120937943834,
    22.107351397653197,
    20.889045729338093,
    21.24310145446919,
    21.1712044468233,
    21.14862780861586,
    20.738564302528353,
    20.337094865600225,
    19.598751516330758,
    20.05810468351036,
    19.762301769449525,
    21.497590229302972,
    22.998765389306257,
    22.6878670694782,
    24.161940966106577,
    24.377508433192133,
    22.7921118996491,
    24.113629190704167,
    24.44182915070687,
    25.62078029280829
  ],
  "all_framewise_ssim": [
    0.741503894329071,
    0.7656769752502441,
    0.7296015620231628,
    0.6983680725097656,
    0.6834427714347839,
    0.6672323346138,
    0.6459292769432068,
    0.641568124294281,
    0.6258631348609924,
    0.5938198566436768,
    0.5973658561706543,
    0.5883603692054749,
    0.5729973912239075,
    0.5695146918296814,
    0.5759255886077881,
    0.5802187919616699,
    0.5985164046287537,
    0.5959616303443909,
    0.5795964598655701,
    0.6067256331443787,
    0.627531111240387,
    0.6232583522796631,
    0.6062908172607422,
    0.5696622729301453,
    0.5726799368858337,
    0.5802839994430542,
    0.5592925548553467,
    0.5542941689491272,
    0.5551837682723999,
    0.5813518166542053,
    0.5631868839263916,
    0.5572868585586548,
    0.5979504585266113,
    0.6193342804908752,
    0.6171080470085144,
    0.595984697341919,
    0.5729794502258301,
    0.5209968686103821,
    0.5049548745155334,
    0.5386587977409363,
    0.47789284586906433,
    0.5221578478813171,
    0.5047603249549866,
    0.4841814935207367,
    0.4812049865722656,
    0.48820579051971436,
    0.5015594363212585,
    0.48387864232063293,
    0.5848025679588318,
    0.6844099164009094,
    0.6808091998100281,
    0.679735004901886,
    0.7011070251464844,
    0.6950428485870361,
    0.6276100277900696,
    0.6566621661186218,
    0.6481616497039795,
    0.6407406330108643,
    0.6488239169120789,
    0.6273908019065857,
    0.6319888234138489,
    0.6485717296600342,
    0.6491137146949768,
    0.6546446681022644,
    0.6841797828674316,
    0.6904535293579102,
    0.6603694558143616,
    0.6448153853416443,
    0.5765345692634583,
    0.5634015202522278,
    0.5489618182182312,
    0.5629547238349915,
    0.6192476153373718,
    0.6644163727760315,
    0.6230760216712952,
    0.6369783282279968,
    0.6187207698822021,
    0.5984112620353699,
    0.6238498091697693,
    0.6342300772666931,
    0.6266570687294006,
    0.6019521355628967,
    0.5584600567817688,
    0.5626762509346008,
    0.5554893016815186,
    0.5697627663612366,
    0.5872994065284729,
    0.5475702881813049,
    0.5081748962402344,
    0.5333598256111145,
    0.5622767806053162,
    0.6321455240249634,
    0.6903693675994873,
    0.6814543604850769,
    0.698439359664917,
    0.5532026886940002,
    0.4916365146636963,
    0.554594099521637,
    0.577916145324707,
    0.6149483323097229
  ],
  "all_framewise_lpips": [
    0.33819377422332764,
    0.31866130232810974,
    0.35157525539398193,
    0.36946168541908264,
    0.3904693126678467,
    0.4146203398704529,
    0.4259742796421051,
    0.43129396438598633,
    0.4631443917751312,
    0.5219558477401733,
    0.5435745716094971,
    0.5543833374977112,
    0.5329602360725403,
    0.5106179714202881,
    0.5033960938453674,
    0.5114476084709167,
    0.4887947142124176,
    0.4801109731197357,
    0.49687981605529785,
    0.4814974069595337,
    0.46280568838119507,
    0.4757302701473236,
    0.49104762077331543,
    0.5147084593772888,
    0.5065328478813171,
    0.49244534969329834,
    0.5065427422523499,
    0.5287796258926392,
    0.5352960228919983,
    0.517937183380127,
    0.5234134793281555,
    0.5316523909568787,
    0.5254850387573242,
    0.537992537021637,
    0.5798591375350952,
    0.5898009538650513,
    0.6044425964355469,
    0.6636967658996582,
    0.6900265216827393,
    0.7244513034820557,
    0.7381161451339722,
    0.6802436113357544,
    0.6853130459785461,
    0.6936283707618713,
    0.6970825791358948,
    0.6861146688461304,
    0.6537861227989197,
    0.6815432906150818,
    0.5798601508140564,
    0.4820173978805542,
    0.4814544916152954,
    0.4964028596878052,
    0.4949280023574829,
    0.4987688958644867,
    0.5709007382392883,
    0.559751570224762,
    0.5724936723709106,
    0.5782365798950195,
    0.5584938526153564,
    0.5837410688400269,
    0.5988473892211914,
    0.5939100384712219,
    0.565726637840271,
    0.5458665490150452,
    0.521592915058136,
    0.5028848648071289,
    0.5222324132919312,
    0.5227890610694885,
    0.5682764649391174,
    0.5812057256698608,
    0.5877447724342346,
    0.5833611488342285,
    0.5754729509353638,
    0.5671303272247314,
    0.5662106275558472,
    0.5491231083869934,
    0.5435065627098083,
    0.5466115474700928,
    0.5193537473678589,
    0.5045356750488281,
    0.506582498550415,
    0.4908159375190735,
    0.5099095702171326,
    0.4996933937072754,
    0.5001686811447144,
    0.5029163360595703,
    0.4866354763507843,
    0.45645031332969666,
    0.48238223791122437,
    0.4919140934944153,
    0.48173555731773376,
    0.4688575267791748,
    0.47372356057167053,
    0.4670785069465637,
    0.4417283236980438,
    0.5638742446899414,
    0.6149716973304749,
    0.5586995482444763,
    0.5278842449188232,
    0.5042257308959961
  ]
}