{
  "n_frames": 100,
  "scenewise_psnr": 23.270473246436147,
  "scenewise_ssim": 0.6751214118290676,
  "scenewise_lpips": 0.45419978350400925,
  "all_framewise_psnrs": [
    26.466956076844003,
    26.667317946520555,
    24.727063095742707,
    24.94078342268026,
    27.100529921874656,
    26.714050345656037,
    22.333651158717124,
    22.52385628705783,
    23.149757922608245,
    22.688255006181546,
    22.544274407018477,
    23.28276141256658,
    22.511930515783874,
    24.369305484163647,
    22.514368617628925,
    23.456670015968726,
    22.874131531992674,
    21.56488188614093,
    23.563276816155877,
    25.3960052283256,
    25.19571624653958,
    24.97767876252938,
    21.065557547345236,
    22.93507108115213,
    24.160022058885836,
    24.015268713540156,
    23.967838895369383,
    23.527802323832105,
    22.439412493266644,
    21.952149094211613,
    22.35195933877115,
    23.034556080229336,
    23.661655930942818,
    23.03032363973392,
    23.08538906620903,
    24.813268782382863,
    25.857668358976795,
    26.026206726776316,
    22.349515521102546,
    20.87722237458241,
    21.656204650794844,
    23.798108345191107,
    22.577258535122958,
    24.011124155357805,
    26.043289174980067,
    24.868437067878624,
    23.08013915873105,
    22.662625912763005,
    22.682238564606937,
    22.820445505039615,
    21.321588960904574,
    20.039486908522022,
    23.718166600446658,
    24.540818926039947,
    24.94081149602783,
    24.79415440834625,
    26.832409888799514,
    27.968991243309947,
    27.80615880416103,
    22.993030876822147,
    23.24235887117352,
    22.998248670488124,
    22.687867445005207,
    22.070904634824622,
    23.350735214332015,
    27.786679114679238,
    27.474147835695696,
    26.940137561869566,
    25.293702284179034,
    25.391179193858683,
    26.578926454422444,
    26.3431366728039,
    26.761477685632073,
    25.834718456385136,
    25.268875014021724,
    24.46447224063671,
    22.500600982865883,
    22.19850792627238,
    21.252399099243068,
    20.5356195219461,
    20.816540827453196,
    24.257357498752263,
    21.072328793340827,
    21.58417561512671,
    21.35758822443624,
    22.51781979414906,
    21.66729000766084,
    22.853089574491744,
    24.079578998748595,
    22.838415459749125,
    22.208659559588973,
    22.891335608866914,
    22.149523982418415,
    23.77552215078696,
    22.203598915494158,
    21.883186169972667,
    21.51246678475468,
    22.44398096914876,
    22.25720671882292,
    21.753544272082724
  ],
  "all_framewise_ssim": [
    0.7434088587760925,
    0.7663731575012207,
    0.725566565990448,
    0.727502167224884,
    0.7732243537902832,
    0.766315758228302,
    0.6617962718009949,
    0.6514503359794617,
    0.616388201713562,
    0.617798388004303,
    0.6161810755729675,
    0.6188170909881592,
    0.5834518074989319,
    0.611010730266571,
    0.5993668437004089,
    0.5935699939727783,
    0.5912866592407227,
    0.5768402218818665,
    0.6629650592803955,
    0.709063708782196,
    0.7000059485435486,
    0.7197912335395813,
    0.7138796448707581,
    0.7229223847389221,
    0.7281175255775452,
    0.7151520848274231,
    0.685846745967865,
    0.6179158091545105,
    0.5892520546913147,
    0.5678563117980957,
    0.557945191860199,
    0.6028153896331787,
    0.6221755146980286,
    0.6392898559570312,
    0.6686298847198486,
    0.7122721672058105,
    0.7244898676872253,
    0.7410078048706055,
    0.6470465064048767,
    0.5847143530845642,
    0.6236758828163147,
    0.6809716820716858,
    0.6586112380027771,
    0.7001264691352844,
    0.7568445205688477,
    0.7706937789916992,
    0.7558895945549011,
    0.7378379702568054,
    0.7309452891349792,
    0.7253713607788086,
    0.6563373804092407,
    0.6676561236381531,
    0.7007577419281006,
    0.7148320078849792,
    0.7362584471702576,
    0.771202802658081,
    0.8170604705810547,
    0.8301125168800354,
    0.7848048806190491,
    0.6799034476280212,
    0.6556634902954102,
    0.625526487827301,
    0.6316571831703186,
    0.6192001104354858,
    0.6871817111968994,
    0.7758482098579407,
    0.7497351765632629,
    0.7592756152153015,
    0.7214294075965881,
    0.6938807964324951,
    0.7132695317268372,
    0.7176952362060547,
    0.7202962040901184,
    0.7134273052215576,
    0.6889769434928894,
    0.6191456913948059,
    0.5403439998626709,
    0.523933470249176,
    0.5232283473014832,
    0.541679322719574,
    0.5705501437187195,
    0.6573421955108643,
    0.6059618592262268,
    0.6302602291107178,
    0.6148678660392761,
    0.618779182434082,
    0.594768226146698,
    0.6175944209098816,
    0.6548343896865845,
    0.6165564656257629,
    0.5817897319793701,
    0.5689075589179993,
    0.5753007531166077,
    0.6469983458518982,
    0.7195861339569092,
    0.7386218905448914,
    0.7298392653465271,
    0.7525115609169006,
    0.7257564663887024,
    0.7192142605781555
  ],
  "all_framewise_lpips": [
    0.34034278988838196,
    0.32008570432662964,
    0.3619760572910309,
    0.35276103019714355,
    0.3149838447570801,
    0.32434728741645813,
    0.40230268239974976,
    0.43596747517585754,
    0.4942324757575989,
    0.517605721950531,
    0.5238643884658813,
    0.5365191698074341,
    0.5822110176086426,
    0.5502108335494995,
    0.5509675741195679,
    0.5667392611503601,
    0.5417148470878601,
    0.5241286754608154,
    0.4643528163433075,
    0.41981884837150574,
    0.4351067543029785,
    0.4316650629043579,
    0.4277525544166565,
    0.41854944825172424,
    0.3919723629951477,
    0.38777804374694824,
    0.4143853187561035,
    0.5057402849197388,
    0.543374240398407,
    0.5347525477409363,
    0.5255598425865173,
    0.5310869812965393,
    0.524246335029602,
    0.49808311462402344,
    0.45585107803344727,
    0.41025060415267944,
    0.4054228663444519,
    0.39317649602890015,
    0.4908379018306732,
    0.5141404867172241,
    0.4635811150074005,
    0.43652480840682983,
    0.47013598680496216,
    0.43975478410720825,
    0.400378555059433,
    0.4027310013771057,
    0.41677483916282654,
    0.42440909147262573,
    0.4430631399154663,
    0.41988348960876465,
    0.43491578102111816,
    0.41663092374801636,
    0.4309983253479004,
    0.41410496830940247,
    0.3950895667076111,
    0.3708346486091614,
    0.34943291544914246,
    0.3585525453090668,
    0.3441939353942871,
    0.4426511526107788,
    0.4290817379951477,
    0.38031405210494995,
    0.40308457612991333,
    0.4211501181125641,
    0.4041299819946289,
    0.3634719252586365,
    0.4390545189380646,
    0.4339483976364136,
    0.44673269987106323,
    0.4497457444667816,
    0.4089707136154175,
    0.39912062883377075,
    0.39404791593551636,
    0.3855559229850769,
    0.40850967168807983,
    0.47089627385139465,
    0.5390169024467468,
    0.5409185886383057,
    0.5586019158363342,
    0.5776923298835754,
    0.5821450352668762,
    0.543016791343689,
    0.566986083984375,
    0.536873459815979,
    0.5211544632911682,
    0.5257774591445923,
    0.5429136753082275,
    0.5695967078208923,
    0.5439797639846802,
    0.5188634991645813,
    0.5554147362709045,
    0.5647939443588257,
    0.5717170834541321,
    0.5438034534454346,
    0.5026493072509766,
    0.37407466769218445,
    0.3388998806476593,
    0.30793917179107666,
    0.36681315302848816,
    0.3490149974822998
  ]
}