{
  "n_frames": 100,
  "scenewise_psnr": 27.133194600797843,
  "scenewise_ssim": 0.8389499515542687,
  "scenewise_lpips": 0.28199720710515974,
  "all_framewise_psnrs": [
    30.04794062590679,
    30.354395250109533,
    28.33941877973839,
    25.813708702731898,
    30.550715179398296,
    28.490237468222425,
    29.136002300144355,
    25.234334193085047,
    25.126255161022833,
    25.396913969865874,
    29.381627816420853,
    28.785764316784107,
    28.224701033320066,
    28.772013282615525,
    26.688541711628226,
    26.136754544944463,
    26.75939435660669,
    24.457481634287635,
    26.21981764381853,
    27.362964878842444,
    28.59380706083346,
    27.78224292976382,
    28.67374225168328,
    26.511829193624163,
    28.167384862152428,
    28.146257705039343,
    28.73661928595487,
    26.710467032407223,
    25.469082398082318,
    27.063452425663183,
    26.326088326310824,
    26.744950313954753,
    27.585692317684977,
    27.408878090481593,
    26.65815151764484,
    26.845270885707897,
    26.808057722709385,
    26.55624917661404,
    25.759897182628166,
    26.4364564828264,
    29.404117212814455,
    28.64245746621688,
    28.305660190534926,
    27.41138114595084,
    26.65698529723791,
    28.605070056575094,
    26.975300901452357,
    27.093972091501534,
    24.74946483146574,
    25.201381016770213,
    26.77823191996371,
    28.07487882066839,
    29.039343760234683,
    29.514806866392533,
    27.581279369323774,
    23.57697583602899,
    25.400606943819533,
    26.087223623465448,
    26.7193769438234,
    28.394198615366157,
    29.388109550066183,
    30.88532958769088,
    28.613623865641188,
    26.12048930730421,
    27.013094993933315,
    27.123640791950994,
    27.16013649203741,
    29.119521139477406,
    28.279795848078663,
    28.143595665734978,
    28.06481676172036,
    29.450387852280077,
    30.489033528044295,
    27.86551022213143,
    27.27474140101406,
    26.59939116025653,
    27.945115763272486,
    27.113106794779892,
    27.774228980537977,
    26.649471859233024,
    26.046076409124677,
    22.28617756873497,
    25.741209977628916,
    26.78449088942989,
    24.567354389679178,
    27.343111540238553,
    31.761530379872454,
    33.96879460063844,
    31.087293414266398,
    29.410164296091963,
    24.533230577903886,
    24.97963914834134,
    26.123910536612325,
    27.24079492693814,
    28.456359665413096,
    30.071884019578647,
    29.152069166774996,
    28.50926519424654,
    26.323525343969777,
    25.804274730631406
  ],
  "all_framewise_ssim": [
    0.8966712951660156,
    0.8964316248893738,
    0.8917590975761414,
    0.8364885449409485,
    0.8884715437889099,
    0.8834998607635498,
    0.9017454981803894,
    0.8465736508369446,
    0.839925229549408,
    0.840168297290802,
    0.8978573679924011,
    0.8874513506889343,
    0.8654195666313171,
    0.8491709232330322,
    0.8206669688224792,
    0.8126662373542786,
    0.8132805228233337,
    0.7925786375999451,
    0.8423435688018799,
    0.8177409172058105,
    0.8320796489715576,
    0.8039696216583252,
    0.8453214764595032,
    0.8265609741210938,
    0.8543786406517029,
    0.8496589064598083,
    0.8653720021247864,
    0.8378046154975891,
    0.8210933208465576,
    0.8505718111991882,
    0.8343369364738464,
    0.8490133285522461,
    0.8528860211372375,
    0.8391726016998291,
    0.8078474998474121,
    0.7865383625030518,
    0.7709982395172119,
    0.7941884398460388,
    0.816893994808197,
    0.8183366656303406,
    0.8120830655097961,
    0.8122861981391907,
    0.8292617797851562,
    0.8335195183753967,
    0.8166899681091309,
    0.8522253036499023,
    0.8036903738975525,
    0.7941624522209167,
    0.7477988600730896,
    0.7712664604187012,
    0.8255173563957214,
    0.830674946308136,
    0.8370607495307922,
    0.8406348824501038,
    0.8139249682426453,
    0.7392212748527527,
    0.8092632293701172,
    0.8276088833808899,
    0.8420233726501465,
    0.8609635233879089,
    0.8635637164115906,
    0.8775270581245422,
    0.8413090705871582,
    0.802412211894989,
    0.8159303665161133,
    0.8210566639900208,
    0.8174188137054443,
    0.8464587330818176,
    0.8327057957649231,
    0.8371434211730957,
    0.8462489247322083,
    0.8580167293548584,
    0.8752962946891785,
    0.884416401386261,
    0.8882972598075867,
    0.889069139957428,
    0.8822534084320068,
    0.8671805262565613,
    0.8767382502555847,
    0.8517184257507324,
    0.8424854874610901,
    0.7309975624084473,
    0.8189237117767334,
    0.8128005862236023,
    0.7580366730690002,
    0.8347196578979492,
    0.8481348156929016,
    0.883937418460846,
    0.8780214190483093,
    0.8780938982963562,
    0.8361082077026367,
    0.8230358958244324,
    0.8277285695075989,
    0.8548429608345032,
    0.8708105087280273,
    0.8859414458274841,
    0.8686899542808533,
    0.8490769863128662,
    0.7875908017158508,
    0.7562372088432312
  ],
  "all_framewise_lpips": [
    0.17978043854236603,
    0.17678168416023254,
    0.16230691969394684,
    0.16808703541755676,
    0.2069358229637146,
    0.16231092810630798,
    0.15428563952445984,
    0.16659224033355713,
    0.24175786972045898,
    0.183994323015213,
    0.16567036509513855,
    0.1994238942861557,
    0.24416324496269226,
    0.33211609721183777,
    0.3614019751548767,
    0.30887871980667114,
    0.2809610068798065,
    0.26977625489234924,
    0.2625652551651001,
    0.2874671518802643,
    0.34964585304260254,
    0.38283824920654297,
    0.35724690556526184,
    0.3462084233760834,
    0.32271426916122437,
    0.28166821599006653,
    0.2628905177116394,
    0.2577030062675476,
    0.22520136833190918,
    0.23232875764369965,
    0.23284132778644562,
    0.2120313197374344,
    0.26055386662483215,
    0.2519265115261078,
    0.2902730703353882,
    0.3164903223514557,
    0.34998297691345215,
    0.3181633949279785,
    0.28904470801353455,
    0.3026171326637268,
    0.3420167565345764,
    0.31743568181991577,
    0.277411550283432,
    0.24648943543434143,
    0.2914876639842987,
    0.3370243012905121,
    0.372665137052536,
    0.34515300393104553,
    0.3529922366142273,
    0.34031563997268677,
    0.289823979139328,
    0.3021136522293091,
    0.3425186276435852,
    0.35254836082458496,
    0.36379241943359375,
    0.3438780605792999,
    0.2979992628097534,
    0.27777886390686035,
    0.2496693730354309,
    0.2478543519973755,
    0.2890702784061432,
    0.3151313364505768,
    0.32616370916366577,
    0.3299652934074402,
    0.30699434876441956,
    0.29850172996520996,
    0.2846648693084717,
    0.2810809016227722,
    0.28830257058143616,
    0.26712048053741455,
    0.25396040081977844,
    0.23044535517692566,
    0.22192837297916412,
    0.20403718948364258,
    0.24442821741104126,
    0.23568904399871826,
    0.19709482789039612,
    0.1819535493850708,
    0.2022809237241745,
    0.2684835195541382,
    0.30551454424858093,
    0.30860599875450134,
    0.2778624892234802,
    0.29152509570121765,
    0.31929901242256165,
    0.38615140318870544,
    0.4407542943954468,
    0.4177871644496918,
    0.3909932076931,
    0.33008047938346863,
    0.3398538827896118,
    0.28355297446250916,
    0.2226456105709076,
    0.210722878575325,
    0.24735061824321747,
    0.27685895562171936,
    0.30423790216445923,
    0.30252960324287415,
    0.32258760929107666,
    0.34491464495658875
  ]
}