{
  "n_frames": 100,
  "scenewise_psnr": 21.869457467369212,
  "scenewise_ssim": 0.5531430443098628,
  "scenewise_lpips": 0.5431917795538902,
  "all_framewise_psnrs": [
    23.42403474667339,
    25.159080226241315,
    24.419962342468402,
    23.888995210970627,
    22.82761518185462,
    24.22238220719773,
    24.140936147252255,
    24.706987303980036,
    24.958383432918207,
    24.972141580641676,
    24.80897837132546,
    25.22047075253947,
    24.946884649968876,
    25.28647048981902,
    24.70217054284953,
    24.272096961477597,
    24.611683414097957,
    24.78304407267767,
    24.6659497048446,
    24.508997514853018,
    22.87897954284503,
    21.922557327075687,
    22.08961850955791,
    23.78010253461131,
    23.65469594917642,
    23.024354989456715,
    22.581771395324814,
    22.69196976143034,
    23.53931416016191,
    23.87497732458925,
    23.411159890959592,
    23.049052234746235,
    22.59935692290238,
    22.244064009938562,
    21.566155010445847,
    20.469337214077093,
    20.634821547792903,
    20.725867458918138,
    20.89071974793572,
    19.864718332171428,
    19.546045234659985,
    20.424981168536686,
    19.955951144519272,
    20.05502361800223,
    20.24663444014591,
    20.492652541876136,
    21.174395022836123,
    21.164852002788752,
    21.174074614188918,
    21.333661894745784,
    20.2076501048891,
    21.545517316552647,
    21.55088475382091,
    20.032036581457376,
    19.352304782946007,
    20.34181212964024,
    21.9097164040803,
    22.24968804417179,
    21.94330915339776,
    22.035640103901123,
    21.54033353488564,
    21.36752045836917,
    21.20786221328142,
    21.16612074327869,
    21.014316928943344,
    20.683245655416993,
    20.415770218519068,
    20.32215166164471,
    20.473675322505287,
    20.469551718297133,
    19.094996574673495,
    20.709878506828527,
    21.11337260161987,
    21.409278541080067,
    20.893607605895475,
    20.084857692334314,
    19.915409631951242,
    20.232815463244116,
    19.790489076006477,
    19.558634863079675,
    20.073582376384266,
    21.299490758512963,
    22.856885626097036,
    23.223023982606502,
    23.613745873119363,
    23.66106763622005,
    23.45927334246531,
    23.380473568243563,
    23.526703426711165,
    23.76606584962321,
    23.823202297908654,
    23.436139854370662,
    24.10722704722002,
    23.561293620320484,
    22.169219268664918,
    21.16989477188494,
    21.121590884587643,
    20.900489277584523,
    22.676692631208375,
    23.09977953580253
  ],
  "all_framewise_ssim": [
    0.705834150314331,
    0.6886525750160217,
    0.6452646851539612,
    0.5514677166938782,
    0.4940769672393799,
    0.5659354329109192,
    0.572093665599823,
    0.5960672497749329,
    0.60316401720047,
    0.5991479754447937,
    0.5897663235664368,
    0.6145128607749939,
    0.6168014407157898,
    0.6228817105293274,
    0.5974230170249939,
    0.5730987191200256,
    0.5799172520637512,
    0.5921648144721985,
    0.5942895412445068,
    0.5984426140785217,
    0.5116912722587585,
    0.43339237570762634,
    0.4737638533115387,
    0.561757504940033,
    0.556913435459137,
    0.5467138886451721,
    0.5409972071647644,
    0.5520913004875183,
    0.6021975874900818,
    0.6214635968208313,
    0.6107519268989563,
    0.5981976389884949,
    0.597370982170105,
    0.5849602818489075,
    0.5418074727058411,
    0.525683581829071,
    0.5430944561958313,
    0.5458141565322876,
    0.534092366695404,
    0.48671212792396545,
    0.4944092035293579,
    0.5428916811943054,
    0.5272105932235718,
    0.5270041227340698,
    0.5162856578826904,
    0.5370694398880005,
    0.5745185017585754,
    0.5793716311454773,
    0.5769819617271423,
    0.5820903182029724,
    0.5591804385185242,
    0.6289198994636536,
    0.6026603579521179,
    0.5319044589996338,
    0.49824121594429016,
    0.5297099947929382,
    0.6030171513557434,
    0.6023155450820923,
    0.5939549803733826,
    0.5845329761505127,
    0.5392215847969055,
    0.5434744954109192,
    0.5450413823127747,
    0.5453694462776184,
    0.5624060034751892,
    0.545708954334259,
    0.5334967970848083,
    0.49604228138923645,
    0.5057279467582703,
    0.5313233733177185,
    0.47408172488212585,
    0.5471763610839844,
    0.5668396353721619,
    0.5837059020996094,
    0.5539065003395081,
    0.5134164690971375,
    0.49511536955833435,
    0.48632046580314636,
    0.45690369606018066,
    0.44643035531044006,
    0.45710912346839905,
    0.4605672061443329,
    0.5482012629508972,
    0.5767398476600647,
    0.5621271729469299,
    0.5362740755081177,
    0.5156574249267578,
    0.5038269758224487,
    0.5029757618904114,
    0.5076673626899719,
    0.510671854019165,
    0.522892415523529,
    0.5659464001655579,
    0.5525000691413879,
    0.4907672703266144,
    0.47997093200683594,
    0.49356815218925476,
    0.4738995134830475,
    0.5868670344352722,
    0.6792213916778564
  ],
  "all_framewise_lpips": [
    0.34666407108306885,
    0.37122443318367004,
    0.4146149456501007,
    0.5327663421630859,
    0.5604376792907715,
    0.5177490711212158,
    0.5033919215202332,
    0.4802166223526001,
    0.48087024688720703,
    0.48850885033607483,
    0.4869568645954132,
    0.46480613946914673,
    0.4649227559566498,
    0.4610508978366852,
    0.47844603657722473,
    0.4991767406463623,
    0.5123986601829529,
    0.5157087445259094,
    0.5019739866256714,
    0.4686574935913086,
    0.5571001768112183,
    0.6421195864677429,
    0.578555703163147,
    0.5151053071022034,
    0.5261245369911194,
    0.5362581610679626,
    0.5381951332092285,
    0.5559188723564148,
    0.5229537487030029,
    0.5110674500465393,
    0.5130488276481628,
    0.5135375261306763,
    0.5023750066757202,
    0.5085054039955139,
    0.5392501950263977,
    0.5838088989257812,
    0.5858345031738281,
    0.5858884453773499,
    0.6073839068412781,
    0.6466727256774902,
    0.6055785417556763,
    0.5909766554832458,
    0.6179652214050293,
    0.6354377269744873,
    0.5891889929771423,
    0.5615253448486328,
    0.5323360562324524,
    0.5128508806228638,
    0.5226746201515198,
    0.4941287636756897,
    0.48131245374679565,
    0.5471962690353394,
    0.5462825298309326,
    0.5693163871765137,
    0.5707380771636963,
    0.5421977043151855,
    0.47070974111557007,
    0.5285573601722717,
    0.5089015364646912,
    0.5223296284675598,
    0.5083411931991577,
    0.5864863395690918,
    0.5751572251319885,
    0.5555481910705566,
    0.531430721282959,
    0.5464745759963989,
    0.5141067504882812,
    0.5961939096450806,
    0.5742043852806091,
    0.5354026556015015,
    0.6157373189926147,
    0.5842320322990417,
    0.5811712741851807,
    0.5629764795303345,
    0.5701431035995483,
    0.5941254496574402,
    0.6021361351013184,
    0.6112353205680847,
    0.6425124406814575,
    0.653874397277832,
    0.6485180854797363,
    0.6267197132110596,
    0.5414575934410095,
    0.5242538452148438,
    0.5263764262199402,
    0.5348649024963379,
    0.5490809082984924,
    0.5642143487930298,
    0.5572634935379028,
    0.56666499376297,
    0.5788848996162415,
    0.5876946449279785,
    0.5718135237693787,
    0.5765535235404968,
    0.6251722574234009,
    0.605950117111206,
    0.5735084414482117,
    0.5801110863685608,
    0.4801746606826782,
    0.38795948028564453
  ]
}