{
  "n_frames": 100,
  "scenewise_psnr": 29.92526974554559,
  "scenewise_ssim": 0.8583946935241009,
  "scenewise_lpips": 0.33822623282670977,
  "all_framewise_psnrs": [
    31.729865915382085,
    32.18739999315702,
    32.53546146022914,
    31.909357916375136,
    30.610629438166114,
    30.661945327202716,
    31.298059747311626,
    31.51437798519332,
    30.344337036600542,
    30.67014278312758,
    29.206933662678814,
    30.5643250695654,
    31.618517737891665,
    32.49284362404852,
    32.88622565648955,
    33.03537521726732,
    32.92411448933151,
    31.471897922502244,
    28.813821669722486,
    27.440865282554938,
    29.66543680391832,
    28.2048486207707,
    29.821303326870034,
    29.303593886358136,
    30.28734564397759,
    28.648538931536223,
    27.113893084494872,
    25.35260116008825,
    26.6301435809868,
    26.077911071840955,
    26.65697452638048,
    27.448376496608468,
    30.282967897229376,
    30.76144140778167,
    30.41505482845738,
    28.705239401355268,
    27.91288236508241,
    28.862569044600374,
    28.943255055029766,
    29.384782564194936,
    29.157806716879584,
    30.082097327100243,
    30.4462682514716,
    31.79402189970746,
    32.79942033569001,
    31.60725463862397,
    30.62840915624669,
    29.579551424339357,
    29.15212406749591,
    30.22825587264172,
    31.619883769980014,
    30.094591147725247,
    30.028493812466102,
    29.806487677985757,
    30.68632933494191,
    30.767711665762775,
    30.319522179499145,
    30.0163239319677,
    30.326677302573625,
    30.67462038455043,
    30.04152575069537,
    29.92093742205931,
    29.93025114653339,
    29.768480937357946,
    28.789820572310475,
    28.936317079800858,
    28.919011214873798,
    28.337174527540462,
    28.209386594288397,
    27.873719652560457,
    28.808973471265208,
    29.891177281947783,
    29.401509113625053,
    30.81233728809622,
    30.558074722065687,
    30.55752600252912,
    30.853104795859203,
    31.1418936860424,
    30.824109520420315,
    32.622392961784826,
    31.819449833886683,
    31.200295100666857,
    30.070058592288728,
    30.917102071128298,
    30.371988170794822,
    30.21528286849489,
    31.299732647899518,
    31.63198613943416,
    31.66348261050199,
    31.004235757612598,
    31.957272338635804,
    32.71211396731837,
    31.572258935845255,
    31.1714994164889,
    31.702500320820953,
    31.990811474293057,
    30.956047964346798,
    31.427107547713295,
    29.674775591511082,
    28.76178125242871
  ],
  "all_framewise_ssim": [
    0.8294175267219543,
    0.8487606048583984,
    0.8467686772346497,
    0.8281228542327881,
    0.8249137997627258,
    0.8274977803230286,
    0.8191596865653992,
    0.8356740474700928,
    0.8258578181266785,
    0.8264406323432922,
    0.8319664597511292,
    0.8400219082832336,
    0.8491415977478027,
    0.8700719475746155,
    0.8679997324943542,
    0.8630216121673584,
    0.86859530210495,
    0.8537008166313171,
    0.8077948689460754,
    0.8149253726005554,
    0.8280351758003235,
    0.7902584075927734,
    0.8099486231803894,
    0.8093140721321106,
    0.8251780867576599,
    0.8290887475013733,
    0.8357377052307129,
    0.7937896847724915,
    0.8035545945167542,
    0.8279350399971008,
    0.816784679889679,
    0.8337251543998718,
    0.8335224986076355,
    0.8376906514167786,
    0.887598991394043,
    0.8763495087623596,
    0.8517373204231262,
    0.8672525882720947,
    0.8682933449745178,
    0.8653830885887146,
    0.8552224040031433,
    0.8616883158683777,
    0.858858048915863,
    0.889296293258667,
    0.897472620010376,
    0.8823766112327576,
    0.8745172619819641,
    0.867547333240509,
    0.871863067150116,
    0.9022380709648132,
    0.88985276222229,
    0.8621407151222229,
    0.8553681373596191,
    0.8599807620048523,
    0.8493682742118835,
    0.8599138855934143,
    0.849957287311554,
    0.8201441168785095,
    0.8384528160095215,
    0.8530667424201965,
    0.8466017842292786,
    0.8568399548530579,
    0.8545207381248474,
    0.8426279425621033,
    0.8489599823951721,
    0.8590710163116455,
    0.8552441596984863,
    0.858712375164032,
    0.8590409159660339,
    0.8564367294311523,
    0.8709158897399902,
    0.8922514915466309,
    0.8794887661933899,
    0.899355411529541,
    0.8979981541633606,
    0.8814638257026672,
    0.8886029124259949,
    0.888415515422821,
    0.8715766072273254,
    0.8915842175483704,
    0.8880782127380371,
    0.8693999648094177,
    0.888264000415802,
    0.8873805999755859,
    0.8729619979858398,
    0.8904904723167419,
    0.8932619690895081,
    0.8729904294013977,
    0.893822431564331,
    0.8861798644065857,
    0.8680110573768616,
    0.8951430916786194,
    0.8938284516334534,
    0.8670708537101746,
    0.8857793211936951,
    0.8811261057853699,
    0.8345029950141907,
    0.8604340553283691,
    0.8543210029602051,
    0.8659469485282898
  ],
  "all_framewise_lpips": [
    0.34746479988098145,
    0.3172248899936676,
    0.3105751872062683,
    0.3256582021713257,
    0.30386295914649963,
    0.3085341155529022,
    0.3464024066925049,
    0.3205975890159607,
    0.293956458568573,
    0.2866850793361664,
    0.26454824209213257,
    0.2950149178504944,
    0.32197538018226624,
    0.32665759325027466,
    0.33713364601135254,
    0.3535374402999878,
    0.3150660991668701,
    0.29277801513671875,
    0.3330957889556885,
    0.3053165674209595,
    0.2836135923862457,
    0.34301990270614624,
    0.29480308294296265,
    0.28024548292160034,
    0.3351117670536041,
    0.312599241733551,
    0.30444449186325073,
    0.3606839179992676,
    0.3306826949119568,
    0.2913517951965332,
    0.34334462881088257,
    0.38308680057525635,
    0.3836497366428375,
    0.39413806796073914,
    0.34088024497032166,
    0.3570634424686432,
    0.3639081120491028,
    0.3019271194934845,
    0.28235411643981934,
    0.3265105187892914,
    0.3477342128753662,
    0.34829121828079224,
    0.36217251420021057,
    0.3320544958114624,
    0.35558226704597473,
    0.40193912386894226,
    0.3395266532897949,
    0.2997365891933441,
    0.32465916872024536,
    0.29235702753067017,
    0.3539636433124542,
    0.34826910495758057,
    0.3040800988674164,
    0.2899262309074402,
    0.3319115936756134,
    0.3158823549747467,
    0.3265891671180725,
    0.35148364305496216,
    0.310139924287796,
    0.31082069873809814,
    0.3456670343875885,
    0.32345443964004517,
    0.32389429211616516,
    0.33954498171806335,
    0.32101374864578247,
    0.3184204399585724,
    0.33828306198120117,
    0.31670117378234863,
    0.3104521334171295,
    0.327567994594574,
    0.3200159966945648,
    0.30542227625846863,
    0.340821236371994,
    0.2834998667240143,
    0.3080533742904663,
    0.3498373329639435,
    0.34522178769111633,
    0.3763353228569031,
    0.4346407353878021,
    0.38263067603111267,
    0.3707818388938904,
    0.40150386095046997,
    0.35076603293418884,
    0.3300580382347107,
    0.36719945073127747,
    0.3357742428779602,
    0.33568552136421204,
    0.38836899399757385,
    0.35696732997894287,
    0.3650747537612915,
    0.41751691699028015,
    0.3763295114040375,
    0.3780830204486847,
    0.42695432901382446,
    0.37958821654319763,
    0.37499383091926575,
    0.4513382911682129,
    0.42127931118011475,
    0.4020206034183502,
    0.31423741579055786
  ]
}