{
  "n_frames": 120,
  "scenewise_psnr": 14.872361309239183,
  "scenewise_ssim": 0.26844017659719555,
  "scenewise_lpips": 0.8939758191506068,
  "all_framewise_psnrs": [
    15.336951820189395,
    16.55166701267196,
    17.301049780538882,
    17.243394493837958,
    16.740991730198346,
    16.205124790216033,
    16.035830648006254,
    15.556433329501528,
    15.959777024651565,
    15.899025217503977,
    15.874101695003699,
    15.613878005047228,
    15.433166483083811,
    15.566828480145444,
    15.279330306936874,
    15.272895586300352,
    15.590816320056602,
    15.14012073902407,
    14.926249671524205,
    14.833364823606576,
    14.475863575798922,
    14.320004203218843,
    14.684757136966374,
    14.385437004402286,
    14.559834976710327,
    14.553465859940431,
    14.211689834915122,
    14.132781561449587,
    14.099114767297618,
    14.086916928657025,
    14.191221139291725,
    14.504009169004597,
    14.778443920475821,
    14.171890958319981,
    13.773180733508418,
    14.718064594889155,
    15.727484613413182,
    15.94279911433742,
    16.60216167748664,
    16.18128757599006,
    15.674742899576994,
    16.130318293289722,
    15.829806294659068,
    16.1323463910132,
    16.321809147668386,
    16.37447725412333,
    16.550082152342668,
    16.628680940166362,
    16.850946082487994,
    16.523491024148605,
    16.843120878054485,
    16.781616946781774,
    17.266863793901983,
    16.61316539596513,
    16.697513913587173,
    16.577275523147158,
    16.3468583729072,
    16.16628006058227,
    16.070292254224935,
    15.617618098024701,
    15.328363965582204,
    14.573637252434912,
    14.52875707895436,
    15.038873377803451,
    15.030340965141814,
    14.881830177076171,
    14.868761506850277,
    14.418370000012239,
    14.504631742816196,
    14.418290795351362,
    14.353341665351337,
    14.588516060647194,
    14.713459442543604,
    15.276104258379497,
    15.061976813263218,
    14.985594013595263,
    15.032818768701365,
    14.698750433857185,
    14.535498248737417,
    14.496009009373388,
    13.924461566802986,
    13.900337210900997,
    13.916683744031486,
    15.971973208599334,
    17.117746062614977,
    16.51930929314855,
    16.345855633724916,
    15.873326229720831,
    15.445255625058001,
    14.990770767312533,
    14.616233655688236,
    14.3139267974819,
    14.778194522043133,
    14.871608227511455,
    14.8178213608565,
    14.574786177249607,
    13.533667900386742,
    13.353379964501382,
    13.371205626554204,
    13.475097844586879,
    13.449050785313226,
    13.075175661887698,
    13.603077586676065,
    13.404309614080807,
    13.327655568194583,
    13.617421916421605,
    13.247991043954615,
    13.270830812303508,
    13.202365682789171,
    13.45475524011949,
    13.609226200863509,
    14.056245105253623,
    14.518961889093857,
    14.238099361625636,
    13.975624900528537,
    13.246437259400953,
    13.413637095783324,
    13.441200033931686,
    13.89806082298669,
    13.82663001320584
  ],
  "all_framewise_ssim": [
    0.23981435596942902,
    0.3111892640590668,
    0.36235758662223816,
    0.37272024154663086,
    0.2992452085018158,
    0.2601338028907776,
    0.2445516586303711,
    0.23796354234218597,
    0.22353999316692352,
    0.20669345557689667,
    0.2150709182024002,
    0.22598914802074432,
    0.19745217263698578,
    0.2225286364555359,
    0.19033093750476837,
    0.1929231733083725,
    0.21567557752132416,
    0.18325011432170868,
    0.1704288125038147,
    0.1733095645904541,
    0.1867581009864807,
    0.16781361401081085,
    0.19813381135463715,
    0.17008106410503387,
    0.1687239408493042,
    0.19348537921905518,
    0.19401569664478302,
    0.1689307689666748,
    0.16537345945835114,
    0.18380658328533173,
    0.20936332643032074,
    0.22031541168689728,
    0.2573447525501251,
    0.2554265260696411,
    0.23485322296619415,
    0.2685551941394806,
    0.29848840832710266,
    0.2671453058719635,
    0.30484530329704285,
    0.3117547035217285,
    0.2851853668689728,
    0.2450714260339737,
    0.2170007973909378,
    0.25940391421318054,
    0.27272045612335205,
    0.25691482424736023,
    0.24154360592365265,
    0.23075775802135468,
    0.2598429322242737,
    0.237878680229187,
    0.24759294092655182,
    0.24135005474090576,
    0.2503146827220917,
    0.22295980155467987,
    0.24790675938129425,
    0.290462851524353,
    0.28971508145332336,
    0.28597167134284973,
    0.2932572364807129,
    0.24720461666584015,
    0.2667853534221649,
    0.20981939136981964,
    0.2182602882385254,
    0.2430136799812317,
    0.25025177001953125,
    0.22465378046035767,
    0.23708754777908325,
    0.2512894868850708,
    0.26057323813438416,
    0.2632969617843628,
    0.25074246525764465,
    0.31438148021698,
    0.34482860565185547,
    0.3608393669128418,
    0.3251345157623291,
    0.3435894548892975,
    0.4244528114795685,
    0.33600130677223206,
    0.3433123528957367,
    0.37453195452690125,
    0.3736565411090851,
    0.3945958912372589,
    0.40625810623168945,
    0.5010942816734314,
    0.49968746304512024,
    0.43526753783226013,
    0.41373738646507263,
    0.3583906590938568,
    0.32638534903526306,
    0.3243299722671509,
    0.30696800351142883,
    0.31327077746391296,
    0.2653173506259918,
    0.2520941495895386,
    0.24712514877319336,
    0.24353711307048798,
    0.2073177844285965,
    0.20221097767353058,
    0.2259187549352646,
    0.23373067378997803,
    0.2424483299255371,
    0.2550033628940582,
    0.29218757152557373,
    0.30014845728874207,
    0.31481778621673584,
    0.4124263823032379,
    0.25078827142715454,
    0.24624216556549072,
    0.2468494027853012,
    0.25332406163215637,
    0.28390416502952576,
    0.30035626888275146,
    0.3368266522884369,
    0.3090243637561798,
    0.2782522737979889,
    0.20982857048511505,
    0.19467349350452423,
    0.19195906817913055,
    0.19304700195789337,
    0.23122461140155792
  ],