{
  "n_frames": 100,
  "scenewise_psnr": 20.281150446253644,
  "scenewise_ssim": 0.4630362966724988,
  "scenewise_lpips": 0.47722967743873596,
  "all_framewise_psnrs": [
    15.948922920991162,
    16.19208056858867,
    16.978863406215087,
    16.73067170325995,
    17.100580646498283,
    17.65145312223983,
    18.071262821221104,
    18.086470930500024,
    18.428140034958087,
    18.617254560901046,
    18.35871394711474,
    18.91358185124226,
    19.100651442339817,
    19.567155535937633,
    19.942308999669535,
    20.330443165089008,
    20.234906151591723,
    20.623497276649804,
    20.40847353086741,
    20.31497348774293,
    19.58371686444066,
    19.89879771798104,
    20.51389782192195,
    20.35064288075587,
    20.662275024919346,
    21.091124522048478,
    21.117004798146336,
    21.02930942247915,
    20.821059387486223,
    21.00802085204245,
    20.816822489557968,
    20.70361075684321,
    20.426336476816182,
    20.67188570115463,
    20.615722233743895,
    20.48269045194362,
    20.571856527719177,
    20.122310709153503,
    19.99157349623567,
    20.403948782065875,
    20.43373835046351,
    21.133519832752302,
    21.416362749233755,
    18.63535090352182,
    20.0350316515608,
    20.345771044080088,
    20.780805566433433,
    20.75763682225611,
    20.67483853910858,
    21.251223597874237,
    21.89223648992882,
    21.568096736036786,
    21.55870832373887,
    21.837163068387394,
    22.052298626990563,
    22.140616099894103,
    21.719691585264528,
    20.093997686009697,
    19.691284975307298,
    19.41246934330095,
    18.85248516796057,
    18.993520006992696,
    18.968945052379173,
    19.04382836190907,
    19.45197282126883,
    20.24795490934846,
    20.644333594264786,
    20.847500951278374,
    20.69234453083881,
    20.979441334078178,
    21.309991070058313,
    21.22906230192024,
    20.860371097116072,
    21.717191964410837,
    22.207629946378013,
    22.080364298653066,
    21.560434101823134,
    21.642524225607104,
    21.23430275664174,
    21.854837326570546,
    20.26592600186609,
    20.769898194873914,
    21.35303005657958,
    21.531658610664508,
    22.96818099301384,
    22.91126720590036,
    22.776883797989626,
    23.1378940198663,
    22.86363241610652,
    22.930555190769404,
    22.98399198347019,
    22.388847789070088,
    21.823184942410773,
    21.967341904011416,
    21.924170627309753,
    22.367430729564262,
    22.042380646088574,
    22.134082110814532,
    21.723988249602723,
    21.875144613308578
  ],
  "all_framewise_ssim": [
    0.2596262991428375,
    0.2799495756626129,
    0.30029231309890747,
    0.289721816778183,
    0.3077489137649536,
    0.3075408935546875,
    0.3157678544521332,
    0.32892557978630066,
    0.31258344650268555,
    0.35879650712013245,
    0.34679344296455383,
    0.3672754764556885,
    0.3703276216983795,
    0.38087356090545654,
    0.3993492126464844,
    0.41260412335395813,
    0.4227748215198517,
    0.47544586658477783,
    0.477064847946167,
    0.48358115553855896,
    0.4397777020931244,
    0.5072898268699646,
    0.5025780200958252,
    0.4581652581691742,
    0.4312513768672943,
    0.43563270568847656,
    0.4382797181606293,
    0.4451490640640259,
    0.4271416962146759,
    0.46115291118621826,
    0.4439951479434967,
    0.4351983964443207,
    0.40154075622558594,
    0.4382209777832031,
    0.44471797347068787,
    0.4393880367279053,
    0.45264148712158203,
    0.45213428139686584,
    0.43839168548583984,
    0.4547156095504761,
    0.44174516201019287,
    0.492779016494751,
    0.5169461369514465,
    0.45094600319862366,
    0.39771509170532227,
    0.44156837463378906,
    0.47494325041770935,
    0.4647904336452484,
    0.4421738088130951,
    0.46245527267456055,
    0.49772974848747253,
    0.47561192512512207,
    0.47005295753479004,
    0.5072211623191833,
    0.5307876467704773,
    0.531990110874176,
    0.4771347939968109,
    0.4801243245601654,
    0.4358011782169342,
    0.4218690097332001,
    0.387658029794693,
    0.4083409309387207,
    0.39256551861763,
    0.41830146312713623,
    0.4167126715183258,
    0.473407119512558,
    0.4865395128726959,
    0.4844392240047455,
    0.4533112049102783,
    0.4958224594593048,
    0.49354973435401917,
    0.48065266013145447,
    0.4148024022579193,
    0.5082809925079346,
    0.5434903502464294,
    0.5459461212158203,
    0.5100165009498596,
    0.5355749130249023,
    0.513528048992157,
    0.5639548897743225,
    0.4647868871688843,
    0.5075223445892334,
    0.5318464040756226,
    0.5279930830001831,
    0.6045558452606201,
    0.609674334526062,
    0.5752334594726562,
    0.5884782671928406,
    0.5663440823554993,
    0.5761823654174805,
    0.5832383632659912,
    0.5321628451347351,
    0.47694632411003113,
    0.5243484377861023,
    0.5517141222953796,
    0.5686134696006775,
    0.547515332698822,
    0.54959636926651,
    0.5247321724891663,
    0.5465322732925415
  ],
  "all_framewise_lpips": [
    0.5545822381973267,
    0.5383126735687256,
    0.5126904249191284,
    0.5246286392211914,
    0.5379260778427124,
    0.5394389033317566,
    0.5337752103805542,
    0.5183619856834412,
    0.5635789632797241,
    0.514826238155365,
    0.5292080640792847,
    0.5167210698127747,
    0.5254545211791992,
    0.5104299187660217,
    0.5026467442512512,
    0.4817522168159485,
    0.4641035795211792,
    0.4218679368495941,
    0.42009350657463074,
    0.4101199507713318,
    0.4478151202201843,
    0.3926023244857788,
    0.409717857837677,
    0.4274226725101471,
    0.4768678843975067,
    0.4715738892555237,
    0.4701487123966217,
    0.44979047775268555,
    0.46273481845855713,
    0.4335951805114746,
    0.4435546398162842,
    0.43971186876296997,
    0.48751381039619446,
    0.4376305639743805,
    0.4337061643600464,
    0.450691282749176,
    0.45254334807395935,
    0.45327433943748474,
    0.47506794333457947,
    0.4760189652442932,
    0.4885455369949341,
    0.44832152128219604,
    0.4406875669956207,
    0.48890379071235657,
    0.5428124666213989,
    0.49093490839004517,
    0.4713073968887329,
    0.4813271164894104,
    0.5067540407180786,
    0.48129355907440186,
    0.4780536890029907,
    0.49393847584724426,
    0.4940043091773987,
    0.4564092755317688,
    0.433282732963562,
    0.4336857199668884,
    0.4920218288898468,
    0.47900447249412537,
    0.5260135531425476,
    0.554800271987915,
    0.5612292885780334,
    0.5494499802589417,
    0.55588299036026,
    0.5340215563774109,
    0.5344459414482117,
    0.4965101480484009,
    0.49689263105392456,
    0.4789535403251648,
    0.5108487010002136,
    0.4748799204826355,
    0.4774753451347351,
    0.47820422053337097,
    0.5475639700889587,
    0.46483781933784485,
    0.4329155385494232,
    0.4232432246208191,
    0.46214860677719116,
    0.42679646611213684,
    0.44834691286087036,
    0.4050319194793701,
    0.4974184036254883,
    0.4469485580921173,
    0.43746110796928406,
    0.4470193684101105,
    0.4043715298175812,
    0.3958410620689392,
    0.42409375309944153,
    0.4131649434566498,
    0.44721719622612,
    0.4316421449184418,
    0.437631756067276,
    0.4778966009616852,
    0.5384470224380493,
    0.48408353328704834,
    0.46038728952407837,
    0.46719348430633545,
    0.4927627146244049,
    0.48349499702453613,
    0.5021287202835083,
    0.47948187589645386
  ]
}