{
  "n_frames": 100,
  "scenewise_psnr": 15.948165803438549,
  "scenewise_ssim": 0.5984012523964815,
  "scenewise_lpips": 0.40648784577846525,
  "all_framewise_psnrs": [
    7.648487417555264,
    6.656851871613424,
    8.883788087320186,
    5.42287972968281,
    9.544712009848634,
    8.768834665613753,
    10.168506072790391,
    11.066467250359597,
    13.073923811878508,
    16.195978200648987,
    18.15567768103856,
    19.366514660168267,
    19.89078629179449,
    15.870833729312302,
    16.169795920715075,
    16.977115161317148,
    17.329270112042323,
    17.779092451905992,
    17.672265033088177,
    20.109489987915865,
    21.47260263579533,
    17.451400873739935,
    17.28969560189722,
    16.552003435755196,
    15.442049557827923,
    16.155618343379356,
    18.557414922256875,
    17.780692578478615,
    18.223648653933992,
    20.364580349908927,
    19.68567930794768,
    16.839731451491357,
    15.693141328356512,
    14.984424919592179,
    19.160106194422887,
    20.61743073800443,
    20.603120596447113,
    17.827184865168107,
    18.936805626971594,
    17.01062629562664,
    18.88780482508071,
    17.849820660658096,
    19.25487420920113,
    19.279768124579213,
    19.515424084492,
    20.14121001503132,
    19.553927632609604,
    20.187209524603954,
    19.52429711472594,
    15.459944910875056,
    16.132847752640465,
    14.108602244402622,
    13.348192452238777,
    17.950428974768972,
    17.59549084376715,
    18.25132263267278,
    18.17201287507237,
    21.361610468032644,
    17.643676588674126,
    17.528028697412076,
    19.89847884200275,
    19.88830449789016,
    20.436332772124413,
    20.68976898126571,
    17.7124398069314,
    17.947022163782307,
    17.260773716484078,
    17.88599805475725,
    19.475892134027575,
    19.985186662333167,
    21.6807057134241,
    20.236106895546136,
    20.57565128905177,
    21.836450282576685,
    22.390237206574504,
    21.947338953146144,
    22.048419207643214,
    22.452988635236977,
    21.6544729616091,
    19.658110022541884,
    19.804170631250425,
    18.333464675641547,
    17.117981431613536,
    19.8284980724993,
    19.94237884813711,
    20.887456207589675,
    20.38188391288674,
    19.817710030976517,
    21.006080215735405,
    20.02261932931898,
    18.818104797610495,
    21.199995036281678,
    21.31435262812233,
    21.768963907428866,
    22.62768124094015,
    23.244316866442713,
    22.538566140609248,
    22.272506419455564,
    20.371852511079833,
    20.707901397079176
  ],
  "all_framewise_ssim": [
    0.26964572072029114,
    0.2814953923225403,
    0.34537097811698914,
    0.14591138064861298,
    0.2697884142398834,
    0.29741576313972473,
    0.3270703852176666,
    0.39742445945739746,
    0.4566101133823395,
    0.5725024342536926,
    0.5957534313201904,
    0.6301998496055603,
    0.6624276041984558,
    0.6106537580490112,
    0.5646710395812988,
    0.6443949341773987,
    0.6762886047363281,
    0.6934990286827087,
    0.7014305591583252,
    0.7497355341911316,
    0.7418569922447205,
    0.6299566030502319,
    0.5022055506706238,
    0.4214613437652588,
    0.4170527458190918,
    0.4453035593032837,
    0.512778103351593,
    0.587016761302948,
    0.6802260279655457,
    0.6933333277702332,
    0.6863113045692444,
    0.6285675168037415,
    0.6004169583320618,
    0.5591347217559814,
    0.6252433061599731,
    0.630784273147583,
    0.6116816401481628,
    0.5638012886047363,
    0.6443610191345215,
    0.618418276309967,
    0.5634634494781494,
    0.5723865032196045,
    0.576803982257843,
    0.614711582660675,
    0.658905565738678,
    0.6136177778244019,
    0.5989699959754944,
    0.6434741020202637,
    0.6139718294143677,
    0.5907372832298279,
    0.5753101706504822,
    0.5086672902107239,
    0.4423261880874634,
    0.539825439453125,
    0.6007205843925476,
    0.6210793852806091,
    0.6097464561462402,
    0.7365471720695496,
    0.6600179672241211,
    0.6340389251708984,
    0.6605027318000793,
    0.6515984535217285,
    0.6834395527839661,
    0.6675027012825012,
    0.6618399024009705,
    0.667349636554718,
    0.6171718239784241,
    0.5371763110160828,
    0.5433667302131653,
    0.5980216860771179,
    0.7315155863761902,
    0.609409511089325,
    0.6225647926330566,
    0.680784285068512,
    0.6896107792854309,
    0.6768313050270081,
    0.6842156052589417,
    0.6854665875434875,
    0.659045934677124,
    0.5641739368438721,
    0.5767934918403625,
    0.5626726150512695,
    0.5621029734611511,
    0.6044384837150574,
    0.5921979546546936,
    0.6496122479438782,
    0.6394248604774475,
    0.613457977771759,
    0.6235591769218445,
    0.6100751757621765,
    0.5594477653503418,
    0.6380680203437805,
    0.6598214507102966,
    0.666423499584198,
    0.6792743802070618,
    0.6838248372077942,
    0.65976482629776,
    0.6899039149284363,
    0.6601768136024475,
    0.6992945671081543
  ],
  "all_framewise_lpips": [
    0.7806708812713623,
    0.8774807453155518,
    0.8110805749893188,
    0.8595552444458008,
    0.6951540112495422,
    0.6919305920600891,
    0.6402458548545837,
    0.5828388333320618,
    0.5108312964439392,
    0.4036126136779785,
    0.38151270151138306,
    0.38708341121673584,
    0.3903137445449829,
    0.3970639705657959,
    0.4277418553829193,
    0.384427547454834,
    0.3373802900314331,
    0.33313122391700745,
    0.32263562083244324,
    0.3081008493900299,
    0.3071371614933014,
    0.42462044954299927,
    0.4890989065170288,
    0.5347464680671692,
    0.530576229095459,
    0.510231614112854,
    0.4950505495071411,
    0.42183440923690796,
    0.3610455393791199,
    0.3559540808200836,
    0.3529892861843109,
    0.384411096572876,
    0.40368491411209106,
    0.4513835906982422,
    0.3823198974132538,
    0.36295050382614136,
    0.34097760915756226,
    0.33192530274391174,
    0.30077555775642395,
    0.3164949119091034,
    0.4133707284927368,
    0.45159631967544556,
    0.44526365399360657,
    0.33122479915618896,
    0.3148139417171478,
    0.3838239014148712,
    0.3582689166069031,
    0.33208703994750977,
    0.352996826171875,
    0.41955170035362244,
    0.5042219161987305,
    0.5396018624305725,
    0.5568004846572876,
    0.3741087019443512,
    0.30888327956199646,
    0.28718647360801697,
    0.2994804382324219,
    0.25690436363220215,
    0.34727734327316284,
    0.3409444987773895,
    0.3128371834754944,
    0.3108397126197815,
    0.30562958121299744,
    0.305730938911438,
    0.3301204741001129,
    0.33509302139282227,
    0.38472166657447815,
    0.45453378558158875,
    0.4636076092720032,
    0.3980449438095093,
    0.2726380527019501,
    0.3784945011138916,
    0.36315226554870605,
    0.34565073251724243,
    0.34258925914764404,
    0.3388117253780365,
    0.34036538004875183,
    0.3408678472042084,
    0.3531961441040039,
    0.3846592903137207,
    0.3867725431919098,
    0.4146099090576172,
    0.41053223609924316,
    0.3759072422981262,
    0.35034483671188354,
    0.33571767807006836,
    0.3382680416107178,
    0.36403363943099976,
    0.34244394302368164,
    0.3570437431335449,
    0.38428443670272827,
    0.35286223888397217,
    0.34867000579833984,
    0.35681360960006714,
    0.37938544154167175,
    0.401915967464447,
    0.41743171215057373,
    0.37638962268829346,
    0.357927143573761,
    0.3364393413066864
  ]
}