{
  "n_frames": 100,
  "scenewise_psnr": 16.03253283285778,
  "scenewise_ssim": 0.4650371060966876,
  "scenewise_lpips": 0.7491135507822037,
  "all_framewise_psnrs": [
    14.883565148565443,
    15.850005089836682,
    14.774014247769907,
    14.584411133155244,
    15.158907883499491,
    15.153858186996462,
    15.017111654917967,
    14.771701593029633,
    13.98343784446823,
    14.611310840768015,
    15.012068109273715,
    15.197629338632993,
    16.784544998379264,
    17.39052316082503,
    17.58824828979117,
    16.46022285021312,
    17.335772433176682,
    16.501207253477297,
    14.512956511053927,
    15.801353659455232,
    16.005691205328027,
    13.278302535927791,
    12.662508607539205,
    14.865475178059103,
    16.254903939053523,
    17.96645520441905,
    17.3324434606457,
    18.16509354647468,
    17.942434708929223,
    17.548199071748783,
    17.422231351475972,
    17.888358315505922,
    18.117044970798247,
    17.649879655565094,
    17.583300027760668,
    16.9890473777133,
    16.51617599785875,
    15.620263575777091,
    16.432998887869644,
    17.197674732255386,
    16.416653319586302,
    15.625615209282092,
    16.032039349785343,
    16.46282302980473,
    16.861279019752796,
    16.16554631687939,
    15.83261681346585,
    15.883068541290715,
    16.32113672934485,
    16.616980437884457,
    15.07346225847076,
    14.789510126962004,
    17.02878493039902,
    16.638871211651797,
    16.676933455481347,
    16.072507973796025,
    15.036225478999265,
    15.077303836513076,
    14.699311333789238,
    14.531578598714736,
    16.702037447930135,
    18.0264173257603,
    16.4401529369604,
    16.323288210075425,
    16.02480900458906,
    16.36578356847939,
    16.749702186525525,
    16.516936981935302,
    17.672438266112483,
    18.026136953660874,
    18.117418846428055,
    18.7024037525642,
    17.128686906423624,
    16.799625686135894,
    15.032446595671242,
    15.868363278815504,
    15.630544839039814,
    15.247922702303661,
    15.836545541581444,
    17.065385901231014,
    19.15879934196544,
    19.54983915017322,
    19.629913770504405,
    19.169244478195747,
    18.702938089816275,
    16.043923496844887,
    16.54536207472081,
    16.285244678823144,
    16.16344414008496,
    15.1742896088488,
    15.196547625420063,
    14.153226512893095,
    14.18498530231398,
    15.147803485885259,
    14.498455598613027,
    14.990625268618738,
    14.817396032439547,
    16.288108290661768,
    15.292584132948493,
    15.944695063889299
  ],
  "all_framewise_ssim": [
    0.4864084720611572,
    0.4886481463909149,
    0.4489106833934784,
    0.446481317281723,
    0.46058425307273865,
    0.4572789669036865,
    0.4608771800994873,
    0.4592108428478241,
    0.40221402049064636,
    0.32922062277793884,
    0.32172712683677673,
    0.3750058114528656,
    0.5250592231750488,
    0.5573616027832031,
    0.5552001595497131,
    0.5328267216682434,
    0.54325270652771,
    0.4509366452693939,
    0.359472393989563,
    0.41283485293388367,
    0.40759146213531494,
    0.41514480113983154,
    0.3909468352794647,
    0.39154696464538574,
    0.420497864484787,
    0.4642289876937866,
    0.45262598991394043,
    0.4918506145477295,
    0.4878246784210205,
    0.49648141860961914,
    0.4863146245479584,
    0.47569596767425537,
    0.4796341359615326,
    0.46896159648895264,
    0.43783435225486755,
    0.418376088142395,
    0.38935041427612305,
    0.37164589762687683,
    0.39815616607666016,
    0.4454980790615082,
    0.4179781377315521,
    0.39352312684059143,
    0.3812035024166107,
    0.423742413520813,
    0.4605136811733246,
    0.4207766056060791,
    0.4150557518005371,
    0.4412399232387543,
    0.4608449935913086,
    0.4752427041530609,
    0.4578200578689575,
    0.4414670467376709,
    0.48231610655784607,
    0.4789374768733978,
    0.47512587904930115,
    0.4470747411251068,
    0.37842699885368347,
    0.3138855993747711,
    0.35383856296539307,
    0.36586272716522217,
    0.4827587902545929,
    0.5073667168617249,
    0.47903454303741455,
    0.47900983691215515,
    0.4962877929210663,
    0.5108950734138489,
    0.49934062361717224,
    0.5289662480354309,
    0.5610029697418213,
    0.5928687453269958,
    0.5915836095809937,
    0.5894384384155273,
    0.4910925328731537,
    0.4404653012752533,
    0.3974721431732178,
    0.3830810785293579,
    0.36750438809394836,
    0.41190972924232483,
    0.5065017342567444,
    0.6327463984489441,
    0.6631989479064941,
    0.6750403046607971,
    0.6667597889900208,
    0.6685294508934021,
    0.6370900273323059,
    0.5213157534599304,
    0.5490512847900391,
    0.5385330319404602,
    0.5007352828979492,
    0.47523394227027893,
    0.4573249816894531,
    0.41284334659576416,
    0.3825725018978119,
    0.3650471866130829,
    0.37165120244026184,
    0.3338185250759125,
    0.3530150353908539,
    0.4501272141933441,
    0.4373548924922943,
    0.44049927592277527
  ],
  "all_framewise_lpips": [
    0.7045214772224426,
    0.7011497020721436,
    0.7275773286819458,
    0.7455030679702759,
    0.7332463264465332,
    0.7319751977920532,
    0.7268321514129639,
    0.7277486324310303,
    0.7691704034805298,
    0.8392705917358398,
    0.8551972508430481,
    0.8297344446182251,
    0.6977963447570801,
    0.6694464683532715,
    0.6640067100524902,
    0.6801393032073975,
    0.6800937652587891,
    0.7799667716026306,
    0.8012089133262634,
    0.7704965472221375,
    0.7717208862304688,
    0.7509034872055054,
    0.8048297166824341,
    0.8102421760559082,
    0.7823599576950073,
    0.733110249042511,
    0.7414216995239258,
    0.7068201899528503,
    0.7133284211158752,
    0.707400918006897,
    0.7202445864677429,
    0.7155779600143433,
    0.711738646030426,
    0.7137337923049927,
    0.7420939207077026,
    0.7468682527542114,
    0.7565906643867493,
    0.7964969873428345,
    0.7952777147293091,
    0.7392306923866272,
    0.7694564461708069,
    0.8095483779907227,
    0.7947445511817932,
    0.7623095512390137,
    0.7476332187652588,
    0.78636634349823,
    0.7594569325447083,
    0.7442443370819092,
    0.7342060804367065,
    0.7555651664733887,
    0.7736465930938721,
    0.7975351810455322,
    0.7601409554481506,
    0.7560068368911743,
    0.7538461089134216,
    0.7705562114715576,
    0.8354024887084961,
    0.8673757314682007,
    0.8587881326675415,
    0.8651353716850281,
    0.7709741592407227,
    0.7392378449440002,
    0.7951858043670654,
    0.7771298885345459,
    0.7986863851547241,
    0.782066822052002,
    0.731040894985199,
    0.7086483836174011,
    0.6654342412948608,
    0.6430491209030151,
    0.6557083129882812,
    0.6694273948669434,
    0.8190482258796692,
    0.8612064123153687,
    0.877875566482544,
    0.8221607208251953,
    0.8532626032829285,
    0.8598937392234802,
    0.7515939474105835,
    0.5853374600410461,
    0.5690048933029175,
    0.5501983761787415,
    0.548579752445221,
    0.5656910538673401,
    0.5986801385879517,
    0.6841950416564941,
    0.690009355545044,
    0.6829672455787659,
    0.7047682404518127,
    0.7243940830230713,
    0.7314562797546387,
    0.7850623726844788,
    0.8065444231033325,
    0.8145825266838074,
    0.8354285955429077,
    0.8474360704421997,
    0.8398566246032715,
    0.7574195265769958,
    0.7483575344085693,
    0.7627180814743042
  ]
}