{
  "n_frames": 100,
  "scenewise_psnr": 11.973315500051623,
  "scenewise_ssim": 0.42604647039564725,
  "scenewise_lpips": 0.8643397426605225,
  "all_framewise_psnrs": [
    12.38149993194364,
    13.92759386613328,
    13.186823884764465,
    11.469895333094973,
    11.489974730520064,
    11.276312075081359,
    11.34456992057217,
    11.792764758209309,
    12.093802365431358,
    11.945836551520955,
    11.661565153036605,
    11.517565820480208,
    11.750194733740294,
    13.22476828063792,
    12.075162651605588,
    12.231863172222697,
    13.490489493306386,
    15.725511835449506,
    12.17884486103063,
    12.382326449540473,
    12.48311277378219,
    12.646538417705251,
    13.070928652614313,
    15.093886364499468,
    13.811036577867242,
    15.01846632475119,
    14.569999063654882,
    18.38884639289165,
    20.50517713211198,
    20.15185026948574,
    15.786072469888275,
    15.34023834244782,
    18.56147837374744,
    19.967909123065365,
    13.849991184505404,
    13.884397025367603,
    18.3001953561902,
    18.98495183547722,
    11.697891356280326,
    11.95273058805186,
    10.190513639083228,
    10.53806824032452,
    10.656285367909412,
    10.72758542387132,
    10.563272052275423,
    11.11162276508602,
    10.77364658710502,
    9.658604951159953,
    10.807013646568336,
    10.4471222002955,
    10.422458602160972,
    10.26096069515682,
    12.247547494662381,
    12.279799453638278,
    12.908234669316679,
    13.534852902123832,
    13.647040981214653,
    13.711636590085439,
    12.254497979599359,
    10.386237882977873,
    10.847165577207296,
    10.65851285863366,
    11.212210147522272,
    10.56290847175486,
    10.489916415858389,
    10.527825243613862,
    9.911065293898593,
    10.407820730975647,
    11.587437837137793,
    11.67522565772025,
    12.07018481702934,
    11.827844845249418,
    12.164957166014226,
    12.277628297725,
    12.23697089185957,
    12.756985250472372,
    12.625763502553603,
    12.138649675364102,
    11.61390572150065,
    12.087464678599337,
    11.65262035400876,
    11.770852293035627,
    10.029696011799272,
    10.293696830041767,
    10.504364535980283,
    12.046564122156216,
    12.048242375224813,
    11.566277238413175,
    11.605192368927767,
    11.333877554448957,
    11.672610535634895,
    11.75595237225731,
    11.640824361533094,
    11.17183013739169,
    10.97399786263313,
    11.03322203850222,
    10.649243370892108,
    10.497753840802256,
    10.2843784551418,
    11.33126264691252
  ],
  "all_framewise_ssim": [
    0.4618331491947174,
    0.49530211091041565,
    0.5012480616569519,
    0.4348783493041992,
    0.4369391202926636,
    0.4278917610645294,
    0.40423715114593506,
    0.4048556983470917,
    0.37213465571403503,
    0.3615473806858063,
    0.33479776978492737,
    0.2936258316040039,
    0.31182289123535156,
    0.392213374376297,
    0.40572500228881836,
    0.43483829498291016,
    0.4889678657054901,
    0.5082305669784546,
    0.4570485055446625,
    0.4663662612438202,
    0.4723818004131317,
    0.47993266582489014,
    0.47524455189704895,
    0.5199671387672424,
    0.5140677094459534,
    0.5365071296691895,
    0.5564966797828674,
    0.6157833933830261,
    0.6374543309211731,
    0.6337128281593323,
    0.6037693023681641,
    0.6048704981803894,
    0.6126048564910889,
    0.5823245048522949,
    0.5056774616241455,
    0.48856863379478455,
    0.5044936537742615,
    0.48280295729637146,
    0.38475584983825684,
    0.3334786593914032,
    0.29753321409225464,
    0.28025153279304504,
    0.3319721817970276,
    0.3003423511981964,
    0.29977574944496155,
    0.3322615325450897,
    0.33860185742378235,
    0.3150658905506134,
    0.30595019459724426,
    0.30121544003486633,
    0.3208308517932892,
    0.30423063039779663,
    0.31477639079093933,
    0.32516273856163025,
    0.3257656991481781,
    0.3483840525150299,
    0.3544233739376068,
    0.3648415505886078,
    0.35883447527885437,
    0.3737134039402008,
    0.403804749250412,
    0.42058420181274414,
    0.3996448516845703,
    0.3648132383823395,
    0.33889541029930115,
    0.347320556640625,
    0.33584287762641907,
    0.38364478945732117,
    0.4451340436935425,
    0.4336279332637787,
    0.45223939418792725,
    0.42694637179374695,
    0.42579540610313416,
    0.4438950717449188,
    0.4551694691181183,
    0.5176392197608948,
    0.5244386196136475,
    0.5172327160835266,
    0.5007074475288391,
    0.4894520044326782,
    0.49359774589538574,
    0.4856858253479004,
    0.4732636511325836,
    0.4526914358139038,
    0.44507333636283875,
    0.4632706344127655,
    0.4586138427257538,
    0.4445802867412567,
    0.43724846839904785,
    0.40920138359069824,
    0.40262117981910706,
    0.39885413646698,
    0.38597890734672546,
    0.36695075035095215,
    0.34936198592185974,
    0.3456515073776245,
    0.333644300699234,
    0.3362162113189697,
    0.35051560401916504,
    0.370336651802063
  ],
  "all_framewise_lpips": [
    0.8205140829086304,
    0.7475904226303101,
    0.7356535792350769,
    0.8272086381912231,
    0.8427634239196777,
    0.8510434627532959,
    0.8746887445449829,
    0.8934184312820435,
    0.9250420331954956,
    0.9251137971878052,
    0.9568625688552856,
    0.9911677837371826,
    0.9835511445999146,
    0.9293291568756104,
    0.921488344669342,
    0.8895000219345093,
    0.8563663959503174,
    0.8117470741271973,
    0.8325283527374268,
    0.8236265778541565,
    0.8295807838439941,
    0.825208842754364,
    0.8324586153030396,
    0.7973394393920898,
    0.7701822519302368,
    0.7536301016807556,
    0.7366946935653687,
    0.6864675283432007,
    0.6641082763671875,
    0.6701747179031372,
    0.6962221264839172,
    0.6982486844062805,
    0.6591395139694214,
    0.678996741771698,
    0.7713353037834167,
    0.7581467628479004,
    0.7198527455329895,
    0.7369328737258911,
    0.8670080304145813,
    0.9386616349220276,
    0.9792104959487915,
    0.9786466956138611,
    0.9360744953155518,
    0.9545316696166992,
    0.9598963856697083,
    0.9137678742408752,
    0.9107398986816406,
    0.919460654258728,
    0.9672198295593262,
    0.9707779884338379,
    0.9612162113189697,
    0.9583827257156372,
    0.9660645723342896,
    0.9595126509666443,
    0.9770795106887817,
    0.9619334936141968,
    0.9797725677490234,
    0.9782983064651489,
    0.9994893670082092,
    0.9363641738891602,
    0.9319685101509094,
    0.9100942015647888,
    0.9422569274902344,
    0.9718178510665894,
    0.9902587532997131,
    1.0039114952087402,
    0.9866422414779663,
    0.9272476434707642,
    0.8615018725395203,
    0.8664647340774536,
    0.8370529413223267,
    0.8789339661598206,
    0.8813304901123047,
    0.8566893339157104,
    0.8359226584434509,
    0.7402662634849548,
    0.7263855934143066,
    0.7268421053886414,
    0.7631248831748962,
    0.7591350674629211,
    0.7458869218826294,
    0.8047218918800354,
    0.7703145742416382,
    0.8157795667648315,
    0.8191715478897095,
    0.7986262440681458,
    0.8099154829978943,
    0.8168061971664429,
    0.8183931112289429,
    0.8458690047264099,
    0.8656999468803406,
    0.8777921795845032,
    0.8992722034454346,
    0.9157693386077881,
    0.950211763381958,
    0.9557399749755859,
    0.9787708520889282,
    0.9780775308609009,
    0.9498981833457947,
    0.9213769435882568
  ]
}