{
  "n_frames": 100,
  "scenewise_psnr": 20.467113033334474,
  "scenewise_ssim": 0.5823151627515557,
  "scenewise_lpips": 0.5893562287092209,
  "all_framewise_psnrs": [
    21.884541455044104,
    22.281470391401974,
    21.663437005177414,
    22.284276222561125,
    22.138122556167247,
    21.482514362590454,
    21.170041183784353,
    20.40545517578677,
    21.19144305806791,
    19.164495910330402,
    19.792482150549183,
    20.79683960887492,
    21.71917478085483,
    21.928456986676323,
    21.52089875506286,
    20.42388937786078,
    20.29076366060183,
    20.35310870919043,
    19.726889959961937,
    19.72486942827427,
    19.479513647325405,
    18.949445567703243,
    18.660877972404503,
    18.498256643120452,
    18.95529646502116,
    19.065501535917313,
    20.093478176487864,
    20.0593784794237,
    19.888180327159574,
    21.832899827252746,
    21.254291847384962,
    20.84028104210644,
    20.432660442492786,
    20.621563761477837,
    20.816681412147567,
    20.91413914487505,
    15.50244471818644,
    19.53808656548639,
    20.454893397217635,
    20.199122030994864,
    20.293987226399047,
    20.859814933156663,
    21.169960166824985,
    22.09689896926359,
    22.13115260129886,
    21.49096101553304,
    21.443592883461882,
    21.723842973848907,
    21.393318900551527,
    20.66725362237833,
    20.077230787974894,
    19.879467681568638,
    19.425129201061576,
    19.58289484704091,
    20.04450694255404,
    19.85964329375917,
    20.40508929561313,
    20.880128016271566,
    19.254875231300613,
    19.59802988673444,
    19.501938177260964,
    20.04140365450877,
    20.071014481912318,
    20.626881365463127,
    20.30577135347172,
    19.72987596143523,
    19.55341741098094,
    20.145482395688838,
    19.933726193780785,
    19.632152207045003,
    20.340883666622073,
    20.3256449301453,
    20.721136886473754,
    21.095673195770075,
    21.758000986826747,
    21.398125220948984,
    21.40932358232936,
    21.158276996993102,
    20.69898036738856,
    20.730734798308347,
    20.62113301574771,
    20.73565024085021,
    20.01548726428858,
    20.225914546848742,
    19.450314971519727,
    20.30453774667187,
    19.779817606556275,
    21.60970142872198,
    22.734561245027752,
    21.346910568832214,
    20.9152755349496,
    21.592262819475035,
    21.145501119004606,
    20.983390014047494,
    21.091995856511826,
    21.518525285519527,
    21.8728857321921,
    22.143666961581914,
    22.843772554122104,
    23.435892701398103
  ],
  "all_framewise_ssim": [
    0.613901674747467,
    0.6363529562950134,
    0.6108214855194092,
    0.6315596103668213,
    0.6271170377731323,
    0.5945661067962646,
    0.5761065483093262,
    0.5507817268371582,
    0.5658642649650574,
    0.5096087455749512,
    0.51971036195755,
    0.5278637409210205,
    0.5719352960586548,
    0.6034494042396545,
    0.5904796719551086,
    0.5567814111709595,
    0.5611746907234192,
    0.5832045674324036,
    0.588571310043335,
    0.5515761375427246,
    0.5391032695770264,
    0.5021388530731201,
    0.49422478675842285,
    0.48017826676368713,
    0.48637962341308594,
    0.5027825236320496,
    0.5528160929679871,
    0.530688464641571,
    0.5314006805419922,
    0.5930302739143372,
    0.5797837376594543,
    0.5908194184303284,
    0.5809582471847534,
    0.5698630213737488,
    0.5808212757110596,
    0.5738808512687683,
    0.5634347200393677,
    0.5525088310241699,
    0.5592600107192993,
    0.5623314380645752,
    0.591951310634613,
    0.6179481148719788,
    0.6354331970214844,
    0.6668774485588074,
    0.6510545611381531,
    0.6235136389732361,
    0.6262988448143005,
    0.6242671012878418,
    0.6157873272895813,
    0.6037023663520813,
    0.5984553694725037,
    0.5883774757385254,
    0.5903089642524719,
    0.5920757055282593,
    0.6189674735069275,
    0.6185135841369629,
    0.6255860924720764,
    0.6142808198928833,
    0.5691856741905212,
    0.5648108124732971,
    0.5570676326751709,
    0.5696104168891907,
    0.5696231722831726,
    0.5847864151000977,
    0.5768301486968994,
    0.5525396466255188,
    0.5488048791885376,
    0.5624648928642273,
    0.5633811950683594,
    0.5556312799453735,
    0.5802280306816101,
    0.5785980224609375,
    0.593140721321106,
    0.5984576344490051,
    0.602081298828125,
    0.5786821246147156,
    0.5842615962028503,
    0.5725348591804504,
    0.5472703576087952,
    0.5541380047798157,
    0.5471554398536682,
    0.5493850111961365,
    0.5219324827194214,
    0.5279973149299622,
    0.51218181848526,
    0.5294409394264221,
    0.48107263445854187,
    0.545475423336029,
    0.6344535946846008,
    0.6138967871665955,
    0.6285408735275269,
    0.6528800129890442,
    0.6469659805297852,
    0.6172764897346497,
    0.6172028183937073,
    0.6234111189842224,
    0.6369678378105164,
    0.6640655398368835,
    0.695179283618927,
    0.7015371322631836
  ],
  "all_framewise_lpips": [
    0.5148105025291443,
    0.49825575947761536,
    0.5081892013549805,
    0.4932369589805603,
    0.5032877922058105,
    0.520799994468689,
    0.5319046974182129,
    0.5310459733009338,
    0.5346927046775818,
    0.5501709580421448,
    0.550240159034729,
    0.5616024732589722,
    0.5639858841896057,
    0.5708072185516357,
    0.5994468927383423,
    0.6616185903549194,
    0.6611456274986267,
    0.6522939205169678,
    0.6541339755058289,
    0.6467798352241516,
    0.6433076858520508,
    0.6617939472198486,
    0.6551305055618286,
    0.6603304147720337,
    0.670599102973938,
    0.6634155511856079,
    0.6548124551773071,
    0.6747080087661743,
    0.6718568801879883,
    0.5808619856834412,
    0.5902128219604492,
    0.5697566270828247,
    0.5679551362991333,
    0.5750606060028076,
    0.577528715133667,
    0.5905922055244446,
    0.608778715133667,
    0.59349125623703,
    0.5939822196960449,
    0.5940935015678406,
    0.5874729156494141,
    0.5856418013572693,
    0.5995560884475708,
    0.5786460041999817,
    0.5859875679016113,
    0.6041765809059143,
    0.6006495356559753,
    0.598702073097229,
    0.5958257913589478,
    0.5817945599555969,
    0.574472963809967,
    0.5773789882659912,
    0.5806975960731506,
    0.5685993432998657,
    0.573594331741333,
    0.5808815956115723,
    0.5883513689041138,
    0.6109313368797302,
    0.5613449215888977,
    0.5687702894210815,
    0.5603691339492798,
    0.5566930770874023,
    0.5622246265411377,
    0.5610752105712891,
    0.5690272450447083,
    0.5773663520812988,
    0.5724801421165466,
    0.5765382051467896,
    0.5884655117988586,
    0.5903705358505249,
    0.5769323110580444,
    0.578775942325592,
    0.558879017829895,
    0.5766378045082092,
    0.6082185506820679,
    0.6282870769500732,
    0.6130828857421875,
    0.6060106158256531,
    0.611125111579895,
    0.6116740703582764,
    0.6254205703735352,
    0.6241185665130615,
    0.6267760396003723,
    0.6234332323074341,
    0.635205090045929,
    0.644836962223053,
    0.6494805812835693,
    0.620872437953949,
    0.5906110405921936,
    0.5872406959533691,
    0.5730717778205872,
    0.557532548904419,
    0.5577986240386963,
    0.5778258442878723,
    0.5901697278022766,
    0.5825808644294739,
    0.5945625901222229,
    0.5673440098762512,
    0.5168319940567017,
    0.4954831302165985
  ]
}