{
  "n_frames": 100,
  "scenewise_psnr": 18.158819946932365,
  "scenewise_ssim": 0.6142635067873492,
  "scenewise_lpips": 0.5146561512351036,
  "all_framewise_psnrs": [
    18.06707073177574,
    18.05280075267668,
    17.888888133088795,
    18.251892686431464,
    18.789943933262627,
    18.296373157927807,
    17.285813250827655,
    16.249014477057536,
    16.438645297930634,
    15.834638240084368,
    18.17098493054375,
    18.22489931093069,
    18.82312452701252,
    19.98624530833239,
    18.628325332043477,
    18.534354024763417,
    18.34081619524978,
    17.32244606220907,
    17.932809410006527,
    18.875719281627614,
    20.022436372019968,
    20.333230755947078,
    21.23621021425491,
    20.18812513444402,
    19.114986351181614,
    18.366142241668594,
    18.670509988112734,
    17.5125833649108,
    16.93564624896433,
    16.794639760319424,
    17.152122225711924,
    17.2636582870817,
    17.65917895739556,
    17.811422568035752,
    18.80250651111746,
    18.121423641113765,
    18.629005785761393,
    18.531249053581263,
    17.656618814885448,
    17.450230557316935,
    18.714355180049154,
    19.275425047027024,
    18.307500588524345,
    16.88022405127348,
    16.79634778002149,
    18.42173794870684,
    19.79338183948344,
    19.25988709154083,
    17.23688548652987,
    17.25097928011838,
    16.3027527202195,
    17.610691664352252,
    19.27758491208979,
    20.61075996301468,
    19.363118503858555,
    17.866746200917202,
    15.6256725258997,
    15.719664085232786,
    15.468124453926348,
    17.098521018584748,
    18.451241427530476,
    22.08486914896576,
    20.20390196295334,
    19.30126479523612,
    17.34429058964684,
    16.68196986339332,
    17.453734801790155,
    19.049840067570674,
    18.7532233469483,
    16.565543034445437,
    16.993187652312912,
    20.239487157923328,
    19.991657463368586,
    19.44574463786367,
    19.206617774561437,
    18.45817551333817,
    16.505117616082536,
    16.786097373185495,
    17.79130091552822,
    17.937250365975906,
    16.809082385466713,
    18.083194816904648,
    19.00904693545867,
    17.83063881937269,
    17.835333218852064,
    19.279863727296714,
    24.488419925682223,
    26.562696424152392,
    21.999494185135326,
    21.920249425761064,
    18.757679684592063,
    18.50587523385085,
    17.291370997080623,
    17.18322943245177,
    18.891841138213124,
    19.38076066238408,
    18.564185967876796,
    18.964459161239947,
    19.026543117746378,
    18.13276079079815
  ],
  "all_framewise_ssim": [
    0.6051594614982605,
    0.6019325256347656,
    0.6060839295387268,
    0.6052968502044678,
    0.627333402633667,
    0.6023302674293518,
    0.5805700421333313,
    0.5461130738258362,
    0.5338115692138672,
    0.5250800251960754,
    0.6084089875221252,
    0.5924584269523621,
    0.5925433039665222,
    0.6914842128753662,
    0.6733765006065369,
    0.64439457654953,
    0.5463079810142517,
    0.5442896485328674,
    0.5946391820907593,
    0.5811913013458252,
    0.6552703976631165,
    0.6734623908996582,
    0.7284736633300781,
    0.6973288655281067,
    0.6751490235328674,
    0.646324872970581,
    0.658394992351532,
    0.5792706608772278,
    0.5444796681404114,
    0.5361724495887756,
    0.5486223697662354,
    0.5585104823112488,
    0.6135023832321167,
    0.5755588412284851,
    0.5794274210929871,
    0.5406503677368164,
    0.5343247056007385,
    0.5819541811943054,
    0.5982661843299866,
    0.5988072156906128,
    0.6134687662124634,
    0.6201450824737549,
    0.5955718159675598,
    0.544680655002594,
    0.5774245858192444,
    0.6823530793190002,
    0.6558375358581543,
    0.6182721853256226,
    0.5046314597129822,
    0.5284410715103149,
    0.5537302494049072,
    0.5894671082496643,
    0.6596665978431702,
    0.685820996761322,
    0.6506950259208679,
    0.5856387615203857,
    0.5183557868003845,
    0.5255546569824219,
    0.5136391520500183,
    0.5951259136199951,
    0.6396202445030212,
    0.7352861762046814,
    0.667310893535614,
    0.637014627456665,
    0.5789734721183777,
    0.5673733353614807,
    0.5891160368919373,
    0.6363874077796936,
    0.6240607500076294,
    0.5501300692558289,
    0.571731448173523,
    0.6659629940986633,
    0.6648504137992859,
    0.6600828766822815,
    0.6911323666572571,
    0.6621725559234619,
    0.5560294985771179,
    0.5418555736541748,
    0.5605350136756897,
    0.6290983557701111,
    0.5870043635368347,
    0.5737192034721375,
    0.5616206526756287,
    0.5255358815193176,
    0.5495719313621521,
    0.6939142346382141,
    0.7651076316833496,
    0.815714418888092,
    0.7843015789985657,
    0.7551148533821106,
    0.6887727379798889,
    0.6475498080253601,
    0.5461831092834473,
    0.5469947457313538,
    0.6492301225662231,
    0.7016093134880066,
    0.6764144897460938,
    0.6542363166809082,
    0.6347545981407166,
    0.5014907717704773
  ],
  "all_framewise_lpips": [
    0.4269423186779022,
    0.426414430141449,
    0.415859580039978,
    0.40542691946029663,
    0.4336403012275696,
    0.40824413299560547,
    0.4352359175682068,
    0.4585346281528473,
    0.5374522805213928,
    0.49606481194496155,
    0.42238542437553406,
    0.45606890320777893,
    0.4849986433982849,
    0.5164730548858643,
    0.548542320728302,
    0.5312637090682983,
    0.5451282858848572,
    0.5438881516456604,
    0.5296642780303955,
    0.555075466632843,
    0.574937105178833,
    0.5777914524078369,
    0.5297247171401978,
    0.512119472026825,
    0.5251725316047668,
    0.5130263566970825,
    0.49757224321365356,
    0.515568196773529,
    0.48639610409736633,
    0.5088613033294678,
    0.49371349811553955,
    0.4761132597923279,
    0.49786120653152466,
    0.5010272264480591,
    0.5207154750823975,
    0.5524728298187256,
    0.5594477653503418,
    0.5335565805435181,
    0.5350483655929565,
    0.5324579477310181,
    0.5258385539054871,
    0.5298787355422974,
    0.5315811038017273,
    0.5319759249687195,
    0.550965428352356,
    0.5419057607650757,
    0.555261492729187,
    0.5567306280136108,
    0.5891566276550293,
    0.5797529816627502,
    0.5493637323379517,
    0.5525994896888733,
    0.5341458916664124,
    0.5143004059791565,
    0.5412440896034241,
    0.5535017251968384,
    0.5744195580482483,
    0.5655788779258728,
    0.5542493462562561,
    0.5106234550476074,
    0.5056580305099487,
    0.4780910611152649,
    0.5119385123252869,
    0.5358719825744629,
    0.5515369176864624,
    0.540928065776825,
    0.5281825065612793,
    0.4901543855667114,
    0.5002055168151855,
    0.5441113710403442,
    0.5270832180976868,
    0.43896859884262085,
    0.4284607768058777,
    0.42561590671539307,
    0.4568747282028198,
    0.48093706369400024,
    0.493988573551178,
    0.4674108326435089,
    0.46968644857406616,
    0.5187051296234131,
    0.54776531457901,
    0.5396528840065002,
    0.526282548904419,
    0.5612436532974243,
    0.5608526468276978,
    0.5635352730751038,
    0.5751208662986755,
    0.5251117944717407,
    0.5410518050193787,
    0.5088855028152466,
    0.5346869230270386,
    0.510606050491333,
    0.4851441979408264,
    0.48253133893013,
    0.4882887303829193,
    0.4875170588493347,
    0.5205469131469727,
    0.5318899750709534,
    0.5274678468704224,
    0.5890631675720215
  ]
}