{
  "n_frames": 100,
  "scenewise_psnr": 21.465706742129775,
  "scenewise_ssim": 0.5843198816021271,
  "scenewise_lpips": 0.6238465309143066,
  "all_framewise_psnrs": [
    21.60366573526566,
    23.947075548557507,
    23.096950109545688,
    23.084076097105726,
    22.253195003320748,
    21.788836050404115,
    20.891756652424853,
    21.99072599733992,
    24.04875379252995,
    24.35988023861296,
    23.243235762961362,
    23.39072624564954,
    21.83084869290039,
    23.727974718546115,
    23.751530804576653,
    24.165589491196172,
    26.149643318051744,
    26.936361850139193,
    26.76882238558224,
    26.899256544554035,
    26.2720060370227,
    24.805433271604166,
    26.522054234842688,
    25.48883828255702,
    26.321947441548737,
    26.435614411021465,
    22.346067397472666,
    21.505461588911487,
    21.28382470343546,
    20.921013451449273,
    20.84146454392532,
    21.232199262511386,
    21.36495073984092,
    21.64254075647753,
    20.39376404351245,
    20.05308119951313,
    18.774815069002806,
    18.199978663462613,
    19.743356542477912,
    18.994918285170904,
    18.049939983412372,
    19.136332156035465,
    19.86090366309211,
    20.46363690758062,
    20.80970453311032,
    19.620790292452398,
    18.81164869377849,
    22.484360248970038,
    23.062468605455244,
    22.835069025869114,
    19.063485012610947,
    21.592458619632986,
    22.539428325890682,
    22.60688288931859,
    20.132173282492708,
    19.034206378172996,
    20.95523113575741,
    21.080693015142543,
    21.498462534174237,
    22.094264320864315,
    23.19764503676273,
    23.230802164749242,
    20.842832525995327,
    21.749067924050003,
    23.151951646361994,
    24.082548758855612,
    22.94615143128443,
    23.002539582949417,
    22.890325511196696,
    22.54715426013721,
    21.98799130310183,
    20.48415070801184,
    19.891153910298765,
    19.855247398006874,
    20.242017667682152,
    20.638772490203245,
    19.684880270870387,
    19.901800725926893,
    20.755524743298373,
    20.59284513363935,
    21.182101488536254,
    21.622355096771628,
    21.450185149646053,
    22.201103870437016,
    23.64491834070751,
    24.6066066293714,
    23.331702430660556,
    22.833712300031316,
    20.1967678934844,
    20.65772753494153,
    19.957826559932702,
    20.45956957905545,
    20.014074510269495,
    19.77270068846992,
    19.859781532696953,
    21.075450633207815,
    21.742418375319104,
    21.622893125171867,
    21.061821161441394,
    19.417750706252587
  ],
  "all_framewise_ssim": [
    0.648004949092865,
    0.7603417038917542,
    0.716691792011261,
    0.6953263878822327,
    0.6777100563049316,
    0.6591506004333496,
    0.5855545401573181,
    0.607847273349762,
    0.6683809161186218,
    0.6861475110054016,
    0.6696526408195496,
    0.6535406112670898,
    0.562100887298584,
    0.6355321407318115,
    0.6364527344703674,
    0.6407842040061951,
    0.7240113615989685,
    0.7466492652893066,
    0.7284176349639893,
    0.7482125759124756,
    0.728704035282135,
    0.6751775741577148,
    0.7225029468536377,
    0.7025207877159119,
    0.7054559588432312,
    0.7123498916625977,
    0.5525064468383789,
    0.510094940662384,
    0.5111472010612488,
    0.5293114185333252,
    0.5192849040031433,
    0.5485207438468933,
    0.536298394203186,
    0.5276705622673035,
    0.5086058378219604,
    0.5171661376953125,
    0.5058457851409912,
    0.5234383940696716,
    0.5796317458152771,
    0.5550826787948608,
    0.5474104285240173,
    0.5633000135421753,
    0.580666720867157,
    0.5862300992012024,
    0.5515149235725403,
    0.5286743640899658,
    0.5134050846099854,
    0.604515552520752,
    0.6016631126403809,
    0.5780642628669739,
    0.48182177543640137,
    0.5535476803779602,
    0.5837062001228333,
    0.6098819375038147,
    0.5946949124336243,
    0.5263926982879639,
    0.577333927154541,
    0.516711413860321,
    0.5283699035644531,
    0.5603813529014587,
    0.5936198830604553,
    0.6080799698829651,
    0.5694220662117004,
    0.5621736645698547,
    0.5946148037910461,
    0.6022934317588806,
    0.5475557446479797,
    0.5545032024383545,
    0.5568781495094299,
    0.5491578578948975,
    0.549672544002533,
    0.5216230750083923,
    0.5038046836853027,
    0.5332775115966797,
    0.5075788497924805,
    0.4980003535747528,
    0.49589237570762634,
    0.49820300936698914,
    0.49736103415489197,
    0.49709010124206543,
    0.5322667956352234,
    0.5465234518051147,
    0.5495669841766357,
    0.586151659488678,
    0.627512514591217,
    0.664608895778656,
    0.6170856952667236,
    0.5804383158683777,
    0.5156604647636414,
    0.49472033977508545,
    0.4391688406467438,
    0.4826001226902008,
    0.4829889237880707,
    0.4658370018005371,
    0.48904430866241455,
    0.5227116942405701,
    0.5472800135612488,
    0.6043772101402283,
    0.6074255108833313,
    0.5690281987190247
  ],
  "all_framewise_lpips": [
    0.37799933552742004,
    0.2938157320022583,
    0.31869345903396606,
    0.3116135597229004,
    0.3395237326622009,
    0.381452351808548,
    0.44717952609062195,
    0.42726603150367737,
    0.3953482508659363,
    0.3736063241958618,
    0.39758092164993286,
    0.4195905923843384,
    0.5042992830276489,
    0.47599726915359497,
    0.4701398015022278,
    0.46831008791923523,
    0.37205639481544495,
    0.3380115032196045,
    0.34046509861946106,
    0.3315456211566925,
    0.36719727516174316,
    0.41375744342803955,
    0.3883684277534485,
    0.406883180141449,
    0.4257647395133972,
    0.4361696243286133,
    0.6966969966888428,
    0.7368946671485901,
    0.7068891525268555,
    0.7077212333679199,
    0.7266329526901245,
    0.7053130865097046,
    0.7198267579078674,
    0.73822420835495,
    0.7421839237213135,
    0.7513130903244019,
    0.8141282796859741,
    0.7949453592300415,
    0.7572609186172485,
    0.7486120462417603,
    0.7081645131111145,
    0.6902322769165039,
    0.6804997324943542,
    0.671657383441925,
    0.6684943437576294,
    0.6771354079246521,
    0.7043789625167847,
    0.6013736724853516,
    0.6271955370903015,
    0.6772117614746094,
    0.743687629699707,
    0.6402043104171753,
    0.619971752166748,
    0.6206775903701782,
    0.6902741193771362,
    0.7447020411491394,
    0.7559510469436646,
    0.803909182548523,
    0.7347191572189331,
    0.6941696405410767,
    0.623938798904419,
    0.6146770715713501,
    0.6437793970108032,
    0.6650530099868774,
    0.6510264873504639,
    0.6532008647918701,
    0.7253212928771973,
    0.7200302481651306,
    0.7136635184288025,
    0.7366750240325928,
    0.7212511301040649,
    0.7415951490402222,
    0.7670297622680664,
    0.7464075684547424,
    0.7478233575820923,
    0.7552589178085327,
    0.7799778580665588,
    0.696009635925293,
    0.6630079746246338,
    0.6614891290664673,
    0.6410253047943115,
    0.6889257431030273,
    0.7158918380737305,
    0.6922270059585571,
    0.6477091312408447,
    0.5880093574523926,
    0.6162287592887878,
    0.661088228225708,
    0.6918879151344299,
    0.7252923846244812,
    0.7343675494194031,
    0.7197657823562622,
    0.7253414392471313,
    0.7573180198669434,
    0.7352222204208374,
    0.7267559766769409,
    0.7518007755279541,
    0.7403439283370972,
    0.7069910168647766,
    0.7673562169075012
  ]
}