{
  "n_frames": 100,
  "scenewise_psnr": 21.432794755278163,
  "scenewise_ssim": 0.7281609612653028,
  "scenewise_lpips": 0.5880567365884781,
  "all_framewise_psnrs": [
    25.154276694559723,
    25.322583788779006,
    25.17139374864019,
    23.18605660898788,
    21.45521035306197,
    23.69380692513765,
    22.136232005134225,
    22.88271896366713,
    22.907679705507114,
    23.05462179166537,
    20.555744651025442,
    23.96655276650295,
    24.683550984967013,
    25.653923997850235,
    25.924766322458012,
    25.70867909708831,
    24.76155144977283,
    23.15053652382034,
    21.307860989697524,
    15.452294831348524,
    22.142010116189503,
    20.10918927200247,
    19.422808661756868,
    22.690082492616884,
    22.91736777756028,
    22.028486375051006,
    21.85177732060329,
    21.042322872800415,
    20.941187466946253,
    16.32062424934666,
    20.953806636797253,
    23.99095116845762,
    22.72472061857822,
    23.378124374901404,
    23.767815909653066,
    22.156414852780873,
    20.697801336175896,
    21.427435801942202,
    21.632016544408433,
    21.420509101496116,
    21.482448070992405,
    21.55694097369149,
    20.40379164641644,
    22.385948378201334,
    23.467411283677755,
    23.889403249882072,
    22.895277511817582,
    23.44665017023874,
    22.661425009426765,
    23.294979068794706,
    25.573892150285566,
    23.885984633238422,
    23.82795533564769,
    23.948582824246337,
    24.046717868020828,
    23.476893262629936,
    23.182434350966382,
    22.72246664050785,
    21.78159987334018,
    21.115668744108817,
    20.910032446182313,
    20.998658210734447,
    20.58430795267171,
    20.263561169070808,
    20.004434118575738,
    20.140903334527053,
    19.828819627920478,
    19.202434382601904,
    18.894363623691266,
    19.108894722508253,
    19.785649366790032,
    20.260331326328334,
    20.69866728961353,
    21.12609532573391,
    21.688160389100283,
    20.148519511301064,
    20.54480556086078,
    21.881251494671755,
    22.96979396550883,
    22.300457218947216,
    21.183765430519156,
    20.60697767144864,
    19.880231332572357,
    19.308525118640077,
    19.18219041022486,
    19.307309048971653,
    19.9412961235911,
    19.87766826243601,
    20.638511043712473,
    21.30871841823545,
    21.25358004707998,
    21.379426023828113,
    21.836083593831724,
    21.631638448289937,
    21.290434279829554,
    21.734239593537307,
    22.86424599626825,
    22.3947742265729,
    21.48267284059749,
    21.1033485279657
  ],
  "all_framewise_ssim": [
    0.7009574770927429,
    0.7173666954040527,
    0.7069624066352844,
    0.6713592410087585,
    0.6691961884498596,
    0.6850058436393738,
    0.6703290343284607,
    0.6810600757598877,
    0.6742141246795654,
    0.6822953224182129,
    0.6561985015869141,
    0.6965126991271973,
    0.7229540944099426,
    0.7640523314476013,
    0.7696526646614075,
    0.7595093250274658,
    0.7536482810974121,
    0.7212789058685303,
    0.6856309771537781,
    0.5957805514335632,
    0.6840981841087341,
    0.6397726535797119,
    0.6552293300628662,
    0.6676173210144043,
    0.6979026794433594,
    0.699887216091156,
    0.7119638323783875,
    0.6833794713020325,
    0.6763245463371277,
    0.6670677065849304,
    0.7302476763725281,
    0.7705178260803223,
    0.7328965663909912,
    0.7533109784126282,
    0.8254181742668152,
    0.7915570139884949,
    0.7251818776130676,
    0.7101889252662659,
    0.7193677425384521,
    0.7249481678009033,
    0.7334652543067932,
    0.7494309544563293,
    0.7350773215293884,
    0.7895491123199463,
    0.8072102665901184,
    0.8014907240867615,
    0.7665708065032959,
    0.7551601529121399,
    0.7380446791648865,
    0.7993940711021423,
    0.8106846213340759,
    0.7419486045837402,
    0.7198494076728821,
    0.7255902290344238,
    0.7397645115852356,
    0.7273108959197998,
    0.7112259864807129,
    0.6789981722831726,
    0.6795497536659241,
    0.6972536444664001,
    0.6891815066337585,
    0.6953720450401306,
    0.6826087832450867,
    0.6668513417243958,
    0.6679065823554993,
    0.6708419322967529,
    0.6554448008537292,
    0.6542452573776245,
    0.6511973142623901,
    0.6565571427345276,
    0.667580783367157,
    0.705346405506134,
    0.7171432971954346,
    0.742790699005127,
    0.7604691982269287,
    0.7337178587913513,
    0.7540521025657654,
    0.7857798933982849,
    0.7861051559448242,
    0.7975284457206726,
    0.7704954743385315,
    0.7407627701759338,
    0.7431044578552246,
    0.7233846783638,
    0.7161657214164734,
    0.7404365539550781,
    0.7619566917419434,
    0.744053065776825,
    0.7710010409355164,
    0.777439534664154,
    0.7649605870246887,
    0.7960028052330017,
    0.8083918690681458,
    0.7825028300285339,
    0.8017447590827942,
    0.7924607396125793,
    0.7627652287483215,
    0.7913381457328796,
    0.7699456214904785,
    0.7471781373023987
  ],
  "all_framewise_lpips": [
    0.6232808828353882,
    0.600354790687561,
    0.593457818031311,
    0.6167222261428833,
    0.6022985577583313,
    0.5960236191749573,
    0.6259768009185791,
    0.6139346957206726,
    0.5939117670059204,
    0.5921544432640076,
    0.59883052110672,
    0.6132148504257202,
    0.6242257356643677,
    0.599683940410614,
    0.5951035022735596,
    0.6147105693817139,
    0.5940036177635193,
    0.597387433052063,
    0.628192663192749,
    0.6328296065330505,
    0.5472933053970337,
    0.6311829090118408,
    0.5793474912643433,
    0.5568820834159851,
    0.6075680255889893,
    0.5805240869522095,
    0.5481820702552795,
    0.5981925129890442,
    0.5934275984764099,
    0.5959932208061218,
    0.5716111660003662,
    0.5624798536300659,
    0.563861608505249,
    0.5814947485923767,
    0.5220303535461426,
    0.5571093559265137,
    0.6001445055007935,
    0.5795608758926392,
    0.5646980404853821,
    0.5752053260803223,
    0.5927299857139587,
    0.6022884249687195,
    0.634547770023346,
    0.5923110246658325,
    0.5916938781738281,
    0.6076794862747192,
    0.5656203031539917,
    0.5494088530540466,
    0.5871850848197937,
    0.5392695069313049,
    0.5872960090637207,
    0.6103067994117737,
    0.5820360779762268,
    0.5852943062782288,
    0.5944188237190247,
    0.5706878900527954,
    0.5820562839508057,
    0.6211851835250854,
    0.5967695116996765,
    0.5950531363487244,
    0.621299147605896,
    0.6000529527664185,
    0.6060463786125183,
    0.6272082924842834,
    0.6151021718978882,
    0.616365909576416,
    0.6360832452774048,
    0.6213604211807251,
    0.6219621896743774,
    0.6274754405021667,
    0.6123051643371582,
    0.5762366056442261,
    0.5978808403015137,
    0.5335192680358887,
    0.5375022888183594,
    0.5901933908462524,
    0.5732557773590088,
    0.573698878288269,
    0.5990719199180603,
    0.5477327108383179,
    0.5546793341636658,
    0.5889809727668762,
    0.5567234754562378,
    0.5598203539848328,
    0.5840901136398315,
    0.5481337308883667,
    0.5433939695358276,
    0.5947890281677246,
    0.5615637898445129,
    0.5617890357971191,
    0.5992979407310486,
    0.5539639592170715,
    0.5491841435432434,
    0.5996440649032593,
    0.557441771030426,
    0.5540273785591125,
    0.6248014569282532,
    0.5927577018737793,
    0.600443959236145,
    0.5248689651489258
  ]
}