{
  "n_frames": 100,
  "scenewise_psnr": 12.795207049269564,
  "scenewise_ssim": 0.4592970001958179,
  "scenewise_lpips": 0.886984069943428,
  "all_framewise_psnrs": [
    13.246934738005363,
    12.996583245568074,
    12.969174106150103,
    12.976830178509452,
    13.260138728033004,
    12.786923687758534,
    13.568848938614053,
    13.605416344904695,
    13.104921053442123,
    12.832384960017304,
    13.203987682266561,
    12.73392032283676,
    12.820022893460134,
    13.523088778140215,
    13.782754220971738,
    13.864091288533775,
    13.83506336013464,
    13.85152689074975,
    13.903541184004984,
    13.409453247757824,
    13.562056111205578,
    13.30240415001391,
    12.9758445425418,
    12.268089558284238,
    11.997308534079366,
    11.421309895998684,
    11.853494067070798,
    11.48514009589228,
    11.582501459936129,
    11.263013349006844,
    11.015234560515148,
    11.304840593069908,
    11.489670128251344,
    11.528167724937157,
    12.054641185811635,
    12.245673767833885,
    12.009566175098293,
    11.585810091009382,
    11.422134070744667,
    11.618295499200187,
    11.347776680274485,
    11.326263261378262,
    11.351102846964496,
    10.674378478486574,
    11.161090437000105,
    11.953329726708573,
    12.179173790979958,
    11.537091912646595,
    11.32613810892796,
    10.865099887752478,
    11.41269819241053,
    12.346234844274422,
    12.215204552148872,
    12.334333334383077,
    13.023753584943362,
    12.724071907320734,
    13.629577567400673,
    13.800751157972025,
    14.495233260428463,
    13.75726731369237,
    13.99518976686725,
    13.207531803379137,
    13.186101085041857,
    13.472399180343189,
    14.182013551537214,
    14.07080786855264,
    14.012946580763943,
    14.185930244842988,
    15.412979675197294,
    13.635757114438704,
    13.653613161418875,
    14.512777694426195,
    13.994292728888835,
    13.966175621316763,
    14.465696860503476,
    14.395261552510883,
    14.206404644706952,
    13.267219916726273,
    13.472382984780005,
    13.530470812261857,
    13.579307861581587,
    13.339803297129208,
    13.155515351745933,
    12.831649552853925,
    12.775393616210835,
    13.29885855564424,
    13.196875340312014,
    13.623278243099584,
    12.873983835185125,
    13.807412954995081,
    13.42166152231912,
    13.978099204268467,
    13.680836956373494,
    12.833510672293242,
    12.783309496798928,
    12.442987169505429,
    13.69888652730259,
    13.500792694321856,
    12.751067912155193,
    13.371348032177444
  ],
  "all_framewise_ssim": [
    0.449796587228775,
    0.43421339988708496,
    0.4606059491634369,
    0.4588645398616791,
    0.49412763118743896,
    0.470962256193161,
    0.48076820373535156,
    0.49719908833503723,
    0.46718132495880127,
    0.47615423798561096,
    0.47476133704185486,
    0.48546186089515686,
    0.44325128197669983,
    0.4966253340244293,
    0.48983415961265564,
    0.4732849597930908,
    0.4852445125579834,
    0.47786471247673035,
    0.4747883379459381,
    0.4706147015094757,
    0.47315874695777893,
    0.44850221276283264,
    0.47762832045555115,
    0.4715605676174164,
    0.4637089967727661,
    0.4665275812149048,
    0.4984706938266754,
    0.5099005103111267,
    0.533768892288208,
    0.5276893973350525,
    0.507972240447998,
    0.5114720463752747,
    0.464991956949234,
    0.4279164969921112,
    0.4203883707523346,
    0.4258973300457001,
    0.4077983796596527,
    0.4103512763977051,
    0.3934340178966522,
    0.37691566348075867,
    0.36766108870506287,
    0.35965433716773987,
    0.3617894649505615,
    0.3443131148815155,
    0.3609035015106201,
    0.3766915500164032,
    0.4017754793167114,
    0.39562854170799255,
    0.37894830107688904,
    0.3656299114227295,
    0.4178866446018219,
    0.44918760657310486,
    0.46437349915504456,
    0.45326557755470276,
    0.4638080596923828,
    0.46799513697624207,
    0.4679931104183197,
    0.456034392118454,
    0.4788977801799774,
    0.49118277430534363,
    0.494669646024704,
    0.4721278250217438,
    0.46819746494293213,
    0.4673391282558441,
    0.4948328733444214,
    0.49136897921562195,
    0.5040218830108643,
    0.5042188763618469,
    0.5253133177757263,
    0.4902789890766144,
    0.47128817439079285,
    0.513355553150177,
    0.48043668270111084,
    0.48115774989128113,
    0.4895850121974945,
    0.4794869124889374,
    0.47771796584129333,
    0.47347772121429443,
    0.4731704294681549,
    0.491753488779068,
    0.483161598443985,
    0.4518604278564453,
    0.4405166208744049,
    0.43869730830192566,
    0.45478010177612305,
    0.4650444984436035,
    0.4767986238002777,
    0.47685015201568604,
    0.4223092794418335,
    0.4800194799900055,
    0.4754042327404022,
    0.4820873737335205,
    0.4896921217441559,
    0.439786434173584,
    0.4041500389575958,
    0.38918542861938477,
    0.4615236520767212,
    0.4666804075241089,
    0.438546746969223,
    0.4704338014125824
  ],
  "all_framewise_lpips": [
    0.8246904611587524,
    0.8467318415641785,
    0.8460171818733215,
    0.8597961068153381,
    0.8289883136749268,
    0.8516594767570496,
    0.8409512639045715,
    0.8112074136734009,
    0.8353087306022644,
    0.8650310635566711,
    0.8821275234222412,
    0.870405912399292,
    0.8357889652252197,
    0.811257004737854,
    0.8609606623649597,
    0.8983201384544373,
    0.8826705813407898,
    0.8899421691894531,
    0.9062159657478333,
    0.9034111499786377,
    0.9046956896781921,
    0.9308401942253113,
    0.9061867594718933,
    0.9048917293548584,
    0.9228615760803223,
    0.9099078178405762,
    0.9077199697494507,
    0.8951151371002197,
    0.8668627142906189,
    0.8817051649093628,
    0.9016373753547668,
    0.8904060125350952,
    0.9167702794075012,
    0.9487276673316956,
    0.9420689344406128,
    0.9373522400856018,
    0.9489706754684448,
    0.9448822736740112,
    0.957085371017456,
    0.9675300121307373,
    0.9665725231170654,
    0.9647533297538757,
    0.9656728506088257,
    0.9714579582214355,
    0.9628860354423523,
    0.9613674283027649,
    0.9333705306053162,
    0.9370410442352295,
    0.9436647891998291,
    0.9423274993896484,
    0.912560224533081,
    0.8924093842506409,
    0.884157657623291,
    0.8941430449485779,
    0.895131528377533,
    0.8903538584709167,
    0.8956338167190552,
    0.8955045342445374,
    0.8787246942520142,
    0.8721621632575989,
    0.8622035980224609,
    0.8878072500228882,
    0.8927960395812988,
    0.890998125076294,
    0.8862992525100708,
    0.887760579586029,
    0.8755130171775818,
    0.8701673746109009,
    0.8259689807891846,
    0.8902191519737244,
    0.8892454504966736,
    0.8668708205223083,
    0.8853113651275635,
    0.880329430103302,
    0.8698946237564087,
    0.8704679012298584,
    0.8680055737495422,
    0.8639393448829651,
    0.8688254356384277,
    0.8619176745414734,
    0.8577290177345276,
    0.8666011691093445,
    0.8611446619033813,
    0.8776854276657104,
    0.8705913424491882,
    0.8767903447151184,
    0.8761609792709351,
    0.877109944820404,
    0.8986334204673767,
    0.8828045129776001,
    0.8555275797843933,
    0.8558210730552673,
    0.8245996832847595,
    0.8050333261489868,
    0.829531729221344,
    0.8567420244216919,
    0.8765031695365906,
    0.8512395024299622,
    0.8658872842788696,
    0.840135395526886
  ]
}