{
  "n_frames": 100,
  "scenewise_psnr": 9.012706027597872,
  "scenewise_ssim": 0.35564584812686917,
  "scenewise_lpips": 0.8522968751192093,
  "all_framewise_psnrs": [
    9.643182297250656,
    9.507508787635926,
    9.001914958460969,
    8.506305004881186,
    8.077450606462545,
    7.29224956992511,
    7.71569265695633,
    8.737866113086437,
    9.198705126169775,
    8.467236304724004,
    8.696552847545746,
    9.708987281580029,
    10.967899931228377,
    10.931396029102904,
    11.15485048376083,
    11.277687571873292,
    10.982266597022214,
    10.02644449489721,
    7.425313303906849,
    7.451268084086308,
    7.993112624093948,
    9.293149170239204,
    9.043451458336571,
    9.620831731269156,
    9.975415530642604,
    9.851056361255996,
    9.43724843791641,
    9.635258355482376,
    10.167077046188421,
    10.902104586534518,
    11.74218192751896,
    11.068857084847703,
    11.089820681155338,
    10.370401861518312,
    10.568113483421646,
    9.535415882715123,
    9.193086538769741,
    8.994837097004783,
    10.10342801066118,
    10.871983665606543,
    10.565847456702668,
    10.874349938918941,
    9.623956125995255,
    9.387307855366956,
    9.924817634876607,
    9.054641766255626,
    10.046142279166684,
    9.981997690594813,
    9.441568046711966,
    8.085154827218714,
    8.497481839384225,
    8.126457232040563,
    7.557642040195494,
    9.969726569337283,
    10.534932781306953,
    10.489038496169947,
    10.606275090192344,
    8.868848579827953,
    8.486237115927494,
    8.655484527957322,
    10.345902617466546,
    10.190796287268897,
    10.305382705657902,
    9.488846226294001,
    9.480606073606248,
    9.051437876602341,
    7.974543576507741,
    8.5405343328365,
    8.833527466385139,
    9.83939491048741,
    10.08066181438965,
    9.749510913639751,
    8.87751265090972,
    9.29917056694728,
    8.796776497170097,
    8.87765858133129,
    8.273649718626281,
    8.121134181588914,
    8.2213218426146,
    9.308077761306402,
    8.802522168027327,
    7.894827805393838,
    7.679918485766645,
    8.773002983225249,
    9.383463800899564,
    9.705526882805362,
    9.502725172952069,
    9.146447780663108,
    9.090450814028674,
    8.895572754342187,
    8.27479621352133,
    8.277227209614448,
    7.542157271290265,
    6.932343687261168,
    6.053680230491516,
    7.12682688333921,
    6.708984088124215,
    7.224182341590042,
    6.908303537875088,
    7.018882958800752
  ],
  "all_framewise_ssim": [
    0.3618519604206085,
    0.3714943826198578,
    0.3843437731266022,
    0.3435734808444977,
    0.3212629556655884,
    0.33535531163215637,
    0.3504214584827423,
    0.3596745431423187,
    0.3230251371860504,
    0.24581317603588104,
    0.23814654350280762,
    0.2940152585506439,
    0.4004662036895752,
    0.42220211029052734,
    0.4351036548614502,
    0.4648827016353607,
    0.4708193242549896,
    0.41317224502563477,
    0.2926824986934662,
    0.318848580121994,
    0.32918334007263184,
    0.3663521707057953,
    0.29346993565559387,
    0.29823026061058044,
    0.31076717376708984,
    0.3112071454524994,
    0.3048817217350006,
    0.349527508020401,
    0.4112842381000519,
    0.4244256913661957,
    0.43454647064208984,
    0.39733028411865234,
    0.3930886685848236,
    0.3843925893306732,
    0.36411234736442566,
    0.331900417804718,
    0.3015762269496918,
    0.29293057322502136,
    0.3143423795700073,
    0.35190463066101074,
    0.3345905542373657,
    0.3133617341518402,
    0.28851982951164246,
    0.32771965861320496,
    0.36750468611717224,
    0.3492906987667084,
    0.3593372106552124,
    0.370169073343277,
    0.38250938057899475,
    0.36161670088768005,
    0.35687875747680664,
    0.3275303542613983,
    0.3208219110965729,
    0.38096633553504944,
    0.3941822350025177,
    0.38179144263267517,
    0.34588873386383057,
    0.23378439247608185,
    0.2903080880641937,
    0.30104029178619385,
    0.41173624992370605,
    0.4009353816509247,
    0.39189648628234863,
    0.39496275782585144,
    0.423992395401001,
    0.42334040999412537,
    0.38053110241889954,
    0.41393721103668213,
    0.4150960147380829,
    0.4542064368724823,
    0.4620095193386078,
    0.42333221435546875,
    0.34300029277801514,
    0.3120395243167877,
    0.286133736371994,
    0.264318585395813,
    0.24062614142894745,
    0.2744704484939575,
    0.35827240347862244,
    0.4640946090221405,
    0.46036770939826965,
    0.4160332977771759,
    0.40412095189094543,
    0.4264669418334961,
    0.41340866684913635,
    0.4091787040233612,
    0.399032860994339,
    0.40014973282814026,
    0.3819854259490967,
    0.38004180788993835,
    0.3717218339443207,
    0.3379736840724945,
    0.31345686316490173,
    0.25615131855010986,
    0.24045412242412567,
    0.24171721935272217,
    0.2367524355649948,
    0.29978033900260925,
    0.2980998754501343,
    0.30293676257133484
  ],
  "all_framewise_lpips": [
    0.8592292070388794,
    0.8593263626098633,
    0.8174151182174683,
    0.8834775686264038,
    0.9384496212005615,
    0.9259030222892761,
    0.9283061027526855,
    0.9002798199653625,
    0.922098696231842,
    0.9689473509788513,
    0.9838904738426208,
    0.9350568056106567,
    0.8375396132469177,
    0.8098742961883545,
    0.7965396642684937,
    0.7032161355018616,
    0.7172746658325195,
    0.7843365669250488,
    0.9127848744392395,
    0.9113854169845581,
    0.8956817388534546,
    0.8172156810760498,
    0.9070524573326111,
    0.9200990200042725,
    0.9205776453018188,
    0.9233027100563049,
    0.9119200706481934,
    0.878955602645874,
    0.7688932418823242,
    0.7606723308563232,
    0.7470800280570984,
    0.7787365317344666,
    0.7889012098312378,
    0.8041456937789917,
    0.8331887722015381,
    0.8643391132354736,
    0.8984914422035217,
    0.9141951203346252,
    0.886565089225769,
    0.8614792823791504,
    0.8654569387435913,
    0.8915011882781982,
    0.9024897217750549,
    0.8859535455703735,
    0.8413546085357666,
    0.8154067397117615,
    0.8073305487632751,
    0.803948163986206,
    0.7871324419975281,
    0.795075535774231,
    0.8219703435897827,
    0.852331280708313,
    0.864228367805481,
    0.7916743159294128,
    0.8013436794281006,
    0.7985441088676453,
    0.8456889390945435,
    0.9282804727554321,
    0.940983772277832,
    0.9351636171340942,
    0.8128224015235901,
    0.8098117709159851,
    0.8118137121200562,
    0.8223166465759277,
    0.8217018842697144,
    0.8206226825714111,
    0.857450544834137,
    0.8240982294082642,
    0.8297042846679688,
    0.8069881200790405,
    0.8040449619293213,
    0.7796620726585388,
    0.8870733976364136,
    0.8914908170700073,
    0.8979266881942749,
    0.8787322044372559,
    0.890182375907898,
    0.9265812635421753,
    0.8613194823265076,
    0.755835235118866,
    0.7584425806999207,
    0.7904242873191833,
    0.7955573201179504,
    0.7559082508087158,
    0.7390719652175903,
    0.746760368347168,
    0.7825139164924622,
    0.8176854252815247,
    0.8293761014938354,
    0.8185696005821228,
    0.8281832933425903,
    0.8652573823928833,
    0.8859676718711853,
    0.9324573278427124,
    0.9479086399078369,
    0.9615143537521362,
    0.9727507829666138,
    0.9119291305541992,
    0.9096120595932007,
    0.9369357824325562
  ]
}