{
  "n_frames": 100,
  "scenewise_psnr": 24.22003453417791,
  "scenewise_ssim": 0.7272021444523169,
  "scenewise_lpips": 0.4970523661375046,
  "all_framewise_psnrs": [
    26.760385539779698,
    26.972474875846785,
    24.885002041842988,
    24.32440269527166,
    24.436566123829458,
    23.341966210676837,
    24.269146361410932,
    21.706726375432197,
    20.723219404364244,
    21.75446378241756,
    24.582161058613153,
    25.137397466357623,
    24.889060290229853,
    25.29097668356664,
    22.502333900149623,
    24.133305720041797,
    23.52989564461561,
    23.29815533324975,
    22.548948410020927,
    23.466054874046456,
    26.207980044271917,
    25.491101237529776,
    24.945146431234342,
    23.442225412165712,
    24.602839992051628,
    23.809994335577635,
    24.326849932174703,
    22.74894783526301,
    21.171171607444474,
    23.980116859569538,
    23.569210682276672,
    22.354978394464567,
    23.439989939878597,
    23.98265757683884,
    23.28534956536327,
    23.715071818095836,
    24.681514137843607,
    21.949377115597493,
    24.174381956253598,
    24.450570729748087,
    25.988891673717838,
    25.192996610058877,
    24.49539564150337,
    23.14922167119608,
    23.149349463420247,
    25.27244431427605,
    24.180527273346407,
    23.534483238878856,
    23.219727297045296,
    23.16975836778748,
    23.987979537088794,
    24.76044681877331,
    25.80821047657349,
    26.192773444178496,
    23.893535317391116,
    21.883558105714588,
    24.495236221038887,
    24.361530941112235,
    24.307676137758616,
    24.512427799939115,
    25.251869969591848,
    26.08511179936776,
    23.617758142652715,
    24.573816911332358,
    25.009339080944333,
    26.190258058565824,
    25.333534846297464,
    26.65823161897302,
    25.40858158695029,
    25.723647531296233,
    25.548620101017715,
    26.132790640977817,
    26.45276484025899,
    24.52519938946558,
    25.33259853383616,
    22.86435589453933,
    24.023206073190146,
    23.858067377196946,
    25.1864581311063,
    24.12410769695021,
    25.170239336948086,
    22.669786706919062,
    24.37767716657852,
    25.332897151395585,
    23.869715560671082,
    26.906829267007282,
    29.56813761929667,
    31.334024335092415,
    27.21619514262168,
    27.519131839619636,
    24.401587099828866,
    22.919615913247036,
    23.643092634292362,
    23.473846407743974,
    23.840178989054024,
    26.30677311838664,
    26.18498212445608,
    24.75163406426679,
    23.67966703635888,
    23.244174724168808
  ],
  "all_framewise_ssim": [
    0.7973754405975342,
    0.7982179522514343,
    0.7559800148010254,
    0.7404958605766296,
    0.7428439259529114,
    0.7083496451377869,
    0.7322724461555481,
    0.6889522671699524,
    0.6177485585212708,
    0.6640899777412415,
    0.7414057850837708,
    0.7409707903862,
    0.7173135280609131,
    0.7627679705619812,
    0.6968638300895691,
    0.7089864611625671,
    0.6605057120323181,
    0.6715025901794434,
    0.7024340629577637,
    0.6678638458251953,
    0.7442440390586853,
    0.7276704907417297,
    0.7614880204200745,
    0.7392521500587463,
    0.7428891658782959,
    0.7313733100891113,
    0.7381041646003723,
    0.6924938559532166,
    0.6505290865898132,
    0.7181201577186584,
    0.7015859484672546,
    0.6746782660484314,
    0.6856918334960938,
    0.7007835507392883,
    0.6856546401977539,
    0.6654865145683289,
    0.6790987849235535,
    0.6356757283210754,
    0.7263609766960144,
    0.7292623519897461,
    0.7299008965492249,
    0.7248799204826355,
    0.7151375412940979,
    0.6810100078582764,
    0.6824243664741516,
    0.7597654461860657,
    0.7159022688865662,
    0.6891487240791321,
    0.6678650379180908,
    0.6864306330680847,
    0.7252349853515625,
    0.7281592488288879,
    0.7553896903991699,
    0.761574923992157,
    0.7050594687461853,
    0.6596952080726624,
    0.742079496383667,
    0.7376978993415833,
    0.7336358428001404,
    0.7391106486320496,
    0.7478654384613037,
    0.7832145690917969,
    0.7153776288032532,
    0.7276777625083923,
    0.7224648594856262,
    0.7495694160461426,
    0.7394454479217529,
    0.7701631188392639,
    0.7430536150932312,
    0.7382616996765137,
    0.74638432264328,
    0.7678585648536682,
    0.7686461806297302,
    0.7400074005126953,
    0.7664191126823425,
    0.7423965334892273,
    0.7313904762268066,
    0.7195293307304382,
    0.7387235164642334,
    0.7232260704040527,
    0.754039466381073,
    0.664633572101593,
    0.7004831433296204,
    0.7251190543174744,
    0.6954160332679749,
    0.776574432849884,
    0.8069187998771667,
    0.8461417555809021,
    0.818625271320343,
    0.8189581036567688,
    0.7761194705963135,
    0.7197383046150208,
    0.7017531991004944,
    0.6976771354675293,
    0.7341961860656738,
    0.8021102547645569,
    0.7822263836860657,
    0.7425746917724609,
    0.6843523979187012,
    0.6385640501976013
  ],
  "all_framewise_lpips": [
    0.3835449516773224,
    0.3803647458553314,
    0.3863758146762848,
    0.3820129334926605,
    0.3913058638572693,
    0.4204292297363281,
    0.4220384955406189,
    0.42323821783065796,
    0.4923214316368103,
    0.4314157962799072,
    0.42574864625930786,
    0.45120275020599365,
    0.4813883900642395,
    0.5293135046958923,
    0.6140317320823669,
    0.5631300210952759,
    0.572409987449646,
    0.5551542043685913,
    0.5379109978675842,
    0.5783075094223022,
    0.5518012046813965,
    0.5852726697921753,
    0.552878737449646,
    0.5504127740859985,
    0.5638260245323181,
    0.5427296161651611,
    0.5097707509994507,
    0.5181690454483032,
    0.5113589763641357,
    0.47182050347328186,
    0.48261338472366333,
    0.5118914246559143,
    0.5480387210845947,
    0.5375367403030396,
    0.5392134785652161,
    0.5469197630882263,
    0.5499379634857178,
    0.5493208765983582,
    0.47644326090812683,
    0.4835169315338135,
    0.5193243622779846,
    0.5224354267120361,
    0.49774765968322754,
    0.48899444937705994,
    0.5260065793991089,
    0.5261218547821045,
    0.5385843515396118,
    0.5735266208648682,
    0.5188494920730591,
    0.5034515261650085,
    0.46350449323654175,
    0.4864702820777893,
    0.49508869647979736,
    0.49302512407302856,
    0.5524380207061768,
    0.5230646729469299,
    0.4396839737892151,
    0.4274898171424866,
    0.44380953907966614,
    0.4613956809043884,
    0.4855240285396576,
    0.4878581464290619,
    0.5497469902038574,
    0.5158522725105286,
    0.45750805735588074,
    0.43722426891326904,
    0.43610963225364685,
    0.4221758544445038,
    0.45048198103904724,
    0.45801249146461487,
    0.4540475308895111,
    0.4440746307373047,
    0.4402603507041931,
    0.45907390117645264,
    0.4885026216506958,
    0.5154225826263428,
    0.4649723470211029,
    0.43875905871391296,
    0.45254942774772644,
    0.5448750853538513,
    0.49230045080184937,
    0.5511791110038757,
    0.5040265917778015,
    0.4781765341758728,
    0.5181589722633362,
    0.5466787815093994,
    0.606116771697998,
    0.5509629249572754,
    0.564388632774353,
    0.49999240040779114,
    0.491746187210083,
    0.5002346038818359,
    0.46659034490585327,
    0.45523518323898315,
    0.48457401990890503,
    0.4678189158439636,
    0.5014168620109558,
    0.5318774580955505,
    0.5479188561439514,
    0.536681056022644
  ]
}