{
  "n_frames": 100,
  "scenewise_psnr": 12.381234258983561,
  "scenewise_ssim": 0.375933303722487,
  "scenewise_lpips": 0.9605548149347305,
  "all_framewise_psnrs": [
    11.427034315430857,
    11.500475128718406,
    11.058282852822536,
    11.541309175621976,
    12.372411620495587,
    11.895249804068397,
    13.107844779735347,
    14.253851198795257,
    16.464922216487185,
    17.795778628202477,
    17.88944687460683,
    17.847120045096926,
    12.269573532943415,
    11.291246128775931,
    11.135353740466982,
    14.146455611978993,
    16.68002035863911,
    18.37874780943716,
    17.989652930862267,
    18.586935594089827,
    18.556935907320117,
    12.069518792135128,
    11.972721751974715,
    12.222837805092922,
    11.907529085175124,
    12.253154232152712,
    12.209750973971055,
    12.612394583963976,
    12.331484608268505,
    12.061257739651793,
    12.271864322978907,
    11.96430945059288,
    12.185291991492107,
    12.181641693700065,
    12.600469749673792,
    12.652607558116717,
    12.490372341873675,
    12.502899289436776,
    12.458408342915014,
    12.119599445742493,
    12.011344847945509,
    11.235220500138588,
    12.34867507948315,
    12.758105629678248,
    11.874104043215413,
    12.27120949327539,
    11.684861001235063,
    11.966691528061272,
    11.816867550637697,
    12.121514477413882,
    13.589764670743097,
    11.612641391183313,
    10.04459242975355,
    10.581370509741044,
    10.007498775422722,
    10.693132913506007,
    11.402201177582889,
    12.562139490623608,
    12.44841401967367,
    11.632181279756908,
    11.443781924978019,
    12.051970343980647,
    10.706264105960212,
    10.95349640287913,
    11.774977118620942,
    11.694850946938587,
    11.640033624391526,
    11.491348442079437,
    12.217372213005113,
    11.946592278092583,
    11.940007897535711,
    11.97741738163132,
    12.114688392968382,
    11.307842350638337,
    12.176293093530074,
    11.179002881203896,
    11.750181177125521,
    11.620996071193055,
    12.20229191070147,
    11.658583718185726,
    11.962575863389997,
    13.073162435334623,
    13.027852998487191,
    12.774573092493913,
    12.982171269885212,
    13.15324349968443,
    12.59597632658795,
    11.707818337917242,
    12.328596263930674,
    13.3044209190391,
    13.751276740770884,
    13.75031511721913,
    13.216748675353319,
    12.729399889309498,
    12.76204757037766,
    13.34135872630144,
    13.202317319634648,
    13.255974782358681,
    13.259171637883924,
    12.999037931817092
  ],
  "all_framewise_ssim": [
    0.3465701639652252,
    0.33444222807884216,
    0.31112074851989746,
    0.31269630789756775,
    0.31582602858543396,
    0.3165583312511444,
    0.32936859130859375,
    0.340345174074173,
    0.3712809383869171,
    0.392861932516098,
    0.4053506851196289,
    0.4088536500930786,
    0.3344365060329437,
    0.3220532238483429,
    0.3020072281360626,
    0.3634161055088043,
    0.408013254404068,
    0.4040534496307373,
    0.3854139745235443,
    0.39052700996398926,
    0.3978208601474762,
    0.30585503578186035,
    0.2924676835536957,
    0.30097484588623047,
    0.3004932403564453,
    0.31288835406303406,
    0.32465705275535583,
    0.32785266637802124,
    0.3171599507331848,
    0.31115496158599854,
    0.3165493905544281,
    0.32502689957618713,
    0.30193641781806946,
    0.3058134913444519,
    0.3210804760456085,
    0.3347233235836029,
    0.32438763976097107,
    0.3162730634212494,
    0.3311443030834198,
    0.3113870620727539,
    0.33645954728126526,
    0.3534514009952545,
    0.40624669194221497,
    0.4413425028324127,
    0.43669402599334717,
    0.4338541030883789,
    0.45389530062675476,
    0.44938716292381287,
    0.44230636954307556,
    0.46804824471473694,
    0.47431233525276184,
    0.4406770169734955,
    0.42379438877105713,
    0.396235853433609,
    0.3951807916164398,
    0.4472508430480957,
    0.4414011538028717,
    0.46136474609375,
    0.4572560787200928,
    0.4356530010700226,
    0.4140907824039459,
    0.4253053665161133,
    0.382287859916687,
    0.36698201298713684,
    0.41842785477638245,
    0.41108229756355286,
    0.4083676338195801,
    0.3682619333267212,
    0.3922182321548462,
    0.4237811267375946,
    0.42535629868507385,
    0.4247407615184784,
    0.37186741828918457,
    0.37141528725624084,
    0.4166472852230072,
    0.38069579005241394,
    0.39544156193733215,
    0.36778733134269714,
    0.3686584234237671,
    0.39355576038360596,
    0.3899785578250885,
    0.373234361410141,
    0.3780926465988159,
    0.3707069158554077,
    0.36345815658569336,
    0.3908306062221527,
    0.36615028977394104,
    0.3129872679710388,
    0.3353380262851715,
    0.40215328335762024,
    0.3894821107387543,
    0.39974746108055115,
    0.3994252383708954,
    0.3707304894924164,
    0.3678569793701172,
    0.38403019309043884,
    0.35213422775268555,
    0.4098656475543976,
    0.36457765102386475,
    0.38717231154441833
  ],
  "all_framewise_lpips": [
    0.9661020636558533,
    0.9614261388778687,
    0.9947266578674316,
    0.9953678250312805,
    0.9713279008865356,
    0.9684371948242188,
    0.9404035806655884,
    0.9039707183837891,
    0.860252857208252,
    0.8599145412445068,
    0.8469023704528809,
    0.8596569299697876,
    0.9549781084060669,
    0.9644597172737122,
    0.9615132808685303,
    0.8775214552879333,
    0.8598201274871826,
    0.8578921556472778,
    0.9343162775039673,
    0.942145824432373,
    0.9080452919006348,
    0.9973835349082947,
    1.0221142768859863,
    1.003900408744812,
    1.0059802532196045,
    0.992879331111908,
    0.9765029549598694,
    0.974534273147583,
    1.0005208253860474,
    1.0016740560531616,
    1.019667625427246,
    0.9703933596611023,
    1.006624698638916,
    1.0040018558502197,
    0.9768490791320801,
    0.9644201993942261,
    0.992427408695221,
    0.9887768626213074,
    0.9594284296035767,
    1.0041968822479248,
    0.9720051288604736,
    0.9449555277824402,
    0.941927433013916,
    0.9461169242858887,
    0.9096086025238037,
    0.9233427047729492,
    0.9342362880706787,
    0.955079972743988,
    0.9514962434768677,
    0.9278028607368469,
    0.9285314679145813,
    0.9343864917755127,
    0.9359472990036011,
    0.9462797045707703,
    0.907133936882019,
    0.8415453433990479,
    0.881367027759552,
    0.9011386632919312,
    0.9590681791305542,
    0.9961209297180176,
    1.003973364830017,
    0.9682186841964722,
    0.995678186416626,
    0.9888597130775452,
    0.9547469019889832,
    0.9421035051345825,
    0.9329367876052856,
    0.9869930148124695,
    0.9568102359771729,
    0.9688649773597717,
    0.9525489211082458,
    0.9460736513137817,
    0.9851946830749512,
    0.9813675284385681,
    0.926965594291687,
    1.0016413927078247,
    0.9577354192733765,
    0.9707083106040955,
    0.9324789047241211,
    0.9398427605628967,
    0.947486937046051,
    1.0198819637298584,
    1.0100544691085815,
    1.0097200870513916,
    1.00814950466156,
    0.9986683130264282,
    0.9979665279388428,
    1.019002914428711,
    0.9982224106788635,
    0.9832843542098999,
    1.0134291648864746,
    0.9851744174957275,
    0.992984414100647,
    1.0243124961853027,
    0.988012433052063,
    0.9510167837142944,
    0.9815942645072937,
    0.9606162309646606,
    1.0164573192596436,
    0.9661558866500854
  ]
}