{
  "n_frames": 100,
  "scenewise_psnr": 11.01365651770257,
  "scenewise_ssim": 0.28869905899716386,
  "scenewise_lpips": 0.9440213942527771,
  "all_framewise_psnrs": [
    11.362833616755236,
    11.740230909047424,
    11.562919453828695,
    12.300084216790761,
    11.871973359069523,
    12.089263247873344,
    12.317858192830204,
    12.467136055301317,
    12.897804620730762,
    12.655004078116939,
    12.549707310462,
    12.643674892912015,
    12.665350809223948,
    12.728175605925037,
    12.76463155099317,
    12.703250783853598,
    12.682395184391826,
    12.470012907764277,
    12.622900616223411,
    12.756115095379098,
    12.970717387440109,
    13.226073903555529,
    12.983966495125742,
    12.955719778770284,
    13.098654809029158,
    13.013396310115466,
    12.636204887503826,
    12.41322767490381,
    12.107122870540614,
    12.09754999756896,
    12.096758890642969,
    11.956641953542789,
    11.891279780466926,
    12.739294760030639,
    12.494294572017255,
    10.753996136909167,
    10.802633840676236,
    11.250017994055044,
    11.875689536037585,
    11.0862074517153,
    10.744364500019676,
    10.24470763526216,
    9.868270153283444,
    10.236053939668706,
    9.06327884782112,
    7.9475596913398325,
    10.869963403673875,
    10.791135595153458,
    10.841332973247749,
    9.14353489303026,
    8.386027779528805,
    10.617901592177732,
    9.665546022256304,
    9.2148813492642,
    9.073592821055483,
    9.465185142001701,
    10.403323646685841,
    9.92592480809657,
    10.065242593255487,
    10.257010247390905,
    11.001060109183427,
    11.071213865446518,
    11.008856842414843,
    10.589188469027563,
    10.216889817542626,
    9.66292239611876,
    9.442874814586235,
    7.7731093815260275,
    10.17023202471888,
    8.573680755634822,
    8.938648986299038,
    10.204650315039242,
    9.694029683978481,
    9.594587701116295,
    10.36794327849818,
    10.015574942423477,
    10.892464650799239,
    8.896504261606104,
    9.265514545304978,
    8.273753656180645,
    9.279534095267149,
    11.026226864042084,
    10.839964089200036,
    10.899787632642116,
    12.456111595594448,
    12.094969270989232,
    12.116538836107027,
    12.772560293716369,
    12.678065018435722,
    12.889894628665159,
    13.079031011995193,
    12.599557976052147,
    12.517584286268447,
    12.456121848775014,
    12.350704977391793,
    12.111011440732263,
    12.441534719940016,
    12.222734428594325,
    11.807509629859085,
    12.310515893403425
  ],
  "all_framewise_ssim": [
    0.4300239086151123,
    0.38949474692344666,
    0.35122108459472656,
    0.2611618638038635,
    0.23644070327281952,
    0.259335994720459,
    0.28023186326026917,
    0.30147480964660645,
    0.3135765790939331,
    0.29063668847084045,
    0.29309317469596863,
    0.28873899579048157,
    0.29966065287590027,
    0.29590871930122375,
    0.29768607020378113,
    0.29420211911201477,
    0.29854515194892883,
    0.287567138671875,
    0.2928650677204132,
    0.3105681240558624,
    0.26839521527290344,
    0.21257902681827545,
    0.24532504379749298,
    0.28932443261146545,
    0.29283270239830017,
    0.29314756393432617,
    0.29616060853004456,
    0.27275657653808594,
    0.29479867219924927,
    0.307994544506073,
    0.32487499713897705,
    0.3037312924861908,
    0.3126498758792877,
    0.32811304926872253,
    0.3009319603443146,
    0.2655375897884369,
    0.2606199085712433,
    0.27373969554901123,
    0.26562753319740295,
    0.24297893047332764,
    0.30543822050094604,
    0.30900293588638306,
    0.2943458557128906,
    0.26574620604515076,
    0.2688990831375122,
    0.2571481168270111,
    0.29711201786994934,
    0.3021371066570282,
    0.30362752079963684,
    0.30406710505485535,
    0.310314804315567,
    0.40438735485076904,
    0.3680107593536377,
    0.31879809498786926,
    0.31272438168525696,
    0.343381404876709,
    0.3653907775878906,
    0.33324170112609863,
    0.3188800513744354,
    0.3259694278240204,
    0.28542420268058777,
    0.2767772674560547,
    0.28335657715797424,
    0.2969052493572235,
    0.3179456889629364,
    0.2853398323059082,
    0.28648456931114197,
    0.2648945748806,
    0.27483734488487244,
    0.30094778537750244,
    0.2785339057445526,
    0.2871738076210022,
    0.25054678320884705,
    0.254289835691452,
    0.257550984621048,
    0.26852521300315857,
    0.26280176639556885,
    0.2523827850818634,
    0.2265491485595703,
    0.21121443808078766,
    0.21559186279773712,
    0.23722988367080688,
    0.25482580065727234,
    0.2565356492996216,
    0.3081865608692169,
    0.2430201768875122,
    0.25450634956359863,
    0.25469884276390076,
    0.26413074135780334,
    0.27352461218833923,
    0.25358250737190247,
    0.25773170590400696,
    0.27542003989219666,
    0.26056841015815735,
    0.2423541098833084,
    0.253188818693161,
    0.2571965157985687,
    0.24296118319034576,
    0.34085068106651306,
    0.41137418150901794
  ],
  "all_framewise_lpips": [
    0.7995365858078003,
    0.8349136114120483,
    0.858849048614502,
    0.943915843963623,
    0.9673893451690674,
    0.9375337958335876,
    0.9322160482406616,
    0.9025121331214905,
    0.9022912979125977,
    0.9165617823600769,
    0.917750358581543,
    0.9084962606430054,
    0.9161953330039978,
    0.9051817655563354,
    0.912752091884613,
    0.919468343257904,
    0.9229482412338257,
    0.9397293329238892,
    0.9385363459587097,
    0.9283571243286133,
    0.9530025720596313,
    0.9809009432792664,
    0.9658467769622803,
    0.9467360377311707,
    0.9486735463142395,
    0.945227324962616,
    0.9501765370368958,
    0.9668933153152466,
    0.9571450352668762,
    0.9575313925743103,
    0.9240853786468506,
    0.9291028380393982,
    0.9257489442825317,
    0.9155083298683167,
    0.9241777658462524,
    0.9562535881996155,
    0.9577282071113586,
    0.9377954006195068,
    0.944379448890686,
    0.9689497947692871,
    0.9135391712188721,
    0.9783201813697815,
    0.9653134346008301,
    1.012702226638794,
    0.9810001254081726,
    1.0144968032836914,
    0.9722671508789062,
    0.9618659019470215,
    0.9669941663742065,
    0.9341695308685303,
    0.9226570129394531,
    0.9442926049232483,
    0.9640728235244751,
    0.9641293287277222,
    0.9653220176696777,
    0.9340406060218811,
    0.8865180611610413,
    0.9630966782569885,
    0.9527757167816162,
    0.950536847114563,
    0.9274818301200867,
    0.9830676913261414,
    0.9671796560287476,
    0.9434847831726074,
    0.9299028515815735,
    0.9450629949569702,
    0.902419924736023,
    0.9463262557983398,
    0.9370821714401245,
    0.8850460052490234,
    0.9845950603485107,
    0.973690927028656,
    0.9814927577972412,
    0.977177083492279,
    0.9619871377944946,
    0.9560090899467468,
    0.9673912525177002,
    0.98089599609375,
    1.0137770175933838,
    1.0216392278671265,
    1.0216237306594849,
    0.9962137341499329,
    0.954643189907074,
    0.9372116327285767,
    0.921183705329895,
    0.9390316009521484,
    0.9453763365745544,
    0.9430815577507019,
    0.930819571018219,
    0.9343745708465576,
    0.9581849575042725,
    0.9704219698905945,
    0.9651429057121277,
    0.9498882293701172,
    0.9567285180091858,
    0.9271996021270752,
    0.9160046577453613,
    0.9500546455383301,
    0.9078258872032166,
    0.8823104500770569
  ]
}