{
  "n_frames": 100,
  "scenewise_psnr": 20.589561112898245,
  "scenewise_ssim": 0.48630315012243486,
  "scenewise_lpips": 0.6493529230356216,
  "all_framewise_psnrs": [
    21.394470214992005,
    21.122198626322657,
    21.213880746471755,
    21.23149563877518,
    21.512554449895326,
    21.623589928396655,
    21.632779904172143,
    21.73833218933241,
    21.985158667713666,
    22.047506925549172,
    22.41323987192903,
    21.876008934397873,
    21.20786675363647,
    21.22567095257751,
    21.458073113086648,
    21.262706783237526,
    21.234208171557366,
    21.691240655961813,
    21.15130382137261,
    20.798115346885023,
    20.66910472865903,
    20.73305511332931,
    20.68516089580475,
    20.712087629534174,
    20.51983092488991,
    20.987096561133043,
    20.68724470849925,
    20.562668864151057,
    20.472009358691608,
    20.215927570419268,
    20.426111603780967,
    19.621296999938163,
    19.180355754893153,
    20.204828731173308,
    20.774370878087993,
    20.63330647485926,
    19.55299774570189,
    20.116273862273996,
    20.18441743100967,
    20.174472686917014,
    20.176414573776892,
    20.020902679862136,
    19.469106972595554,
    20.108471371031182,
    20.09289922597036,
    20.20094619012405,
    20.21963377925531,
    20.13418144320029,
    19.85218804539881,
    20.17380032515338,
    20.384353849545143,
    19.66959673581017,
    19.24611479897291,
    18.924058084969907,
    18.035170335023658,
    18.470393319788595,
    19.606284341805285,
    20.288497651438394,
    21.277131546043652,
    21.16943888796321,
    21.106863533711344,
    21.06793612289963,
    21.228525830431213,
    20.34721795722831,
    19.79522460468116,
    19.767009329116927,
    20.315349685937857,
    21.122441903958197,
    20.95432559009632,
    20.640436652077444,
    21.313402139403795,
    21.54693060085704,
    20.932535640750277,
    20.698001777400762,
    20.359012734091717,
    20.26796902271324,
    21.364029258039995,
    21.576929146409583,
    20.78146113246188,
    20.998175160472286,
    21.039056989705287,
    19.48499577215814,
    21.389987105456875,
    21.72255465373383,
    21.2343172670358,
    19.438334618916986,
    19.844402544136337,
    20.509601692095497,
    20.229441240494857,
    18.24827244006951,
    21.28131787265407,
    21.67528377489272,
    21.42793588602569,
    21.53254095189496,
    21.885845649155375,
    21.99452186755963,
    21.300607094595133,
    21.13786846846091,
    21.017329592043595,
    20.438750649687233
  ],
  "all_framewise_ssim": [
    0.5314643383026123,
    0.5221854448318481,
    0.5198953151702881,
    0.5102614760398865,
    0.5100963711738586,
    0.4708831310272217,
    0.4520301818847656,
    0.47111544013023376,
    0.4880117177963257,
    0.5025046467781067,
    0.5377832055091858,
    0.5614688396453857,
    0.49816808104515076,
    0.4869750440120697,
    0.48178914189338684,
    0.4622606337070465,
    0.46607276797294617,
    0.48580992221832275,
    0.497697114944458,
    0.5125288963317871,
    0.5030158162117004,
    0.4647000730037689,
    0.4438816010951996,
    0.4475570023059845,
    0.43354809284210205,
    0.44950321316719055,
    0.46458229422569275,
    0.4431042969226837,
    0.4267810583114624,
    0.43001842498779297,
    0.4286329746246338,
    0.4031994640827179,
    0.3947654068470001,
    0.4215866029262543,
    0.4634101092815399,
    0.46633180975914,
    0.4359756410121918,
    0.44875073432922363,
    0.43681201338768005,
    0.47315719723701477,
    0.5084121227264404,
    0.5242118239402771,
    0.49582409858703613,
    0.522737979888916,
    0.5315051078796387,
    0.5306506752967834,
    0.5331183671951294,
    0.5251545906066895,
    0.49583712220191956,
    0.4791163504123688,
    0.4827606678009033,
    0.43993234634399414,
    0.4219888746738434,
    0.41967496275901794,
    0.4071296453475952,
    0.43092313408851624,
    0.4375183880329132,
    0.4559500217437744,
    0.4709444046020508,
    0.4489353597164154,
    0.42562076449394226,
    0.44209253787994385,
    0.48426976799964905,
    0.4593762457370758,
    0.42544975876808167,
    0.41499146819114685,
    0.4445664882659912,
    0.47667983174324036,
    0.4582920968532562,
    0.4546952545642853,
    0.5238730311393738,
    0.5436000823974609,
    0.5391375422477722,
    0.5177457928657532,
    0.4876173734664917,
    0.47891056537628174,
    0.48433324694633484,
    0.48764216899871826,
    0.4637621343135834,
    0.4877077341079712,
    0.5199689865112305,
    0.46829530596733093,
    0.5227698087692261,
    0.5820264220237732,
    0.5569100975990295,
    0.5379928946495056,
    0.6180344820022583,
    0.7229918837547302,
    0.5913428068161011,
    0.47420844435691833,
    0.5317443013191223,
    0.535153865814209,
    0.5435231328010559,
    0.4993337392807007,
    0.4939955174922943,
    0.4905865490436554,
    0.48258864879608154,
    0.4881228506565094,
    0.47733163833618164,
    0.4540775716304779
  ],
  "all_framewise_lpips": [
    0.5802528262138367,
    0.5826361775398254,
    0.5774653553962708,
    0.596186101436615,
    0.6121558547019958,
    0.6400098204612732,
    0.6657035946846008,
    0.645946741104126,
    0.6324235796928406,
    0.6362327933311462,
    0.6196542382240295,
    0.6004104614257812,
    0.616331934928894,
    0.6415358781814575,
    0.653689444065094,
    0.6708728075027466,
    0.6608851552009583,
    0.6457603573799133,
    0.6594141721725464,
    0.6504349708557129,
    0.651171863079071,
    0.6882495284080505,
    0.6960575580596924,
    0.7005341649055481,
    0.7319453358650208,
    0.7200931310653687,
    0.7094222903251648,
    0.7287474274635315,
    0.6924306750297546,
    0.6988589763641357,
    0.7007489800453186,
    0.7037203907966614,
    0.6695581078529358,
    0.6511875987052917,
    0.6397770643234253,
    0.6473062634468079,
    0.6863816976547241,
    0.6743691563606262,
    0.6575479507446289,
    0.6309998035430908,
    0.6104062795639038,
    0.5805542469024658,
    0.6115792989730835,
    0.6348710656166077,
    0.624235987663269,
    0.5504353642463684,
    0.5654186606407166,
    0.5174742341041565,
    0.5479803681373596,
    0.6293898820877075,
    0.7058180570602417,
    0.7684304118156433,
    0.7170996069908142,
    0.6803427338600159,
    0.6915361285209656,
    0.6430567502975464,
    0.6739538311958313,
    0.6914108395576477,
    0.6842449307441711,
    0.6880764961242676,
    0.6946620941162109,
    0.6585292816162109,
    0.64600670337677,
    0.6637031435966492,
    0.6685375571250916,
    0.6608756184577942,
    0.6563915014266968,
    0.6511564254760742,
    0.6565269827842712,
    0.6606137752532959,
    0.6020826697349548,
    0.5942506194114685,
    0.5989751815795898,
    0.6372617483139038,
    0.6596565246582031,
    0.6095749139785767,
    0.652094841003418,
    0.6626318097114563,
    0.6753629446029663,
    0.6646538972854614,
    0.6718152165412903,
    0.7418409585952759,
    0.6943151950836182,
    0.7069422602653503,
    0.7187633514404297,
    0.6549103260040283,
    0.5567173957824707,
    0.45238161087036133,
    0.5513776540756226,
    0.5861244201660156,
    0.6225548386573792,
    0.611869752407074,
    0.6176278591156006,
    0.6567704081535339,
    0.6541857123374939,
    0.6523921489715576,
    0.6660165190696716,
    0.6668773293495178,
    0.6765847206115723,
    0.7182509899139404
  ]
}