{
  "n_frames": 100,
  "scenewise_psnr": 14.525009519960099,
  "scenewise_ssim": 0.22207416126524038,
  "scenewise_lpips": 0.9138659912347794,
  "all_framewise_psnrs": [
    13.361357921386528,
    13.285492027473996,
    13.180162172906737,
    12.996377138298477,
    12.970794341451072,
    13.639665505801199,
    13.435807762541017,
    13.768648675491216,
    13.920059791629505,
    13.82458590038456,
    13.478881893760164,
    13.629168223475503,
    13.62440893522309,
    14.419895754722749,
    14.900405037869074,
    15.236679150174602,
    16.27979101472992,
    17.511712987473548,
    17.006743451682347,
    17.76299061979558,
    17.853851786925272,
    18.719612342302167,
    18.80694858251125,
    18.616133005777222,
    16.8395790656666,
    15.303260008591256,
    15.284586014521611,
    15.1357953604811,
    15.144358134295326,
    15.28860455652162,
    15.440062112186247,
    15.165604957816752,
    14.735260325340388,
    14.406650899418548,
    14.29901156791788,
    14.028396565546224,
    14.252469671612928,
    13.843011764991797,
    13.611220449338258,
    13.913794352895613,
    14.185499311976404,
    14.426742511717748,
    14.436899229792072,
    13.797813333155041,
    14.16999765619453,
    14.834631845300192,
    15.089632619562467,
    15.257793431926883,
    16.184587107687488,
    16.092316919599444,
    15.804410572429195,
    15.739807218446142,
    15.545331185845566,
    14.696982283154842,
    14.557599386323506,
    14.646700873264983,
    14.830495325206023,
    15.337170494132522,
    15.515772351424372,
    16.81568909057484,
    18.502800578058824,
    18.70582993176613,
    15.6053825084887,
    15.484266503036665,
    14.319537888910192,
    13.867050264508672,
    13.414390609559932,
    14.107132022791157,
    14.395267784101796,
    13.922306626438887,
    14.43080333630215,
    14.425780904091079,
    14.922960280827875,
    14.295994285814144,
    14.561794664395329,
    14.245660648086474,
    13.794315060434945,
    13.243181138739871,
    13.144694573795979,
    14.037081757482099,
    13.378900106662488,
    13.436154309239793,
    13.785117921380245,
    13.641745258233097,
    14.027935173483527,
    14.244194023761994,
    14.043308138047285,
    14.023437124908007,
    14.084462322650912,
    13.893130954344393,
    13.86912669116105,
    13.770214854165392,
    14.064867008894957,
    14.062164280357894,
    14.03039731626728,
    13.963820540645393,
    13.641585472189224,
    13.645000260420947,
    13.613907891585653,
    13.519854711018436
  ],
  "all_framewise_ssim": [
    0.17920862138271332,
    0.21670091152191162,
    0.20024602115154266,
    0.20067201554775238,
    0.19592855870723724,
    0.19867944717407227,
    0.18734918534755707,
    0.19612975418567657,
    0.17336495220661163,
    0.20036059617996216,
    0.19406072795391083,
    0.19918465614318848,
    0.1850510835647583,
    0.20725353062152863,
    0.21518345177173615,
    0.1985122710466385,
    0.21203599870204926,
    0.24282217025756836,
    0.2433783859014511,
    0.2546061873435974,
    0.2336982637643814,
    0.3015601336956024,
    0.2917032539844513,
    0.2725468575954437,
    0.23005430400371552,
    0.22333532571792603,
    0.2306167036294937,
    0.2260987013578415,
    0.20418627560138702,
    0.24471230804920197,
    0.22998802363872528,
    0.21536171436309814,
    0.18790550529956818,
    0.20205505192279816,
    0.20922712981700897,
    0.20405946671962738,
    0.21801280975341797,
    0.22618021070957184,
    0.20739395916461945,
    0.21212643384933472,
    0.20297087728977203,
    0.25745144486427307,
    0.27589350938796997,
    0.24936580657958984,
    0.19913391768932343,
    0.23885329067707062,
    0.24335402250289917,
    0.23702853918075562,
    0.22289717197418213,
    0.24824810028076172,
    0.25697997212409973,
    0.23325268924236298,
    0.22955016791820526,
    0.2351308912038803,
    0.26115477085113525,
    0.25657856464385986,
    0.23035262525081635,
    0.24688772857189178,
    0.2264174073934555,
    0.24520976841449738,
    0.22601176798343658,
    0.24348187446594238,
    0.21851927042007446,
    0.22674386203289032,
    0.20375783741474152,
    0.23125024139881134,
    0.22631514072418213,
    0.2302211970090866,
    0.20518846809864044,
    0.23285607993602753,
    0.22509030997753143,
    0.21224497258663177,
    0.1667138785123825,
    0.20878179371356964,
    0.22521793842315674,
    0.21524770557880402,
    0.17973341047763824,
    0.1994403600692749,
    0.18391567468643188,
    0.22454063594341278,
    0.1707543581724167,
    0.19041024148464203,
    0.18996484577655792,
    0.1976224184036255,
    0.24574382603168488,
    0.24001926183700562,
    0.21485356986522675,
    0.22384846210479736,
    0.21074558794498444,
    0.22233699262142181,
    0.23194003105163574,
    0.2110222429037094,
    0.17486004531383514,
    0.22172904014587402,
    0.2462964653968811,
    0.24959015846252441,
    0.24797320365905762,
    0.2450294941663742,
    0.23361682891845703,
    0.26406171917915344
  ],
  "all_framewise_lpips": [
    0.9761022329330444,
    0.9511573314666748,
    0.9467244744300842,
    0.9500364065170288,
    0.9611191749572754,
    0.9511476755142212,
    0.9517375826835632,
    0.9295159578323364,
    0.9657527208328247,
    0.9146848320960999,
    0.9253658652305603,
    0.9257081151008606,
    0.9486651420593262,
    0.9237531423568726,
    0.9075860381126404,
    0.9019654989242554,
    0.8916089534759521,
    0.840666651725769,
    0.8559260964393616,
    0.8474965691566467,
    0.8873875141143799,
    0.823106586933136,
    0.8478510975837708,
    0.8550449013710022,
    0.8973112106323242,
    0.8934720754623413,
    0.8956201076507568,
    0.9057921171188354,
    0.9346357583999634,
    0.8895336389541626,
    0.9026999473571777,
    0.9080955386161804,
    0.9470285177230835,
    0.9142124652862549,
    0.9074141979217529,
    0.9257451891899109,
    0.9243526458740234,
    0.9054597616195679,
    0.919680118560791,
    0.902524471282959,
    0.9244577884674072,
    0.8723377585411072,
    0.858130693435669,
    0.8779786229133606,
    0.9236106276512146,
    0.8811862468719482,
    0.874596357345581,
    0.8797656297683716,
    0.8986634016036987,
    0.8793286681175232,
    0.8718444108963013,
    0.8895570635795593,
    0.9081017374992371,
    0.8817028999328613,
    0.8695822358131409,
    0.8766723275184631,
    0.92208331823349,
    0.8989472985267639,
    0.9012663960456848,
    0.8861410617828369,
    0.8871254324913025,
    0.8793671131134033,
    0.9013108015060425,
    0.8905746936798096,
    0.9205909371376038,
    0.9005208611488342,
    0.9095006585121155,
    0.9033730030059814,
    0.9441296458244324,
    0.905045747756958,
    0.9155848026275635,
    0.9152607917785645,
    0.9533090591430664,
    0.9207737445831299,
    0.9091403484344482,
    0.9136670231819153,
    0.9635385870933533,
    0.9267923831939697,
    0.9467402696609497,
    0.9194098711013794,
    0.9730805158615112,
    0.9375625252723694,
    0.9478172063827515,
    0.9377068877220154,
    0.9224250912666321,
    0.927770733833313,
    0.9429049491882324,
    0.9302247762680054,
    0.9583115577697754,
    0.9402020573616028,
    0.9277955293655396,
    0.9430358409881592,
    0.9916688203811646,
    0.9346044063568115,
    0.91743403673172,
    0.9391268491744995,
    0.9501674175262451,
    0.9520854949951172,
    0.9448756575584412,
    0.9124001264572144
  ]
}