{
  "n_frames": 100,
  "scenewise_psnr": 20.595613870709073,
  "scenewise_ssim": 0.6438073854539788,
  "scenewise_lpips": 0.6187879237532615,
  "all_framewise_psnrs": [
    26.51006231674538,
    26.899178804315316,
    23.1141474230374,
    22.82166990154167,
    23.76781061267156,
    21.487767417666163,
    20.98738798194296,
    20.704204351224973,
    18.47169946348346,
    20.07066996330563,
    20.12064527944702,
    22.332299792587218,
    21.64960785522109,
    22.71746458927034,
    18.936623563111837,
    20.69235212079478,
    18.853443323541246,
    21.501261659899097,
    19.894671525513353,
    19.862977527655545,
    23.78835022613439,
    24.215842669218873,
    21.40555739785394,
    21.307117675749105,
    22.77750709426432,
    21.573484615228104,
    22.80536019672266,
    21.559507848025067,
    19.29795642527323,
    21.568126044089126,
    21.136502336029,
    19.627939702618068,
    21.310067358996527,
    20.208009482345865,
    18.133603658867926,
    18.553644290276424,
    19.80421393462008,
    18.440774296135483,
    20.405633686768148,
    19.960126380617456,
    22.312346516232896,
    23.62437306085411,
    23.18740035743496,
    21.248759504165434,
    20.849193456530376,
    22.08531923735017,
    21.435288708827454,
    20.30972924395346,
    19.553838211754627,
    19.826291763607347,
    17.17209987528426,
    21.52867419587927,
    22.495191550607984,
    23.19823164819882,
    18.937876950312376,
    19.787035166649204,
    21.198449853043854,
    21.807805286282292,
    21.547646801977642,
    22.349453687733728,
    22.387341774146723,
    25.213479684982026,
    22.569591096552184,
    21.13347467496871,
    19.685651467084256,
    20.16673608649655,
    18.461700071599772,
    20.69365019837415,
    20.42662695505413,
    19.25571104849832,
    18.06962849599454,
    18.650125932378785,
    21.069563612206835,
    20.748655918201603,
    22.594614047971355,
    21.062442550002043,
    21.995997210109465,
    21.705587783710104,
    23.164402185388397,
    21.962308691122466,
    20.890631364272178,
    17.932871728963956,
    21.04654635864517,
    21.787760889055896,
    18.518253755104453,
    21.275617002712238,
    23.67808326202929,
    25.875007466109192,
    22.53821855707922,
    20.970029289005858,
    19.97739988265366,
    16.72872992717252,
    19.43265974070925,
    17.869021732401333,
    19.401838443496672,
    20.63369162865445,
    21.008310619326735,
    19.250940908344955,
    17.378623288483055,
    19.070088503508284
  ],
  "all_framewise_ssim": [
    0.792496919631958,
    0.7985807061195374,
    0.6862077116966248,
    0.6653187274932861,
    0.7215102314949036,
    0.6375463604927063,
    0.650826096534729,
    0.6123828291893005,
    0.525553286075592,
    0.5852780938148499,
    0.6076046824455261,
    0.664988100528717,
    0.6467060446739197,
    0.719203531742096,
    0.6291486620903015,
    0.6307663321495056,
    0.5638825297355652,
    0.6024751663208008,
    0.6279873251914978,
    0.5723400115966797,
    0.6904342174530029,
    0.6958033442497253,
    0.712374210357666,
    0.6852264404296875,
    0.7035560011863708,
    0.6785810589790344,
    0.6936575770378113,
    0.6396613717079163,
    0.5516900420188904,
    0.6199901103973389,
    0.6071937680244446,
    0.5815338492393494,
    0.6220299005508423,
    0.5924458503723145,
    0.5528525710105896,
    0.5470021367073059,
    0.5705837607383728,
    0.5447827577590942,
    0.6547026634216309,
    0.6371122002601624,
    0.6448812484741211,
    0.6807780265808105,
    0.6706562042236328,
    0.6064692139625549,
    0.6172452569007874,
    0.7205275893211365,
    0.660897970199585,
    0.6302909255027771,
    0.5351629853248596,
    0.5642464756965637,
    0.5413963794708252,
    0.6456363797187805,
    0.6926320195198059,
    0.7083718180656433,
    0.6189083456993103,
    0.5898017883300781,
    0.637631893157959,
    0.6450715065002441,
    0.6621147990226746,
    0.6912602782249451,
    0.6950419545173645,
    0.7617974281311035,
    0.6774774193763733,
    0.6401738524436951,
    0.6024270057678223,
    0.6188147664070129,
    0.5907081961631775,
    0.6493161916732788,
    0.6191014647483826,
    0.5908263325691223,
    0.5808445811271667,
    0.6234986782073975,
    0.6530349850654602,
    0.6539098620414734,
    0.7065479755401611,
    0.6816874146461487,
    0.6539276242256165,
    0.6274752616882324,
    0.6747464537620544,
    0.680061399936676,
    0.6408093571662903,
    0.5408069491386414,
    0.6150115728378296,
    0.6097366809844971,
    0.5613333582878113,
    0.692352831363678,
    0.7470682263374329,
    0.7999529838562012,
    0.7686201930046082,
    0.7302330136299133,
    0.683229923248291,
    0.6094000935554504,
    0.5640868544578552,
    0.5328482985496521,
    0.6395397782325745,
    0.717522144317627,
    0.6920503973960876,
    0.6357926726341248,
    0.5466409921646118,
    0.4996882975101471
  ],
  "all_framewise_lpips": [
    0.3690342903137207,
    0.3643098473548889,
    0.4370718002319336,
    0.4428898096084595,
    0.4285585880279541,
    0.47921130061149597,
    0.505061149597168,
    0.49609696865081787,
    0.5924526453018188,
    0.5155404806137085,
    0.5136220455169678,
    0.5307274460792542,
    0.555761456489563,
    0.55985426902771,
    0.6657490134239197,
    0.6452178359031677,
    0.6862499117851257,
    0.6566860675811768,
    0.6354118585586548,
    0.6990978717803955,
    0.6097255945205688,
    0.6168229579925537,
    0.6130739450454712,
    0.6167429089546204,
    0.6225960850715637,
    0.6128832697868347,
    0.5789833068847656,
    0.6015609502792358,
    0.6534372568130493,
    0.6188797354698181,
    0.6324198246002197,
    0.6512799263000488,
    0.6525357961654663,
    0.6788586378097534,
    0.7098821401596069,
    0.7059462666511536,
    0.6988946795463562,
    0.7364380955696106,
    0.6223598122596741,
    0.6378052234649658,
    0.6190723776817322,
    0.5856912732124329,
    0.5632092356681824,
    0.5931940078735352,
    0.616416871547699,
    0.5854425430297852,
    0.5965149402618408,
    0.6453847885131836,
    0.6659824848175049,
    0.654039204120636,
    0.6859123110771179,
    0.6331403851509094,
    0.6086283326148987,
    0.585808515548706,
    0.6691219806671143,
    0.6480417251586914,
    0.5669508576393127,
    0.5431852340698242,
    0.5477678179740906,
    0.5548761487007141,
    0.5708848237991333,
    0.5344769954681396,
    0.603675127029419,
    0.6224672198295593,
    0.6332253217697144,
    0.6269140839576721,
    0.6296559572219849,
    0.6013021469116211,
    0.6381969451904297,
    0.6961086392402649,
    0.6886303424835205,
    0.6632721424102783,
    0.6363349556922913,
    0.6316009759902954,
    0.6231807470321655,
    0.6369766592979431,
    0.6148210763931274,
    0.5950430631637573,
    0.5814298987388611,
    0.6621677875518799,
    0.6609416007995605,
    0.708810567855835,
    0.6276295185089111,
    0.6294577121734619,
    0.6922340989112854,
    0.6259635090827942,
    0.6374843120574951,
    0.5959479808807373,
    0.6669371724128723,
    0.6465827822685242,
    0.6754250526428223,
    0.7530775666236877,
    0.7225576043128967,
    0.7416431307792664,
    0.7201141715049744,
    0.6258473992347717,
    0.6495886445045471,
    0.7036034464836121,
    0.7472169995307922,
    0.7392520904541016
  ]
}