{
  "n_frames": 73,
  "scenewise_psnr": 22.018531146089792,
  "scenewise_ssim": 0.6508929722401682,
  "scenewise_lpips": 0.39947929651769876,
  "all_framewise_psnrs": [
    18.535748262022903,
    23.432940890729576,
    23.283437595255435,
    23.29386412534044,
    23.331967245006506,
    24.63633148859816,
    25.34214788807143,
    26.06422306912682,
    25.902480576386967,
    25.808151161748572,
    24.783880949019803,
    24.63604477527209,
    23.44400970244134,
    22.70507056759474,
    22.356501061560337,
    21.647438139674364,
    21.104955176333814,
    21.44977822256331,
    21.183254442747987,
    23.872143161135636,
    27.11657216796023,
    28.337094889621085,
    28.80506324948783,
    29.584778147382465,
    28.682414983895175,
    28.99625706582151,
    27.194501214528422,
    25.476190048328874,
    24.950044532220574,
    23.007761948223436,
    22.45306690245611,
    21.83267869477739,
    21.737092360268,
    21.573074976001266,
    20.48761840946652,
    19.660463661580415,
    19.55372397472865,
    19.899960806124078,
    20.561800604533737,
    20.630070286234023,
    20.955425673820038,
    20.77222069015071,
    20.800492377960875,
    20.473381680433196,
    21.494590894925242,
    21.464232943047797,
    21.453421026035763,
    21.71720818132481,
    21.08876361895294,
    23.180966353019116,
    24.20554205173621,
    24.158992577278195,
    24.567568581221607,
    24.953070061342828,
    24.245924701673346,
    23.760286276070243,
    23.573811465598645,
    21.600382944379565,
    19.9754653214454,
    19.05449184832029,
    19.461932517125202,
    20.03626362098347,
    19.677319272098973,
    19.758163165435057,
    20.03861679318037,
    20.017751632377067,
    20.571716728182313,
    20.655604680881012,
    19.94304266421318,
    20.870277117302003,
    21.744842798449504,
    21.685264448606432,
    20.84959528984065
  ],
  "all_framewise_ssim": [
    0.493359237909317,
    0.7515132427215576,
    0.7097711563110352,
    0.7191107869148254,
    0.7147586941719055,
    0.7516121864318848,
    0.761993944644928,
    0.792924702167511,
    0.7913783192634583,
    0.7907507419586182,
    0.7698230147361755,
    0.7636746764183044,
    0.7189679145812988,
    0.6851441860198975,
    0.6715948581695557,
    0.6486755609512329,
    0.6134232878684998,
    0.6116419434547424,
    0.6099335551261902,
    0.7089802622795105,
    0.8207218050956726,
    0.8480446934700012,
    0.8536638617515564,
    0.8736174702644348,
    0.8630688786506653,
    0.8641400337219238,
    0.8342835307121277,
    0.7788603901863098,
    0.730224609375,
    0.6248305439949036,
    0.6022510528564453,
    0.5668856501579285,
    0.5551462173461914,
    0.5614703297615051,
    0.5067755579948425,
    0.4735240936279297,
    0.4650280773639679,
    0.4710049629211426,
    0.5446449518203735,
    0.5616133809089661,
    0.5770062804222107,
    0.580832302570343,
    0.5931801795959473,
    0.5793659090995789,
    0.5854730010032654,
    0.6015657782554626,
    0.632667601108551,
    0.6241862773895264,
    0.6432816982269287,
    0.7120427489280701,
    0.7263101935386658,
    0.7107203602790833,
    0.705517590045929,
    0.747955858707428,
    0.7244105339050293,
    0.7074664235115051,
    0.6920667290687561,
    0.5638861060142517,
    0.48581814765930176,
    0.4112376272678375,
    0.4652825593948364,
    0.49473080039024353,
    0.45184215903282166,
    0.4487670660018921,
    0.44666528701782227,
    0.45289745926856995,
    0.4951759874820709,
    0.5609346032142639,
    0.519909679889679,
    0.5386266112327576,
    0.5980818867683411,
    0.603660523891449,
    0.5232329964637756
  ],
  "all_framewise_lpips": [
    0.4157119691371918,
    0.27010464668273926,
    0.323168009519577,
    0.33098772168159485,
    0.3285496234893799,
    0.3239207863807678,
    0.2936757504940033,
    0.24089479446411133,
    0.23876544833183289,
    0.24304045736789703,
    0.26675185561180115,
    0.29804182052612305,
    0.358226478099823,
    0.3361104726791382,
    0.36112791299819946,
    0.3956792652606964,
    0.41840800642967224,
    0.43798279762268066,
    0.4509141147136688,
    0.3882480561733246,
    0.29709160327911377,
    0.23869472742080688,
    0.21634267270565033,
    0.2087569683790207,
    0.22820059955120087,
    0.22811394929885864,
    0.26333171129226685,
    0.3163401484489441,
    0.326132595539093,
    0.46376460790634155,
    0.4371577501296997,
    0.4618735611438751,
    0.4959394037723541,
    0.47731807827949524,
    0.49874579906463623,
    0.5220500826835632,
    0.5395685434341431,
    0.543159008026123,
    0.5193800330162048,
    0.4858911633491516,
    0.46429863572120667,
    0.42717838287353516,
    0.3939259350299835,
    0.4169355034828186,
    0.4752076268196106,
    0.4659804105758667,
    0.4431292414665222,
    0.4886639714241028,
    0.41129010915756226,
    0.343296080827713,
    0.3322700560092926,
    0.32682859897613525,
    0.32976019382476807,
    0.2886108160018921,
    0.30982938408851624,
    0.3236163854598999,
    0.3587014079093933,
    0.47746968269348145,
    0.5199729204177856,
    0.5490437150001526,
    0.49568143486976624,
    0.47649794816970825,
    0.5144140720367432,
    0.5197798013687134,
    0.5368894338607788,
    0.5355846285820007,
    0.5102470517158508,
    0.46252739429473877,
    0.4990174174308777,
    0.4841439723968506,
    0.4797295928001404,
    0.467915803194046,
    0.5453880429267883
  ]
}