{
  "n_frames": 100,
  "scenewise_psnr": 13.060549067569479,
  "scenewise_ssim": 0.26401521995060406,
  "scenewise_lpips": 0.7338835463441652,
  "all_framewise_psnrs": [
    14.257089407544088,
    14.204625741046442,
    14.399281450291262,
    14.268615331125945,
    14.439144120143727,
    14.655073549146884,
    15.118900909783148,
    15.119972656815444,
    14.089348447223127,
    9.84864700346911,
    12.801011579396008,
    11.52785123215187,
    10.969938366266568,
    13.179856322374487,
    12.332471899696898,
    9.060979750011498,
    8.490761685457148,
    8.592334086144099,
    11.48958896538328,
    12.505668572012246,
    10.98408043838001,
    13.866835069922072,
    13.02490339429692,
    10.846817153829512,
    10.423487964044027,
    14.885054669494505,
    14.856513562297026,
    14.056749453191056,
    15.268517905129663,
    15.470470855345475,
    15.565837587382504,
    15.390967090426464,
    15.247902931306268,
    15.349981427169844,
    15.550963508775823,
    15.154110240869592,
    15.211189514827026,
    14.785582395045104,
    14.360798659414833,
    14.340247389259346,
    13.661587135815969,
    12.759983141701042,
    12.092401601942395,
    12.842280960167322,
    13.58763278339386,
    13.838051948554327,
    14.126782575207981,
    14.42065637065354,
    13.984535516546712,
    14.42592255412675,
    14.02187373092783,
    13.761965624282933,
    13.248109984172034,
    13.047865824175599,
    13.256729854170867,
    13.824478568105791,
    14.734086926930686,
    14.079881781967806
  ],
  "all_framewise_ssim": [
    0.22536909580230713,
    0.19354784488677979,
    0.19526882469654083,
    0.1770869642496109,
    0.17824949324131012,
    0.23731057345867157,
    0.26917338371276855,
    0.35238873958587646,
    0.3560594618320465,
    0.21940048038959503,
    0.3276984691619873,
    0.18952304124832153,
    0.15836219489574432,
    0.18606801331043243,
    0.19875068962574005,
    0.18468983471393585,
    0.13263796269893646,
    0.14209361374378204,
    0.24707920849323273,
    0.19763799011707306,
    0.20315402746200562,
    0.34159597754478455,
    0.1871470957994461,
    0.15540437400341034,
    0.14388298988342285,
    0.25160205364227295,
    0.21016807854175568,
    0.2881490886211395,
    0.31018105149269104,
    0.3473454415798187,
    0.3421042859554291,
    0.3322698175907135,
    0.29098448157310486,
    0.3015977442264557,
    0.3072177469730377,
    0.4678837060928345,
    0.4708121716976166,
    0.4246959686279297,
    0.36908331513404846,
    0.24846060574054718,
    0.21781091392040253,
    0.15682238340377808,
    0.17159585654735565,
    0.2436782717704773,
    0.23608370125293732,
    0.28164175152778625,
    0.25726282596588135,
    0.2901054620742798,
    0.2826307713985443,
    0.3497008979320526,
    0.2873851954936981,
    0.2690230906009674,
    0.3102979362010956,
    0.23440583050251007,
    0.2410385012626648,
    0.27527061104774475,
    0.3094416558742523,
    0.4063715934753418
  ],
  "all_framewise_lpips": [
    0.7944058775901794,
    0.7648445963859558,
    0.7764555811882019,
    0.758503794670105,
    0.7872811555862427,
    0.7520813941955566,
    0.7152346968650818,
    0.6887344717979431,
    0.7015326023101807,
    0.8272136449813843,
    0.9361467957496643,
    0.8700527548789978,
    0.8020702600479126,
    0.7713662385940552,
    0.7540573477745056,
    0.8655419945716858,
    1.0027629137039185,
    0.962530255317688,
    0.868448793888092,
    0.834498405456543,
    0.8666211366653442,
    0.7309855222702026,
    0.8229582905769348,
    0.871356189250946,
    0.8891239166259766,
    0.6912899613380432,
    0.7333328127861023,
    0.6387896537780762,
    0.6426774859428406,
    0.595406174659729,
    0.6043426394462585,
    0.6252578496932983,
    0.6641321182250977,
    0.6533897519111633,
    0.6685517430305481,
    0.4913257360458374,
    0.4948974847793579,
    0.5271267294883728,
    0.5619874596595764,
    0.706666886806488,
    0.7142161726951599,
    0.8364754915237427,
    0.8185239434242249,
    0.7360337376594543,
    0.674436092376709,
    0.6640927791595459,
    0.6966521143913269,
    0.6683398485183716,
    0.6811137199401855,
    0.6087290644645691,
    0.6828804016113281,
    0.6322682499885559,
    0.6113651394844055,
    0.7213952541351318,
    0.7654411792755127,
    0.807370662689209,
    0.8256560564041138,
    0.7062726616859436
  ]
}