{
  "n_frames": 100,
  "scenewise_psnr": 12.172360063920998,
  "scenewise_ssim": 0.3831979074400351,
  "scenewise_lpips": 0.9351401537656784,
  "all_framewise_psnrs": [
    11.838561876256524,
    11.581061361917957,
    11.303035379719253,
    11.264059092038497,
    11.827426886070796,
    12.063551536681203,
    11.758311603258704,
    12.681861440138974,
    12.362704740004066,
    12.09708743031529,
    12.316372798753312,
    11.845801299163517,
    11.925586844885883,
    11.359983918959282,
    11.292316121691599,
    12.517000518670011,
    11.945188818196781,
    12.10889305424299,
    12.170459020037292,
    12.377757373393068,
    12.666557208282892,
    12.720062273524693,
    12.709946858477323,
    12.275670239731033,
    12.171788889766644,
    11.718570197755056,
    11.061615910972593,
    12.24888815048538,
    12.922765101037006,
    12.78900496305666,
    12.573118126796778,
    12.720199076623517,
    12.966828817397678,
    12.725542610152061,
    12.528993169105302,
    12.84658301186871,
    12.783981783867791,
    12.521434611286825,
    14.513443149081793,
    14.333537734855444,
    12.3587059612303,
    11.976632298706742,
    12.408682896307761,
    13.26297235604504,
    14.57365070195625,
    15.222944758366017,
    12.944955583810367,
    11.388254902325905,
    12.520669649950447,
    11.96958973683845,
    11.92136085513679,
    11.008026667604158,
    11.400881283625148,
    11.750775771289536,
    11.918755861408325,
    11.853741488181235,
    12.56604531206577,
    12.348360841387947,
    12.865882633966653,
    12.83033308754362,
    12.909482016487761,
    12.354670794954783,
    12.969066090584668,
    12.910716123697611,
    12.660348547660071,
    12.41392599213085,
    11.820448772798699,
    12.1158983202871,
    12.438744177871364,
    12.718811572433399,
    12.741696113598124,
    12.010566460418046,
    12.362713381263273,
    12.899679172417876,
    12.784878430946051,
    12.607386558956058,
    12.13483256820059,
    11.52113855594818,
    12.474153297685017,
    12.131086994980109,
    12.328548694261892,
    11.672655241609888,
    11.533583876692528,
    10.701620714909701,
    11.078834439082886,
    11.23010231679243,
    11.36129453885674,
    11.065365456663942,
    10.60274985427013,
    10.210686952943357,
    9.976786715703923,
    9.931077623062496,
    12.338792614026886,
    12.34567726869222,
    12.526949730042936,
    12.075074731904529,
    13.88376788174018,
    14.021118993243086,
    14.215121785698969,
    12.586809975233702
  ],
  "all_framewise_ssim": [
    0.40436863899230957,
    0.411542683839798,
    0.4089166820049286,
    0.3955821096897125,
    0.4059915542602539,
    0.3916521370410919,
    0.3756236732006073,
    0.3892281949520111,
    0.3604719340801239,
    0.3346904218196869,
    0.3572458326816559,
    0.34862831234931946,
    0.33860328793525696,
    0.3315187394618988,
    0.32802584767341614,
    0.32722553610801697,
    0.3463713228702545,
    0.34458133578300476,
    0.327981561422348,
    0.3464268147945404,
    0.3686373233795166,
    0.3721463680267334,
    0.3604476749897003,
    0.3419395685195923,
    0.34030771255493164,
    0.3291686773300171,
    0.3187589645385742,
    0.3299961984157562,
    0.35644522309303284,
    0.3685245215892792,
    0.34128865599632263,
    0.34981802105903625,
    0.37381085753440857,
    0.3848804533481598,
    0.3970146179199219,
    0.38991579413414,
    0.37518465518951416,
    0.3508627712726593,
    0.3667234182357788,
    0.40900611877441406,
    0.3757052421569824,
    0.3786369860172272,
    0.357275128364563,
    0.3400050103664398,
    0.3461507260799408,
    0.358574777841568,
    0.3594949543476105,
    0.3224911391735077,
    0.4185451567173004,
    0.42556869983673096,
    0.42232441902160645,
    0.42219066619873047,
    0.4342503845691681,
    0.4594511091709137,
    0.42844724655151367,
    0.4587399661540985,
    0.4616071283817291,
    0.43694666028022766,
    0.4698391854763031,
    0.4670616090297699,
    0.4528101980686188,
    0.4670616388320923,
    0.4695110023021698,
    0.47009170055389404,
    0.4467771053314209,
    0.4482283592224121,
    0.43301451206207275,
    0.43355950713157654,
    0.4369077682495117,
    0.39910078048706055,
    0.37072157859802246,
    0.3861009180545807,
    0.4354642331600189,
    0.4824083149433136,
    0.4736197888851166,
    0.44546404480934143,
    0.4275731146335602,
    0.4038670063018799,
    0.41880854964256287,
    0.4043441712856293,
    0.3906489908695221,
    0.3425896167755127,
    0.30370834469795227,
    0.2665102779865265,
    0.2765362560749054,
    0.30024251341819763,
    0.3339202404022217,
    0.34921953082084656,
    0.29713961482048035,
    0.27839648723602295,
    0.26459071040153503,
    0.33243489265441895,
    0.4364466369152069,
    0.4542261064052582,
    0.47740980982780457,
    0.34902989864349365,
    0.33029356598854065,
    0.34742775559425354,
    0.35561299324035645,
    0.37344375252723694
  ],
  "all_framewise_lpips": [
    0.9248777627944946,
    0.924567461013794,
    0.9570730924606323,
    0.9613853096961975,
    0.9544540047645569,
    0.9547433853149414,
    0.9580157995223999,
    0.9396188259124756,
    0.9561625719070435,
    0.9874067306518555,
    0.9752197265625,
    0.9726367592811584,
    0.988471269607544,
    0.9907604455947876,
    0.986301064491272,
    0.9838290810585022,
    0.9877564907073975,
    0.9855976700782776,
    1.004835844039917,
    0.9717435240745544,
    0.9727852940559387,
    0.9795998334884644,
    0.9833531379699707,
    0.9980458617210388,
    0.9907310009002686,
    0.989852786064148,
    0.991849958896637,
    0.9685533046722412,
    0.9420221447944641,
    0.9337893724441528,
    0.9607666730880737,
    0.9538644552230835,
    0.9398319721221924,
    0.9344663619995117,
    0.9107541441917419,
    0.9393882751464844,
    0.945923924446106,
    0.969228208065033,
    0.9183664321899414,
    0.9231601357460022,
    0.9522790908813477,
    0.9550611972808838,
    0.9580706357955933,
    0.9673802852630615,
    0.9444457292556763,
    0.9396560192108154,
    0.9392529129981995,
    0.9899003505706787,
    0.9375367164611816,
    0.9159267544746399,
    0.9194725751876831,
    0.9420819282531738,
    0.912696897983551,
    0.9240050911903381,
    0.9300746321678162,
    0.9146000742912292,
    0.9152077436447144,
    0.9209259748458862,
    0.9005016088485718,
    0.901986837387085,
    0.9050785303115845,
    0.8992853760719299,
    0.8979530334472656,
    0.8931813836097717,
    0.9046406745910645,
    0.8930259346961975,
    0.9141669869422913,
    0.896399199962616,
    0.8847299218177795,
    0.9081375598907471,
    0.9164010286331177,
    0.8945118188858032,
    0.8593019247055054,
    0.8485543727874756,
    0.8786057233810425,
    0.8974171876907349,
    0.9112057089805603,
    0.9134576320648193,
    0.9047258496284485,
    0.9022945761680603,
    0.9311035871505737,
    0.9267981648445129,
    0.9340372085571289,
    0.95987868309021,
    0.947296679019928,
    0.9341211915016174,
    0.9040547609329224,
    0.8742485642433167,
    0.8986953496932983,
    0.9231477379798889,
    0.9115937948226929,
    0.8855441808700562,
    0.9007545709609985,
    0.9266685843467712,
    0.9048864841461182,
    0.9475561380386353,
    0.9370723962783813,
    0.9082892537117004,
    0.9011580944061279,
    0.9411823749542236
  ]
}