{
  "n_frames": 100,
  "scenewise_psnr": 24.048133258315577,
  "scenewise_ssim": 0.6514103378427443,
  "scenewise_lpips": 0.39381606101989747,
  "all_framewise_psnrs": [
    24.3230743894545,
    26.66867288730897,
    27.10459729259145,
    26.419251831906898,
    24.997299866853968,
    25.903743479433547,
    25.89809908830683,
    25.360678457755835,
    24.918500053140058,
    23.916471756798437,
    24.179191688241353,
    23.85537148194637,
    23.57266311467881,
    23.936747003071726,
    23.749502929922464,
    23.847920647168372,
    23.37182547670451,
    24.64613582128983,
    25.029404426760564,
    24.871909183740048,
    23.555849770732813,
    24.556099893262772,
    25.470347205144137,
    24.905732111681942,
    24.467990014609203,
    25.06385647460901,
    25.259006654547328,
    24.84087552584432,
    23.642294918470206,
    24.73356007166896,
    25.028597094963494,
    24.978264780929923,
    24.28734303579003,
    24.870196364941386,
    24.878497319335246,
    24.382500614622987,
    24.543914579119992,
    24.799677351699184,
    23.593531763453086,
    23.518174565716915,
    23.361173044935256,
    23.931061406242694,
    24.8603835034471,
    21.53195874772305,
    23.7155118917442,
    23.643883008713665,
    24.700046461061312,
    24.817075346658974,
    23.637136931201557,
    22.6934397084246,
    24.378317803593536,
    24.072806561722793,
    23.198834390567416,
    23.56351892176302,
    23.28780775666506,
    23.516159594340714,
    22.61710335556472,
    22.9974831844992,
    23.019113860914157,
    23.726183402195574,
    23.344097617935407,
    24.069152799970848,
    23.849045528755596,
    23.872429256657544,
    23.971410391266105,
    24.498719182472726,
    23.105829668960858,
    24.344163104114923,
    23.9689246624054,
    24.752200628322658,
    24.532415075825632,
    24.035800059087535,
    22.974678602515773,
    23.621851416035167,
    23.85265025169661,
    24.05477984362477,
    23.014411801558595,
    22.514414802909513,
    22.626208574041012,
    22.686883300203192,
    22.194164575662793,
    22.790082576265366,
    22.833291346739422,
    22.650093081317305,
    24.523999945737742,
    25.591587646124534,
    24.56367830994158,
    24.779851673698108,
    23.985089417869865,
    23.838085325430235,
    24.386020878505775,
    24.47666767632793,
    23.713757096101354,
    24.0026882922037,
    24.586853155647592,
    24.126142581560558,
    24.667079423882647,
    24.96634332977251,
    24.13389479957111,
    25.23834843825245
  ],
  "all_framewise_ssim": [
    0.7095627188682556,
    0.7797419428825378,
    0.8080952763557434,
    0.7758137583732605,
    0.7180724143981934,
    0.7485311031341553,
    0.744384765625,
    0.7228091359138489,
    0.6685976982116699,
    0.6407774090766907,
    0.6519899964332581,
    0.6335411071777344,
    0.6137206554412842,
    0.6275146007537842,
    0.6184142231941223,
    0.6275203824043274,
    0.6180450916290283,
    0.7044219970703125,
    0.7283936142921448,
    0.7310853600502014,
    0.6626253128051758,
    0.7234187126159668,
    0.7489331364631653,
    0.7188343405723572,
    0.6704516410827637,
    0.6865488886833191,
    0.6927649974822998,
    0.6901562809944153,
    0.6244259476661682,
    0.7006466388702393,
    0.7173249125480652,
    0.7201417088508606,
    0.676685094833374,
    0.7208897471427917,
    0.7264426350593567,
    0.6999149322509766,
    0.6915264129638672,
    0.7082423567771912,
    0.6512921452522278,
    0.6355037093162537,
    0.6097432971000671,
    0.6531590223312378,
    0.697544276714325,
    0.6330766081809998,
    0.6071085333824158,
    0.6282582879066467,
    0.6899500489234924,
    0.6902565956115723,
    0.6108996868133545,
    0.5576577186584473,
    0.6563140153884888,
    0.6346501111984253,
    0.5739271640777588,
    0.6017462611198425,
    0.5822647213935852,
    0.5927072167396545,
    0.49894437193870544,
    0.5513482093811035,
    0.5499228835105896,
    0.5816171765327454,
    0.5616610050201416,
    0.6110477447509766,
    0.5958862900733948,
    0.6128454208374023,
    0.6080129146575928,
    0.6547601819038391,
    0.5885652303695679,
    0.656771183013916,
    0.6181967258453369,
    0.6718921661376953,
    0.6628351211547852,
    0.6337766051292419,
    0.5459489226341248,
    0.6106181740760803,
    0.638141930103302,
    0.6561159491539001,
    0.5817764401435852,
    0.5684077739715576,
    0.5702318549156189,
    0.5640638470649719,
    0.5333398580551147,
    0.583586573600769,
    0.5674118399620056,
    0.5530710220336914,
    0.6630933284759521,
    0.7135229110717773,
    0.6719358563423157,
    0.6883812546730042,
    0.634212851524353,
    0.6316254138946533,
    0.6585012078285217,
    0.6444414854049683,
    0.5822339653968811,
    0.6260188817977905,
    0.6735171675682068,
    0.642009437084198,
    0.6594358086585999,
    0.670827329158783,
    0.6377482414245605,
    0.6919422745704651
  ],
  "all_framewise_lpips": [
    0.3138263523578644,
    0.2683477997779846,
    0.249811053276062,
    0.269389271736145,
    0.33848634362220764,
    0.3339933454990387,
    0.3502654433250427,
    0.36888498067855835,
    0.44175222516059875,
    0.3770575523376465,
    0.3823162317276001,
    0.38704437017440796,
    0.42805927991867065,
    0.42638739943504333,
    0.40840214490890503,
    0.4080372750759125,
    0.42282789945602417,
    0.3698652982711792,
    0.33841145038604736,
    0.2875756621360779,
    0.3292464017868042,
    0.26692914962768555,
    0.2708328366279602,
    0.31618285179138184,
    0.38451212644577026,
    0.37075379490852356,
    0.3867654800415039,
    0.37089312076568604,
    0.3696708083152771,
    0.31165897846221924,
    0.3139486014842987,
    0.3148021697998047,
    0.3864353895187378,
    0.3221074938774109,
    0.31986871361732483,
    0.3591672480106354,
    0.3990752398967743,
    0.3717881143093109,
    0.37443628907203674,
    0.3721110224723816,
    0.41651591658592224,
    0.36142247915267944,
    0.3365623652935028,
    0.39774733781814575,
    0.4639725685119629,
    0.4233018755912781,
    0.3985684812068939,
    0.3860796391963959,
    0.4325712025165558,
    0.41395676136016846,
    0.3739360570907593,
    0.39962926506996155,
    0.4462724030017853,
    0.4241403341293335,
    0.43415912985801697,
    0.4673827588558197,
    0.5211308598518372,
    0.4410512447357178,
    0.45929694175720215,
    0.46259909868240356,
    0.4880635440349579,
    0.4358568489551544,
    0.45658355951309204,
    0.43753814697265625,
    0.48343127965927124,
    0.43251848220825195,
    0.416842520236969,
    0.385692298412323,
    0.4341745376586914,
    0.38356485962867737,
    0.3949562609195709,
    0.4158628284931183,
    0.5128069519996643,
    0.44237956404685974,
    0.4237689673900604,
    0.42895692586898804,
    0.4693037271499634,
    0.4083966910839081,
    0.4185226559638977,
    0.3922463059425354,
    0.4515528380870819,
    0.4170694351196289,
    0.43544721603393555,
    0.4566434621810913,
    0.4218958020210266,
    0.3543221652507782,
    0.35772985219955444,
    0.34950369596481323,
    0.4035795331001282,
    0.4014388918876648,
    0.4016112685203552,
    0.4439106285572052,
    0.4863623082637787,
    0.39682450890541077,
    0.3615590035915375,
    0.39270302653312683,
    0.4152333736419678,
    0.40379345417022705,
    0.4369262158870697,
    0.3898085355758667
  ]
}