{
  "n_frames": 100,
  "scenewise_psnr": 16.13236465151377,
  "scenewise_ssim": 0.31187147359388234,
  "scenewise_lpips": 0.6407554695010185,
  "all_framewise_psnrs": [
    16.04954698761899,
    16.17030631348716,
    17.40838578105231,
    16.39018502843687,
    17.159515909605602,
    17.654178484856995,
    15.635629908203716,
    16.559576189841017,
    15.917780891106885,
    16.093772163636938,
    16.211027003487246,
    15.830718050300492,
    16.185084454948264,
    15.863136058871898,
    15.927180164706176,
    16.077355526717355,
    16.49193972915711,
    16.134964402192324,
    15.486280580322482,
    16.583318686917625,
    16.140598659015964,
    16.205662650633503,
    16.4237620087938,
    16.648091956690273,
    15.750730001894196,
    16.7285036907301,
    17.3588928718512,
    17.082274908949007,
    17.33642819520955,
    17.321681946926823,
    16.952894212520672,
    16.99563612683266,
    16.2417054859557,
    16.422162798891417,
    16.253481095379684,
    16.707410060296198,
    16.180983378110568,
    16.13634195752074,
    15.813306717939353,
    15.691840701735774,
    16.892497751035403,
    17.0768598109049,
    15.742492393980104,
    16.737439844147325,
    16.319232398117933,
    16.031596203703383,
    17.19837447362789,
    16.922438857387565,
    16.76701852361657,
    16.050639977921414,
    16.617524285586256,
    15.776199146372985,
    15.688876668740367,
    16.548294714533746,
    15.505106859910159,
    16.434422348592392,
    16.38107523013401,
    15.909905948338066,
    16.466105561402273,
    16.104039507687947,
    15.951981376908762,
    16.51308374122956,
    16.468439140218198,
    16.498462629329595,
    17.234333136864777,
    16.96354122422719,
    15.827701997265226,
    16.6432985652903,
    16.316906592960475,
    16.527612056533734,
    16.372769407474344,
    16.881487892564504,
    16.520055943012007,
    16.269491468766194,
    16.417096075473903,
    15.458668487611662,
    15.287258616713427,
    16.22448203724569,
    15.635280196763466,
    15.709022345953391,
    15.984543237447266,
    15.40461851294765,
    15.738065321361244,
    14.89731203315362,
    15.342467922700436,
    14.907939328284082,
    15.112815689715921,
    14.98308388271962,
    15.141825667299093,
    15.113221596014778,
    14.934403936453231,
    14.462341866646193,
    15.568106774279215,
    14.775628446146435,
    15.92620898931358,
    15.96233739512019,
    15.367801600574701,
    16.640156288067303,
    16.24416849806986,
    16.46618694837968
  ],
  "all_framewise_ssim": [
    0.42128750681877136,
    0.42097845673561096,
    0.5034543871879578,
    0.4109797775745392,
    0.4307495057582855,
    0.4907762110233307,
    0.3441289961338043,
    0.3902299702167511,
    0.2842804193496704,
    0.31558653712272644,
    0.3259987533092499,
    0.29361364245414734,
    0.3418160378932953,
    0.3277939260005951,
    0.3473968207836151,
    0.3587837219238281,
    0.38845646381378174,
    0.36277255415916443,
    0.2955191433429718,
    0.3707885444164276,
    0.3336188495159149,
    0.3205398619174957,
    0.30910050868988037,
    0.30134305357933044,
    0.2405507117509842,
    0.32456645369529724,
    0.3809462785720825,
    0.3675259053707123,
    0.39610958099365234,
    0.3834284543991089,
    0.340285986661911,
    0.34551963210105896,
    0.3107922077178955,
    0.31514444947242737,
    0.28189072012901306,
    0.3264698088169098,
    0.2789088189601898,
    0.27393606305122375,
    0.2815520465373993,
    0.27680686116218567,
    0.37200188636779785,
    0.37371739745140076,
    0.2664489448070526,
    0.36480748653411865,
    0.32683083415031433,
    0.29054173827171326,
    0.38590922951698303,
    0.3630676567554474,
    0.33178868889808655,
    0.29592815041542053,
    0.3041219413280487,
    0.2557433843612671,
    0.2539825737476349,
    0.27818891406059265,
    0.2036735862493515,
    0.26091182231903076,
    0.29372307658195496,
    0.250162810087204,
    0.2815726101398468,
    0.2496362179517746,
    0.25393015146255493,
    0.29914233088493347,
    0.27806469798088074,
    0.27950379252433777,
    0.34291601181030273,
    0.30899879336357117,
    0.2340184897184372,
    0.3203931748867035,
    0.2835361063480377,
    0.3111558258533478,
    0.29252350330352783,
    0.34224462509155273,
    0.31773480772972107,
    0.286965936422348,
    0.30852070450782776,
    0.2265840619802475,
    0.19266252219676971,
    0.2678794264793396,
    0.23035317659378052,
    0.2522801458835602,
    0.25701704621315,
    0.2455047219991684,
    0.2780914008617401,
    0.2276446372270584,
    0.27349650859832764,
    0.23052029311656952,
    0.2567008435726166,
    0.24257957935333252,
    0.2504562437534332,
    0.24592119455337524,
    0.2558211088180542,
    0.19279153645038605,
    0.32359662652015686,
    0.22532276809215546,
    0.33208343386650085,
    0.32349351048469543,
    0.2722354829311371,
    0.4012775719165802,
    0.36411789059638977,
    0.4054560661315918
  ],
  "all_framewise_lpips": [
    0.5219086408615112,
    0.45731914043426514,
    0.4330100119113922,
    0.5271195769309998,
    0.4762037396430969,
    0.4523748755455017,
    0.5470255613327026,
    0.5696390271186829,
    0.6075946688652039,
    0.6536644697189331,
    0.58697509765625,
    0.5926334857940674,
    0.6222477555274963,
    0.5631847977638245,
    0.568148136138916,
    0.6337941288948059,
    0.6204051375389099,
    0.6599171757698059,
    0.7327081561088562,
    0.6362212300300598,
    0.6485097408294678,
    0.7152122855186462,
    0.6753349304199219,
    0.661036491394043,
    0.7387226223945618,
    0.6506354808807373,
    0.6487897634506226,
    0.701718807220459,
    0.6201869249343872,
    0.597773551940918,
    0.673022985458374,
    0.6616945266723633,
    0.6420961618423462,
    0.7116662859916687,
    0.6425217986106873,
    0.6095855832099915,
    0.7057182192802429,
    0.6555184721946716,
    0.6212426424026489,
    0.6739753484725952,
    0.6279054284095764,
    0.6340156197547913,
    0.6447115540504456,
    0.5932439565658569,
    0.5960604548454285,
    0.6727757453918457,
    0.6170554757118225,
    0.6223770976066589,
    0.6876553297042847,
    0.6796413660049438,
    0.6854935884475708,
    0.7403724193572998,
    0.6973021626472473,
    0.6868380904197693,
    0.8098223209381104,
    0.7005547285079956,
    0.6834942102432251,
    0.778593122959137,
    0.6860787868499756,
    0.6461095809936523,
    0.7567828297615051,
    0.6763309240341187,
    0.6956312656402588,
    0.7338051795959473,
    0.671666145324707,
    0.6728593707084656,
    0.7155597805976868,
    0.6096318960189819,
    0.624434769153595,
    0.6453655958175659,
    0.6006256341934204,
    0.5849326252937317,
    0.6472188234329224,
    0.6112411618232727,
    0.6245551109313965,
    0.7192091941833496,
    0.7058743834495544,
    0.7025300860404968,
    0.7423968315124512,
    0.6621650457382202,
    0.649334192276001,
    0.7124197483062744,
    0.6352907419204712,
    0.6450011730194092,
    0.6678817868232727,
    0.6417183876037598,
    0.6109316349029541,
    0.6666152477264404,
    0.6155104041099548,
    0.6115805506706238,
    0.6566644310951233,
    0.575659453868866,
    0.5782838463783264,
    0.6643890142440796,
    0.6135378479957581,
    0.6581209897994995,
    0.6347970962524414,
    0.5308051109313965,
    0.5366746187210083,
    0.560355544090271
  ]
}