{
  "n_frames": 100,
  "scenewise_psnr": 21.94107272822347,
  "scenewise_ssim": 0.5273149009117333,
  "scenewise_lpips": 0.6784479546546937,
  "all_framewise_psnrs": [
    21.108430500632824,
    21.165341522901848,
    21.02789321965379,
    21.188026444766447,
    21.106569203269675,
    20.917818011141506,
    20.823399633579474,
    19.896521448641323,
    19.7522440081507,
    19.70162491685408,
    19.928272720066087,
    19.035929447939083,
    19.318477533142776,
    20.618759313969687,
    20.57899505080899,
    20.74628787051587,
    21.272518745761552,
    21.35363957980726,
    21.139306800968207,
    21.892647350062177,
    21.800022577340155,
    22.077932511536332,
    21.15580199252106,
    22.345318755972766,
    22.372438440458243,
    22.647704478000826,
    23.110686861705986,
    23.3146008284275,
    23.32585362955939,
    22.69625128673853,
    23.271607973253353,
    23.117473103373,
    22.7904409172912,
    22.958347458531993,
    22.924220361656296,
    22.922772474037597,
    22.596358052981383,
    22.028597683400687,
    22.44902304555947,
    21.836054581060864,
    21.032094481684585,
    21.11395593262737,
    22.04563791297476,
    21.556107196305554,
    21.548916327627943,
    21.902157390541408,
    21.855343558663915,
    21.05717260801977,
    21.17117452060514,
    21.444801041096667,
    21.79735118687961,
    21.955074154988342,
    22.63482132705686,
    22.603649353601906,
    22.554750833498552,
    23.381928195097302,
    23.656849473444005,
    23.582973225056968,
    23.298382236453303,
    23.036448210337173,
    23.207746317041654,
    23.14835311780666,
    22.502987746125097,
    21.420875707247188,
    21.013190591789943,
    21.906296281110237,
    21.533682851269557,
    21.621546563385365,
    22.013305830652712,
    22.29983762706246,
    23.395412165502833,
    23.38220798689587,
    22.692405430412535,
    22.555754296361663,
    22.763118590971647,
    22.847297500232024,
    22.849462873927294,
    22.910950542515906,
    23.348068465933594,
    23.2866774106952,
    22.25221897870724,
    22.728108897399935,
    22.41250211928763,
    21.801921395614777,
    22.249321413601834,
    22.87020720051956,
    23.12304813623683,
    22.853519083421396,
    22.86468756169831,
    22.401211436501068,
    22.639977504719575,
    23.001914628862806,
    22.76764949092793,
    22.50159488843311,
    22.184554034596324,
    22.078520585411926,
    21.64053507666303,
    21.272658899236813,
    22.150386609965167,
    22.267409390858816
  ],
  "all_framewise_ssim": [
    0.5552886128425598,
    0.5714171528816223,
    0.5786808729171753,
    0.550669252872467,
    0.5550159811973572,
    0.5487960577011108,
    0.5281692743301392,
    0.5087103843688965,
    0.4695724546909332,
    0.45875775814056396,
    0.4376044273376465,
    0.3924877941608429,
    0.4052863121032715,
    0.481629878282547,
    0.5125537514686584,
    0.5399342179298401,
    0.5812360048294067,
    0.5672104954719543,
    0.5482932925224304,
    0.5684356093406677,
    0.5778371691703796,
    0.5837745070457458,
    0.5733897089958191,
    0.6019033789634705,
    0.6135187745094299,
    0.6235506534576416,
    0.6473524570465088,
    0.6643241047859192,
    0.6748644709587097,
    0.6704893112182617,
    0.670590341091156,
    0.6805872321128845,
    0.6676833033561707,
    0.6279237866401672,
    0.5849142670631409,
    0.5645025968551636,
    0.5580837726593018,
    0.5299508571624756,
    0.48432162404060364,
    0.42082592844963074,
    0.40251481533050537,
    0.38670483231544495,
    0.4463142454624176,
    0.4046879708766937,
    0.4109802544116974,
    0.44031623005867004,
    0.44184932112693787,
    0.42810460925102234,
    0.41885867714881897,
    0.4143277704715729,
    0.44016313552856445,
    0.4264082908630371,
    0.4107085168361664,
    0.4179619252681732,
    0.4053983986377716,
    0.4278375804424286,
    0.42937055230140686,
    0.4447333812713623,
    0.4515717327594757,
    0.49885034561157227,
    0.5199210047721863,
    0.5399453639984131,
    0.5210912823677063,
    0.488319993019104,
    0.4682157039642334,
    0.4808826744556427,
    0.4704899787902832,
    0.5139742493629456,
    0.5678364634513855,
    0.5538523197174072,
    0.57301265001297,
    0.5466600656509399,
    0.5313393473625183,
    0.5520620942115784,
    0.5675517320632935,
    0.6298471093177795,
    0.6327870488166809,
    0.6295792460441589,
    0.6156883835792542,
    0.6060051918029785,
    0.6069447994232178,
    0.6050249934196472,
    0.598623514175415,
    0.5793086886405945,
    0.5747271776199341,
    0.5722621083259583,
    0.5666002631187439,
    0.5551782250404358,
    0.5416564345359802,
    0.514711856842041,
    0.505892813205719,
    0.5050088763237,
    0.48942771553993225,
    0.4720219075679779,
    0.462846964597702,
    0.45676395297050476,
    0.4534987211227417,
    0.45916470885276794,
    0.47586825489997864,
    0.479468435049057
  ],
  "all_framewise_lpips": [
    0.6327477097511292,
    0.6076421737670898,
    0.5874634385108948,
    0.6284413933753967,
    0.6416136622428894,
    0.6483796834945679,
    0.669111967086792,
    0.668750524520874,
    0.7062284350395203,
    0.7189183235168457,
    0.7473169565200806,
    0.7934945225715637,
    0.8058907985687256,
    0.7512151598930359,
    0.7185158729553223,
    0.7106526494026184,
    0.6757258772850037,
    0.6663773655891418,
    0.6654168963432312,
    0.6497552394866943,
    0.6423047780990601,
    0.6366872191429138,
    0.6428573131561279,
    0.6287762522697449,
    0.615344762802124,
    0.6100164651870728,
    0.5886964201927185,
    0.5663262605667114,
    0.5609149932861328,
    0.5748047232627869,
    0.5616191029548645,
    0.5420802235603333,
    0.5488940477371216,
    0.5779862999916077,
    0.6159185767173767,
    0.6165111660957336,
    0.6085937023162842,
    0.6254978775978088,
    0.6798264980316162,
    0.7538208365440369,
    0.7777439951896667,
    0.7819514870643616,
    0.7118787169456482,
    0.7834439873695374,
    0.7724666595458984,
    0.735927164554596,
    0.7224215865135193,
    0.7383242845535278,
    0.7612215876579285,
    0.7807928919792175,
    0.7607578039169312,
    0.7862209677696228,
    0.8242552280426025,
    0.8262040019035339,
    0.848413348197937,
    0.8429800271987915,
    0.8621346950531006,
    0.8523870706558228,
    0.8501169681549072,
    0.7917308807373047,
    0.778454065322876,
    0.760549783706665,
    0.7709883451461792,
    0.783307671546936,
    0.7854005098342896,
    0.7704409956932068,
    0.7749208807945251,
    0.7142018675804138,
    0.6334145069122314,
    0.6506345868110657,
    0.6292306780815125,
    0.6804165244102478,
    0.685474693775177,
    0.6510931849479675,
    0.6263712048530579,
    0.5259937047958374,
    0.5097170472145081,
    0.5265647768974304,
    0.5516499876976013,
    0.5646569132804871,
    0.5398349761962891,
    0.5447403788566589,
    0.5471304059028625,
    0.5709859132766724,
    0.5742806196212769,
    0.579022228717804,
    0.5865762829780579,
    0.5968258380889893,
    0.6076684594154358,
    0.6297805309295654,
    0.6438025832176208,
    0.6493490934371948,
    0.6746896505355835,
    0.7012230157852173,
    0.7169163823127747,
    0.7295438051223755,
    0.7362341284751892,
    0.7247329950332642,
    0.7029743790626526,
    0.7124923467636108
  ]
}