{
  "n_frames": 100,
  "scenewise_psnr": 10.74273634660364,
  "scenewise_ssim": 0.49777083575028414,
  "scenewise_lpips": 0.8349103432893753,
  "all_framewise_psnrs": [
    10.872939356633823,
    11.164255026896566,
    10.870335829931266,
    10.958665357959296,
    10.541096377244973,
    11.48328888275362,
    10.477445176463345,
    10.257520423093297,
    10.56587878809294,
    11.415629321495896,
    12.972495694015148,
    11.808581227142964,
    12.831202406676303,
    11.853158410061413,
    10.594182440505516,
    10.538909605079157,
    10.135887378296232,
    12.0307121158745,
    10.498044871454207,
    11.18748752173838,
    10.346185049435341,
    12.316077159759233,
    10.387044679172504,
    10.676642874144704,
    10.641919422700571,
    9.299047485426383,
    7.860705688351102,
    10.216701721726022,
    11.522805184781948,
    11.266381749865735,
    10.958716198955452,
    12.010334616331043,
    10.181527179535214,
    9.603071115321614,
    9.80637880277257,
    10.05624717735329,
    10.024647825712904,
    9.499849975756641,
    9.308059826583774,
    9.42604642337839,
    9.66376861192979,
    9.758698783941641,
    9.847176039507813,
    9.572201643391816,
    8.877612602724168,
    9.934103918926898,
    10.698235383847578,
    10.98408206184357,
    9.979069873772403,
    11.863958544857901,
    11.21688118039076,
    11.502358378354916,
    10.514870672383434,
    10.467577507830931,
    11.101470225495135,
    10.451433676360878,
    10.362656000773711,
    12.040914054871266,
    12.308527813607187,
    12.008880603848837,
    11.138365890472166,
    11.301707724932797,
    13.822944591867696,
    11.97388537068198,
    10.798422163099302,
    12.409749888830511,
    12.440715589105686,
    11.326875462523894,
    12.004665742999197,
    9.934134514428878,
    10.559549646643799,
    11.566099495604316,
    13.03409690226691,
    11.321316996907322,
    10.726810749365075,
    9.63275375364315,
    9.872229387035947,
    10.438599408999142,
    11.27460546694495,
    11.023421297455682,
    11.063126748439354,
    11.845874056288736,
    9.766442941255697,
    9.905415626862613,
    10.740389654253931,
    11.297190625234666,
    11.467199980213348,
    11.46551237944809,
    11.02404837767628,
    11.528792037772565,
    11.654374214850986,
    11.662145839089943,
    11.026381780179635,
    10.84193116102943,
    12.13776925997809,
    10.977676135671766,
    10.958685532886543,
    9.577710647425805,
    9.35291966517053,
    9.164948608230372
  ],
  "all_framewise_ssim": [
    0.41576388478279114,
    0.4319624900817871,
    0.4361329972743988,
    0.45974838733673096,
    0.46739375591278076,
    0.47721776366233826,
    0.4378155469894409,
    0.4408040940761566,
    0.4527495801448822,
    0.4992813766002655,
    0.5540391802787781,
    0.5632665157318115,
    0.5627096891403198,
    0.5146153569221497,
    0.4632795751094818,
    0.4833708703517914,
    0.5143282413482666,
    0.5926362872123718,
    0.5086283087730408,
    0.5483595132827759,
    0.5876278281211853,
    0.5060212016105652,
    0.4422205984592438,
    0.4278630316257477,
    0.49775972962379456,
    0.5724315047264099,
    0.5784712433815002,
    0.575108528137207,
    0.4590094983577728,
    0.46757960319519043,
    0.5038332939147949,
    0.5126857161521912,
    0.47510457038879395,
    0.49171075224876404,
    0.4613010883331299,
    0.5060858130455017,
    0.5236156582832336,
    0.5748619437217712,
    0.5608094334602356,
    0.5479564666748047,
    0.49257659912109375,
    0.45427295565605164,
    0.47776612639427185,
    0.4777303636074066,
    0.45290765166282654,
    0.47293639183044434,
    0.4419725835323334,
    0.4260030686855316,
    0.3867233097553253,
    0.4471602439880371,
    0.42460981011390686,
    0.46018633246421814,
    0.4850662648677826,
    0.49337103962898254,
    0.49427056312561035,
    0.4196148216724396,
    0.4041171073913574,
    0.479937881231308,
    0.4914073050022125,
    0.5378400683403015,
    0.48799797892570496,
    0.5425772666931152,
    0.6394381523132324,
    0.554172933101654,
    0.514830470085144,
    0.5322884321212769,
    0.5458646416664124,
    0.48890221118927,
    0.5584880113601685,
    0.5221628546714783,
    0.6029567122459412,
    0.48409900069236755,
    0.49649176001548767,
    0.4867829382419586,
    0.5063626766204834,
    0.49792608618736267,
    0.505573570728302,
    0.509589433670044,
    0.4835618734359741,
    0.4663844108581543,
    0.45274972915649414,
    0.5490685105323792,
    0.4889453649520874,
    0.47308263182640076,
    0.46751150488853455,
    0.4429096281528473,
    0.47428882122039795,
    0.4579561948776245,
    0.49019408226013184,
    0.4832788407802582,
    0.5014150142669678,
    0.5253964066505432,
    0.47886931896209717,
    0.5316150784492493,
    0.540350615978241,
    0.513214647769928,
    0.5570265650749207,
    0.5101073980331421,
    0.4876229465007782,
    0.4952663481235504
  ],
  "all_framewise_lpips": [
    0.8911080956459045,
    0.8684821128845215,
    0.874694287776947,
    0.865035891532898,
    0.8619484901428223,
    0.8566932082176208,
    0.9034304618835449,
    0.8854944109916687,
    0.8784148693084717,
    0.8537294268608093,
    0.7950443625450134,
    0.8016265034675598,
    0.8031060695648193,
    0.8006224632263184,
    0.8647066354751587,
    0.8554375171661377,
    0.851820707321167,
    0.7689350843429565,
    0.8459881544113159,
    0.8088614344596863,
    0.7709596753120422,
    0.8111065626144409,
    0.878193736076355,
    0.8667954206466675,
    0.803013801574707,
    0.7567993998527527,
    0.827070415019989,
    0.7754762768745422,
    0.8230704069137573,
    0.8465924263000488,
    0.7875698804855347,
    0.7913751602172852,
    0.8219092488288879,
    0.8283274173736572,
    0.8436722159385681,
    0.7821308970451355,
    0.8141059875488281,
    0.7910773754119873,
    0.8129338026046753,
    0.8279982209205627,
    0.848491907119751,
    0.8704794049263,
    0.860803484916687,
    0.8451936841011047,
    0.866776168346405,
    0.8334964513778687,
    0.8376059532165527,
    0.8655447959899902,
    0.9314953088760376,
    0.833656370639801,
    0.8868528604507446,
    0.8749136328697205,
    0.8531665802001953,
    0.8586898446083069,
    0.8516223430633545,
    0.883502185344696,
    0.911421000957489,
    0.8369821310043335,
    0.8493950366973877,
    0.8130296468734741,
    0.8587154150009155,
    0.8367784023284912,
    0.7428954839706421,
    0.8096164464950562,
    0.8376317024230957,
    0.8157017230987549,
    0.7936826348304749,
    0.843706488609314,
    0.8378595113754272,
    0.8531609177589417,
    0.7648944854736328,
    0.8301339745521545,
    0.853360116481781,
    0.833858847618103,
    0.8183544874191284,
    0.8113065361976624,
    0.8420314788818359,
    0.8278858065605164,
    0.8322412967681885,
    0.8580446839332581,
    0.8493130207061768,
    0.764351487159729,
    0.8174967765808105,
    0.8297662734985352,
    0.8612391948699951,
    0.8904305696487427,
    0.8134677410125732,
    0.8296499252319336,
    0.8183014988899231,
    0.8163875341415405,
    0.7826080322265625,
    0.8012365102767944,
    0.8613449335098267,
    0.8217316269874573,
    0.7980669736862183,
    0.831079363822937,
    0.8066706657409668,
    0.8142554759979248,
    0.8864498138427734,
    0.8868491649627686
  ]
}