{
  "n_frames": 100,
  "scenewise_psnr": 25.982132428737188,
  "scenewise_ssim": 0.799765256459235,
  "scenewise_lpips": 0.3194671194255352,
  "all_framewise_psnrs": [
    26.24303022010576,
    25.83441426231581,
    25.678824334916833,
    25.254381258047253,
    25.089321871003854,
    24.253450685145918,
    24.475436218839114,
    24.75970853717515,
    24.728112711687427,
    25.54947643125415,
    26.886297618311534,
    25.41307989932585,
    24.228008260811347,
    23.66470346402081,
    23.802776216428057,
    23.67014526294887,
    24.376770682591484,
    25.18290307914787,
    25.482002889614307,
    25.514037749693127,
    25.44108927498931,
    24.897859321577332,
    25.814728871454005,
    25.859139254359288,
    26.038077420008822,
    26.73163739051873,
    26.707071424341077,
    28.699751490845543,
    29.638986107683237,
    30.410482877008064,
    30.398683840159247,
    31.011235328359685,
    28.351997760238156,
    27.101407313153363,
    27.170137286373304,
    27.31252641114402,
    27.169338904088654,
    26.863906374189188,
    26.793928670293074,
    26.122378661928202,
    25.612627997119365,
    25.423242315530086,
    25.006336234278955,
    25.02969642940185,
    24.402978936396718,
    24.788582134389863,
    26.31034218851714,
    26.58208704784493,
    26.459306264113394,
    25.554787270759892,
    26.65667623107389,
    27.380617964865053,
    27.06582065312887,
    26.228745177611636,
    25.999188556409536,
    25.638579368098632,
    26.171844552626553,
    25.17250953917121,
    25.57260668002648,
    26.890248440050712,
    27.648569829741337,
    26.559156121645437,
    26.649920204573085,
    26.45308787957589,
    26.175777209659227,
    25.947671711406322,
    26.650820307572136,
    26.13481740237255,
    26.00365353882622,
    25.62475806156106,
    25.862959674625174,
    26.144664922284335,
    26.226538822063322,
    26.38163445129173,
    25.945361099744503,
    26.49496724508844,
    26.393835327538735,
    26.979887408234745,
    27.398802773436003,
    27.619782078519112,
    27.62321283800489,
    26.301309369948846,
    26.602266556577,
    27.433415754136266,
    26.64478453741133,
    27.613126233381653,
    27.411115399387867,
    27.25951915156721,
    25.983159258886857,
    26.22261206852413,
    27.239175605941476,
    25.93785007056665,
    26.501926848028216,
    25.01952622339472,
    21.948772060016225,
    23.416213858279225,
    26.57783465409818,
    27.0079137689113,
    25.729116445835377,
    25.1237382260658
  ],
  "all_framewise_ssim": [
    0.8539104461669922,
    0.8380880951881409,
    0.8320107460021973,
    0.8280426859855652,
    0.8387333750724792,
    0.8023360371589661,
    0.8075661063194275,
    0.8341251015663147,
    0.8212388157844543,
    0.8158860802650452,
    0.8188509941101074,
    0.8118770718574524,
    0.8228815197944641,
    0.8067685961723328,
    0.7990920543670654,
    0.7870461940765381,
    0.8083950877189636,
    0.8121954798698425,
    0.8022109866142273,
    0.8028119206428528,
    0.7981564402580261,
    0.7754955291748047,
    0.7931750416755676,
    0.8118516802787781,
    0.7990193963050842,
    0.811909019947052,
    0.8342034220695496,
    0.8490206599235535,
    0.8785176873207092,
    0.8670986294746399,
    0.8392515182495117,
    0.854584276676178,
    0.8375740051269531,
    0.8044982552528381,
    0.8089675307273865,
    0.8071253895759583,
    0.7835684418678284,
    0.7774452567100525,
    0.7700117230415344,
    0.7510871887207031,
    0.7365884780883789,
    0.7338903546333313,
    0.7088317275047302,
    0.7090029716491699,
    0.7149763107299805,
    0.7391884922981262,
    0.8003831505775452,
    0.8122833371162415,
    0.8139120936393738,
    0.8102170825004578,
    0.8258998394012451,
    0.8340180516242981,
    0.7965698838233948,
    0.7725681662559509,
    0.7586804032325745,
    0.7417361736297607,
    0.7346799969673157,
    0.7120988368988037,
    0.7525181174278259,
    0.7938740849494934,
    0.8156092762947083,
    0.7953414916992188,
    0.796255350112915,
    0.7934682965278625,
    0.7895615696907043,
    0.7797544002532959,
    0.8032274842262268,
    0.7979698181152344,
    0.7990705370903015,
    0.7849345803260803,
    0.7847468852996826,
    0.7846216559410095,
    0.7803255915641785,
    0.7769814133644104,
    0.7746145129203796,
    0.7886759638786316,
    0.804047167301178,
    0.8203557133674622,
    0.8353148102760315,
    0.8416328430175781,
    0.8539019227027893,
    0.8299472332000732,
    0.8260249495506287,
    0.817408561706543,
    0.795558512210846,
    0.7998122572898865,
    0.7955344319343567,
    0.7891544699668884,
    0.7672794461250305,
    0.763802707195282,
    0.7888246178627014,
    0.7633780837059021,
    0.825587809085846,
    0.8250191807746887,
    0.7811694145202637,
    0.7607571482658386,
    0.7989137172698975,
    0.8129474520683289,
    0.798311710357666,
    0.8003349304199219
  ],
  "all_framewise_lpips": [
    0.2823043167591095,
    0.2796512246131897,
    0.275983989238739,
    0.2932963967323303,
    0.27106204628944397,
    0.3264990448951721,
    0.30050379037857056,
    0.24657100439071655,
    0.2583000361919403,
    0.30794596672058105,
    0.3226914703845978,
    0.2939620316028595,
    0.2785384953022003,
    0.2849103808403015,
    0.32938918471336365,
    0.37449389696121216,
    0.3195938766002655,
    0.30929499864578247,
    0.333747535943985,
    0.32542720437049866,
    0.3244723081588745,
    0.3602392375469208,
    0.37194424867630005,
    0.3640516996383667,
    0.3920688331127167,
    0.3559972047805786,
    0.33030781149864197,
    0.3465026915073395,
    0.304193377494812,
    0.3095449209213257,
    0.3351411819458008,
    0.3014358878135681,
    0.3047981262207031,
    0.3316400945186615,
    0.30680838227272034,
    0.302983820438385,
    0.3319788873195648,
    0.33043161034584045,
    0.3357279300689697,
    0.3471427857875824,
    0.3477689325809479,
    0.3555194139480591,
    0.367859810590744,
    0.3579128086566925,
    0.3424690067768097,
    0.3408665657043457,
    0.287465363740921,
    0.28047633171081543,
    0.2941661775112152,
    0.294120728969574,
    0.28287750482559204,
    0.29338282346725464,
    0.308764785528183,
    0.3348095715045929,
    0.3485066592693329,
    0.34424126148223877,
    0.37307223677635193,
    0.40708664059638977,
    0.3574724495410919,
    0.30386602878570557,
    0.294932097196579,
    0.3110297918319702,
    0.3245027959346771,
    0.32499614357948303,
    0.3351069390773773,
    0.3327248692512512,
    0.31131893396377563,
    0.31273984909057617,
    0.3087971806526184,
    0.32483237981796265,
    0.3257703483104706,
    0.3296052813529968,
    0.33020254969596863,
    0.3258265256881714,
    0.3201525807380676,
    0.30609986186027527,
    0.27138274908065796,
    0.26381897926330566,
    0.24946244060993195,
    0.2484893500804901,
    0.24457255005836487,
    0.26698097586631775,
    0.2822349965572357,
    0.2829602360725403,
    0.28920719027519226,
    0.29987502098083496,
    0.3128952383995056,
    0.32414159178733826,
    0.3573518395423889,
    0.3844481408596039,
    0.38466405868530273,
    0.4139896333217621,
    0.33952999114990234,
    0.3210560083389282,
    0.3382425904273987,
    0.3680375814437866,
    0.329656183719635,
    0.307411253452301,
    0.30136263370513916,
    0.3220195472240448
  ]
}