{
  "n_frames": 100,
  "scenewise_psnr": 25.0785146807003,
  "scenewise_ssim": 0.7171697073533778,
  "scenewise_lpips": 0.34478724375367165,
  "all_framewise_psnrs": [
    23.872521008523062,
    25.6958018502569,
    25.961116386966197,
    25.477118224073347,
    24.445267837568856,
    25.088681511850357,
    25.095557414391042,
    24.619458837016545,
    24.498036324697164,
    24.710070037418788,
    24.520208615428327,
    24.447380390278695,
    24.17477117156463,
    24.5122205974938,
    24.508542613496317,
    24.558013764118808,
    24.121484458532375,
    25.150558849797946,
    25.235726552764703,
    25.276461582715505,
    24.22037869463861,
    24.986337097401886,
    25.532029053247413,
    24.876285556819056,
    24.73585346216975,
    25.37199713220941,
    25.252323039801784,
    25.013302915607582,
    24.791022705230148,
    25.83733307876534,
    25.69206524577931,
    25.478787369702587,
    24.57370792085955,
    25.20544201098771,
    24.99972058052915,
    24.831556769438215,
    24.853796179006036,
    24.889410961781472,
    24.295097241297775,
    24.61823893670266,
    24.12106525303216,
    24.72241210128288,
    25.3997629893135,
    21.863665936604036,
    23.875043957575667,
    23.749107345749106,
    24.975002281175342,
    25.5312664973532,
    24.41680334731047,
    23.875954217180876,
    25.658746778140653,
    25.38547434459355,
    24.658127028241207,
    25.468644255065776,
    25.68707536683786,
    25.427033253506337,
    24.912615606566995,
    25.33759246091232,
    24.55911574857019,
    24.704886558373417,
    24.006453913186135,
    24.605124049343775,
    24.325529911990213,
    24.38632070173988,
    24.279855664344595,
    25.163070300043557,
    25.264999343888693,
    25.295023459757225,
    24.77878431411032,
    25.65965748505058,
    25.52702862121373,
    24.98870896972111,
    23.654022752006732,
    24.712840383639183,
    25.09937141847168,
    25.182306462637776,
    24.55487254919854,
    25.01760104935132,
    24.893394395680364,
    25.492729920147717,
    24.192853615286324,
    25.00543200710636,
    25.549868730435588,
    25.340893579697486,
    26.601002904390214,
    27.63574229005382,
    27.227124798002272,
    27.119497211497844,
    26.637485162152306,
    26.982530996175097,
    27.200134509635735,
    26.51642952349938,
    25.561326346742437,
    27.031517777116658,
    27.378992399072033,
    26.518834944971044,
    27.252757277445347,
    27.103553687773374,
    26.937873839214674,
    27.527460951021617
  ],
  "all_framewise_ssim": [
    0.6595359444618225,
    0.7241643071174622,
    0.7480623126029968,
    0.721881091594696,
    0.679095983505249,
    0.6964058876037598,
    0.6943340301513672,
    0.6841080784797668,
    0.643302321434021,
    0.6744997501373291,
    0.6643850207328796,
    0.659999430179596,
    0.6375988125801086,
    0.6567053198814392,
    0.6743934750556946,
    0.6792969703674316,
    0.6795843243598938,
    0.7417929768562317,
    0.7518442273139954,
    0.7583666443824768,
    0.7054470181465149,
    0.7494449615478516,
    0.7520831227302551,
    0.7177579998970032,
    0.675473690032959,
    0.6973361372947693,
    0.7019987106323242,
    0.7116664052009583,
    0.6973013281822205,
    0.7611303925514221,
    0.7555029392242432,
    0.7495825290679932,
    0.6962342858314514,
    0.7393376231193542,
    0.7318527698516846,
    0.7183198928833008,
    0.7098183631896973,
    0.7248633503913879,
    0.7019183039665222,
    0.7042593359947205,
    0.6605360507965088,
    0.698317289352417,
    0.7213155627250671,
    0.6627044081687927,
    0.6193665266036987,
    0.6463985443115234,
    0.7057937979698181,
    0.7258862853050232,
    0.6614365577697754,
    0.6535293459892273,
    0.7326518893241882,
    0.7210370898246765,
    0.6822120547294617,
    0.7295143008232117,
    0.7388262748718262,
    0.7292240262031555,
    0.6799414753913879,
    0.7164642810821533,
    0.6699082255363464,
    0.6597852110862732,
    0.6215238571166992,
    0.6582673192024231,
    0.6408854126930237,
    0.6557202935218811,
    0.6413824558258057,
    0.7011120319366455,
    0.7086143493652344,
    0.7187206149101257,
    0.6792130470275879,
    0.7297332882881165,
    0.7246566414833069,
    0.7014472484588623,
    0.6083589196205139,
    0.6910676956176758,
    0.7242628931999207,
    0.7341113686561584,
    0.7016229629516602,
    0.7419700026512146,
    0.7414038777351379,
    0.7682731747627258,
    0.7058723568916321,
    0.7459433078765869,
    0.7615860104560852,
    0.7493820190429688,
    0.7800411581993103,
    0.8120770454406738,
    0.7991201877593994,
    0.8084089756011963,
    0.787060558795929,
    0.8003420829772949,
    0.8077337741851807,
    0.7691039443016052,
    0.7093660831451416,
    0.783393919467926,
    0.808378279209137,
    0.7647444605827332,
    0.7943690419197083,
    0.78575199842453,
    0.7891622185707092,
    0.8098931312561035
  ],
  "all_framewise_lpips": [
    0.3834482431411743,
    0.34088027477264404,
    0.3227522671222687,
    0.338090717792511,
    0.38508176803588867,
    0.3811272382736206,
    0.3872111439704895,
    0.382210910320282,
    0.4522906243801117,
    0.4055122137069702,
    0.41838523745536804,
    0.42492708563804626,
    0.4694664776325226,
    0.42574506998062134,
    0.3665023148059845,
    0.3528905510902405,
    0.35401201248168945,
    0.2939775288105011,
    0.28822654485702515,
    0.27719131112098694,
    0.3409135937690735,
    0.28253814578056335,
    0.2939853370189667,
    0.35000649094581604,
    0.4250457286834717,
    0.3720477223396301,
    0.33538174629211426,
    0.32371750473976135,
    0.34842026233673096,
    0.28797346353530884,
    0.29866331815719604,
    0.3036908209323883,
    0.3884243369102478,
    0.3276548981666565,
    0.3329821527004242,
    0.3672583997249603,
    0.364174485206604,
    0.3158835172653198,
    0.33590853214263916,
    0.33240947127342224,
    0.38416382670402527,
    0.33295178413391113,
    0.3196861743927002,
    0.3843095600605011,
    0.45597222447395325,
    0.40318921208381653,
    0.3822494149208069,
    0.37269121408462524,
    0.397907555103302,
    0.3510831594467163,
    0.3111417293548584,
    0.3291066586971283,
    0.36799541115760803,
    0.3194320499897003,
    0.30739086866378784,
    0.32412904500961304,
    0.41146335005760193,
    0.3708358705043793,
    0.38480284810066223,
    0.39503949880599976,
    0.43788135051727295,
    0.3919774889945984,
    0.4147190749645233,
    0.39605987071990967,
    0.4392976462841034,
    0.3900984525680542,
    0.3698701858520508,
    0.332356333732605,
    0.3795960247516632,
    0.32484474778175354,
    0.33319228887557983,
    0.34726911783218384,
    0.4526856541633606,
    0.3690849542617798,
    0.3470480144023895,
    0.3469083905220032,
    0.3861083984375,
    0.2950577139854431,
    0.28969600796699524,
    0.2511146366596222,
    0.33238765597343445,
    0.28226804733276367,
    0.28283295035362244,
    0.2965449094772339,
    0.30479106307029724,
    0.2750997543334961,
    0.2764213979244232,
    0.2312745749950409,
    0.2700544595718384,
    0.24609006941318512,
    0.24647176265716553,
    0.2965705692768097,
    0.3992747664451599,
    0.31062978506088257,
    0.26261937618255615,
    0.2669350504875183,
    0.2892161011695862,
    0.2751174867153168,
    0.293362557888031,
    0.26334476470947266
  ]
}