{
  "n_frames": 100,
  "scenewise_psnr": 18.982782270274573,
  "scenewise_ssim": 0.4898279097466087,
  "scenewise_lpips": 0.6216755369305611,
  "all_framewise_psnrs": [
    20.107593544819863,
    21.4602447745784,
    22.285125650058703,
    21.55149551715326,
    21.062548448025034,
    21.937833204047198,
    21.753361059588606,
    21.674608366914217,
    22.561022362937017,
    22.71725891047482,
    21.6538410329899,
    22.42040784496352,
    22.418530122806118,
    21.268819191345443,
    21.632495395612462,
    20.116285494703803,
    19.761160034831082,
    20.446098427605044,
    20.968731873303152,
    22.618631332123933,
    20.597815743040506,
    20.382559681554163,
    19.550870848883825,
    20.721502210160047,
    21.2077361535543,
    21.209916273761692,
    20.951217331634634,
    20.795368480017626,
    20.578295410473864,
    21.113452047112386,
    20.25093771844872,
    20.54319047028266,
    16.2218491735437,
    19.8773737400168,
    20.211051167575338,
    21.242353796292193,
    20.605050100548432,
    21.07081490707193,
    20.037129593473217,
    20.111804745599247,
    21.158525208784823,
    19.297290305799166,
    18.595435577579988,
    19.697941354210972,
    21.51045097476869,
    22.342060874667133,
    22.472653079496155,
    20.003141524561435,
    19.72663738956074,
    16.294279521566867,
    17.75297281715752,
    17.57578102584042,
    17.824201729782825,
    18.885375636995775,
    17.798346634565185,
    17.896574022334587,
    18.55957941698748,
    16.653126451031902,
    18.50145840973704,
    20.354052076754453,
    19.887565044589156,
    19.19182895869509,
    19.420492901141536,
    19.852215410852597,
    18.37747516580183,
    20.59261888943412,
    17.93113567645761,
    18.16979932668161,
    17.686866393415638,
    18.134127408910064,
    17.096729749959195,
    16.63404922357207,
    15.823477905799132,
    16.85239305639496,
    16.89795099020761,
    16.194113474337076,
    16.06081128908075,
    17.669419983214716,
    17.505475371700392,
    17.905650263345436,
    19.224083171684107,
    19.45252759904423,
    20.391898699084013,
    20.46124157177362,
    20.637238708071166,
    20.898870688897986,
    21.243333020376838,
    20.941464268565873,
    19.97998587273466,
    18.84248049848876,
    17.839240736774144,
    15.243031177118187,
    14.874410591026312,
    13.972717445241367,
    16.803547329579082,
    17.211055106119087,
    16.92291200692592,
    18.499830888891392,
    18.875742073519138,
    16.098237010754094
  ],
  "all_framewise_ssim": [
    0.5005999207496643,
    0.5698407292366028,
    0.6052545309066772,
    0.5692958831787109,
    0.5713381767272949,
    0.6098241209983826,
    0.592404842376709,
    0.5880324244499207,
    0.5951957702636719,
    0.5879620909690857,
    0.5538423657417297,
    0.6092872619628906,
    0.6067264080047607,
    0.5664556622505188,
    0.5699720978736877,
    0.48217666149139404,
    0.43924105167388916,
    0.49466872215270996,
    0.5061694383621216,
    0.5790112614631653,
    0.5436174273490906,
    0.538019597530365,
    0.49683985114097595,
    0.580944299697876,
    0.585910975933075,
    0.5769593119621277,
    0.5835810899734497,
    0.5641575455665588,
    0.565150260925293,
    0.5718693733215332,
    0.5312206745147705,
    0.5375764966011047,
    0.3769104480743408,
    0.5490505695343018,
    0.5715972185134888,
    0.6066120266914368,
    0.553598940372467,
    0.5663327574729919,
    0.5264744758605957,
    0.5069293975830078,
    0.5496257543563843,
    0.4758807420730591,
    0.43979963660240173,
    0.4967879056930542,
    0.5416178703308105,
    0.5694138407707214,
    0.5794435143470764,
    0.5105952024459839,
    0.4872611463069916,
    0.38180768489837646,
    0.3898653984069824,
    0.37283721566200256,
    0.36130404472351074,
    0.370996356010437,
    0.3540832996368408,
    0.4058065414428711,
    0.4727405607700348,
    0.5070289373397827,
    0.5701022148132324,
    0.5942620635032654,
    0.5761560797691345,
    0.5808145403862,
    0.5194524526596069,
    0.5105135440826416,
    0.41137513518333435,
    0.45275187492370605,
    0.3928248882293701,
    0.39811956882476807,
    0.38414525985717773,
    0.38647547364234924,
    0.36860737204551697,
    0.3725023567676544,
    0.326945424079895,
    0.3829399645328522,
    0.37881699204444885,
    0.3456023931503296,
    0.35761579871177673,
    0.4234851896762848,
    0.3942616283893585,
    0.4192306101322174,
    0.4417543113231659,
    0.45702803134918213,
    0.4903395473957062,
    0.48940369486808777,
    0.49185213446617126,
    0.510290801525116,
    0.52537602186203,
    0.5103134512901306,
    0.480825811624527,
    0.4320613443851471,
    0.3930825889110565,
    0.3234226405620575,
    0.30983635783195496,
    0.3190694749355316,
    0.3789982795715332,
    0.40818116068840027,
    0.40058234333992004,
    0.4502071142196655,
    0.4563620090484619,
    0.4202980697154999
  ],
  "all_framewise_lpips": [
    0.4729709327220917,
    0.43996739387512207,
    0.4207246005535126,
    0.438909113407135,
    0.42190366983413696,
    0.4317536950111389,
    0.44091007113456726,
    0.4349266588687897,
    0.4173882007598877,
    0.43851613998413086,
    0.4424290060997009,
    0.3989766240119934,
    0.422838032245636,
    0.4073876142501831,
    0.4362821578979492,
    0.512248158454895,
    0.5876448154449463,
    0.6007326245307922,
    0.6058100461959839,
    0.5492714643478394,
    0.500459611415863,
    0.475480318069458,
    0.4569016993045807,
    0.4434031844139099,
    0.4488961100578308,
    0.4425976276397705,
    0.4483996033668518,
    0.47788164019584656,
    0.4870314300060272,
    0.4754249155521393,
    0.48365268111228943,
    0.5065674781799316,
    0.5561901926994324,
    0.49042394757270813,
    0.4677710235118866,
    0.49503087997436523,
    0.5412946939468384,
    0.535415768623352,
    0.5928798317909241,
    0.621802568435669,
    0.5988185405731201,
    0.6775265336036682,
    0.7511968612670898,
    0.6964739561080933,
    0.6539731025695801,
    0.6180457472801208,
    0.6058504581451416,
    0.6223913431167603,
    0.6519514918327332,
    0.7255843281745911,
    0.7658255696296692,
    0.7984665036201477,
    0.8072872161865234,
    0.8051684498786926,
    0.8387331366539001,
    0.8034063577651978,
    0.7564744353294373,
    0.6963275671005249,
    0.6627348065376282,
    0.6483792066574097,
    0.6593137383460999,
    0.646319568157196,
    0.7177420854568481,
    0.7074400186538696,
    0.7752747535705566,
    0.7545554041862488,
    0.8061133027076721,
    0.8017460703849792,
    0.8010793328285217,
    0.8281393051147461,
    0.7977604866027832,
    0.8040205240249634,
    0.8152121901512146,
    0.758508563041687,
    0.7696167826652527,
    0.8071847558021545,
    0.7950867414474487,
    0.7100201845169067,
    0.7182159423828125,
    0.6916535496711731,
    0.6746553182601929,
    0.6528899669647217,
    0.6002907752990723,
    0.5989749431610107,
    0.6010266542434692,
    0.6029688119888306,
    0.5997933745384216,
    0.605517566204071,
    0.6243794560432434,
    0.6609195470809937,
    0.7012326717376709,
    0.7236701846122742,
    0.7452607154846191,
    0.7509713172912598,
    0.7352772951126099,
    0.7384711503982544,
    0.7625370025634766,
    0.7208467125892639,
    0.715506911277771,
    0.7336481809616089
  ]
}