{
  "n_frames": 100,
  "scenewise_psnr": 24.034228420237657,
  "scenewise_ssim": 0.6775641199690199,
  "scenewise_lpips": 0.46134611666202546,
  "all_framewise_psnrs": [
    21.96643599761741,
    24.20059347086554,
    23.423617454831763,
    23.526843734739007,
    23.07560955875161,
    23.60623255408965,
    23.496943728311727,
    23.506032090121316,
    25.19149857816606,
    24.733179962342618,
    24.689584204455905,
    25.55875702898325,
    25.903157648314682,
    26.78901531717301,
    26.733243216124812,
    27.01705251319091,
    27.8138205659533,
    28.22493015194187,
    27.815989455076064,
    27.59510995807576,
    26.479821953359888,
    25.7261122071461,
    27.38504946238468,
    26.588865527566796,
    26.548101250517337,
    27.128629222799994,
    26.61907945325482,
    25.740533417392403,
    25.580589461122763,
    25.737734245853574,
    25.060644821984003,
    25.172842269232774,
    24.619902069338657,
    24.95305076565224,
    24.449310875445,
    23.84233734619499,
    23.025678843457943,
    22.700851906379256,
    23.395973065359527,
    22.514829049102847,
    23.308168066398434,
    22.476602756455925,
    22.672142214898553,
    23.250109812540728,
    22.648618378575073,
    23.067349234604748,
    24.09144611899127,
    23.506193948044537,
    24.048708071337828,
    23.76084249305038,
    23.428118581505693,
    23.63576197250838,
    23.626976818777578,
    22.988362993905447,
    20.82526471735564,
    21.762672582228465,
    22.86715669668309,
    23.574672237202464,
    22.85479030423088,
    23.79135292226021,
    24.75382553079607,
    24.85368364084227,
    23.535621080822704,
    23.879248838684923,
    23.703120308492792,
    25.762998838753724,
    25.32258929943229,
    24.727918686309557,
    24.838733364497276,
    24.675065719060196,
    24.51105444647585,
    23.55189747156096,
    22.691926911104304,
    23.754329080101073,
    22.943976357845838,
    22.588497188094244,
    21.466452191479707,
    22.37078764519041,
    22.902732096191905,
    22.256175392837108,
    22.353969491105886,
    23.3721793522627,
    24.09939438340073,
    24.172486880963614,
    24.3385068373358,
    25.909981100538097,
    25.51585041795269,
    24.676971603717558,
    24.079108722857725,
    24.481982109729955,
    23.842068411348748,
    24.191049729339397,
    23.56109801366546,
    22.59733219194667,
    23.02651386633164,
    23.868823858174135,
    24.404423630117638,
    25.35628960323192,
    24.313200641694188,
    24.599380146187897
  ],
  "all_framewise_ssim": [
    0.6446161270141602,
    0.7406470775604248,
    0.7212044596672058,
    0.7089951634407043,
    0.701535701751709,
    0.7155079245567322,
    0.6940569281578064,
    0.6828870177268982,
    0.7342788577079773,
    0.7146205902099609,
    0.7252172827720642,
    0.7499321103096008,
    0.7371365427970886,
    0.7746970057487488,
    0.7664974331855774,
    0.7579616904258728,
    0.7897641062736511,
    0.7957094311714172,
    0.7677598595619202,
    0.777350664138794,
    0.7507597804069519,
    0.721626341342926,
    0.7591601014137268,
    0.7477092146873474,
    0.7297029495239258,
    0.750835120677948,
    0.7278247475624084,
    0.691971480846405,
    0.7066906094551086,
    0.7218591570854187,
    0.6894927024841309,
    0.7096026539802551,
    0.6976779103279114,
    0.6811473369598389,
    0.6760033965110779,
    0.6590763330459595,
    0.6264823079109192,
    0.6363935470581055,
    0.6846205592155457,
    0.6813538670539856,
    0.6966951489448547,
    0.6996026635169983,
    0.7080696225166321,
    0.7013673186302185,
    0.6508062481880188,
    0.6540717482566833,
    0.683607816696167,
    0.659389078617096,
    0.6548519730567932,
    0.631199300289154,
    0.608160674571991,
    0.6156275868415833,
    0.624017596244812,
    0.6479523181915283,
    0.644225537776947,
    0.607138454914093,
    0.6445385813713074,
    0.5962180495262146,
    0.6045627593994141,
    0.628257155418396,
    0.6664455533027649,
    0.6814865469932556,
    0.6575732827186584,
    0.6405403017997742,
    0.6699106097221375,
    0.6934254765510559,
    0.6607522964477539,
    0.638620913028717,
    0.6468983292579651,
    0.6459543108940125,
    0.6569944024085999,
    0.6367647647857666,
    0.6021601557731628,
    0.6506975293159485,
    0.6223211288452148,
    0.5811456441879272,
    0.587658166885376,
    0.6107756495475769,
    0.6130315065383911,
    0.6061424612998962,
    0.610811173915863,
    0.6127315163612366,
    0.6380773186683655,
    0.6525554060935974,
    0.6771134734153748,
    0.7236464619636536,
    0.6893535256385803,
    0.6561347842216492,
    0.6569792628288269,
    0.6568841934204102,
    0.6200898289680481,
    0.6433414816856384,
    0.6314567923545837,
    0.5921260714530945,
    0.615907609462738,
    0.6358991265296936,
    0.6440522074699402,
    0.7081966996192932,
    0.7058504223823547,
    0.6968275904655457
  ],
  "all_framewise_lpips": [
    0.44244781136512756,
    0.3468886613845825,
    0.35959944128990173,
    0.3311924338340759,
    0.3276125192642212,
    0.34617236256599426,
    0.3679053783416748,
    0.35532432794570923,
    0.3394896686077118,
    0.3724899888038635,
    0.3744491636753082,
    0.3508709669113159,
    0.3554527163505554,
    0.3236011862754822,
    0.3145175576210022,
    0.33363956212997437,
    0.3131812810897827,
    0.30218541622161865,
    0.31550332903862,
    0.3078417181968689,
    0.3427502512931824,
    0.3776266276836395,
    0.35871174931526184,
    0.3540952801704407,
    0.3746744394302368,
    0.3784363269805908,
    0.3873377740383148,
    0.4128875732421875,
    0.38350415229797363,
    0.389457106590271,
    0.4170847535133362,
    0.4007219076156616,
    0.41467806696891785,
    0.4432234764099121,
    0.464840829372406,
    0.5045528411865234,
    0.5693635940551758,
    0.5623499155044556,
    0.5272543430328369,
    0.5033398270606995,
    0.4438192844390869,
    0.4410367012023926,
    0.4465040862560272,
    0.4699355661869049,
    0.5107461810112,
    0.4910375475883484,
    0.46747887134552,
    0.49028176069259644,
    0.5186058878898621,
    0.5625892877578735,
    0.5849485397338867,
    0.5342978835105896,
    0.5331165194511414,
    0.5274959802627563,
    0.5200510025024414,
    0.5421498417854309,
    0.54596346616745,
    0.5939975380897522,
    0.5749951004981995,
    0.5464416742324829,
    0.49557995796203613,
    0.48031967878341675,
    0.46661707758903503,
    0.48159059882164,
    0.47184160351753235,
    0.4569653868675232,
    0.5028051733970642,
    0.517626941204071,
    0.5072437524795532,
    0.517135739326477,
    0.49199357628822327,
    0.5018024444580078,
    0.5359126329421997,
    0.5206001996994019,
    0.5559618473052979,
    0.5508049130439758,
    0.521155595779419,
    0.5070884227752686,
    0.5071325898170471,
    0.505693256855011,
    0.5071224570274353,
    0.5510928630828857,
    0.5447021126747131,
    0.5300955772399902,
    0.5194289684295654,
    0.4757174253463745,
    0.4768829345703125,
    0.5017272233963013,
    0.475024551153183,
    0.46723201870918274,
    0.48374491930007935,
    0.478216290473938,
    0.512554407119751,
    0.5620571970939636,
    0.5497981309890747,
    0.5421816110610962,
    0.564630389213562,
    0.5202661752700806,
    0.48430025577545166,
    0.4992157220840454
  ]
}