{
  "n_frames": 100,
  "scenewise_psnr": 21.030059484563317,
  "scenewise_ssim": 0.5970702555462104,
  "scenewise_lpips": 0.616355644762516,
  "all_framewise_psnrs": [
    25.487306928979745,
    25.57628056644426,
    22.498453154058975,
    23.12882569022124,
    24.989401740891147,
    25.15637149494761,
    21.897501818172,
    22.111853427966473,
    22.902451958209106,
    23.081302926749228,
    23.46139984763355,
    23.76319073491333,
    21.990024334325224,
    22.213479659218297,
    18.61857032332294,
    20.37082949901332,
    20.31084701547204,
    20.284030924679584,
    22.391258780333366,
    24.486532211207592,
    23.391104624463015,
    23.82808130821602,
    23.066101522814225,
    23.317924765431428,
    21.68400569991219,
    23.056781870571946,
    23.082398740488472,
    22.888608844813504,
    20.300790911370967,
    19.232336896854896,
    20.96888050532676,
    22.484059973762783,
    21.817548793202334,
    22.543905659173294,
    22.248932072245246,
    22.85270028338745,
    22.830882911670916,
    23.34769119510635,
    22.13060194859922,
    21.436242326735872,
    20.943522497710777,
    21.841808146978053,
    21.8072260737216,
    21.530401023105426,
    24.071649583272254,
    23.255958432482448,
    20.868718162347353,
    21.034902886767426,
    21.12586914090867,
    21.292402776080902,
    20.133143256234924,
    18.79322882718523,
    21.485813149381045,
    23.477302193660393,
    23.034610176135427,
    23.34949347261678,
    24.628539622743226,
    24.941130409378736,
    19.99795396973631,
    20.03139976359551,
    19.512474890454786,
    18.655403804870268,
    19.630729133712105,
    18.31432069137726,
    17.967700304007373,
    20.78739574581182,
    20.551338063005193,
    21.325410594504177,
    21.0931805381178,
    20.09763682107868,
    21.414922404976817,
    19.657899924863074,
    21.583157219047244,
    20.924612072686777,
    20.45344159687797,
    20.839614574582424,
    20.874311750223203,
    20.575116562938778,
    20.345117616145302,
    20.78845337289097,
    20.912987580102644,
    22.42043220879232,
    22.695459347107363,
    20.058006304775677,
    19.522164295854754,
    16.545990513442284,
    14.63146428186272,
    19.513086263245302,
    20.763243842925412,
    20.455687534797562,
    21.480058266163738,
    22.11650433223084,
    21.766805741965257,
    21.513178470552884,
    18.968860520486302,
    19.65755302425194,
    18.082145806747015,
    20.412624028264602,
    20.926684358242728,
    20.07644405225298
  ],
  "all_framewise_ssim": [
    0.6802217364311218,
    0.7014769911766052,
    0.6288004517555237,
    0.6384251713752747,
    0.7000790238380432,
    0.70514315366745,
    0.6341037154197693,
    0.6358290314674377,
    0.6305132508277893,
    0.6345024704933167,
    0.6360020041465759,
    0.6439216136932373,
    0.599770724773407,
    0.5702755451202393,
    0.5001352429389954,
    0.5058278441429138,
    0.4965153634548187,
    0.5282412767410278,
    0.6017513871192932,
    0.6634672284126282,
    0.6387386322021484,
    0.6663216948509216,
    0.6696340441703796,
    0.6930131316184998,
    0.6378926634788513,
    0.6697208881378174,
    0.6421937942504883,
    0.5743082165718079,
    0.4796585142612457,
    0.46389642357826233,
    0.49509334564208984,
    0.5785802006721497,
    0.5723618865013123,
    0.5871719717979431,
    0.589239776134491,
    0.6195991635322571,
    0.62371426820755,
    0.6420643925666809,
    0.6071829199790955,
    0.5682957172393799,
    0.5675118565559387,
    0.6031095385551453,
    0.6155111789703369,
    0.6505506634712219,
    0.7031473517417908,
    0.7138227820396423,
    0.6728398203849792,
    0.6588513851165771,
    0.6508192420005798,
    0.6493198275566101,
    0.5732917189598083,
    0.5807238221168518,
    0.6116564869880676,
    0.663077175617218,
    0.6661950945854187,
    0.7253678441047668,
    0.7577160000801086,
    0.7562792301177979,
    0.6503389477729797,
    0.5654870867729187,
    0.5238062739372253,
    0.4413716793060303,
    0.45650768280029297,
    0.4398004114627838,
    0.5143154263496399,
    0.5934234261512756,
    0.6008896827697754,
    0.6267516613006592,
    0.6072896122932434,
    0.5745776295661926,
    0.5791558623313904,
    0.5598330497741699,
    0.5796828866004944,
    0.5650019645690918,
    0.5241971015930176,
    0.48008885979652405,
    0.4634246528148651,
    0.4615727663040161,
    0.46475544571876526,
    0.4927542209625244,
    0.5230531692504883,
    0.5883871912956238,
    0.6195395588874817,
    0.5818175673484802,
    0.5711125731468201,
    0.5057182312011719,
    0.45121514797210693,
    0.539578914642334,
    0.5914464592933655,
    0.5324938893318176,
    0.5187783241271973,
    0.515819251537323,
    0.5237086415290833,
    0.5698094964027405,
    0.6148034334182739,
    0.6410946846008301,
    0.6062710881233215,
    0.6651651263237,
    0.6520265936851501,
    0.6258099675178528
  ],
  "all_framewise_lpips": [
    0.4203868508338928,
    0.4089394211769104,
    0.4701693654060364,
    0.45036324858665466,
    0.39145827293395996,
    0.3887878358364105,
    0.45668134093284607,
    0.48457539081573486,
    0.510206401348114,
    0.513690173625946,
    0.5008817911148071,
    0.5024545788764954,
    0.5800626277923584,
    0.6381815075874329,
    0.7026660442352295,
    0.700661301612854,
    0.6954799890518188,
    0.6641852259635925,
    0.5909996032714844,
    0.5122939944267273,
    0.5345454216003418,
    0.5206393599510193,
    0.5226484537124634,
    0.51304030418396,
    0.5279848575592041,
    0.4906267523765564,
    0.517280101776123,
    0.6039848923683167,
    0.7071428298950195,
    0.7267707586288452,
    0.689674437046051,
    0.6565737724304199,
    0.658811092376709,
    0.6353603601455688,
    0.6358888745307922,
    0.6092257499694824,
    0.6083013415336609,
    0.5572466850280762,
    0.6189136505126953,
    0.6263509392738342,
    0.5957501530647278,
    0.5807838439941406,
    0.5749923586845398,
    0.5440430641174316,
    0.49898672103881836,
    0.508253812789917,
    0.5513674020767212,
    0.5729434490203857,
    0.5967205166816711,
    0.5791621208190918,
    0.6078065037727356,
    0.5969901084899902,
    0.5816527605056763,
    0.5178234577178955,
    0.48971715569496155,
    0.4371567964553833,
    0.4338771402835846,
    0.48660188913345337,
    0.605085015296936,
    0.6398380994796753,
    0.6440590023994446,
    0.6634621024131775,
    0.687495768070221,
    0.7153254747390747,
    0.7066401243209839,
    0.6601744890213013,
    0.7033122777938843,
    0.7244420051574707,
    0.7357026934623718,
    0.7681059837341309,
    0.7586953043937683,
    0.7810975313186646,
    0.7517764568328857,
    0.7196395993232727,
    0.7273563146591187,
    0.7388688325881958,
    0.7408878803253174,
    0.7310392260551453,
    0.7391619682312012,
    0.7389203906059265,
    0.7361382246017456,
    0.6877683997154236,
    0.670128583908081,
    0.6843208074569702,
    0.7300922274589539,
    0.8302710652351379,
    0.8715248703956604,
    0.811116099357605,
    0.7280993461608887,
    0.7341476082801819,
    0.7231948375701904,
    0.7129948735237122,
    0.7160860896110535,
    0.6994428038597107,
    0.7102921009063721,
    0.5499150156974792,
    0.5302248597145081,
    0.4878239035606384,
    0.5236114263534546,
    0.518519937992096
  ]
}