{
  "n_frames": 81,
  "scenewise_psnr": 23.108789009949092,
  "scenewise_ssim": 0.6409152738663373,
  "scenewise_lpips": 0.5092662341064877,
  "all_framewise_psnrs": [
    23.93024849995708,
    26.46267695227843,
    25.18362219600578,
    27.763140625485192,
    25.90932109890027,
    26.352703629646147,
    26.371719446788767,
    25.736258432132225,
    26.21699835563188,
    25.951931929707968,
    25.069651304550774,
    26.456694772797434,
    24.156321595442524,
    22.6795571021059,
    22.07739737477271,
    20.6873626900658,
    21.76966418194879,
    20.98650717916067,
    20.397345110669626,
    20.41893205246638,
    20.691123195116916,
    22.36133350640547,
    20.577073851737993,
    20.71764804177373,
    21.01662977283743,
    21.415884169109887,
    20.618071425550202,
    20.49556212115054,
    20.535707374019324,
    20.229993051594487,
    21.618954219541866,
    20.966704110458974,
    20.209634477249153,
    20.002477767348378,
    20.484261942684473,
    20.231032045449908,
    21.251174771672737,
    23.96995066665539,
    22.275652070682142,
    23.36661475669938,
    24.37276801514505,
    23.47607686684149,
    23.92705284374457,
    24.76648364901477,
    23.029255103803436,
    23.98861940118632,
    25.086401855641594,
    23.973290137143675,
    23.095850205991503,
    23.80511179196241,
    21.758372662039083,
    22.479044005855013,
    25.37043364046741,
    25.976720424641574,
    24.083056688692803,
    25.92647899354118,
    26.435085306722364,
    25.357506702988882,
    25.1203754848923,
    26.028513356647647,
    25.402675974773594,
    25.748032664450808,
    24.344242837966807,
    23.831569465069286,
    23.652861907954108,
    23.14305035991721,
    23.239576179149747,
    23.84501437611707,
    23.70064499618112,
    22.705995867089477,
    26.663867714609225,
    26.994103694715534,
    26.20139882170367,
    25.181085138480505,
    25.327659306583726,
    24.66231231858902,
    23.40033765193244,
    25.70134063738098,
    24.842913886715184,
    24.176773061347696,
    24.552032399085867
  ],
  "all_framewise_ssim": [
    0.6004160046577454,
    0.7918732762336731,
    0.7114627361297607,
    0.8345990180969238,
    0.7853307723999023,
    0.8260316848754883,
    0.7842264771461487,
    0.7491366863250732,
    0.7405710220336914,
    0.7492216229438782,
    0.7046678066253662,
    0.7604085803031921,
    0.66585373878479,
    0.617179811000824,
    0.5673772692680359,
    0.4698900282382965,
    0.5939996838569641,
    0.510560929775238,
    0.5107181072235107,
    0.5206887722015381,
    0.5206180214881897,
    0.6546685695648193,
    0.5148360133171082,
    0.5243160724639893,
    0.5737646222114563,
    0.5839970707893372,
    0.5347707867622375,
    0.5237966179847717,
    0.5190277099609375,
    0.48294898867607117,
    0.577843964099884,
    0.5620947480201721,
    0.5118873715400696,
    0.5216517448425293,
    0.5929455161094666,
    0.5615845918655396,
    0.553549587726593,
    0.6702932715415955,
    0.5860934853553772,
    0.617958128452301,
    0.6778659820556641,
    0.6062343716621399,
    0.6060690879821777,
    0.6319662928581238,
    0.5481016039848328,
    0.5474560260772705,
    0.6019711494445801,
    0.5251895785331726,
    0.4917832314968109,
    0.5433208346366882,
    0.46934613585472107,
    0.5583508610725403,
    0.6684417128562927,
    0.7697940468788147,
    0.6727604866027832,
    0.7263123989105225,
    0.7402439713478088,
    0.6894515156745911,
    0.6791172027587891,
    0.7606096267700195,
    0.7483720183372498,
    0.7447803020477295,
    0.6879578232765198,
    0.6830570697784424,
    0.6668670177459717,
    0.6642448306083679,
    0.7018635272979736,
    0.750041663646698,
    0.7091630101203918,
    0.6727579236030579,
    0.8364458084106445,
    0.8045074343681335,
    0.70887690782547,
    0.5891525149345398,
    0.6218906044960022,
    0.5705423951148987,
    0.4954686164855957,
    0.7093419432640076,
    0.5835652351379395,
    0.5926360487937927,
    0.6040420532226562
  ],
  "all_framewise_lpips": [
    0.5902950763702393,
    0.46273842453956604,
    0.46870410442352295,
    0.3792574405670166,
    0.4203464984893799,
    0.39966148138046265,
    0.4175110459327698,
    0.4409633278846741,
    0.46225857734680176,
    0.4737709164619446,
    0.5133412480354309,
    0.4623650908470154,
    0.5481321811676025,
    0.5543277263641357,
    0.5741862058639526,
    0.6247775554656982,
    0.5662294030189514,
    0.5918952226638794,
    0.6080201864242554,
    0.6046398878097534,
    0.5992592573165894,
    0.5210974812507629,
    0.5733890533447266,
    0.5519537925720215,
    0.5508190393447876,
    0.5153349041938782,
    0.5273462533950806,
    0.5428851246833801,
    0.5506603121757507,
    0.5893843173980713,
    0.564037024974823,
    0.554561197757721,
    0.5844495296478271,
    0.5915349125862122,
    0.5548074245452881,
    0.5762805938720703,
    0.525173008441925,
    0.46505123376846313,
    0.5073871612548828,
    0.49442198872566223,
    0.4465433955192566,
    0.48448193073272705,
    0.4905196726322174,
    0.499089777469635,
    0.5511916875839233,
    0.5880866646766663,
    0.5525027513504028,
    0.593757688999176,
    0.6405397057533264,
    0.6142021417617798,
    0.655310332775116,
    0.5698895454406738,
    0.4670233726501465,
    0.443930059671402,
    0.46744412183761597,
    0.417604923248291,
    0.4071792960166931,
    0.42505738139152527,
    0.4117252826690674,
    0.3800120949745178,
    0.38129723072052,
    0.37730130553245544,
    0.4147967994213104,
    0.4222453236579895,
    0.4381287395954132,
    0.4567374587059021,
    0.4202060103416443,
    0.38084203004837036,
    0.4355689287185669,
    0.4854220747947693,
    0.3581523597240448,
    0.3878209590911865,
    0.48723042011260986,
    0.5619388818740845,
    0.5941152572631836,
    0.6064803600311279,
    0.6412129998207092,
    0.5198483467102051,
    0.5707963705062866,
    0.5405126810073853,
    0.5605633854866028
  ]
}