{
  "n_frames": 120,
  "scenewise_psnr": 18.729904263643252,
  "scenewise_ssim": 0.44813844672344416,
  "scenewise_lpips": 0.6255885220576669,
  "all_framewise_psnrs": [
    17.68579800253141,
    19.89965725869106,
    20.892594103701185,
    20.697864982387102,
    19.753506451798646,
    19.61859956497714,
    19.464313032235957,
    19.395618346971922,
    19.65126129027358,
    19.198414755678264,
    19.407989111185866,
    20.300350090199657,
    19.847213135543903,
    19.722571698725577,
    19.731988565252678,
    18.98704720831396,
    18.669819725488466,
    18.688043004013167,
    19.06821964967063,
    19.093179340650764,
    17.98244928955027,
    18.18605330335094,
    18.987873401889086,
    18.501639442180064,
    18.364101988842982,
    18.469136186200366,
    17.959724781126944,
    17.59713636550368,
    17.77036569750999,
    17.53406177267918,
    17.369035532005086,
    17.78012145291303,
    17.939707614339675,
    17.46341596310583,
    16.861742803393657,
    18.057591685286596,
    19.41940961572726,
    19.628077442342008,
    20.332884010568087,
    20.341900523366782,
    19.17341439647141,
    19.341190179231294,
    19.285119974170037,
    20.109911440014297,
    20.37298638866821,
    19.916802154208135,
    19.54205151931252,
    19.69888053766263,
    19.649975229360923,
    19.462237336076868,
    19.337884951906,
    19.824059386214735,
    19.900775113665926,
    19.40771419072449,
    19.562984728968225,
    20.455416667257545,
    20.321323207077043,
    19.979030990159497,
    19.997304748200325,
    19.792393078758632,
    19.862958716196086,
    18.548863565344604,
    18.619156542630893,
    19.393162626634616,
    19.9018485726585,
    19.031986504655237,
    18.42857716637254,
    18.477924400206554,
    18.629608166222216,
    18.783860873526393,
    18.860130205783356,
    19.572674340847655,
    20.068212669303335,
    21.012272881309777,
    20.401481875831813,
    20.251567698861418,
    20.4401451758927,
    19.449388833079666,
    18.910540492318606,
    18.846675540440433,
    18.821195855197768,
    18.649326876834742,
    19.066445227784673,
    21.52759944595362,
    22.207454445550617,
    20.707006469930285,
    20.134098429167658,
    19.579728392635882,
    19.270227354638354,
    19.00728139576156,
    18.429642576821912,
    18.33479450132443,
    18.56159367354652,
    18.05543128604188,
    17.021912244889478,
    16.474546374479747,
    16.287753848996267,
    16.306948002761896,
    16.485704639234065,
    16.697060155491688,
    16.64221641254398,
    16.224138175865047,
    16.59379468406692,
    16.17563720527442,
    15.90521297186956,
    16.931421562095295,
    16.32587188063933
  ],
  "all_framewise_ssim": [
    0.3931589126586914,
    0.5227674245834351,
    0.5881780982017517,
    0.5875890254974365,
    0.520653247833252,
    0.4731294810771942,
    0.4820217788219452,
    0.4956064522266388,
    0.4961067736148834,
    0.45181235671043396,
    0.48438894748687744,
    0.5965428948402405,
    0.5458511710166931,
    0.585759699344635,
    0.5760874152183533,
    0.5416542887687683,
    0.4739471971988678,
    0.4675438404083252,
    0.5104318857192993,
    0.48229074478149414,
    0.4668219983577728,
    0.48190173506736755,
    0.493436336517334,
    0.46924838423728943,
    0.44746875762939453,
    0.45137372612953186,
    0.4495997726917267,
    0.41609978675842285,
    0.4098304510116577,
    0.40333452820777893,
    0.3651355504989624,
    0.36680448055267334,
    0.3951272964477539,
    0.4096483290195465,
    0.38204288482666016,
    0.41854217648506165,
    0.441031813621521,
    0.408213347196579,
    0.42902886867523193,
    0.45933958888053894,
    0.4297776520252228,
    0.37556537985801697,
    0.3860759437084198,
    0.42099082469940186,
    0.4276844561100006,
    0.3883226811885834,
    0.3536551296710968,
    0.343693345785141,
    0.374199241399765,
    0.3661015033721924,
    0.3651026785373688,
    0.37908467650413513,
    0.3742212951183319,
    0.3570212423801422,
    0.3738953173160553,
    0.452454537153244,
    0.4466884136199951,
    0.4489925801753998,
    0.46992453932762146,
    0.4543408453464508,
    0.47885003685951233,
    0.3982340097427368,
    0.4110502004623413,
    0.4391375780105591,
    0.47222116589546204,
    0.4106902778148651,
    0.38701024651527405,
    0.41909265518188477,
    0.4320027530193329,
    0.4145197868347168,
    0.38611388206481934,
    0.4678294360637665,
    0.5130792856216431,
    0.533399760723114,
    0.49386563897132874,
    0.5175025463104248,
    0.5757198929786682,
    0.48051881790161133,
    0.4794667959213257,
    0.496476411819458,
    0.5033531785011292,
    0.5204474925994873,
    0.516391932964325,
    0.6240488886833191,
    0.6288996934890747,
    0.5692426562309265,
    0.5431203842163086,
    0.4919837415218353,
    0.4636286199092865,
    0.48622265458106995,
    0.467695951461792,
    0.47985121607780457,
    0.4394441545009613,
    0.3799842298030853,
    0.3038039207458496,
    0.27780333161354065,
    0.2705511152744293,
    0.2930980622768402,
    0.3310488760471344,
    0.341064453125,
    0.34386610984802246,
    0.35257628560066223,
    0.3783724308013916,
    0.3892959654331207,
    0.4023886024951935,
    0.5046600699424744,
    0.33848538994789124
  ],
  "all_framewise_lpips": [
    0.6450670957565308,
    0.5443700551986694,
    0.48595309257507324,
    0.45215997099876404,
    0.5143277049064636,
    0.5695809125900269,
    0.5517727732658386,
    0.5532470345497131,
    0.545411229133606,
    0.571007490158081,
    0.5635432600975037,
    0.48056644201278687,
    0.49669089913368225,
    0.39377665519714355,
    0.4326069951057434,
    0.4270828664302826,
    0.47377336025238037,
    0.4855949282646179,
    0.5041292905807495,
    0.5395231246948242,
    0.52972811460495,
    0.5351612567901611,
    0.5041776299476624,
    0.5137738585472107,
    0.513959527015686,
    0.5312446355819702,
    0.5429173111915588,
    0.55675208568573,
    0.5849336981773376,
    0.598669171333313,
    0.6541584134101868,
    0.6918038129806519,
    0.7148171663284302,
    0.6999785304069519,
    0.6448338627815247,
    0.6572269797325134,
    0.6509427428245544,
    0.6674447059631348,
    0.67275470495224,
    0.6509953141212463,
    0.6651296019554138,
    0.7082831859588623,
    0.6888462901115417,
    0.6944363713264465,
    0.6848808526992798,
    0.7013432383537292,
    0.714868426322937,
    0.7236966490745544,
    0.7010120153427124,
    0.6870178580284119,
    0.6802343130111694,
    0.6774426698684692,
    0.6890331506729126,
    0.6831150054931641,
    0.7016224265098572,
    0.6692184209823608,
    0.6586928963661194,
    0.6502023339271545,
    0.6288182139396667,
    0.6309670805931091,
    0.5850626826286316,
    0.6408447623252869,
    0.651070773601532,
    0.6473566293716431,
    0.6274011135101318,
    0.6798672080039978,
    0.6910191178321838,
    0.6633926033973694,
    0.6711128950119019,
    0.6927313208580017,
    0.7047671675682068,
    0.6635840535163879,
    0.6247560381889343,
    0.6360816955566406,
    0.6636216640472412,
    0.654377818107605,
    0.6022209525108337,
    0.6724529266357422,
    0.6861092448234558,
    0.6843634247779846,
    0.702037513256073,
    0.6786975860595703,
    0.6846762895584106,
    0.5692061185836792,
    0.5823239088058472,
    0.5860074162483215,
    0.579387903213501,
    0.6076248288154602,
    0.5920306444168091,
    0.5646621584892273,
    0.5759766101837158,
    0.5641721487045288,
    0.5939329862594604,
    0.6475792527198792,
    0.7620373964309692,
    0.8073589205741882,
    0.787045419216156,
    0.7512780427932739,
    0.7134162187576294,
    0.7318899035453796,
    0.7292190194129944,
    0.711465060710907,
    0.7022132277488708,
    0.6669071316719055,
    0.6434442400932312,
    0.5427193641662598,
    0.7331487536430359
  ]
}