{
  "n_frames": 100,
  "scenewise_psnr": 12.226281405429113,
  "scenewise_ssim": 0.44379522402538996,
  "scenewise_lpips": 0.8141281133890153,
  "all_framewise_psnrs": [
    11.273539828072096,
    11.229337836247264,
    11.136061082204689,
    11.178027920834303,
    12.081880856261908,
    12.372456879278646,
    12.44812830166774,
    12.606637858058281,
    11.47313787137277,
    11.632444680826532,
    11.709463211869547,
    11.781953699161662,
    11.874478191257548,
    12.253197993221468,
    12.17941135214736,
    12.267697371761681,
    12.54492100837763,
    12.770517501697583,
    11.500006614925688,
    11.692059165090809,
    11.331642515541079,
    12.040196084709127,
    13.675730322040938,
    13.44397913141712,
    13.295626143612434,
    10.877441368849968,
    12.291152730167383,
    11.212515147791638,
    12.01442017439792,
    13.425362250492789,
    12.208553089899182,
    12.088504790434468,
    11.295278274849842,
    11.123750128068178,
    12.163457118913039,
    13.066200015501286,
    12.343353882291165,
    12.40955123423971,
    11.188639035176992,
    11.929494012230702,
    11.998628969484242,
    12.682859376202412,
    12.554672533081732,
    12.78417805357866,
    12.124395469692343,
    14.848057483392134,
    12.118111819126092,
    11.873120750514259,
    12.006763930377126,
    12.021951286728825,
    12.469190673821986,
    12.092994389099381,
    12.039547063152284,
    12.660839050330132,
    12.516660866163729,
    12.923967461934417,
    12.574333706710481,
    12.52540179260125,
    12.84330212871485,
    12.875157708785391,
    12.679659351238941,
    11.88179974192864,
    11.72642058060293,
    12.32734413840387,
    10.77583684450836,
    8.760464285489613,
    8.649057969617445,
    8.1148867698123,
    10.231193973447738,
    10.664724392533682,
    12.80071156407743,
    14.010673557165491,
    13.81791838366485,
    12.69508573717731,
    13.221247096169137,
    15.16289487745394,
    15.106274962352886,
    15.559057498464352,
    13.3938716327651,
    14.30786442810411,
    15.297752081511543,
    16.39260364968668,
    18.602899195756443,
    17.762833068049197,
    16.888141348838857,
    14.410429875233019,
    13.498545073289023,
    12.842195043521285,
    12.302659477500503,
    11.626156633119159,
    11.712751949867584,
    11.644809034229757,
    11.719930658154967,
    12.714131222402369,
    12.279413591560473,
    12.57380078783482,
    12.212874506187037,
    12.446852039812697,
    11.713256468912709,
    11.75822429130057
  ],
  "all_framewise_ssim": [
    0.4201366603374481,
    0.42414918541908264,
    0.41581830382347107,
    0.4194561541080475,
    0.43203577399253845,
    0.4379771649837494,
    0.44220539927482605,
    0.44646310806274414,
    0.4327069818973541,
    0.4254988431930542,
    0.41905033588409424,
    0.4243742525577545,
    0.42507660388946533,
    0.44049718976020813,
    0.4526650011539459,
    0.45963001251220703,
    0.48537591099739075,
    0.5174807906150818,
    0.5278264284133911,
    0.5329194068908691,
    0.5131258964538574,
    0.5086197257041931,
    0.5021128058433533,
    0.493701696395874,
    0.48946213722229004,
    0.4678002893924713,
    0.48001983761787415,
    0.4612638056278229,
    0.467691570520401,
    0.4665459096431732,
    0.4471770226955414,
    0.47732070088386536,
    0.52321457862854,
    0.5218685865402222,
    0.500023365020752,
    0.5027369856834412,
    0.47319984436035156,
    0.4624585211277008,
    0.3882926404476166,
    0.4068810045719147,
    0.41438305377960205,
    0.46663331985473633,
    0.4624800980091095,
    0.4412558078765869,
    0.47278857231140137,
    0.5255988240242004,
    0.46472159028053284,
    0.4359590709209442,
    0.4116777181625366,
    0.39356181025505066,
    0.38668394088745117,
    0.3632216155529022,
    0.346773236989975,
    0.372540146112442,
    0.3759586811065674,
    0.37482360005378723,
    0.38844171166419983,
    0.40922579169273376,
    0.4469003975391388,
    0.4637713134288788,
    0.4771462678909302,
    0.4379802942276001,
    0.4170114994049072,
    0.4270676076412201,
    0.4123377799987793,
    0.2849041521549225,
    0.2841159403324127,
    0.27022039890289307,
    0.33282163739204407,
    0.3270493447780609,
    0.37279340624809265,
    0.43423476815223694,
    0.4296146333217621,
    0.44407346844673157,
    0.45993614196777344,
    0.5068021416664124,
    0.48541510105133057,
    0.45130038261413574,
    0.4262825548648834,
    0.4694174528121948,
    0.47515246272087097,
    0.45845460891723633,
    0.5030813217163086,
    0.5012568831443787,
    0.503815233707428,
    0.485100656747818,
    0.4599079191684723,
    0.430419921875,
    0.4160899221897125,
    0.40088939666748047,
    0.39523598551750183,
    0.3962721824645996,
    0.38741716742515564,
    0.4792898893356323,
    0.5080599188804626,
    0.5102385878562927,
    0.48378822207450867,
    0.46932971477508545,
    0.4368652403354645,
    0.45307090878486633
  ],
  "all_framewise_lpips": [
    0.8819147944450378,
    0.8828704953193665,
    0.8871658444404602,
    0.8830419182777405,
    0.8562785983085632,
    0.8513654470443726,
    0.8432116508483887,
    0.8395331501960754,
    0.8596101403236389,
    0.8732987642288208,
    0.8775569200515747,
    0.8525850772857666,
    0.8572413921356201,
    0.8296370506286621,
    0.8226826190948486,
    0.8107516169548035,
    0.7658201456069946,
    0.7055357098579407,
    0.7160111665725708,
    0.7013080716133118,
    0.7249379754066467,
    0.7335317730903625,
    0.7249478101730347,
    0.7432596683502197,
    0.7562887668609619,
    0.7884805202484131,
    0.7658108472824097,
    0.7988027334213257,
    0.7930258512496948,
    0.8031103610992432,
    0.8320968747138977,
    0.8109818696975708,
    0.7333624362945557,
    0.7314414381980896,
    0.7677218914031982,
    0.7896937727928162,
    0.8009271621704102,
    0.8160220980644226,
    0.8588610887527466,
    0.8681516051292419,
    0.8553388118743896,
    0.8094348907470703,
    0.8197648525238037,
    0.8359612822532654,
    0.8144891262054443,
    0.7879550457000732,
    0.8242110013961792,
    0.8463076949119568,
    0.8595399856567383,
    0.8690206408500671,
    0.8611721396446228,
    0.8716728687286377,
    0.874977707862854,
    0.8499709367752075,
    0.8283439874649048,
    0.8229162693023682,
    0.8083829879760742,
    0.7821101546287537,
    0.7558102607727051,
    0.7556793689727783,
    0.7432785034179688,
    0.7714011073112488,
    0.7851589918136597,
    0.794518768787384,
    0.8293474316596985,
    0.9413866996765137,
    0.9717738032341003,
    0.9554096460342407,
    0.8645176887512207,
    0.8644648790359497,
    0.8318120241165161,
    0.793399453163147,
    0.8018264174461365,
    0.7823873162269592,
    0.77097487449646,
    0.713516116142273,
    0.7291380167007446,
    0.7568337321281433,
    0.7953658699989319,
    0.7648072242736816,
    0.7841333746910095,
    0.8129019737243652,
    0.7694898843765259,
    0.7708266377449036,
    0.7672436237335205,
    0.7771031856536865,
    0.808487594127655,
    0.8462721109390259,
    0.8623831272125244,
    0.8842929601669312,
    0.893589973449707,
    0.8944581747055054,
    0.8925307989120483,
    0.8083042502403259,
    0.7803051471710205,
    0.7859342098236084,
    0.8102824091911316,
    0.8065239191055298,
    0.8200688362121582,
    0.804423451423645
  ]
}