{
  "n_frames": 100,
  "scenewise_psnr": 19.630256984469195,
  "scenewise_ssim": 0.5240459114319798,
  "scenewise_lpips": 0.5575578720182985,
  "all_framewise_psnrs": [
    19.825983607061705,
    21.16051405581588,
    21.475091157874587,
    20.97909774362439,
    20.610541628515833,
    20.957027164057692,
    21.479324977536397,
    21.768564582672564,
    21.9264632812764,
    21.391705901151852,
    20.254436336320026,
    22.17148132452718,
    21.98524651076204,
    21.13193827738605,
    21.702467697411677,
    20.922671828291577,
    21.126377352515174,
    22.29271146631664,
    22.479571579033575,
    22.17287027586249,
    20.13534714447463,
    19.074053462114946,
    18.124751055334492,
    19.511983251534055,
    20.168767865323012,
    20.38482581985273,
    20.815604200466765,
    20.70910317444184,
    20.877250094765337,
    20.865028806778803,
    20.17959649523484,
    19.64717676942565,
    17.292974606584977,
    18.837990501787726,
    18.9029354038161,
    19.657439016631088,
    19.138562241182257,
    19.87461430006251,
    20.577339941162588,
    20.24908473443503,
    20.492791178525586,
    20.27491861320561,
    19.41946941764313,
    20.44010936730806,
    23.753816895916884,
    19.68981189271076,
    23.70008647929295,
    21.057663813508093,
    21.260733854952207,
    17.958819179445644,
    20.305335667571853,
    19.20325141354908,
    17.318495071357994,
    17.292182267959884,
    19.725860400401096,
    18.60742456412354,
    20.723793705353298,
    11.277991994146442,
    19.771953025142732,
    19.391595631910988,
    22.55776483347564,
    24.51840405560108,
    24.731126023051154,
    23.004472746001696,
    23.14762500305187,
    23.961382350289135,
    23.56774484998853,
    23.095560630301684,
    20.102291384047856,
    15.560035495634843,
    15.449744864718788,
    16.252741346238015,
    17.43702453433224,
    16.79991141074921
  ],
  "all_framewise_ssim": [
    0.48199138045310974,
    0.5474358201026917,
    0.5617528557777405,
    0.5430412292480469,
    0.5426368117332458,
    0.5618549585342407,
    0.5677136182785034,
    0.5649111866950989,
    0.5601428747177124,
    0.541562020778656,
    0.5157486796379089,
    0.5746956467628479,
    0.5622910857200623,
    0.5491290092468262,
    0.5427253842353821,
    0.4802146255970001,
    0.503704845905304,
    0.538211464881897,
    0.528540313243866,
    0.5370277762413025,
    0.4933181703090668,
    0.4623248279094696,
    0.449214369058609,
    0.5128942131996155,
    0.5152187347412109,
    0.5108157992362976,
    0.5429490208625793,
    0.545485258102417,
    0.5558041334152222,
    0.5363683700561523,
    0.49166664481163025,
    0.4657987654209137,
    0.4405484199523926,
    0.4646740257740021,
    0.4890194237232208,
    0.5345281958580017,
    0.4802206754684448,
    0.5097290873527527,
    0.5399412512779236,
    0.5157896876335144,
    0.5458860397338867,
    0.5164206624031067,
    0.4866456985473633,
    0.5954023003578186,
    0.6605355739593506,
    0.5544385313987732,
    0.6533157825469971,
    0.545620858669281,
    0.5380050539970398,
    0.5115785002708435,
    0.49382591247558594,
    0.44257426261901855,
    0.3477803170681,
    0.42614057660102844,
    0.4534360468387604,
    0.4832431375980377,
    0.5475290417671204,
    0.4701235592365265,
    0.5667473077774048,
    0.5866897702217102,
    0.6557415127754211,
    0.6790449619293213,
    0.6532139778137207,
    0.6088013052940369,
    0.571264922618866,
    0.5896238088607788,
    0.5688988566398621,
    0.5778926014900208,
    0.516952633857727,
    0.40016481280326843,
    0.3605239689350128,
    0.3867934048175812,
    0.3649102747440338,
    0.3798454701900482
  ],
  "all_framewise_lpips": [
    0.5376408696174622,
    0.5090912580490112,
    0.4985138475894928,
    0.5062191486358643,
    0.4935862720012665,
    0.4916350841522217,
    0.4857316315174103,
    0.48473453521728516,
    0.48733270168304443,
    0.49851107597351074,
    0.5073835253715515,
    0.47535181045532227,
    0.48228710889816284,
    0.4768843352794647,
    0.5095633268356323,
    0.5763765573501587,
    0.5778830647468567,
    0.5741623640060425,
    0.580552339553833,
    0.5734766721725464,
    0.5744861364364624,
    0.5732882022857666,
    0.5613749027252197,
    0.5366847515106201,
    0.5386266708374023,
    0.5348763465881348,
    0.5259814858436584,
    0.5294009447097778,
    0.5185166001319885,
    0.5369428992271423,
    0.5715267658233643,
    0.5887771844863892,
    0.5888710021972656,
    0.5960533618927002,
    0.5869469046592712,
    0.5572071671485901,
    0.5837408304214478,
    0.5750041604042053,
    0.5698238611221313,
    0.5809429883956909,
    0.5533102750778198,
    0.5866401791572571,
    0.6420288681983948,
    0.48147788643836975,
    0.47125816345214844,
    0.5547058582305908,
    0.4776996076107025,
    0.5293665528297424,
    0.5400660634040833,
    0.5496287941932678,
    0.5746299028396606,
    0.6170608401298523,
    0.6585879325866699,
    0.6075358390808105,
    0.5861351490020752,
    0.5716598629951477,
    0.5528126955032349,
    0.6096512079238892,
    0.5514863729476929,
    0.5637499094009399,
    0.5276832580566406,
    0.5073906183242798,
    0.5547878742218018,
    0.5486533641815186,
    0.5573011636734009,
    0.5478057861328125,
    0.5551791191101074,
    0.5249160528182983,
    0.5375928282737732,
    0.6276663541793823,
    0.7560430765151978,
    0.7323724031448364,
    0.733765721321106,
    0.712642252445221
  ]
}