{
  "n_frames": 100,
  "scenewise_psnr": 21.019839440160464,
  "scenewise_ssim": 0.6602467130241507,
  "scenewise_lpips": 0.37910988241434096,
  "all_framewise_psnrs": [
    22.80303892179868,
    21.759562479122177,
    21.40730669586538,
    21.440967061383837,
    21.906545975983928,
    22.366098104665358,
    22.259318079489987,
    22.181090684255295,
    20.495155025337965,
    20.05312296281442,
    20.592750554710047,
    21.81651566224172,
    23.60333008149211,
    24.70271157957911,
    21.768396840758406,
    23.178389615873893,
    23.10596115241562,
    21.06613242274795,
    19.75746657761921,
    20.409834808953867,
    20.80000704481381,
    20.135028777672343,
    20.993316088912533,
    20.949730224326032,
    20.53437011009338,
    22.139068305867706,
    21.800092061535864,
    22.906873933279712,
    23.887879737146164,
    24.12118931274968,
    24.453600157805624,
    24.111834711194398,
    23.856094319001656,
    24.321058625599953,
    22.681051723245407,
    23.265903840496676,
    22.610879129706817,
    22.234837140996074,
    22.781754866885414,
    22.575079054127436,
    23.426594094126642,
    21.48777681805022,
    21.955422477559395,
    20.723427233307888,
    22.360027474577375,
    21.946903888973925,
    21.991073672748094,
    22.14580768564916,
    22.778213298130332,
    23.59654064452706,
    23.652434701649785,
    23.968963498860255,
    24.67994071603016,
    23.923516627379243,
    24.568795175968667,
    22.947814449617372,
    21.801562509833317,
    21.70659935119703,
    19.915735307268857,
    21.254596361869936,
    23.315356617255848,
    24.602265445215117,
    21.583458024378647,
    22.793686941955865,
    22.53430272717777,
    21.32054424055662,
    21.116616675110077,
    21.02932172593855,
    22.250502889600476,
    22.088910828727574,
    24.521056192892292,
    24.951993429613065,
    21.72245813533302,
    21.28609503303479,
    18.035218188865706,
    17.790124821569567,
    18.879393129966196,
    19.717162754961645,
    20.779254680136184,
    22.758813800402375,
    24.113595556945956,
    25.034002769398292,
    24.220201801305883,
    24.324571293831916,
    21.895726598566043,
    23.31264992203988,
    23.85449401821514,
    22.959971974984718,
    22.668158012717413,
    22.338197672539515,
    21.719953015568763,
    19.97143564170432,
    18.46462277496371,
    17.789990111533395,
    16.906307773057215,
    13.847693940071178,
    16.89527595380554,
    18.212608578779953,
    13.50325243043172,
    14.564122653405743
  ],
  "all_framewise_ssim": [
    0.7176365852355957,
    0.6795110106468201,
    0.6718501448631287,
    0.6884748935699463,
    0.7032060623168945,
    0.7165281176567078,
    0.7197377681732178,
    0.7125054001808167,
    0.646399199962616,
    0.5808742046356201,
    0.5705515742301941,
    0.6538517475128174,
    0.7527222633361816,
    0.7780159115791321,
    0.6960296034812927,
    0.7364222407341003,
    0.7102522253990173,
    0.5942742228507996,
    0.5098548531532288,
    0.5691578388214111,
    0.5838246941566467,
    0.6166015267372131,
    0.6309786438941956,
    0.6429247260093689,
    0.6062893271446228,
    0.6327261924743652,
    0.6179020404815674,
    0.6663081049919128,
    0.7013923525810242,
    0.707720935344696,
    0.7124271392822266,
    0.7026362419128418,
    0.6918222904205322,
    0.7003664970397949,
    0.6369077563285828,
    0.6460570096969604,
    0.6142227053642273,
    0.6253525018692017,
    0.6543728709220886,
    0.6715550422668457,
    0.6948898434638977,
    0.6332926154136658,
    0.6325623989105225,
    0.5975331664085388,
    0.6796172261238098,
    0.6475247740745544,
    0.643740177154541,
    0.6650486588478088,
    0.6800007820129395,
    0.6971161961555481,
    0.6969828605651855,
    0.6825859546661377,
    0.717017412185669,
    0.7097317576408386,
    0.7304286360740662,
    0.6969419121742249,
    0.6409743428230286,
    0.6416601538658142,
    0.6226237416267395,
    0.6222800016403198,
    0.7029833793640137,
    0.7396374344825745,
    0.6514177322387695,
    0.6921271681785583,
    0.6907995343208313,
    0.676364004611969,
    0.6537594199180603,
    0.7008788585662842,
    0.7263839244842529,
    0.7484235167503357,
    0.7558584809303284,
    0.7583600878715515,
    0.6541357636451721,
    0.597567617893219,
    0.5411307215690613,
    0.49053382873535156,
    0.4874352514743805,
    0.5687846541404724,
    0.6631754040718079,
    0.759119987487793,
    0.7906282544136047,
    0.8004873394966125,
    0.7761196494102478,
    0.7815305590629578,
    0.7314366698265076,
    0.7235147356987,
    0.7449564933776855,
    0.7293116450309753,
    0.7115998268127441,
    0.7002753615379333,
    0.6854939460754395,
    0.5820687413215637,
    0.5364102721214294,
    0.5045607089996338,
    0.4646328389644623,
    0.40942123532295227,
    0.4548161029815674,
    0.5173349380493164,
    0.4217282235622406,
    0.42068353295326233
  ],
  "all_framewise_lpips": [
    0.3112112283706665,
    0.316933274269104,
    0.32366108894348145,
    0.31329119205474854,
    0.3239576518535614,
    0.32991355657577515,
    0.3158676028251648,
    0.327873170375824,
    0.3782860040664673,
    0.4572211503982544,
    0.47192156314849854,
    0.40333276987075806,
    0.3038865923881531,
    0.2840346693992615,
    0.31556761264801025,
    0.3149348199367523,
    0.35192355513572693,
    0.4267558753490448,
    0.534408688545227,
    0.4969167709350586,
    0.476082980632782,
    0.40079522132873535,
    0.396483838558197,
    0.376703679561615,
    0.3846060335636139,
    0.39213621616363525,
    0.3880566954612732,
    0.3612492084503174,
    0.3452645540237427,
    0.3405687212944031,
    0.33508893847465515,
    0.3386257588863373,
    0.33999279141426086,
    0.3440404534339905,
    0.35905200242996216,
    0.36739617586135864,
    0.3920096158981323,
    0.38892972469329834,
    0.3632413148880005,
    0.33292025327682495,
    0.32406890392303467,
    0.33577901124954224,
    0.36292052268981934,
    0.3440714180469513,
    0.33249273896217346,
    0.3521742820739746,
    0.34790360927581787,
    0.3426131010055542,
    0.3485682010650635,
    0.367671400308609,
    0.39815065264701843,
    0.41043052077293396,
    0.36868610978126526,
    0.3403066098690033,
    0.32728996872901917,
    0.3034132421016693,
    0.32257944345474243,
    0.4079337418079376,
    0.4203032851219177,
    0.39609190821647644,
    0.28620782494544983,
    0.25827792286872864,
    0.2926218509674072,
    0.31104931235313416,
    0.3534945845603943,
    0.35958215594291687,
    0.38054195046424866,
    0.33558017015457153,
    0.30405229330062866,
    0.2889418601989746,
    0.2867411971092224,
    0.296014666557312,
    0.3698384463787079,
    0.45442473888397217,
    0.5071805119514465,
    0.5412806272506714,
    0.5400948524475098,
    0.4602702856063843,
    0.36855217814445496,
    0.28333696722984314,
    0.27308031916618347,
    0.26509517431259155,
    0.2731721103191376,
    0.2784094512462616,
    0.32895004749298096,
    0.3542259633541107,
    0.32845479249954224,
    0.3409541845321655,
    0.34245607256889343,
    0.3418901562690735,
    0.3468359112739563,
    0.44485440850257874,
    0.4948219060897827,
    0.5473965406417847,
    0.6100049614906311,
    0.6477336287498474,
    0.6115860939025879,
    0.5623989105224609,
    0.6997485160827637,
    0.6622430086135864
  ]
}