{
  "n_frames": 87,
  "scenewise_psnr": 14.450026738874937,
  "scenewise_ssim": 0.2264013737629078,
  "scenewise_lpips": 0.963256304291473,
  "all_framewise_psnrs": [
    13.403920606303878,
    13.657479448577556,
    15.180155788562406,
    14.814997900998561,
    14.492722023393249,
    13.907751182563278,
    14.224557395956644,
    13.955620786161846,
    13.457044859786569,
    13.32348310063011,
    14.747685148959444,
    14.865595214557565,
    12.081177243528058,
    11.511317160049746,
    14.617452465746466,
    15.907648045995359,
    16.38453930516173,
    16.796938162238337,
    16.81828054375861,
    17.15575782072387,
    10.405101106312042,
    14.087441437574487,
    14.2054360638019,
    13.71621267618228,
    13.967996624883725,
    14.186507575272525,
    14.53607063898842,
    13.923708394018522,
    16.744311052219135,
    15.824084630346773,
    14.574488828434367,
    15.670643429394438,
    15.409492331647957,
    13.966880136123516,
    14.51590553179934,
    15.036988564687405,
    14.200150388464385,
    14.36566378768465,
    13.802984473506886,
    14.608800795212113,
    13.911051409808373,
    13.030682694312807,
    15.375680405922129,
    16.715326538765154,
    16.56165524176518,
    16.507725275287875,
    14.315558319727177,
    16.212057926197613,
    16.35949597132918,
    16.68162322080528,
    16.675456855191978,
    16.50667674004594,
    15.94964388068062,
    15.80163301006197,
    16.06992013207544,
    16.030561507144803,
    16.07437099573813,
    16.104091954384003,
    15.703436762654308,
    15.43677472954082,
    15.41851494657583,
    15.196221906120837,
    15.39999669955478,
    15.296498888159329,
    14.945737865444828,
    14.038828590858866,
    13.48990080551172,
    13.803761666412768,
    13.733430499249726,
    13.91953636227443,
    13.428586186329802,
    13.277947365641822,
    12.265858004149466,
    12.804960577481346,
    13.160021093487602,
    13.727689107927773,
    13.427314418961185,
    14.248838958348284,
    14.574992617027602,
    13.705774286965102,
    14.581016162641143,
    14.559807238541072,
    13.397556528667645,
    14.026782725545608,
    14.426624596858584,
    14.465372055790233,
    13.925417397730353
  ],
  "all_framewise_ssim": [
    0.16159753501415253,
    0.19721107184886932,
    0.21693038940429688,
    0.1768106073141098,
    0.17963473498821259,
    0.21235114336013794,
    0.15629728138446808,
    0.24567721784114838,
    0.17947106063365936,
    0.15063147246837616,
    0.23049283027648926,
    0.2122723013162613,
    0.23985862731933594,
    0.26525288820266724,
    0.3624829947948456,
    0.3679698705673218,
    0.4102393090724945,
    0.43403205275535583,
    0.46881523728370667,
    0.48379793763160706,
    0.3673964738845825,
    0.2992195785045624,
    0.2130938172340393,
    0.20079976320266724,
    0.26231861114501953,
    0.25973156094551086,
    0.2608177661895752,
    0.20860140025615692,
    0.3411423861980438,
    0.27811649441719055,
    0.31065598130226135,
    0.25988805294036865,
    0.2453468292951584,
    0.23122651875019073,
    0.2853947579860687,
    0.26108670234680176,
    0.23434744775295258,
    0.24090804159641266,
    0.25986889004707336,
    0.2568459212779999,
    0.2317933589220047,
    0.21579097211360931,
    0.24551908671855927,
    0.2723940312862396,
    0.2445410043001175,
    0.2434251755475998,
    0.26207444071769714,
    0.24848885834217072,
    0.2311687022447586,
    0.25214263796806335,
    0.23565149307250977,
    0.2202984243631363,
    0.1983657330274582,
    0.18288056552410126,
    0.17705322802066803,
    0.17827826738357544,
    0.17184729874134064,
    0.1593928188085556,
    0.17155443131923676,
    0.18669705092906952,
    0.1821926385164261,
    0.20011989772319794,
    0.22471238672733307,
    0.15699562430381775,
    0.16741907596588135,
    0.16434217989444733,
    0.14384764432907104,
    0.1540824919939041,
    0.15045851469039917,
    0.16582004725933075,
    0.17892688512802124,
    0.19682295620441437,
    0.16055601835250854,
    0.16547195613384247,
    0.23252786695957184,
    0.1786223202943802,
    0.1590302586555481,
    0.1769333928823471,
    0.15313522517681122,
    0.16769981384277344,
    0.1591804027557373,
    0.16658814251422882,
    0.17145125567913055,
    0.1573379635810852,
    0.14000578224658966,
    0.15541459619998932,
    0.15023992955684662
  ],
  "all_framewise_lpips": [
    1.1006464958190918,
    1.0382354259490967,
    0.9878535270690918,
    1.0184873342514038,
    1.018640398979187,
    1.0011121034622192,
    1.0092346668243408,
    0.9867038726806641,
    1.0299683809280396,
    1.0163099765777588,
    0.9796103239059448,
    0.9778426885604858,
    0.9745138883590698,
    1.0197705030441284,
    0.91139817237854,
    0.9192338585853577,
    0.8855289220809937,
    0.8511638045310974,
    0.8324886560440063,
    0.8349390625953674,
    1.0009208917617798,
    0.9218244552612305,
    0.9863704442977905,
    0.9956744313240051,
    0.9485052824020386,
    0.9493416547775269,
    0.9639012813568115,
    1.0313321352005005,
    0.892368733882904,
    0.9268712401390076,
    0.9496320486068726,
    0.927220344543457,
    0.9297941327095032,
    0.9783129692077637,
    0.936366856098175,
    0.9488175511360168,
    0.967689037322998,
    0.9418984651565552,
    0.9435041546821594,
    0.9325341582298279,
    0.9483575820922852,
    1.0185208320617676,
    0.9391095638275146,
    0.9033364653587341,
    0.9072506427764893,
    0.9304106831550598,
    0.9617112278938293,
    0.9103668332099915,
    0.9322248101234436,
    0.8916940689086914,
    0.8988171815872192,
    0.9393694996833801,
    0.9278239607810974,
    0.9494227170944214,
    0.9693684577941895,
    0.9176878929138184,
    0.9150890111923218,
    0.9657059907913208,
    0.9193953275680542,
    0.9141045808792114,
    0.9368833303451538,
    0.9050567746162415,
    0.8983651995658875,
    0.9704672694206238,
    0.9520002007484436,
    0.9840598106384277,
    1.0320223569869995,
    1.0064477920532227,
    1.013627529144287,
    1.0514609813690186,
    1.0009770393371582,
    1.0023112297058105,
    1.0399515628814697,
    1.016960620880127,
    0.9699167609214783,
    1.0145988464355469,
    0.9938790798187256,
    0.9741242527961731,
    1.0210683345794678,
    0.9781033992767334,
    0.9924722909927368,
    0.9852252006530762,
    0.9804312586784363,
    0.9863201379776001,
    1.0151804685592651,
    0.9741000533103943,
    0.98095703125
  ]
}