{
  "n_frames": 100,
  "scenewise_psnr": 14.173848111116856,
  "scenewise_ssim": 0.3061503156233094,
  "scenewise_lpips": 0.885639990568161,
  "all_framewise_psnrs": [
    15.35839936703707,
    16.52362944306213,
    16.379374276279574,
    15.998873507217532,
    15.737598730466793,
    14.836685077115222,
    12.404624690671454,
    13.36327239906382,
    12.778596275805041,
    15.525990822160367,
    15.61388684447058,
    15.268953052585307,
    14.33794496510713,
    14.30367587512178,
    15.09979642146904,
    15.89499872065197,
    15.876749142373285,
    15.704001976970957,
    16.166783681921835,
    15.9937975572411,
    15.82570112073826,
    15.626851525163614,
    15.996889077859482,
    16.593202114540826,
    13.801281427609926,
    12.64069468005401,
    13.03055265753737,
    16.886429238024068,
    16.899218417001926,
    17.27365238026489,
    16.05123496694945,
    17.71723812204725,
    18.80842608184812,
    18.579013505715245,
    17.68480866955698,
    15.513809914639578,
    15.507746194026197,
    15.096678474910854,
    14.698728476694995,
    14.555641128495242,
    13.281417026244341,
    15.022145637555969,
    15.334663177647005,
    13.571213145367402,
    14.2260940335381,
    14.195396946773641,
    13.25764193680704,
    13.785843955112039,
    14.19106358415081,
    13.697469044904834,
    14.463437302128648,
    14.218581237983432,
    14.488237284785082,
    12.7213711594208,
    13.641950706071073,
    13.783534761036611,
    12.436805418263909,
    13.715748265382885,
    10.760974238113901,
    12.75633574606003,
    13.915381486652091,
    12.91987996834042,
    13.289907652853747,
    12.83498068790384,
    11.368695606344414,
    11.914118169178751,
    12.872792723314552,
    13.444113216454625,
    12.999897464447123,
    12.928991100412397,
    12.564394902439286,
    13.26809403163736,
    13.369464436166647,
    13.461763072683084,
    13.450051433366731,
    13.714733205834209,
    13.820592194985037,
    13.857438005023715,
    13.959538550788473,
    14.046201642701144,
    13.73273763102815,
    13.385288738910393,
    13.268173005907435,
    13.412198964687281,
    12.632780665824935,
    14.102159706000359,
    14.19376022143025,
    14.563276808775596,
    14.303053997542891,
    14.691529174844753,
    14.487025103161882,
    14.709927184660884,
    13.83026150536691,
    13.689163765561773,
    13.118119223100408,
    13.75443786101376,
    14.055952404454024,
    14.761274266910622,
    14.868487013397598,
    16.10151259136136
  ],
  "all_framewise_ssim": [
    0.18186689913272858,
    0.2315748929977417,
    0.2516644299030304,
    0.27258166670799255,
    0.3147267997264862,
    0.31471335887908936,
    0.3254038989543915,
    0.294523149728775,
    0.19430571794509888,
    0.29653850197792053,
    0.31426605582237244,
    0.30157315731048584,
    0.3139983117580414,
    0.3333265781402588,
    0.3242427110671997,
    0.3448321521282196,
    0.39951291680336,
    0.36156558990478516,
    0.4376446008682251,
    0.4243399202823639,
    0.38584908843040466,
    0.4421617090702057,
    0.46272122859954834,
    0.4438265860080719,
    0.34536704421043396,
    0.2580191195011139,
    0.37277865409851074,
    0.44118475914001465,
    0.34384942054748535,
    0.3802304267883301,
    0.340789794921875,
    0.5077579617500305,
    0.5660781860351562,
    0.56276935338974,
    0.606631875038147,
    0.47633710503578186,
    0.5225284099578857,
    0.39825212955474854,
    0.318626344203949,
    0.2725073993206024,
    0.3092094361782074,
    0.26509755849838257,
    0.25311097502708435,
    0.2214881181716919,
    0.21644841134548187,
    0.18993975222110748,
    0.1700887233018875,
    0.22035445272922516,
    0.2548089325428009,
    0.342680424451828,
    0.3944963216781616,
    0.36968693137168884,
    0.4411294758319855,
    0.2222989797592163,
    0.2264317274093628,
    0.24170570075511932,
    0.2338859587907791,
    0.28492212295532227,
    0.16245795786380768,
    0.20280063152313232,
    0.29678842425346375,
    0.23004187643527985,
    0.22637216746807098,
    0.34272751212120056,
    0.19716715812683105,
    0.1713218092918396,
    0.18385428190231323,
    0.210276797413826,
    0.15494351089000702,
    0.23163236677646637,
    0.22722232341766357,
    0.2534324526786804,
    0.23606903851032257,
    0.23098044097423553,
    0.20125842094421387,
    0.2353181391954422,
    0.24357245862483978,
    0.40081480145454407,
    0.4008500576019287,
    0.37318888306617737,
    0.3310352563858032,
    0.20907390117645264,
    0.19077599048614502,
    0.1576981395483017,
    0.17111073434352875,
    0.2561316192150116,
    0.24064306914806366,
    0.2828873097896576,
    0.24942712485790253,
    0.2783428728580475,
    0.27426257729530334,
    0.34264230728149414,
    0.28094181418418884,
    0.261723130941391,
    0.2968074381351471,
    0.2435859888792038,
    0.23812632262706757,
    0.2766464650630951,
    0.2916293144226074,
    0.42139673233032227
  ],
  "all_framewise_lpips": [
    0.8440481424331665,
    0.8041321039199829,
    0.8033280372619629,
    0.7957582473754883,
    0.7967603802680969,
    0.8255998492240906,
    0.8374791145324707,
    0.865957498550415,
    0.9294067621231079,
    0.8674342632293701,
    0.8356038928031921,
    0.8631672263145447,
    0.8568126559257507,
    0.8667253255844116,
    0.8262581825256348,
    0.8239203691482544,
    0.7757104635238647,
    0.8257665634155273,
    0.7348495721817017,
    0.7673306465148926,
    0.7765584588050842,
    0.7321516871452332,
    0.7550579309463501,
    0.7790335416793823,
    0.8990588784217834,
    0.9652594327926636,
    0.8404242992401123,
    0.7521312236785889,
    0.858657717704773,
    0.8305093050003052,
    0.856903076171875,
    0.678207516670227,
    0.6274091005325317,
    0.6281715035438538,
    0.586508572101593,
    0.7364890575408936,
    0.6696082353591919,
    0.8097960948944092,
    0.9158808588981628,
    0.9835833311080933,
    0.9633031487464905,
    0.9779850244522095,
    0.9638035297393799,
    0.9969304203987122,
    1.0058106184005737,
    0.9945422410964966,
    1.027248501777649,
    0.9524528980255127,
    0.9148890972137451,
    0.8925133943557739,
    0.8486636877059937,
    0.8847983479499817,
    0.8902373909950256,
    0.9758678674697876,
    0.9672366380691528,
    0.9436385035514832,
    0.9347529411315918,
    0.941716194152832,
    1.0123944282531738,
    0.9293497800827026,
    0.8946186304092407,
    0.9776083827018738,
    0.9444024562835693,
    0.9157001376152039,
    1.0086807012557983,
    0.9777954816818237,
    1.00504732131958,
    0.9849888682365417,
    1.009960412979126,
    0.9577522277832031,
    1.0053915977478027,
    0.960594892501831,
    0.9375024437904358,
    0.9431318640708923,
    0.9692962169647217,
    0.9520689249038696,
    0.9533378481864929,
    0.7937284708023071,
    0.8009687066078186,
    0.8135235905647278,
    0.8474650382995605,
    0.9685705900192261,
    0.973218560218811,
    1.0137271881103516,
    1.0196343660354614,
    0.9286928772926331,
    0.929625391960144,
    0.9010019302368164,
    0.9342019557952881,
    0.9035189151763916,
    0.9139746427536011,
    0.8663933277130127,
    0.9377956986427307,
    0.9089196920394897,
    0.8817519545555115,
    0.9363433122634888,
    0.9358627796173096,
    0.9297626614570618,
    0.9480409026145935,
    0.8338143229484558
  ]
}