{
  "n_frames": 100,
  "scenewise_psnr": 23.69089644445031,
  "scenewise_ssim": 0.670884369175937,
  "scenewise_lpips": 0.4714457920193672,
  "all_framewise_psnrs": [
    21.153652027173916,
    23.1522725886005,
    22.771478749943043,
    22.725059213902078,
    22.190786995789196,
    22.04458243342671,
    22.652293410990815,
    23.57168168568226,
    25.200829411292432,
    24.06444709725269,
    23.710594641763223,
    25.075896394847284,
    25.553875767423854,
    26.332631046400266,
    27.531375622850092,
    27.85174671902876,
    28.029683890262326,
    28.597222607700083,
    28.550183533555092,
    28.228051669217564,
    26.83248059165862,
    26.387938359082103,
    28.027958475893517,
    27.17569023359088,
    27.18484478679561,
    27.484702814242603,
    27.144637207741667,
    25.8650278226761,
    25.463994826705765,
    25.60434985275365,
    25.89075211325888,
    25.798221579053255,
    24.818932341501842,
    24.86574892316195,
    24.74537778386738,
    23.848553939773627,
    23.547494679725215,
    23.480351925520914,
    22.874124868281164,
    22.297220449051856,
    22.05674749115107,
    21.645429901982848,
    21.211794870408703,
    22.778570277653717,
    22.840084782620327,
    22.05938059169393,
    23.249617867991258,
    23.91135809768947,
    24.03457199162325,
    23.775787960930575,
    24.168054170946313,
    23.858336812943346,
    23.53959422613017,
    22.904851076906148,
    21.30674961847442,
    21.13099171969842,
    23.03975032617408,
    23.073095382153134,
    22.079099599419205,
    23.30244386363863,
    24.552916789566428,
    24.65386191155641,
    22.77962835173648,
    23.33740560611155,
    24.259479797715922,
    25.156311165413566,
    25.219347954316717,
    24.99444871665755,
    24.78108651537008,
    25.483389765904914,
    24.82151462618493,
    22.819322477070823,
    21.796721369820343,
    23.043873352671177,
    22.273628336862767,
    21.678330215245243,
    20.612689138907093,
    20.84602141011343,
    21.3101619700789,
    20.724637616466538,
    21.555516616434403,
    22.814580007058943,
    23.89379506541474,
    23.85380533828503,
    23.365585301871505,
    24.101919279525752,
    24.079420682366653,
    22.846824589427133,
    22.134998215252413,
    23.481235842399713,
    24.036306648457412,
    24.201147853005544,
    24.295984388331075,
    23.270095356307007,
    23.738819955751428,
    24.783240880782063,
    25.438287657843727,
    26.57661900401999,
    25.36804508242024,
    24.96191556022113
  ],
  "all_framewise_ssim": [
    0.6209002137184143,
    0.6997941136360168,
    0.6813175082206726,
    0.6690160632133484,
    0.6636602282524109,
    0.6578765511512756,
    0.6463578939437866,
    0.6766917109489441,
    0.72745680809021,
    0.6929254531860352,
    0.6849599480628967,
    0.7253978252410889,
    0.7261323928833008,
    0.7577391266822815,
    0.7860543727874756,
    0.7839371562004089,
    0.7966940999031067,
    0.8017591834068298,
    0.7837427258491516,
    0.7898078560829163,
    0.7605215907096863,
    0.7279956340789795,
    0.775906503200531,
    0.7651023864746094,
    0.7457078099250793,
    0.7645108103752136,
    0.743034839630127,
    0.7016053199768066,
    0.7096927762031555,
    0.7225503921508789,
    0.7154399752616882,
    0.7292621731758118,
    0.6907766461372375,
    0.6795851588249207,
    0.6802727580070496,
    0.6540429592132568,
    0.6449904441833496,
    0.654400646686554,
    0.6644301414489746,
    0.6611130237579346,
    0.651591956615448,
    0.658697783946991,
    0.6500954627990723,
    0.6751524806022644,
    0.638380229473114,
    0.6161739826202393,
    0.6493515968322754,
    0.6596009135246277,
    0.6466271281242371,
    0.6280189156532288,
    0.6213529109954834,
    0.6229216456413269,
    0.6310141086578369,
    0.6421801447868347,
    0.642777144908905,
    0.5860480666160583,
    0.6336749196052551,
    0.5822507739067078,
    0.5845034718513489,
    0.6212353110313416,
    0.6603823304176331,
    0.6731306910514832,
    0.6369273066520691,
    0.6325768828392029,
    0.6814116835594177,
    0.694770097732544,
    0.6863977909088135,
    0.6897039413452148,
    0.6854400038719177,
    0.6972498297691345,
    0.6796512603759766,
    0.6107996106147766,
    0.5766510963439941,
    0.6281943917274475,
    0.5931667685508728,
    0.5451166033744812,
    0.5739257335662842,
    0.5623740553855896,
    0.5235195159912109,
    0.5162357687950134,
    0.5756016373634338,
    0.5968748927116394,
    0.6338050365447998,
    0.6452906727790833,
    0.6602404117584229,
    0.6851890683174133,
    0.6516484618186951,
    0.6015986800193787,
    0.582493007183075,
    0.6151997447013855,
    0.6300110220909119,
    0.6495509147644043,
    0.6730230450630188,
    0.6381205916404724,
    0.6611347198486328,
    0.6785964965820312,
    0.6838414669036865,
    0.7443796992301941,
    0.7311306595802307,
    0.7108624577522278
  ],
  "all_framewise_lpips": [
    0.4683297574520111,
    0.3984922468662262,
    0.41529491543769836,
    0.391572505235672,
    0.38640135526657104,
    0.40321218967437744,
    0.43450042605400085,
    0.4211076498031616,
    0.3758602440357208,
    0.3854424059391022,
    0.37436917424201965,
    0.3673385977745056,
    0.3917841613292694,
    0.3654974102973938,
    0.33209559321403503,
    0.31215542554855347,
    0.2762388288974762,
    0.284274160861969,
    0.31135788559913635,
    0.30819734930992126,
    0.3487907648086548,
    0.39260172843933105,
    0.355346143245697,
    0.3507732152938843,
    0.3759150803089142,
    0.37630748748779297,
    0.3829726576805115,
    0.41061627864837646,
    0.3791379928588867,
    0.3820423185825348,
    0.4053516685962677,
    0.3941020667552948,
    0.4211384057998657,
    0.4481760263442993,
    0.469386488199234,
    0.5175269842147827,
    0.5609241724014282,
    0.5463708639144897,
    0.5520312786102295,
    0.5451008081436157,
    0.5095518827438354,
    0.509001612663269,
    0.5089412927627563,
    0.5099947452545166,
    0.538650631904602,
    0.5381618142127991,
    0.5013173222541809,
    0.5009613037109375,
    0.547968327999115,
    0.5974796414375305,
    0.5966167449951172,
    0.5388711094856262,
    0.536026120185852,
    0.546472430229187,
    0.54624342918396,
    0.5830565094947815,
    0.5632067918777466,
    0.6012524366378784,
    0.5961310863494873,
    0.550046443939209,
    0.5000389814376831,
    0.4855790138244629,
    0.4833540618419647,
    0.48600077629089355,
    0.45672789216041565,
    0.4358668029308319,
    0.4486759305000305,
    0.4379321038722992,
    0.44092315435409546,
    0.44729217886924744,
    0.45228153467178345,
    0.5136889815330505,
    0.5668228268623352,
    0.5513220429420471,
    0.5889221429824829,
    0.5995044708251953,
    0.5532743334770203,
    0.5441124439239502,
    0.5666288137435913,
    0.5765558481216431,
    0.5403650999069214,
    0.5665302276611328,
    0.553243100643158,
    0.5347457528114319,
    0.5355270504951477,
    0.519935667514801,
    0.5537593364715576,
    0.6097007393836975,
    0.5970011353492737,
    0.5361824035644531,
    0.463548481464386,
    0.422170490026474,
    0.43429094552993774,
    0.47746723890304565,
    0.4668292701244354,
    0.46209561824798584,
    0.4890032112598419,
    0.45017606019973755,
    0.4191986620426178,
    0.4392179846763611
  ]
}