{
  "n_frames": 73,
  "scenewise_psnr": 20.837562320412975,
  "scenewise_ssim": 0.6198919336021014,
  "scenewise_lpips": 0.4661692658515826,
  "all_framewise_psnrs": [
    17.65806027204407,
    20.73162553394991,
    20.269737118896796,
    20.911771954885246,
    21.175321929329968,
    22.595405086558102,
    24.002334527234062,
    24.287296903462334,
    23.78112159074252,
    23.62934425156088,
    22.94276438348151,
    22.419037687870514,
    21.185597672474845,
    20.52290978229699,
    20.39649731434014,
    19.9240934017839,
    19.499939229109977,
    19.731543300897812,
    19.499139402820973,
    21.48251123292144,
    24.577980597706674,
    25.58530363603147,
    22.738373205122695,
    28.96711442773517,
    29.09629569818368,
    28.416990536722032,
    27.1843979557954,
    26.637288896072164,
    25.66119536447065,
    23.6624431112278,
    22.576134071821347,
    21.453226308065293,
    21.09234173453338,
    20.55096840880502,
    19.61369777761673,
    19.049207685330686,
    19.03037370477317,
    19.47468384177377,
    19.991688951461974,
    19.852637251591474,
    19.825403104187867,
    19.88621062646919,
    19.98565104799884,
    19.602633484539517,
    21.22044277187593,
    20.91775955243774,
    20.981799564225412,
    20.95288526961054,
    20.11396004376931,
    22.101232363105137,
    22.75447552065655,
    22.320211934401975,
    22.91482206147205,
    22.99368557877056,
    22.616922694482568,
    21.970147022438567,
    21.424659696951146,
    21.170348320623212,
    21.035069713802876,
    19.307502507500306,
    19.083452102374988,
    19.143669053942865,
    18.49511215061477,
    18.97912066724953,
    19.195126321575962,
    19.104666795082487,
    19.1392625085869,
    18.570932950762575,
    18.031191563711964,
    19.41491267771441,
    20.25456199774448,
    20.11802239990228,
    18.402424329820228
  ],
  "all_framewise_ssim": [
    0.4520243704319,
    0.592277467250824,
    0.6105709075927734,
    0.643515408039093,
    0.6299645304679871,
    0.6843511462211609,
    0.7015144228935242,
    0.733523428440094,
    0.7201974391937256,
    0.7258284687995911,
    0.7017380595207214,
    0.6877641677856445,
    0.6319678425788879,
    0.624207079410553,
    0.6375030279159546,
    0.6238272190093994,
    0.5926663875579834,
    0.5903202891349792,
    0.582589328289032,
    0.661609947681427,
    0.7854140400886536,
    0.8114209771156311,
    0.7931491732597351,
    0.8770124316215515,
    0.8762832283973694,
    0.8658218383789062,
    0.8358945250511169,
    0.8038637042045593,
    0.778194010257721,
    0.6933190822601318,
    0.6472322940826416,
    0.5886425971984863,
    0.5669801235198975,
    0.5578474998474121,
    0.5033812522888184,
    0.47953319549560547,
    0.48784029483795166,
    0.5032652020454407,
    0.5469799637794495,
    0.5311658382415771,
    0.5365497469902039,
    0.5545133948326111,
    0.5869129300117493,
    0.5822951197624207,
    0.5885466933250427,
    0.5894754528999329,
    0.6264782547950745,
    0.6019577383995056,
    0.6117814183235168,
    0.6814970374107361,
    0.6712114214897156,
    0.6418728232383728,
    0.633198618888855,
    0.669849157333374,
    0.6543530821800232,
    0.6284471750259399,
    0.6183523535728455,
    0.5676195025444031,
    0.5637282729148865,
    0.46596452593803406,
    0.46532967686653137,
    0.48644378781318665,
    0.43958520889282227,
    0.43902063369750977,
    0.43353596329689026,
    0.4223414361476898,
    0.44898808002471924,
    0.49450787901878357,
    0.4462008476257324,
    0.4731248915195465,
    0.5503005385398865,
    0.5488724112510681,
    0.46678972244262695
  ],
  "all_framewise_lpips": [
    0.5115002393722534,
    0.4538330137729645,
    0.4502970278263092,
    0.4369319677352905,
    0.41517841815948486,
    0.3863182067871094,
    0.38282275199890137,
    0.37215298414230347,
    0.3726103901863098,
    0.36513400077819824,
    0.35870784521102905,
    0.3616940975189209,
    0.4087824821472168,
    0.3937811255455017,
    0.4062299132347107,
    0.4406506419181824,
    0.4537545144557953,
    0.4767412841320038,
    0.4676506519317627,
    0.44130051136016846,
    0.3602055311203003,
    0.3102051615715027,
    0.32667431235313416,
    0.23212382197380066,
    0.24497485160827637,
    0.2528115212917328,
    0.2768045961856842,
    0.3271430432796478,
    0.32157325744628906,
    0.4500330090522766,
    0.4410453140735626,
    0.4691656827926636,
    0.5039980411529541,
    0.4938005805015564,
    0.5484555959701538,
    0.5613791942596436,
    0.5624095797538757,
    0.5639405250549316,
    0.5527285933494568,
    0.5350618958473206,
    0.5091318488121033,
    0.48605039715766907,
    0.46124687790870667,
    0.4752156734466553,
    0.5246112942695618,
    0.5181347131729126,
    0.4913533926010132,
    0.5407279133796692,
    0.4678634703159332,
    0.4395013451576233,
    0.46385201811790466,
    0.46317175030708313,
    0.4818260967731476,
    0.4560324251651764,
    0.4589868485927582,
    0.4649274945259094,
    0.4761768579483032,
    0.5189169049263,
    0.5418887138366699,
    0.5803577899932861,
    0.5486435890197754,
    0.5388386249542236,
    0.5789896249771118,
    0.5924888849258423,
    0.6235771775245667,
    0.6197001934051514,
    0.610511839389801,
    0.5768898129463196,
    0.5852406620979309,
    0.568011999130249,
    0.5311246514320374,
    0.529141902923584,
    0.6166174411773682
  ]
}