{
  "n_frames": 100,
  "scenewise_psnr": 23.511512771365656,
  "scenewise_ssim": 0.7553141182936223,
  "scenewise_lpips": 0.34917220279574396,
  "all_framewise_psnrs": [
    22.296655883774157,
    22.349910858616223,
    22.32624993030513,
    23.44657861591729,
    23.642805346140292,
    24.180168782627064,
    24.181033288083018,
    23.97013279008517,
    23.62782161616112,
    24.517885784023917,
    24.15039788581534,
    24.96360215971481,
    24.162707184312566,
    22.996179990849758,
    24.132425000054138,
    22.35941603839838,
    24.5608188138962,
    25.64922018919426,
    23.617864672442202,
    22.40536617327144,
    23.276122327693546,
    23.259198365334527,
    24.253530655674467,
    24.391815850979395,
    23.859473740523388,
    25.77765379333162,
    25.485300170670637,
    24.931931709538997,
    24.911100000568048,
    23.377142361641738,
    24.518746646747623,
    24.629303794158652,
    24.813342602046475,
    24.200873313273426,
    25.363091820869293,
    24.55198048351914,
    24.022000962888086,
    24.317076078567684,
    25.77307659002581,
    25.645978304587885,
    24.143149822101023,
    23.777769748181697,
    23.66857107519695,
    23.95923548710409,
    24.132438354866608,
    26.048586165240224,
    23.862962602081815,
    23.424593571253816,
    24.403648402850145,
    21.52513439136124,
    24.200564742817644,
    24.16323670795183,
    24.783401193201648,
    23.36674691335044,
    23.220450621139,
    24.03296394300071,
    24.806073255438925,
    24.18282374549213,
    21.54872565845598,
    24.4297677524525,
    24.30966469523378,
    24.0881008952891,
    23.87021300220038,
    24.42935584236723,
    24.355542718849087,
    25.35764454211753,
    24.95710917585083,
    23.52599330073907,
    23.303052159087507,
    24.218930091570826,
    23.174898929842577,
    25.84031322510051,
    23.559522461647525,
    22.637397722706112,
    22.25503588053516,
    22.71631646660861,
    22.761563378808148,
    23.798019606721816,
    24.15196163583679,
    23.889997054599796,
    23.52560207503735,
    21.603989908376178,
    21.53878865645367,
    20.896020096290293,
    19.63252867492701,
    20.646415741001896,
    21.632702442955924,
    22.205419893370824,
    21.830928537044766,
    22.15761785007365,
    21.993922972852545,
    21.833188210785963,
    22.01546333009024,
    22.797662866651613,
    23.400924855240582,
    23.586700804250388,
    23.929923080127587,
    24.64785685022254,
    24.277530334161025,
    25.78256050925054
  ],
  "all_framewise_ssim": [
    0.7263135313987732,
    0.7244003415107727,
    0.7595071196556091,
    0.7769331336021423,
    0.7523506283760071,
    0.7539482712745667,
    0.7579377293586731,
    0.7294026017189026,
    0.7792827486991882,
    0.7765693664550781,
    0.7615839838981628,
    0.7840744853019714,
    0.766200602054596,
    0.7651522755622864,
    0.7617847919464111,
    0.7467177510261536,
    0.7646577954292297,
    0.7902730107307434,
    0.7749216556549072,
    0.7258465886116028,
    0.7399865984916687,
    0.7601760029792786,
    0.7583535313606262,
    0.7633088231086731,
    0.7848649024963379,
    0.7997331619262695,
    0.781277596950531,
    0.7645747065544128,
    0.7821049094200134,
    0.7901895642280579,
    0.7708445191383362,
    0.7707516551017761,
    0.7625256180763245,
    0.7668245434761047,
    0.7657024264335632,
    0.7510837912559509,
    0.7467796206474304,
    0.7833144068717957,
    0.7734296917915344,
    0.7601180672645569,
    0.7513988614082336,
    0.7097070813179016,
    0.7031288146972656,
    0.7194488644599915,
    0.7400285601615906,
    0.8311184048652649,
    0.7689550518989563,
    0.755298912525177,
    0.7695331573486328,
    0.7348783612251282,
    0.8017708659172058,
    0.7805587649345398,
    0.7632045149803162,
    0.7870038151741028,
    0.7511599659919739,
    0.769690990447998,
    0.7710291743278503,
    0.774228036403656,
    0.6932671070098877,
    0.7680854201316833,
    0.7657375931739807,
    0.7442750930786133,
    0.7347028255462646,
    0.7647916674613953,
    0.7527175545692444,
    0.7762027382850647,
    0.7598738670349121,
    0.7688894867897034,
    0.7574105858802795,
    0.7600218653678894,
    0.7438883185386658,
    0.8381170630455017,
    0.7753143310546875,
    0.7080812454223633,
    0.7070896029472351,
    0.7154746055603027,
    0.7125590443611145,
    0.7488877177238464,
    0.7751972079277039,
    0.7584851384162903,
    0.7717134952545166,
    0.7530274391174316,
    0.7896664142608643,
    0.7591037750244141,
    0.7352893352508545,
    0.6998478770256042,
    0.7024744153022766,
    0.7285086512565613,
    0.7305147051811218,
    0.7146175503730774,
    0.7130339741706848,
    0.6785316467285156,
    0.7034910321235657,
    0.7093051075935364,
    0.7381942868232727,
    0.7256143093109131,
    0.738488495349884,
    0.7605867981910706,
    0.7581253051757812,
    0.7751007080078125
  ],
  "all_framewise_lpips": [
    0.4180239737033844,
    0.41211390495300293,
    0.3843683898448944,
    0.4237666130065918,
    0.3883768320083618,
    0.3878905177116394,
    0.38674575090408325,
    0.4217972755432129,
    0.27451562881469727,
    0.30229881405830383,
    0.3343481421470642,
    0.30688339471817017,
    0.31883519887924194,
    0.24202312529087067,
    0.31561461091041565,
    0.25934654474258423,
    0.34506461024284363,
    0.32537949085235596,
    0.2836635708808899,
    0.3393903374671936,
    0.35497570037841797,
    0.307420551776886,
    0.37231606245040894,
    0.36058223247528076,
    0.22494317591190338,
    0.3109399378299713,
    0.3406960666179657,
    0.3762607276439667,
    0.3585045337677002,
    0.30623379349708557,
    0.3909967839717865,
    0.33613961935043335,
    0.3725031614303589,
    0.3273777663707733,
    0.411992609500885,
    0.41051116585731506,
    0.40073123574256897,
    0.4194483458995819,
    0.42594441771507263,
    0.3965694010257721,
    0.36439260840415955,
    0.4477407932281494,
    0.4182501435279846,
    0.3483741581439972,
    0.30452343821525574,
    0.2525504529476166,
    0.2347334772348404,
    0.34284037351608276,
    0.36503225564956665,
    0.3217911720275879,
    0.35473698377609253,
    0.4206646680831909,
    0.410829097032547,
    0.3060992360115051,
    0.38518279790878296,
    0.3885134756565094,
    0.3747670352458954,
    0.36164018511772156,
    0.30131444334983826,
    0.31737369298934937,
    0.28755342960357666,
    0.3185657858848572,
    0.33181583881378174,
    0.29649585485458374,
    0.37899476289749146,
    0.3569128215312958,
    0.39567506313323975,
    0.3300418555736542,
    0.3414143919944763,
    0.41804593801498413,
    0.3981960713863373,
    0.2926301658153534,
    0.287609338760376,
    0.3409343659877777,
    0.3341708779335022,
    0.38301339745521545,
    0.41000896692276,
    0.3657441735267639,
    0.326434463262558,
    0.35119548439979553,
    0.3608279526233673,
    0.3411005139350891,
    0.3033146262168884,
    0.3338397741317749,
    0.34479111433029175,
    0.42757442593574524,
    0.4193797707557678,
    0.3793528378009796,
    0.3398435711860657,
    0.3435896635055542,
    0.33166298270225525,
    0.3994066119194031,
    0.3177008628845215,
    0.33283430337905884,
    0.3132416009902954,
    0.32474756240844727,
    0.30450761318206787,
    0.309280127286911,
    0.33988815546035767,
    0.3079986572265625
  ]
}