{
  "n_frames": 100,
  "scenewise_psnr": 15.91409942575269,
  "scenewise_ssim": 0.2924189707034053,
  "scenewise_lpips": 0.6557847225666046,
  "all_framewise_psnrs": [
    14.541575872282504,
    15.164218490353212,
    15.52010788832062,
    15.275700557462219,
    15.944449281281326,
    16.098850417410922,
    14.905077210699655,
    15.161843818295894,
    15.411128652513526,
    15.34715496180439,
    15.47706683199339,
    15.342401491951376,
    16.01471381064201,
    15.724944419522364,
    15.765273218908085,
    16.087668539143024,
    16.254563465827697,
    15.936061270836252,
    15.379601864049485,
    16.9123262694858,
    16.44878052048969,
    16.23295253366784,
    16.400905145690533,
    16.36195986276073,
    15.538664094644215,
    16.669257529727172,
    17.031913925379914,
    17.003811479873338,
    17.627910302515847,
    17.307043036134935,
    16.906260556989505,
    16.776213413507627,
    15.985365459264997,
    16.214943714396234,
    16.084499262774976,
    16.438788164456103,
    16.08411311603064,
    16.033078941615834,
    15.853894158809323,
    15.608690600204707,
    16.710965910455457,
    16.59774684559329,
    15.344565165559876,
    16.509419681500795,
    16.18841209776354,
    15.830977923322333,
    17.417875651142754,
    17.000460991639184,
    16.776933932762734,
    15.852692673248738,
    16.47680362553237,
    15.789192269568185,
    15.506620644669326,
    16.384286677919967,
    15.241340414984482,
    15.951022472348209,
    16.406805258739816,
    15.85967053564313,
    16.607323549015454,
    16.21311987351952,
    16.403389115094154,
    16.94663344733031,
    16.97061845768515,
    16.908501306959277,
    17.700258746870375,
    17.15398647941313,
    16.31384184248916,
    16.663048657864955,
    16.358467926111906,
    16.74387531103792,
    16.355666959670472,
    17.23945433142703,
    16.728554345340545,
    16.473671744604292,
    16.6682902122008,
    15.665229198023738,
    15.732471958844297,
    16.367882977600505,
    15.8976362943473,
    15.515191073580132,
    15.921262437855738,
    15.469462656556402,
    15.525548777033222,
    15.141789722661033,
    15.407795932371364,
    14.867964878444681,
    15.272635453952592,
    15.127168568813616,
    15.107414919341213,
    15.181276366561981,
    14.982089713344113,
    14.436740594019037,
    15.349528658751812,
    14.682449667077595,
    15.450652861483077,
    15.179841961214073,
    14.40529485967274,
    14.80087337330965,
    14.726626085838717,
    14.53375074146484
  ],
  "all_framewise_ssim": [
    0.24554628133773804,
    0.2775525152683258,
    0.29212212562561035,
    0.2664344310760498,
    0.29406121373176575,
    0.3129468262195587,
    0.2330992966890335,
    0.2358890026807785,
    0.23028282821178436,
    0.23161981999874115,
    0.23490504920482635,
    0.22619758546352386,
    0.3240140378475189,
    0.314285010099411,
    0.32383063435554504,
    0.35872769355773926,
    0.37089666724205017,
    0.3377537727355957,
    0.29515817761421204,
    0.3963805139064789,
    0.36166879534721375,
    0.3279467523097992,
    0.3105368912220001,
    0.2819022238254547,
    0.22200769186019897,
    0.3184780776500702,
    0.3569634258747101,
    0.3644488751888275,
    0.41236892342567444,
    0.38614144921302795,
    0.3354211151599884,
    0.3336702883243561,
    0.292182594537735,
    0.2976919710636139,
    0.26905471086502075,
    0.30651307106018066,
    0.2833634316921234,
    0.27293628454208374,
    0.28198933601379395,
    0.2738318145275116,
    0.35886940360069275,
    0.3390635550022125,
    0.2364906221628189,
    0.3459223210811615,
    0.3152458965778351,
    0.2713784873485565,
    0.4096328318119049,
    0.3756572902202606,
    0.3379092216491699,
    0.2887798249721527,
    0.2985326051712036,
    0.2579464614391327,
    0.25319600105285645,
    0.2685130536556244,
    0.17999152839183807,
    0.21886153519153595,
    0.30419743061065674,
    0.24929587543010712,
    0.2978973686695099,
    0.2610640823841095,
    0.30285295844078064,
    0.35160407423973083,
    0.3412468433380127,
    0.33199289441108704,
    0.40171870589256287,
    0.36156463623046875,
    0.3025285601615906,
    0.3364424705505371,
    0.3046903610229492,
    0.34676051139831543,
    0.3104139566421509,
    0.3815942108631134,
    0.3428078591823578,
    0.31415268778800964,
    0.3413489758968353,
    0.2538782060146332,
    0.2621183395385742,
    0.30838850140571594,
    0.2590738534927368,
    0.25768858194351196,
    0.28235772252082825,
    0.27153006196022034,
    0.2817104160785675,
    0.2604409158229828,
    0.293578177690506,
    0.23477226495742798,
    0.2820075452327728,
    0.2625659704208374,
    0.2450757771730423,
    0.24742309749126434,
    0.2608370780944824,
    0.1860029548406601,
    0.2943735122680664,
    0.21053385734558105,
    0.26001879572868347,
    0.21918368339538574,
    0.1492994874715805,
    0.18420755863189697,
    0.18247705698013306,
    0.15217608213424683
  ],
  "all_framewise_lpips": [
    0.7096458077430725,
    0.6503229141235352,
    0.6397928595542908,
    0.7081503868103027,
    0.6521869897842407,
    0.6381334066390991,
    0.7132235169410706,
    0.7102594971656799,
    0.6987447738647461,
    0.7757441997528076,
    0.718462347984314,
    0.7315002083778381,
    0.6613783240318298,
    0.6005265712738037,
    0.6041029691696167,
    0.6521209478378296,
    0.614199697971344,
    0.6371458172798157,
    0.6984543204307556,
    0.6327645182609558,
    0.651370644569397,
    0.7119526267051697,
    0.6740714311599731,
    0.6612650156021118,
    0.7363804578781128,
    0.6486899256706238,
    0.6281495094299316,
    0.6548666954040527,
    0.6122386455535889,
    0.6184431314468384,
    0.6745200753211975,
    0.6623478531837463,
    0.6401208639144897,
    0.7099740505218506,
    0.6389166116714478,
    0.592635452747345,
    0.6602146625518799,
    0.6452110409736633,
    0.6314916610717773,
    0.6726931929588318,
    0.6264281272888184,
    0.6294211149215698,
    0.6356009244918823,
    0.5880991816520691,
    0.5895364284515381,
    0.6670942306518555,
    0.585249125957489,
    0.6216141581535339,
    0.6785283088684082,
    0.6404847502708435,
    0.6593093276023865,
    0.7179375290870667,
    0.677230715751648,
    0.6629040241241455,
    0.7824870347976685,
    0.6720116138458252,
    0.6412086486816406,
    0.7416607737541199,
    0.6524384617805481,
    0.6287174224853516,
    0.7211530208587646,
    0.6138692498207092,
    0.6238082051277161,
    0.6674840450286865,
    0.5804433226585388,
    0.5690773725509644,
    0.6359056234359741,
    0.5414847135543823,
    0.5530531406402588,
    0.5799930095672607,
    0.5367883443832397,
    0.5367035865783691,
    0.6280233263969421,
    0.5826393365859985,
    0.5847387909889221,
    0.6881170868873596,
    0.6629427671432495,
    0.6550375819206238,
    0.7012720108032227,
    0.630358099937439,
    0.6018129587173462,
    0.6442446112632751,
    0.5950239896774292,
    0.6368640065193176,
    0.6452664732933044,
    0.6045116782188416,
    0.5733678936958313,
    0.6302807331085205,
    0.5811702013015747,
    0.5830776691436768,
    0.6354774832725525,
    0.5706546902656555,
    0.5801246762275696,
    0.6708859801292419,
    0.6722509860992432,
    0.7898603677749634,
    0.9320552349090576,
    0.8748501539230347,
    0.8726509213447571,
    0.9207733869552612
  ]
}