{
  "n_frames": 100,
  "scenewise_psnr": 19.00355085578923,
  "scenewise_ssim": 0.39403608678386703,
  "scenewise_lpips": 0.755287755727768,
  "all_framewise_psnrs": [
    18.442582436947543,
    18.490715968395783,
    18.81946990526216,
    19.055770936904473,
    19.15000091343075,
    19.144107430373918,
    19.04685964286889,
    19.429100124016593,
    19.79817457911266,
    19.55468431624269,
    19.424852484877906,
    19.187895285735244,
    19.04273350437359,
    19.40502343011178,
    19.698771100450468,
    19.686876257612322,
    19.83064015049368,
    19.87254861949004,
    19.68651311164725,
    19.562432849090033,
    19.437639511379466,
    19.661203971581966,
    19.306588052185663,
    19.32320756701189,
    18.908427278153802,
    19.263117763955183,
    19.706488273391546,
    19.758834994611355,
    19.29628340694073,
    18.74992549266968,
    18.639313516418007,
    17.708118263444923,
    17.945940250944016,
    18.859419093579483,
    19.156557511289417,
    19.04463361852948,
    18.102441836633837,
    18.389227389212376,
    18.548144883555143,
    18.27341657486538,
    18.321543937923025,
    19.425333649311348,
    19.090066037744812,
    18.842053874668714,
    18.622154207394356,
    17.951720972937842,
    18.3103903816184,
    18.14814841059556,
    18.032095930594743,
    18.504226280415324,
    19.378791465485165,
    19.50070675388215,
    19.25395305467359,
    16.975955431436173,
    14.906786943902194,
    15.787095289074387,
    17.881709006930013,
    18.961969530988753,
    19.924879251938222,
    20.077685356458616,
    20.011190364026618,
    19.67232454190739,
    19.494501224729856,
    18.676912500906255,
    18.281854189704813,
    18.19338367101309,
    18.83320430427827,
    19.455876310339427,
    19.142410628083745,
    18.714333219574563,
    18.851014336877373,
    19.248258091651074,
    19.47343611583243,
    18.6507964700189,
    18.348658836194016,
    19.200628168781037,
    20.359081708632214,
    20.779856768721654,
    20.743345104695308,
    20.57621055924858,
    20.098990541881317,
    20.328797209391524,
    20.42894076570111,
    20.60525746517709,
    20.645215228937957,
    18.8853806435882,
    20.171467443524143,
    19.46206687782466,
    19.177436040912113,
    18.38128892225368,
    19.692335007001795,
    19.4433362043912,
    17.620903516486276,
    19.98892411750315,
    20.362923606479892,
    20.20853269064766,
    19.666846667434214,
    19.293814104771972,
    19.15093187977022,
    18.607624450872272
  ],
  "all_framewise_ssim": [
    0.3081072270870209,
    0.3131767809391022,
    0.3533073663711548,
    0.3812544345855713,
    0.37835994362831116,
    0.3440971076488495,
    0.3173147737979889,
    0.34063294529914856,
    0.3603292405605316,
    0.36644473671913147,
    0.3933740556240082,
    0.41463229060173035,
    0.37333181500434875,
    0.36891064047813416,
    0.3735216557979584,
    0.36565646529197693,
    0.37873348593711853,
    0.38849616050720215,
    0.4072591960430145,
    0.4323854148387909,
    0.422669917345047,
    0.39278078079223633,
    0.3658672273159027,
    0.37043142318725586,
    0.36146286129951477,
    0.38016900420188904,
    0.403755784034729,
    0.3913167417049408,
    0.3652710020542145,
    0.3373359143733978,
    0.3148849308490753,
    0.28871655464172363,
    0.296625018119812,
    0.3209293484687805,
    0.35253778100013733,
    0.3558990955352783,
    0.3380947411060333,
    0.3438136875629425,
    0.34364035725593567,
    0.36451712250709534,
    0.40437051653862,
    0.4619468152523041,
    0.4376526176929474,
    0.4418282210826874,
    0.4414397180080414,
    0.4189620018005371,
    0.44590315222740173,
    0.46394386887550354,
    0.410372257232666,
    0.39555880427360535,
    0.4200897216796875,
    0.4028089940547943,
    0.3898926079273224,
    0.29733192920684814,
    0.25769010186195374,
    0.29538068175315857,
    0.34971973299980164,
    0.38034459948539734,
    0.4009498059749603,
    0.38264426589012146,
    0.35305115580558777,
    0.3554433286190033,
    0.38077566027641296,
    0.35248908400535583,
    0.30882421135902405,
    0.29390785098075867,
    0.3310815095901489,
    0.37370046973228455,
    0.35729169845581055,
    0.3466114103794098,
    0.39048710465431213,
    0.41178813576698303,
    0.44213664531707764,
    0.4077012836933136,
    0.39070621132850647,
    0.40871548652648926,
    0.40862223505973816,
    0.42228031158447266,
    0.42114004492759705,
    0.42638659477233887,
    0.4618256092071533,
    0.4315156936645508,
    0.49152445793151855,
    0.5528708100318909,
    0.5228610038757324,
    0.51450514793396,
    0.6074231266975403,
    0.6993114948272705,
    0.5563111901283264,
    0.41379788517951965,
    0.4420677125453949,
    0.4324122369289398,
    0.44016337394714355,
    0.41816630959510803,
    0.3993574380874634,
    0.39265045523643494,
    0.3996049463748932,
    0.36900046467781067,
    0.35461387038230896,
    0.3534112274646759
  ],
  "all_framewise_lpips": [
    0.793140709400177,
    0.7852506041526794,
    0.7625906467437744,
    0.7598093748092651,
    0.766210675239563,
    0.7755603790283203,
    0.7993916869163513,
    0.7787783145904541,
    0.7640805840492249,
    0.7671061754226685,
    0.7417587041854858,
    0.7330434322357178,
    0.7506308555603027,
    0.7699053287506104,
    0.7753415703773499,
    0.7803983688354492,
    0.7716711759567261,
    0.752907931804657,
    0.7601470351219177,
    0.747161865234375,
    0.7501479387283325,
    0.7795504927635193,
    0.794883131980896,
    0.7934741973876953,
    0.8157349228858948,
    0.7956163883209229,
    0.7809408903121948,
    0.7946234941482544,
    0.7842502593994141,
    0.8045816421508789,
    0.7940978407859802,
    0.8012566566467285,
    0.7818461060523987,
    0.7805309295654297,
    0.7721959352493286,
    0.7731136679649353,
    0.797541618347168,
    0.7848142981529236,
    0.7608893513679504,
    0.7499738931655884,
    0.7180522680282593,
    0.6626816987991333,
    0.7027767896652222,
    0.7269769906997681,
    0.7305471897125244,
    0.6788926124572754,
    0.6809824109077454,
    0.635233998298645,
    0.6834667325019836,
    0.7210151553153992,
    0.7611598968505859,
    0.8048753142356873,
    0.7795972228050232,
    0.8220813274383545,
    0.8438422679901123,
    0.8127059936523438,
    0.7909740209579468,
    0.7787107229232788,
    0.7684108018875122,
    0.7690486311912537,
    0.7840697765350342,
    0.7621099352836609,
    0.7558262944221497,
    0.767787516117096,
    0.795284628868103,
    0.7973763942718506,
    0.7892869710922241,
    0.7719268202781677,
    0.7699915170669556,
    0.7699822783470154,
    0.7260925769805908,
    0.7206420302391052,
    0.7159156203269958,
    0.7509709596633911,
    0.7600794434547424,
    0.7031236886978149,
    0.7338862419128418,
    0.7302711606025696,
    0.7416008114814758,
    0.748571515083313,
    0.7534914016723633,
    0.785243809223175,
    0.7228973507881165,
    0.7228902578353882,
    0.739324152469635,
    0.6828299760818481,
    0.5701014399528503,
    0.47789090871810913,
    0.6127743721008301,
    0.6923192143440247,
    0.7276973128318787,
    0.7336747646331787,
    0.7558233141899109,
    0.7749614715576172,
    0.7874096632003784,
    0.7873805165290833,
    0.7854430079460144,
    0.7939164638519287,
    0.8017105460166931,
    0.829218327999115
  ]
}