{
  "n_frames": 100,
  "scenewise_psnr": 21.029444249790288,
  "scenewise_ssim": 0.6146125176072559,
  "scenewise_lpips": 0.497074576318264,
  "all_framewise_psnrs": [
    22.224271834241563,
    21.591675180203644,
    21.010717761440677,
    21.3567675282216,
    21.88584752238214,
    21.507932956614674,
    21.798435151016683,
    21.689937796369705,
    20.312733500008264,
    19.353603225352035,
    19.506483221800465,
    20.21553098292745,
    22.204398439061567,
    23.72894438886839,
    22.3461586871135,
    22.522684468117827,
    22.108931310162433,
    20.48227687730232,
    18.57286075663824,
    19.27486745038425,
    19.882375072675963,
    18.879160962714863,
    19.159214585787623,
    18.599710860446258,
    19.83184699297925,
    21.217486666014143,
    21.14123294632694,
    21.981138954759302,
    23.26948521904046,
    23.733614435539483,
    23.73290453222634,
    23.06612036899584,
    23.27679059637139,
    23.09440623198178,
    22.1673890859083,
    21.661945567164924,
    21.27048689299538,
    20.489224731421587,
    21.414175104695214,
    21.88576260358066,
    21.58128558900104,
    21.04792438126912,
    20.878294680605304,
    21.089965353976183,
    22.71440121016451,
    21.22587933111167,
    20.014214507030317,
    20.895214292742704,
    21.478111726446137,
    22.504061389762562,
    23.261670937519114,
    22.7839641998861,
    22.721885256266425,
    22.542485818254455,
    21.78052101666968,
    21.052187849102033,
    19.978851872421757,
    19.38102020292433,
    19.302918375587915,
    19.484702642662477,
    20.791028445267674,
    21.82242244896178,
    20.79827477972836,
    21.4032799212962,
    21.805288772007675,
    21.08074903994058,
    20.168195188375616,
    20.229752958241534,
    21.188541450970668,
    21.471199140928434,
    21.98250313283696,
    22.375426690536987,
    21.15320997700584,
    20.37909317480549,
    19.57786948406892,
    19.23814981521263,
    19.535290208918642,
    19.788526579480457,
    20.27314280729639,
    21.92697257414464,
    22.37405318162608,
    25.070971695141075,
    24.558973904748203,
    24.104706349672433,
    22.42482699515033,
    22.410648597384757,
    22.7430346606633,
    22.81962052926348,
    21.630360114727445,
    23.660286342392478,
    23.65374271395337,
    21.117827451187082,
    20.367907179860147,
    20.271959770566724,
    19.418335090867696,
    18.98559958618296,
    18.93628257012168,
    19.320388090153074,
    18.92555860468414,
    18.538693796617412
  ],
  "all_framewise_ssim": [
    0.6733159422874451,
    0.6602192521095276,
    0.640768826007843,
    0.6590090394020081,
    0.6892619729042053,
    0.6872685551643372,
    0.6901023387908936,
    0.6701915860176086,
    0.6035082936286926,
    0.5051319003105164,
    0.47382521629333496,
    0.5458105206489563,
    0.6762438416481018,
    0.7214422821998596,
    0.6769959926605225,
    0.6759465336799622,
    0.650428295135498,
    0.5648892521858215,
    0.4655636250972748,
    0.5159804821014404,
    0.5331544876098633,
    0.5629633665084839,
    0.5453006625175476,
    0.5308542847633362,
    0.5510271191596985,
    0.5661404132843018,
    0.5684709548950195,
    0.6182563304901123,
    0.6520324349403381,
    0.6699037551879883,
    0.6654673218727112,
    0.6404778361320496,
    0.6434950828552246,
    0.6423885226249695,
    0.5987932682037354,
    0.5830385684967041,
    0.5402141809463501,
    0.5279092788696289,
    0.5669335722923279,
    0.6097199320793152,
    0.6012099981307983,
    0.5699102878570557,
    0.542236864566803,
    0.5773917436599731,
    0.6518825888633728,
    0.5923520922660828,
    0.5551838278770447,
    0.5969750285148621,
    0.6232783198356628,
    0.6440760493278503,
    0.6565249562263489,
    0.6339802145957947,
    0.6488752365112305,
    0.6455600261688232,
    0.6324319839477539,
    0.5933055877685547,
    0.5353723168373108,
    0.4819704294204712,
    0.5235393643379211,
    0.5069410800933838,
    0.582142174243927,
    0.6132668852806091,
    0.5847504138946533,
    0.600673496723175,
    0.6212779879570007,
    0.6178487539291382,
    0.5941047668457031,
    0.6186342239379883,
    0.6469268798828125,
    0.6798083782196045,
    0.6905531287193298,
    0.6837544441223145,
    0.6032822728157043,
    0.555695116519928,
    0.5290235877037048,
    0.4968489706516266,
    0.4801279604434967,
    0.5469629764556885,
    0.639594316482544,
    0.7334485054016113,
    0.7567358016967773,
    0.7870473265647888,
    0.77182537317276,
    0.7611641883850098,
    0.7138785719871521,
    0.7050729393959045,
    0.7213631272315979,
    0.7164118885993958,
    0.6839437484741211,
    0.7547435760498047,
    0.7530057430267334,
    0.6564419269561768,
    0.6206717491149902,
    0.5833492279052734,
    0.5064208507537842,
    0.42277249693870544,
    0.4368039667606354,
    0.5090213418006897,
    0.5061147809028625,
    0.4892338514328003
  ],
  "all_framewise_lpips": [
    0.45119568705558777,
    0.44387364387512207,
    0.44077834486961365,
    0.43129631876945496,
    0.4074467122554779,
    0.4097521901130676,
    0.41221824288368225,
    0.4280387759208679,
    0.4710325002670288,
    0.5264856815338135,
    0.5544547438621521,
    0.5220626592636108,
    0.45563948154449463,
    0.42794138193130493,
    0.4531952142715454,
    0.4717969298362732,
    0.4935970902442932,
    0.5421446561813354,
    0.6041256189346313,
    0.5854005813598633,
    0.5693376064300537,
    0.5338323712348938,
    0.5313712358474731,
    0.5254654884338379,
    0.5116458535194397,
    0.4966956377029419,
    0.5020829439163208,
    0.48305052518844604,
    0.45187458395957947,
    0.43027591705322266,
    0.43391692638397217,
    0.442603200674057,
    0.4463961720466614,
    0.4553006887435913,
    0.4749232530593872,
    0.4771919846534729,
    0.4873659908771515,
    0.49767109751701355,
    0.48163193464279175,
    0.4635563790798187,
    0.4732798635959625,
    0.4825478196144104,
    0.4937952160835266,
    0.48014557361602783,
    0.46540912985801697,
    0.5011864900588989,
    0.5083986520767212,
    0.4985741078853607,
    0.4984172582626343,
    0.5022520422935486,
    0.4996235966682434,
    0.5190724730491638,
    0.5117387175559998,
    0.5083763599395752,
    0.5044371485710144,
    0.5041798949241638,
    0.531226634979248,
    0.5861752033233643,
    0.5733398795127869,
    0.5785425901412964,
    0.5262795686721802,
    0.5007715225219727,
    0.5309567451477051,
    0.5211658477783203,
    0.5200178623199463,
    0.529312252998352,
    0.534681499004364,
    0.5187757015228271,
    0.5047504901885986,
    0.4992404878139496,
    0.5005807876586914,
    0.4980332851409912,
    0.5425019860267639,
    0.5993070602416992,
    0.5732505321502686,
    0.5826584696769714,
    0.5852634906768799,
    0.5396978855133057,
    0.4921390414237976,
    0.4194003641605377,
    0.4477122128009796,
    0.43279534578323364,
    0.42479848861694336,
    0.45018523931503296,
    0.502825140953064,
    0.5013825297355652,
    0.4860408902168274,
    0.48696964979171753,
    0.501600980758667,
    0.3805333375930786,
    0.3861401379108429,
    0.4250132739543915,
    0.41521671414375305,
    0.4434926509857178,
    0.5309468507766724,
    0.6327540874481201,
    0.6114734411239624,
    0.5625536441802979,
    0.5537516474723816,
    0.563101589679718
  ]
}