{
  "n_frames": 81,
  "scenewise_psnr": 22.792757005458938,
  "scenewise_ssim": 0.6237372441095772,
  "scenewise_lpips": 0.5125055640567968,
  "all_framewise_psnrs": [
    24.069173961870007,
    26.304666677911115,
    25.22594796518589,
    27.560590927235925,
    25.561762295756747,
    26.35153541536767,
    26.527348059490087,
    25.232963197235335,
    25.133712503552044,
    25.384932048487066,
    24.642712300473015,
    26.042993596372163,
    23.61330669683249,
    22.36249707620435,
    21.886190648713253,
    20.36814534836639,
    21.255524074826138,
    20.415658943953304,
    19.00790931132238,
    19.251956414499677,
    19.16093530470484,
    21.21225923272529,
    19.51979532255859,
    19.86967684282292,
    20.45208274200069,
    20.737639547160963,
    19.46377497888364,
    19.524310527436338,
    19.544094712403286,
    19.16326045806412,
    20.185370019592746,
    19.96790189624104,
    19.98659932294502,
    19.887377442133694,
    20.718423946829088,
    20.35827956289937,
    21.336341630003368,
    24.124831456593014,
    22.32149120431859,
    23.30592389280678,
    24.708826813618636,
    23.94500195458385,
    24.248213534060845,
    24.990604784325665,
    23.183432654204292,
    24.089348602787645,
    25.255620998431475,
    24.31774445623315,
    23.445678026699134,
    23.532941945375327,
    20.98390642689846,
    21.936894891985688,
    24.83193420564715,
    26.081357563693004,
    24.407951392962545,
    26.104806809922128,
    26.81985086071231,
    26.219555533717465,
    25.86379563248564,
    26.339613255071377,
    25.83930603812654,
    26.286347465284,
    25.013078402575086,
    24.485115614566727,
    24.56375668276461,
    24.119643389995204,
    23.938022831748526,
    24.583648311694624,
    24.356880442478893,
    23.23360350984605,
    26.220396543983977,
    26.670163998473107,
    25.56911232879699,
    24.543373392940076,
    25.166227723533208,
    25.182779347020215,
    23.940144701733487,
    27.073891784801134,
    25.126221583515004,
    24.377642532754326,
    24.984809887938656
  ],
  "all_framewise_ssim": [
    0.6000705361366272,
    0.7928939461708069,
    0.7071786522865295,
    0.8211167454719543,
    0.763309895992279,
    0.8200817704200745,
    0.7825066447257996,
    0.7191839218139648,
    0.6995639204978943,
    0.7259849905967712,
    0.6853505969047546,
    0.7440374493598938,
    0.645921528339386,
    0.5918107032775879,
    0.5488772392272949,
    0.43208613991737366,
    0.5557138323783875,
    0.45947375893592834,
    0.41843876242637634,
    0.4298694431781769,
    0.4050833284854889,
    0.589749276638031,
    0.4226447641849518,
    0.44405603408813477,
    0.5059959888458252,
    0.5022713541984558,
    0.42734289169311523,
    0.4290343225002289,
    0.42366063594818115,
    0.3784698247909546,
    0.46959105134010315,
    0.4657449424266815,
    0.46027469635009766,
    0.46638524532318115,
    0.5695912837982178,
    0.5446686744689941,
    0.53525310754776,
    0.6554940342903137,
    0.572308361530304,
    0.599380612373352,
    0.6783420443534851,
    0.6134396195411682,
    0.605949342250824,
    0.6320364475250244,
    0.5446768403053284,
    0.5446062088012695,
    0.6052930355072021,
    0.5406553149223328,
    0.5098071098327637,
    0.5303329825401306,
    0.42072364687919617,
    0.5250638127326965,
    0.6384966373443604,
    0.7610394358634949,
    0.677905261516571,
    0.7311404347419739,
    0.7496827244758606,
    0.7134668827056885,
    0.7042059302330017,
    0.7824128270149231,
    0.7706222534179688,
    0.7716405987739563,
    0.7210103869438171,
    0.7145066261291504,
    0.7029240727424622,
    0.7019929885864258,
    0.7312793731689453,
    0.7801868319511414,
    0.7403066754341125,
    0.6985752582550049,
    0.8124696612358093,
    0.796546459197998,
    0.6884903907775879,
    0.5584592223167419,
    0.6055984497070312,
    0.5760695338249207,
    0.5053231716156006,
    0.7122573852539062,
    0.5897689461708069,
    0.5955233573913574,
    0.616982638835907
  ],
  "all_framewise_lpips": [
    0.5627557039260864,
    0.4374435842037201,
    0.45429718494415283,
    0.37626925110816956,
    0.4333019554615021,
    0.3963916599750519,
    0.4252091348171234,
    0.47576332092285156,
    0.4675633907318115,
    0.47384077310562134,
    0.5195000767707825,
    0.46670278906822205,
    0.553145706653595,
    0.5562828779220581,
    0.5847035646438599,
    0.6589018702507019,
    0.6012373566627502,
    0.6214680075645447,
    0.6485332250595093,
    0.6344817876815796,
    0.6413714289665222,
    0.5589128732681274,
    0.6408151984214783,
    0.6248148679733276,
    0.6258837580680847,
    0.5771951675415039,
    0.5960099101066589,
    0.6193552017211914,
    0.6233101487159729,
    0.6489349603652954,
    0.6351209878921509,
    0.6289291381835938,
    0.6586371660232544,
    0.6516938805580139,
    0.5569552183151245,
    0.5615744590759277,
    0.5149543881416321,
    0.44609731435775757,
    0.4909679889678955,
    0.4821460247039795,
    0.4236035645008087,
    0.46173158288002014,
    0.46596717834472656,
    0.4720710515975952,
    0.5287086367607117,
    0.5736919641494751,
    0.5383562445640564,
    0.5876966714859009,
    0.6254715919494629,
    0.6043363213539124,
    0.6685906052589417,
    0.5996299386024475,
    0.5003421306610107,
    0.4491214156150818,
    0.46628692746162415,
    0.4146392345428467,
    0.40424177050590515,
    0.4125085473060608,
    0.3824370503425598,
    0.3412182033061981,
    0.332470566034317,
    0.32540687918663025,
    0.3734435439109802,
    0.3882701098918915,
    0.4084925055503845,
    0.4190734624862671,
    0.3682002127170563,
    0.32210004329681396,
    0.3791118860244751,
    0.43161359429359436,
    0.3275492489337921,
    0.34296566247940063,
    0.46697407960891724,
    0.567126989364624,
    0.6151672005653381,
    0.6192733645439148,
    0.633518636226654,
    0.5040692687034607,
    0.5603964328765869,
    0.5327115058898926,
    0.5428915619850159
  ]
}