{
  "n_frames": 100,
  "scenewise_psnr": 22.457298989365793,
  "scenewise_ssim": 0.6104923085233587,
  "scenewise_lpips": 0.565702693706209,
  "all_framewise_psnrs": [
    20.379874453693088,
    21.696265921441512,
    20.83279676726813,
    19.841050560439864,
    19.33522564333083,
    19.21801775970026,
    19.96140903954754,
    20.528440421665096,
    21.497481453322763,
    21.06920712643561,
    21.128096381950495,
    23.7599531568802,
    24.10027856690061,
    24.32582695684321,
    23.85424152230863,
    23.64183787695694,
    23.91725218400306,
    24.580694928148503,
    24.737015359333192,
    24.683470122979912,
    23.99008085371303,
    24.135326577565344,
    24.365041424649547,
    25.74040638448229,
    25.724407226278583,
    24.68854713185102,
    23.613317849966357,
    22.947976320978206,
    22.62246601923234,
    22.440272241510204,
    22.667282972713544,
    23.021196334574544,
    23.429089029028077,
    23.294206523297962,
    22.861934475022263,
    21.993565147872953,
    22.12359292843371,
    22.177787029827236,
    25.098404438070855,
    23.711990173558874,
    22.491659592767164,
    22.21287605464638,
    21.82166193510614,
    22.43309728618393,
    23.21578551568477,
    21.89850743016416,
    22.738082196414325,
    23.39955498513595,
    23.462061789038575,
    23.17135396097076,
    22.85990391653258,
    22.279796035149015,
    22.526554009921096,
    23.24325283317148,
    21.607389331453355,
    20.62662810977895,
    21.584625917267573,
    22.819745175337086,
    21.880478115260015,
    22.495233221584087,
    23.63916021537749,
    23.7669973618824,
    22.570573139142155,
    22.756070157869672,
    23.880218291786413,
    24.4185628157018,
    24.470901967976545,
    24.549911864869706,
    24.90887721222178,
    25.074392993670585,
    24.004097030223427,
    23.056972793927855,
    22.34499011639175,
    22.822740079072915,
    22.0122768214674,
    21.316140318371204,
    19.618664025952008,
    20.380716803292987,
    20.584582352382895,
    20.266839435975307,
    20.49651790359285,
    22.346166323596286,
    23.662665897403098,
    24.01565718195343,
    23.298652374772626,
    22.553751243510874,
    22.32858527031267,
    21.618266379009683
  ],
  "all_framewise_ssim": [
    0.5930889248847961,
    0.6375101208686829,
    0.5997750163078308,
    0.5396087765693665,
    0.5343218445777893,
    0.538884699344635,
    0.5346829295158386,
    0.5518446564674377,
    0.5766513347625732,
    0.5670397877693176,
    0.5828426480293274,
    0.6595947742462158,
    0.6622921824455261,
    0.6746075749397278,
    0.6520211696624756,
    0.6339748501777649,
    0.6562710404396057,
    0.6656057238578796,
    0.6527878642082214,
    0.6661925911903381,
    0.6453787684440613,
    0.6358171105384827,
    0.6401064991950989,
    0.6974784731864929,
    0.6835898756980896,
    0.6558135151863098,
    0.609783411026001,
    0.5746042132377625,
    0.5805109143257141,
    0.5920442938804626,
    0.5890949368476868,
    0.6102222800254822,
    0.6069498658180237,
    0.5832337737083435,
    0.5861483216285706,
    0.5764487385749817,
    0.5914666056632996,
    0.6160770058631897,
    0.7152743339538574,
    0.7057469487190247,
    0.6747419238090515,
    0.6685447692871094,
    0.6629886031150818,
    0.6699617505073547,
    0.6377856135368347,
    0.6089997291564941,
    0.6295506358146667,
    0.6340158581733704,
    0.6238231658935547,
    0.5951914191246033,
    0.571976900100708,
    0.5693166851997375,
    0.5878692269325256,
    0.6297863125801086,
    0.6542468070983887,
    0.5765394568443298,
    0.6169887185096741,
    0.5619919300079346,
    0.5550546646118164,
    0.5793759822845459,
    0.6155627369880676,
    0.629396915435791,
    0.6156342625617981,
    0.6020062565803528,
    0.6457290053367615,
    0.6527124047279358,
    0.64275723695755,
    0.6492592096328735,
    0.6599321365356445,
    0.6497893333435059,
    0.6239457726478577,
    0.5940200090408325,
    0.5637449622154236,
    0.6008894443511963,
    0.5638880729675293,
    0.5238394141197205,
    0.5448259711265564,
    0.5252282619476318,
    0.4879617393016815,
    0.48229384422302246,
    0.5348184704780579,
    0.567244827747345,
    0.6089397072792053,
    0.629657506942749,
    0.6298741698265076,
    0.6279204487800598,
    0.5876886248588562,
    0.5505213737487793
  ],
  "all_framewise_lpips": [
    0.5786299109458923,
    0.5527785420417786,
    0.5569320917129517,
    0.5542044639587402,
    0.554630696773529,
    0.5610579252243042,
    0.5734958648681641,
    0.5665540099143982,
    0.5609276294708252,
    0.5688852071762085,
    0.5584655404090881,
    0.5052648186683655,
    0.505754828453064,
    0.5135416388511658,
    0.5262163877487183,
    0.5322040319442749,
    0.5250750780105591,
    0.5267852544784546,
    0.5379719734191895,
    0.5304217338562012,
    0.5421784520149231,
    0.557185709476471,
    0.5535985827445984,
    0.47952544689178467,
    0.5059852004051208,
    0.5523067116737366,
    0.5878666639328003,
    0.6045975089073181,
    0.5919313430786133,
    0.5816410779953003,
    0.5924802422523499,
    0.5837864875793457,
    0.589025616645813,
    0.6074173450469971,
    0.6109099388122559,
    0.6263469457626343,
    0.6355271935462952,
    0.6218287348747253,
    0.5254277586936951,
    0.5318485498428345,
    0.5404785871505737,
    0.5502809286117554,
    0.5620366334915161,
    0.5531271696090698,
    0.5467058420181274,
    0.5360421538352966,
    0.5233665704727173,
    0.5352282524108887,
    0.5658775568008423,
    0.6009493470191956,
    0.6125929355621338,
    0.5848000645637512,
    0.571016252040863,
    0.550143837928772,
    0.5645370483398438,
    0.580220639705658,
    0.5899462699890137,
    0.6106407642364502,
    0.5879893898963928,
    0.5715053677558899,
    0.532161295413971,
    0.5334753394126892,
    0.5267156362533569,
    0.5400353074073792,
    0.5283972024917603,
    0.5240007042884827,
    0.5380436182022095,
    0.5355805158615112,
    0.5220135450363159,
    0.5379380583763123,
    0.5558194518089294,
    0.5632950067520142,
    0.586613655090332,
    0.5813817381858826,
    0.6032869815826416,
    0.609767735004425,
    0.5915905237197876,
    0.5829522013664246,
    0.5917578935623169,
    0.5902847051620483,
    0.5780508518218994,
    0.5828031301498413,
    0.5800623297691345,
    0.5587368011474609,
    0.5896317362785339,
    0.6467867493629456,
    0.669639527797699,
    0.6923160552978516
  ]
}