{
  "n_frames": 100,
  "scenewise_psnr": 18.429582003118014,
  "scenewise_ssim": 0.4805479996965545,
  "scenewise_lpips": 0.7167963182926178,
  "all_framewise_psnrs": [
    18.65588044894085,
    18.506618786385896,
    17.60690371901727,
    17.576724993168177,
    17.092969660575747,
    17.05000530366648,
    17.112481298035178,
    16.73121549520439,
    16.46108439016445,
    16.56897831917317,
    16.637224377283665,
    16.20207243661557,
    16.450177014474296,
    17.336545603271972,
    17.531331922555434,
    17.72838756559105,
    18.60970076447891,
    19.125436307890137,
    18.479249339803623,
    18.404351579142183,
    18.3136960247457,
    18.234777744299205,
    17.802675543937635,
    18.91388515939144,
    18.68418178385614,
    18.706072832094062,
    18.858151450054706,
    18.87275267370712,
    18.968086412471866,
    18.966653066238788,
    18.923021096868275,
    18.56188469572094,
    17.949120209184034,
    18.20317054098662,
    18.422708574271937,
    18.843136781649054,
    19.232532128572913,
    19.394482491673756,
    19.5955834334947,
    19.227209107018155,
    18.783435995682108,
    19.334219974239765,
    20.26590493150065,
    19.52401110759881,
    19.33311948806239,
    19.45255968990123,
    19.865454689612587,
    19.233961044500045,
    18.853994708227376,
    18.693732443891218,
    18.941244012667543,
    19.016669360334863,
    20.776288531503056,
    20.294780613796682,
    19.5108172776324,
    20.281336434738108,
    20.66087043563246,
    21.583839812163404,
    20.60646558424577,
    19.538473514793395,
    19.629058082373376,
    19.78905401201888,
    19.259498944745253,
    18.419185431841754,
    17.713180310474023,
    18.556411691680566,
    18.486868887969067,
    18.532702591547473,
    18.273070062323857,
    18.099951900796572,
    18.884544622643617,
    19.389928683328407,
    18.95532349429418,
    18.55265120492962,
    18.50747461722069,
    18.263657949488874,
    18.4561114160509,
    18.763130440857626,
    19.113884952824158,
    19.018490022689186,
    18.462711182793218,
    17.803135012569726,
    17.544786477509277,
    17.353913981717376,
    17.71344644484688,
    18.224765198753648,
    18.409304403419974,
    18.322429753740035,
    18.0379889505062,
    17.717437549193903,
    17.979468355489416,
    18.234536388266992,
    18.210443626101892,
    17.950901821692277,
    17.676796924059055,
    17.8048181950024,
    18.022825721723997,
    18.266365937266166,
    18.01725401697124,
    18.265890296391646
  ],
  "all_framewise_ssim": [
    0.5132283568382263,
    0.5251774787902832,
    0.5263426899909973,
    0.49744439125061035,
    0.5007901191711426,
    0.4965290129184723,
    0.4691867530345917,
    0.4565606117248535,
    0.4066122770309448,
    0.39494821429252625,
    0.37303605675697327,
    0.33102360367774963,
    0.35000672936439514,
    0.42858830094337463,
    0.4612911641597748,
    0.49406298995018005,
    0.5387430191040039,
    0.528895914554596,
    0.5058053135871887,
    0.5176216959953308,
    0.5253760814666748,
    0.5304557681083679,
    0.5185269713401794,
    0.5522118806838989,
    0.5604928135871887,
    0.5686073899269104,
    0.592804491519928,
    0.6116864085197449,
    0.6236664652824402,
    0.6297945380210876,
    0.6247931122779846,
    0.629917562007904,
    0.6111698746681213,
    0.569857656955719,
    0.5287287831306458,
    0.5091569423675537,
    0.5045956969261169,
    0.4858795702457428,
    0.4351050853729248,
    0.3758143186569214,
    0.3646877706050873,
    0.3529714345932007,
    0.41514119505882263,
    0.37597939372062683,
    0.3809436559677124,
    0.40421581268310547,
    0.40758681297302246,
    0.3975486755371094,
    0.3890626132488251,
    0.3847183287143707,
    0.41145336627960205,
    0.4023214280605316,
    0.3972320854663849,
    0.4040296971797943,
    0.38864192366600037,
    0.4089232385158539,
    0.4110630750656128,
    0.42838582396507263,
    0.4328995943069458,
    0.465572714805603,
    0.4865034520626068,
    0.5087165236473083,
    0.4862535893917084,
    0.4500099718570709,
    0.4239741861820221,
    0.44091764092445374,
    0.43262162804603577,
    0.4705190360546112,
    0.514179527759552,
    0.4938317537307739,
    0.51768958568573,
    0.49652305245399475,
    0.4892967641353607,
    0.49976685643196106,
    0.5109226703643799,
    0.5680692791938782,
    0.5749772787094116,
    0.5734063982963562,
    0.5609767436981201,
    0.5520733594894409,
    0.5514208078384399,
    0.5446872711181641,
    0.5371797680854797,
    0.5194344520568848,
    0.5154146552085876,
    0.5137383341789246,
    0.5104404091835022,
    0.49928414821624756,
    0.48541876673698425,
    0.46130168437957764,
    0.4531306326389313,
    0.4553329050540924,
    0.4447801411151886,
    0.42380157113075256,
    0.41296425461769104,
    0.4091024398803711,
    0.40866681933403015,
    0.41636228561401367,
    0.43074584007263184,
    0.4379560649394989
  ],
  "all_framewise_lpips": [
    0.6760502457618713,
    0.6491241455078125,
    0.6380602717399597,
    0.676668107509613,
    0.6920711994171143,
    0.697437584400177,
    0.7150633931159973,
    0.722792387008667,
    0.7716726660728455,
    0.7819038033485413,
    0.8044336438179016,
    0.8452401161193848,
    0.852257490158081,
    0.7907468676567078,
    0.7613376379013062,
    0.7499572038650513,
    0.716630756855011,
    0.7006790637969971,
    0.7065459489822388,
    0.6889091730117798,
    0.6829656958580017,
    0.6781505942344666,
    0.6845826506614685,
    0.6672002077102661,
    0.6577629446983337,
    0.6480560302734375,
    0.6290087103843689,
    0.6056815385818481,
    0.5967955589294434,
    0.6087786555290222,
    0.6003637313842773,
    0.5867636799812317,
    0.5955486297607422,
    0.6270721554756165,
    0.6646729111671448,
    0.6629030108451843,
    0.6432926654815674,
    0.650459885597229,
    0.7057402729988098,
    0.7881013751029968,
    0.8132236003875732,
    0.8180853128433228,
    0.7370962500572205,
    0.8108212947845459,
    0.8015710115432739,
    0.7667224407196045,
    0.7499772310256958,
    0.7672579884529114,
    0.7928694486618042,
    0.8150343298912048,
    0.7932130098342896,
    0.811131477355957,
    0.8369506001472473,
    0.8333139419555664,
    0.8595002293586731,
    0.8583931922912598,
    0.8733602166175842,
    0.8613197803497314,
    0.869085431098938,
    0.8183739185333252,
    0.8056777715682983,
    0.788132905960083,
    0.8006505966186523,
    0.8195735216140747,
    0.8236383199691772,
    0.7987104654312134,
    0.8042988181114197,
    0.746275007724762,
    0.670051097869873,
    0.6930238008499146,
    0.6762811541557312,
    0.7222347855567932,
    0.7294028997421265,
    0.6986597776412964,
    0.6715286374092102,
    0.5762965083122253,
    0.5633999109268188,
    0.562455415725708,
    0.5918766856193542,
    0.6043983697891235,
    0.5803583860397339,
    0.5960681438446045,
    0.5996705889701843,
    0.6231418251991272,
    0.6249552369117737,
    0.62222820520401,
    0.628157377243042,
    0.6351305842399597,
    0.6506021022796631,
    0.6757568717002869,
    0.685768723487854,
    0.6855989098548889,
    0.7135381698608398,
    0.7413593530654907,
    0.7582037448883057,
    0.770783007144928,
    0.7747775316238403,
    0.7637755870819092,
    0.741667628288269,
    0.7527400851249695
  ]
}