{
  "n_frames": 100,
  "scenewise_psnr": 11.303302706676225,
  "scenewise_ssim": 0.304028076007139,
  "scenewise_lpips": 0.9279887676239014,
  "all_framewise_psnrs": [
    10.901225678824858,
    11.285374575743782,
    11.646708661151695,
    11.863836280667414,
    11.54421576954242,
    11.337371391659602,
    11.804241027387736,
    12.150532610041616,
    12.810397748810928,
    12.882846062396819,
    12.407462952273907,
    12.512755327652966,
    12.20433487491162,
    12.183431018145011,
    11.946705749736852,
    11.490927890599231,
    12.375080739201323,
    12.05743682851831,
    11.895239791882517,
    11.983188192272657,
    11.879544567835687,
    12.220180757754184,
    11.644190972045589,
    10.796669052879311,
    10.841765011313022,
    10.760896359300158,
    11.114585035251238,
    11.069604591836859,
    11.143085691668118,
    11.060041579239998,
    11.10893986053193,
    11.296040497402826,
    9.905082889116793,
    9.825178928063789,
    10.047868363663364,
    9.530688285430934,
    9.658007365004087,
    10.336374824997012,
    9.978145133836524,
    10.236508014580059,
    10.658525284889057,
    11.932698727005109,
    10.182231361347746,
    14.578835579691866,
    14.024377393168574,
    12.395261539883396,
    12.539107816828704,
    12.999065687253797,
    12.866182490280522,
    14.279373975556446,
    14.877905146674667,
    14.585826604121772,
    15.744351447136351,
    10.91462611851751,
    13.198004342701763,
    13.769862954300132,
    14.108596410859652,
    13.2013843205571,
    13.580345990328677,
    10.264301217708807,
    10.373187988107773,
    10.754234795825578,
    12.366960828858204,
    12.44451140108165,
    12.874342580945939,
    12.732017319362427,
    12.821663395296985,
    12.270731876524742,
    11.802554968774912,
    10.295187189025665,
    9.5102884638338,
    9.288187101635009,
    10.000522863318649,
    9.052787936618166,
    10.005338636890613,
    11.064514901007207,
    9.943595668936386,
    9.524177924675874,
    10.827955193524907,
    12.245460229492606,
    12.808133852829702,
    12.058998423472303,
    10.780832193849161,
    10.266795049990211,
    10.306797905046647,
    10.525185005610066,
    11.972081716212827,
    11.843924883442982,
    11.201224325348091,
    10.499366003886465,
    10.47225961836492,
    9.853686362236441,
    10.011764201108306,
    10.056859537101253,
    11.041508999223069,
    10.908808373486085,
    12.447689952971722,
    10.701657224718485,
    9.532311227705183,
    9.206915096245666
  ],
  "all_framewise_ssim": [
    0.23010699450969696,
    0.2515847980976105,
    0.2655310332775116,
    0.2673628032207489,
    0.2743234932422638,
    0.2733447551727295,
    0.2741225063800812,
    0.288191556930542,
    0.2948044240474701,
    0.2883727550506592,
    0.28759244084358215,
    0.3023889362812042,
    0.2760038673877716,
    0.2861180305480957,
    0.2792242467403412,
    0.2818128168582916,
    0.2833460867404938,
    0.28267765045166016,
    0.2708999812602997,
    0.28037717938423157,
    0.27891871333122253,
    0.2714894115924835,
    0.2558189332485199,
    0.25423547625541687,
    0.23771505057811737,
    0.2268986850976944,
    0.24828262627124786,
    0.25722408294677734,
    0.26699450612068176,
    0.2636449337005615,
    0.262857049703598,
    0.2698441445827484,
    0.27146798372268677,
    0.23180240392684937,
    0.2592269480228424,
    0.28278493881225586,
    0.2544848918914795,
    0.2719833552837372,
    0.285547137260437,
    0.28894832730293274,
    0.3263062536716461,
    0.33376145362854004,
    0.32199451327323914,
    0.4044872224330902,
    0.38863405585289,
    0.3628096580505371,
    0.36887097358703613,
    0.38323819637298584,
    0.35400643944740295,
    0.3724115788936615,
    0.3543064594268799,
    0.340120792388916,
    0.34585055708885193,
    0.28848737478256226,
    0.29750779271125793,
    0.34075692296028137,
    0.4031405448913574,
    0.4470858573913574,
    0.4798499345779419,
    0.41207364201545715,
    0.41937434673309326,
    0.4364335536956787,
    0.4278980791568756,
    0.3802579939365387,
    0.33469653129577637,
    0.33743807673454285,
    0.3227791488170624,
    0.32186663150787354,
    0.3149071931838989,
    0.2784082591533661,
    0.26379695534706116,
    0.2706086337566376,
    0.2536567449569702,
    0.254481703042984,
    0.2692147195339203,
    0.26131293177604675,
    0.27160409092903137,
    0.29846811294555664,
    0.2958139479160309,
    0.32078585028648376,
    0.3020617365837097,
    0.28744617104530334,
    0.27143171429634094,
    0.26411423087120056,
    0.2545197308063507,
    0.28145089745521545,
    0.32440486550331116,
    0.32662010192871094,
    0.30388832092285156,
    0.270470529794693,
    0.26717647910118103,
    0.26565542817115784,
    0.25858035683631897,
    0.26945140957832336,
    0.30853137373924255,
    0.30485808849334717,
    0.3248867690563202,
    0.3313523828983307,
    0.32017871737480164,
    0.3280860185623169
  ],
  "all_framewise_lpips": [
    0.9657282829284668,
    0.9523502588272095,
    0.9435489773750305,
    0.9416006803512573,
    0.932625949382782,
    0.9368466138839722,
    0.9339821934700012,
    0.932399570941925,
    0.9286807775497437,
    0.9360634088516235,
    0.9346808195114136,
    0.9198777675628662,
    0.9377999901771545,
    0.9235149621963501,
    0.9315776824951172,
    0.9353947043418884,
    0.9532400369644165,
    0.9774039387702942,
    0.9924818277359009,
    0.9937806129455566,
    0.9998425245285034,
    0.9907837510108948,
    0.9885263442993164,
    0.9846224784851074,
    0.9989345669746399,
    0.9931245446205139,
    0.9849944114685059,
    0.9754425287246704,
    0.9654004573822021,
    0.9646359086036682,
    0.9662904739379883,
    0.9704115390777588,
    0.941627025604248,
    0.9620317220687866,
    0.9318139553070068,
    0.9666391015052795,
    0.9866008162498474,
    0.9727799892425537,
    0.9799591898918152,
    0.9896285533905029,
    0.9793381690979004,
    0.982774019241333,
    0.9710402488708496,
    0.8636279702186584,
    0.8845611214637756,
    0.8768442273139954,
    0.8607893586158752,
    0.8397597074508667,
    0.8505287170410156,
    0.8358877301216125,
    0.8574708700180054,
    0.8717597723007202,
    0.855995774269104,
    0.9481318593025208,
    0.8706216812133789,
    0.8404709100723267,
    0.8240613341331482,
    0.7815816402435303,
    0.7936133742332458,
    0.8710781335830688,
    0.8628174066543579,
    0.8405234813690186,
    0.9054548740386963,
    0.9285496473312378,
    0.9466428756713867,
    0.9316936135292053,
    0.9349775314331055,
    0.9254398941993713,
    0.9246665239334106,
    0.9429124593734741,
    0.949703574180603,
    0.9548952579498291,
    0.9838315844535828,
    0.9711445569992065,
    0.9600535035133362,
    0.9733644723892212,
    0.9614067077636719,
    0.9287962913513184,
    0.9251081943511963,
    0.8932296633720398,
    0.932149350643158,
    0.9484978914260864,
    0.9444607496261597,
    0.9461742639541626,
    0.9511367082595825,
    0.9415222406387329,
    0.9289208054542542,
    0.9299278855323792,
    0.9236409664154053,
    0.929046630859375,
    0.9228143692016602,
    0.9008055925369263,
    0.9095284938812256,
    0.9034700393676758,
    0.8827958106994629,
    0.878450870513916,
    0.869841456413269,
    0.8735319375991821,
    0.8835137486457825,
    0.87582927942276
  ]
}