{
  "n_frames": 100,
  "scenewise_psnr": 16.10343724071599,
  "scenewise_ssim": 0.5563919049760528,
  "scenewise_lpips": 0.6523373281955719,
  "all_framewise_psnrs": [
    14.961727538619717,
    15.000225350888613,
    14.76025648745278,
    15.079570709268626,
    16.23680643434517,
    14.895761361626043,
    14.508653236095624,
    14.017864260377735,
    14.296896247855202,
    13.823573569755672,
    15.305314796511126,
    15.651248729705046,
    16.212018699995873,
    18.63327203726768,
    18.15421779723301,
    17.640033601261138,
    16.29892716095631,
    14.814499805031122,
    15.136969229916115,
    15.878198724479493,
    18.34119438132771,
    18.656292731863427,
    19.14091759200876,
    17.13289021483504,
    16.189257021532026,
    16.315096916638087,
    16.245696662688193,
    15.95844062707849,
    15.001289186803284,
    14.66252787236074,
    14.808910929315463,
    15.045172686458503,
    15.86405764847912,
    15.611905201261875,
    15.913811799597982,
    16.235246037311704,
    16.510559432901054,
    16.075888730816803,
    15.424571200380433,
    15.827080221938505,
    17.147111313568967,
    17.63382862104385,
    16.338038722674234,
    15.643086555170262,
    14.766233421431158,
    16.207258391250857,
    16.48397985738797,
    17.105486617905072,
    15.626422143262443,
    15.35671502864945,
    14.7856973216088,
    15.567674123607118,
    17.269873210026937,
    18.772975418619072,
    17.515629234188662,
    15.604555364605957,
    14.660870933509853,
    14.771710330536578,
    14.545984259524754,
    15.707523965420034,
    16.43330845087657,
    18.928313432889777,
    17.824975755589637,
    17.083676236892472,
    16.075061315947625,
    15.527111872466534,
    15.880380897711477,
    16.611970591681036,
    16.32057016161654,
    15.339468756875753,
    15.56303138209725,
    17.0230708633685,
    16.734265726408356,
    16.239431369260167,
    16.977911344334945,
    16.781790831480738,
    14.758278745833229,
    14.232679908241456,
    14.928870094447635,
    16.99255055455747,
    15.845035762762842,
    15.167604131270569,
    15.900470294840837,
    15.495139757352508,
    16.074876520855504,
    19.153233044278426,
    22.843813036597872,
    24.266410839322184,
    20.792607814963038,
    20.270089188929266,
    18.00006917902821,
    16.93143912151453,
    15.380106918779521,
    14.930221175818916,
    16.861431383513228,
    18.092210669233054,
    17.382714842065443,
    16.990071053669364,
    16.953540360076246,
    15.781599547341077
  ],
  "all_framewise_ssim": [
    0.5150296092033386,
    0.5130338072776794,
    0.5100831389427185,
    0.5236009955406189,
    0.5519363284111023,
    0.5066728591918945,
    0.48430123925209045,
    0.4513479471206665,
    0.452698677778244,
    0.42765843868255615,
    0.5258038640022278,
    0.5217774510383606,
    0.5339438915252686,
    0.6585063934326172,
    0.6388451457023621,
    0.6012550592422485,
    0.5058286786079407,
    0.47612497210502625,
    0.5333409905433655,
    0.5154418349266052,
    0.6188991665840149,
    0.6334739327430725,
    0.6885539889335632,
    0.6428959369659424,
    0.6111571788787842,
    0.5932860970497131,
    0.595365047454834,
    0.5263516306877136,
    0.46401044726371765,
    0.4490732252597809,
    0.45593777298927307,
    0.4848211705684662,
    0.5376698970794678,
    0.5060166716575623,
    0.5137658715248108,
    0.4851497709751129,
    0.47346770763397217,
    0.5054270625114441,
    0.5220434069633484,
    0.5304130911827087,
    0.55596524477005,
    0.5674464702606201,
    0.5234108567237854,
    0.4820508062839508,
    0.5343928933143616,
    0.6484445929527283,
    0.6249045729637146,
    0.5835728049278259,
    0.4584794044494629,
    0.48570871353149414,
    0.4938894808292389,
    0.5396857857704163,
    0.6137583255767822,
    0.6566064357757568,
    0.6146324276924133,
    0.5300666093826294,
    0.4881528615951538,
    0.4897609055042267,
    0.46586403250694275,
    0.5414244532585144,
    0.5806954503059387,
    0.6803000569343567,
    0.6168568730354309,
    0.5732996463775635,
    0.5191612243652344,
    0.5136757493019104,
    0.5354471206665039,
    0.5773513913154602,
    0.5596616864204407,
    0.5016534924507141,
    0.5178365111351013,
    0.5851307511329651,
    0.5758252143859863,
    0.5735436081886292,
    0.6339729428291321,
    0.6156253814697266,
    0.4818243086338043,
    0.44917723536491394,
    0.487164169549942,
    0.5960308909416199,
    0.5547872185707092,
    0.5005436539649963,
    0.5175822377204895,
    0.4998302757740021,
    0.5240114331245422,
    0.6710919737815857,
    0.748633861541748,
    0.799005925655365,
    0.7616109251976013,
    0.7270194888114929,
    0.6582476496696472,
    0.5908188819885254,
    0.4821079671382904,
    0.4698740541934967,
    0.5755664110183716,
    0.6487547159194946,
    0.625258207321167,
    0.5989344120025635,
    0.5537905693054199,
    0.42144790291786194
  ],
  "all_framewise_lpips": [
    0.6262582540512085,
    0.6258510947227478,
    0.6134511828422546,
    0.6008052229881287,
    0.6141290664672852,
    0.6180565357208252,
    0.6325110793113708,
    0.6445083618164062,
    0.6825807094573975,
    0.6687790155410767,
    0.6194441914558411,
    0.6385428309440613,
    0.651119589805603,
    0.622099757194519,
    0.6476632952690125,
    0.6386244297027588,
    0.6794991493225098,
    0.6952250599861145,
    0.662256121635437,
    0.6831424236297607,
    0.6686813831329346,
    0.6667177081108093,
    0.615716278553009,
    0.6248047947883606,
    0.6592769026756287,
    0.6554921269416809,
    0.6466050148010254,
    0.6700029969215393,
    0.6736212968826294,
    0.6965171098709106,
    0.6860061883926392,
    0.6479095816612244,
    0.646071195602417,
    0.6660329699516296,
    0.6751443147659302,
    0.6938183307647705,
    0.7198752760887146,
    0.6867702603340149,
    0.6736090183258057,
    0.6641468405723572,
    0.6549109816551208,
    0.6538859605789185,
    0.6695379614830017,
    0.686323344707489,
    0.6790725588798523,
    0.6259464025497437,
    0.6442272663116455,
    0.6699084043502808,
    0.7405999302864075,
    0.7145378589630127,
    0.6981937289237976,
    0.6849558353424072,
    0.6415684223175049,
    0.5994011163711548,
    0.63912433385849,
    0.6800367832183838,
    0.6910578012466431,
    0.6814216375350952,
    0.6841338872909546,
    0.6404727101325989,
    0.6331385374069214,
    0.568368673324585,
    0.6264059543609619,
    0.6613589525222778,
    0.6832692623138428,
    0.6846190094947815,
    0.6660042405128479,
    0.6195228099822998,
    0.6340407133102417,
    0.6883302927017212,
    0.6717665195465088,
    0.6066610813140869,
    0.5979160070419312,
    0.5929388999938965,
    0.5878064632415771,
    0.6036543846130371,
    0.6609046459197998,
    0.6690304279327393,
    0.6636897325515747,
    0.6395520567893982,
    0.645463764667511,
    0.6739768981933594,
    0.6660075783729553,
    0.6871616840362549,
    0.6726560592651367,
    0.6283905506134033,
    0.622722864151001,
    0.5793725252151489,
    0.6072960495948792,
    0.594374418258667,
    0.6201510429382324,
    0.6428431272506714,
    0.6615551710128784,
    0.663156270980835,
    0.6357735395431519,
    0.600951075553894,
    0.6233810186386108,
    0.6421941518783569,
    0.6816655397415161,
    0.7449769377708435
  ]
}