{
  "n_frames": 100,
  "scenewise_psnr": 15.725421140659295,
  "scenewise_ssim": 0.4726287345198301,
  "scenewise_lpips": 0.6483235365152359,
  "all_framewise_psnrs": [
    16.996289880694594,
    16.65340344649229,
    15.845219112035894,
    14.784170896903293,
    14.145154886613945,
    14.162258880156653,
    14.212113559683303,
    14.263690965710198,
    14.076204281227497,
    14.2293977186362,
    14.83812212854347,
    15.290125664365316,
    16.668609121434418,
    17.2390010970155,
    16.997446545096267,
    17.06787378455822,
    17.238766359032653,
    16.641955810108136,
    15.08706556334863,
    15.182643212401793,
    15.46116254002353,
    15.206243667471472,
    15.583769788238737,
    15.744709749360508,
    16.275992139768135,
    16.617290404166816,
    16.307711908382977,
    16.990382936533976,
    16.6915594642161,
    16.837028764374615,
    16.95636833633772,
    16.84151984471066,
    17.021244030077163,
    17.177152810789547,
    17.123072271691292,
    16.822560389408725,
    16.459095157199183,
    16.09699003962715,
    16.37775584272449,
    16.765091158392618,
    16.480096025762684,
    15.713661086371197,
    15.563691039991488,
    15.722803900506046,
    16.348578740656162,
    15.925377313973733,
    15.56829541646817,
    16.155419741521445,
    16.72540345854861,
    17.634028007749805,
    18.25032116344731,
    18.202923982424565,
    17.575496811033467,
    16.949689362208765,
    16.227006555563435,
    15.28047540766476,
    14.596897966584223,
    14.359059122935092,
    13.997871838223379,
    13.704317349834144,
    15.17483552325414,
    15.46383193777347,
    16.105510894346228,
    15.10815049199074,
    15.276020843770457,
    15.085052766312918,
    14.792344372508747,
    14.935463362163544,
    14.734719791118955,
    15.13759813421305,
    15.916573923708913,
    16.605993350042144,
    16.83444873852241,
    16.68175358531514,
    14.791707932373674,
    14.315630428451803,
    15.261733450900277,
    14.832735143496711,
    15.229892967488741,
    15.889830729205357,
    16.87279518096166,
    17.764546629401927,
    18.007334339922973,
    18.234018972600822,
    17.71284348514421,
    18.569312357898763,
    18.109889073529615,
    16.804460757795514,
    16.66123137631684,
    15.52631249529683,
    15.208852908563681,
    15.379764904596051,
    14.851639169433358,
    14.70850082907422,
    14.24698322745878,
    11.935169116759763,
    14.649434911948834,
    15.54720955627869,
    14.476799600443965,
    14.4617325570111
  ],
  "all_framewise_ssim": [
    0.5478545427322388,
    0.5286376476287842,
    0.5004443526268005,
    0.46899357438087463,
    0.4628616273403168,
    0.4686088562011719,
    0.4741020202636719,
    0.4644641578197479,
    0.42672058939933777,
    0.33988237380981445,
    0.3237590491771698,
    0.401754230260849,
    0.5355839729309082,
    0.565323531627655,
    0.5532689094543457,
    0.5461381077766418,
    0.5396299958229065,
    0.47458067536354065,
    0.36976346373558044,
    0.4173583984375,
    0.4255596101284027,
    0.45193347334861755,
    0.4306393563747406,
    0.4370523989200592,
    0.4406334161758423,
    0.44345560669898987,
    0.44452571868896484,
    0.48867663741111755,
    0.48051750659942627,
    0.4941162168979645,
    0.4921080768108368,
    0.4699408710002899,
    0.4724027216434479,
    0.4755572974681854,
    0.4461531639099121,
    0.42479896545410156,
    0.39102765917778015,
    0.3831503391265869,
    0.39746716618537903,
    0.43608757853507996,
    0.431389719247818,
    0.40177688002586365,
    0.3799804449081421,
    0.42162320017814636,
    0.4660000503063202,
    0.42674073576927185,
    0.4124423563480377,
    0.4514591693878174,
    0.4845212399959564,
    0.5091661214828491,
    0.5183789134025574,
    0.509949266910553,
    0.5162647366523743,
    0.49806487560272217,
    0.48461446166038513,
    0.4371514320373535,
    0.3837934732437134,
    0.3411600589752197,
    0.36909791827201843,
    0.3563612997531891,
    0.4669852554798126,
    0.46883273124694824,
    0.46691250801086426,
    0.4556807577610016,
    0.47653117775917053,
    0.4909687042236328,
    0.46948206424713135,
    0.5007066130638123,
    0.5050366520881653,
    0.534302294254303,
    0.5617321729660034,
    0.5667934417724609,
    0.5080857276916504,
    0.44457828998565674,
    0.3865371644496918,
    0.3550244867801666,
    0.36717236042022705,
    0.4166109263896942,
    0.513144850730896,
    0.6235178112983704,
    0.6483925580978394,
    0.6646812558174133,
    0.6589052081108093,
    0.6664897799491882,
    0.6370001435279846,
    0.6230962872505188,
    0.6347401738166809,
    0.6024602055549622,
    0.5662570595741272,
    0.5134642720222473,
    0.4945999085903168,
    0.45088687539100647,
    0.40499556064605713,
    0.3556610643863678,
    0.3624913990497589,
    0.3063677251338959,
    0.34087517857551575,
    0.4307378828525543,
    0.43600746989250183,
    0.4384426176548004
  ],
  "all_framewise_lpips": [
    0.5527920126914978,
    0.5566455125808716,
    0.5730412006378174,
    0.6037359833717346,
    0.6248378753662109,
    0.6301964521408081,
    0.6121355891227722,
    0.6226251125335693,
    0.6677369475364685,
    0.7597734332084656,
    0.7818341851234436,
    0.7216610908508301,
    0.5760312080383301,
    0.5432958006858826,
    0.5518984794616699,
    0.5518497228622437,
    0.5681165456771851,
    0.6250313520431519,
    0.7167210578918457,
    0.7039452195167542,
    0.6918120384216309,
    0.6267163753509521,
    0.6380710005760193,
    0.6459476351737976,
    0.6459380388259888,
    0.6412716507911682,
    0.6324430704116821,
    0.6101387739181519,
    0.6004850268363953,
    0.5938552618026733,
    0.5910670161247253,
    0.6071118116378784,
    0.6045603156089783,
    0.6070947051048279,
    0.63470059633255,
    0.6411306858062744,
    0.6690006852149963,
    0.675711989402771,
    0.6647859811782837,
    0.6270128488540649,
    0.6258786916732788,
    0.6463968753814697,
    0.6652019023895264,
    0.6381748914718628,
    0.6169670820236206,
    0.6435657739639282,
    0.6385700702667236,
    0.6194297671318054,
    0.6099135875701904,
    0.6155709028244019,
    0.6275820732116699,
    0.6452797055244446,
    0.6108283400535583,
    0.6106691956520081,
    0.6183540225028992,
    0.6282142400741577,
    0.6833672523498535,
    0.7708226442337036,
    0.7506561279296875,
    0.7508981227874756,
    0.6303513050079346,
    0.6211556196212769,
    0.6330018639564514,
    0.6517572402954102,
    0.6564334034919739,
    0.6579970121383667,
    0.6830907464027405,
    0.6384776830673218,
    0.6230740547180176,
    0.6145263314247131,
    0.6237142086029053,
    0.6247434020042419,
    0.7009696960449219,
    0.7478724718093872,
    0.781023383140564,
    0.7921274304389954,
    0.7841587066650391,
    0.7700477242469788,
    0.6988281607627869,
    0.5365952253341675,
    0.5220531225204468,
    0.5146163702011108,
    0.5122865438461304,
    0.5202341675758362,
    0.5509994029998779,
    0.5500974059104919,
    0.5591826438903809,
    0.5846502780914307,
    0.5897172689437866,
    0.619041919708252,
    0.6358639597892761,
    0.6982429027557373,
    0.738102376461029,
    0.7778912782669067,
    0.8060189485549927,
    0.8328550457954407,
    0.8180724382400513,
    0.7438523769378662,
    0.7938861846923828,
    0.7856417894363403
  ]
}