{
  "n_frames": 73,
  "scenewise_psnr": 18.67661247505902,
  "scenewise_ssim": 0.44839116078653873,
  "scenewise_lpips": 0.7307236864142221,
  "all_framewise_psnrs": [
    17.469701382786432,
    19.762055938049343,
    20.45400286021872,
    20.046796308252812,
    19.799837838301244,
    20.498384280648455,
    20.886977430416295,
    21.18596065277982,
    20.898142943532125,
    20.762200531615107,
    20.322389512185243,
    19.5681386263001,
    19.357861954695522,
    19.3670331055145,
    19.32110307934355,
    18.73533747928554,
    18.490337392474796,
    18.78375174625696,
    17.508273328224277,
    19.91414801942737,
    21.71019611270854,
    21.98969241110412,
    22.978600952184678,
    23.920453602096458,
    23.79283809774055,
    23.470567395217387,
    22.82129232311497,
    22.279205702409207,
    21.479858085132413,
    20.214514388126624,
    19.720309315760883,
    19.498985509928648,
    19.24322122980516,
    18.888618927370636,
    18.24835782928774,
    17.780625611696156,
    17.64045221784748,
    17.977182969755397,
    18.41827628965301,
    18.11716714540895,
    18.033066830735763,
    17.937379157083612,
    17.959590268880376,
    17.63446575232084,
    18.387141390321485,
    18.182347242973584,
    17.686140333838622,
    17.91137556933037,
    16.720323301238786,
    17.991053938068067,
    18.589047339887014,
    18.596523985776933,
    18.545777144481953,
    18.79026505549843,
    18.652011230874997,
    18.472227778198217,
    17.579549787296163,
    17.583651068783457,
    17.886510181050053,
    17.35994148560396,
    16.97623243194524,
    17.220463786213227,
    16.784686591476195,
    16.774827780113096,
    17.06086459263766,
    17.04474373304992,
    17.301977600442182,
    17.15595239299075,
    16.65750429690028,
    17.434917353639484,
    17.59513186986751,
    17.544322292352305,
    17.71815116209894
  ],
  "all_framewise_ssim": [
    0.329021155834198,
    0.46382951736450195,
    0.5066673159599304,
    0.47711482644081116,
    0.46275290846824646,
    0.49179211258888245,
    0.5023407936096191,
    0.5257952213287354,
    0.5069742798805237,
    0.5151423811912537,
    0.48553285002708435,
    0.4576517641544342,
    0.42087051272392273,
    0.45536911487579346,
    0.46701478958129883,
    0.4605526924133301,
    0.4258553087711334,
    0.43419885635375977,
    0.40443935990333557,
    0.5161382555961609,
    0.6309201121330261,
    0.6472703814506531,
    0.6879615783691406,
    0.7322688102722168,
    0.7194123268127441,
    0.7167803645133972,
    0.6780000329017639,
    0.6297028660774231,
    0.5866888761520386,
    0.5088714957237244,
    0.4642242193222046,
    0.4102509915828705,
    0.39357423782348633,
    0.37648308277130127,
    0.34295129776000977,
    0.3163278102874756,
    0.32428300380706787,
    0.33868208527565,
    0.3940316140651703,
    0.351344496011734,
    0.34389162063598633,
    0.3523709774017334,
    0.37957432866096497,
    0.3774951994419098,
    0.3966905176639557,
    0.3992554247379303,
    0.4306981563568115,
    0.4238109588623047,
    0.42487701773643494,
    0.48862457275390625,
    0.48886191844940186,
    0.4778672158718109,
    0.4546835422515869,
    0.4986226558685303,
    0.4776146411895752,
    0.4657928943634033,
    0.45244622230529785,
    0.4038951098918915,
    0.409182071685791,
    0.32775405049324036,
    0.2956415116786957,
    0.3112056255340576,
    0.2754876911640167,
    0.29094114899635315,
    0.2968255281448364,
    0.2861994504928589,
    0.3159555494785309,
    0.36170634627342224,
    0.31257227063179016,
    0.32668864727020264,
    0.399247407913208,
    0.39558908343315125,
    0.3897731304168701
  ],
  "all_framewise_lpips": [
    0.6310808658599854,
    0.5623774528503418,
    0.5633336901664734,
    0.5877390503883362,
    0.5794007778167725,
    0.5846462845802307,
    0.5990920066833496,
    0.5869868993759155,
    0.5975723266601562,
    0.5908719897270203,
    0.6045320630073547,
    0.6090486645698547,
    0.6362596154212952,
    0.6115752458572388,
    0.6397048234939575,
    0.6757826209068298,
    0.7131479382514954,
    0.7326951026916504,
    0.768852174282074,
    0.6999517679214478,
    0.6413306593894958,
    0.6147490739822388,
    0.5640993118286133,
    0.5118137001991272,
    0.5353672504425049,
    0.546204686164856,
    0.5893009901046753,
    0.6506083607673645,
    0.6471992135047913,
    0.7419531941413879,
    0.7300077676773071,
    0.764182984828949,
    0.7900662422180176,
    0.7923871278762817,
    0.8121646642684937,
    0.8150259852409363,
    0.8184295892715454,
    0.8252942562103271,
    0.8145188093185425,
    0.8147518038749695,
    0.8123239874839783,
    0.8000634908676147,
    0.7804021239280701,
    0.7916708588600159,
    0.8170127272605896,
    0.8071046471595764,
    0.7830498814582825,
    0.8114492893218994,
    0.7775883674621582,
    0.7567161917686462,
    0.7368779182434082,
    0.7458255290985107,
    0.7708351612091064,
    0.7219723463058472,
    0.7423968315124512,
    0.7549305558204651,
    0.7663746476173401,
    0.8028737306594849,
    0.8036856651306152,
    0.8567370176315308,
    0.8341776132583618,
    0.8331199288368225,
    0.8785181641578674,
    0.8696699738502502,
    0.892575740814209,
    0.8821333050727844,
    0.8608956336975098,
    0.8604663610458374,
    0.8716328740119934,
    0.8536806702613831,
    0.8330602049827576,
    0.813897430896759,
    0.8250032067298889
  ]
}