{
  "n_frames": 100,
  "scenewise_psnr": 10.682036056456226,
  "scenewise_ssim": 0.3763147395383726,
  "scenewise_lpips": 0.9254263347387314,
  "all_framewise_psnrs": [
    9.004425348802581,
    9.103994591476551,
    9.376041203954413,
    9.44881258173664,
    9.930862654369964,
    9.993740044694427,
    10.050372847286829,
    10.202603124470214,
    10.571945485014812,
    10.607511962296183,
    10.684868133677929,
    11.074481444365789,
    11.391719665405681,
    11.83261479359838,
    11.344594616234723,
    11.66395861036419,
    11.306453774408627,
    11.624717511124976,
    11.366633169924427,
    10.466491169315164,
    10.409749022060284,
    11.054615315821312,
    12.10288251738756,
    13.507574474006281,
    12.072451265336806,
    12.400758113299306,
    12.295733655242305,
    12.027022983982574,
    12.176022325017918,
    12.35894714327899,
    13.28660913377072,
    13.339023173768245,
    13.600371630582167,
    13.386674582049245,
    13.149824916923354,
    12.861745603980733,
    12.33978766860969,
    11.215223873829352,
    10.937965307427858,
    11.892996643010797,
    10.810464987533699,
    9.879845201881905,
    8.928993310230917,
    8.864874305483605,
    9.47243253352305,
    8.558791042195601,
    9.63140434802352,
    9.544368206227691,
    9.069870532506027,
    9.889445773451595,
    9.470866757793813,
    8.136645080327865,
    7.964272127105787,
    8.565065311292596,
    10.401744253620775,
    9.5484938973302,
    11.053414248707341,
    11.379330558552663,
    11.05331568686199,
    11.448834050106225,
    11.49913005852743,
    11.809371846825417,
    10.212507227268677,
    10.17702069101193,
    10.586462526127455,
    10.259161562809144,
    10.44591331538891,
    10.64414255791192,
    10.6190746131441,
    10.988497692359502,
    10.612305749996017,
    11.994958783099765,
    11.907713333103505,
    12.362195493575978,
    12.088858616069276,
    11.959672676152449,
    13.49968431169903,
    11.085643207999336,
    10.64685613710125,
    9.902532008059303,
    10.045906496360697,
    10.382315686018838,
    11.818657546651398,
    12.575220879264107,
    12.383390906655045,
    12.628290746011363,
    11.566946507669497,
    11.286132016253559,
    10.394520947430095,
    10.239335348572268,
    10.899971144145276,
    10.684652576380362,
    9.77482209694574,
    9.534685877053127,
    10.290874029573441,
    10.344339411898012,
    9.56060735421546,
    9.267533352846325,
    8.881738621388575,
    10.101985120598878
  ],
  "all_framewise_ssim": [
    0.3243180513381958,
    0.35934439301490784,
    0.3257614076137543,
    0.2741405963897705,
    0.2946213483810425,
    0.31345584988594055,
    0.32004496455192566,
    0.3274303376674652,
    0.328922301530838,
    0.331308513879776,
    0.35567447543144226,
    0.3687709867954254,
    0.37066951394081116,
    0.36543259024620056,
    0.34060025215148926,
    0.33938470482826233,
    0.35678282380104065,
    0.3796031177043915,
    0.3809720575809479,
    0.38489875197410583,
    0.370009183883667,
    0.37545445561408997,
    0.3974914252758026,
    0.4315027892589569,
    0.41293713450431824,
    0.4185151755809784,
    0.4023521840572357,
    0.37810325622558594,
    0.3834744691848755,
    0.39399370551109314,
    0.39890411496162415,
    0.42230963706970215,
    0.4291965663433075,
    0.4165877401828766,
    0.4290045201778412,
    0.4294169247150421,
    0.43868640065193176,
    0.44190704822540283,
    0.48677313327789307,
    0.47680410742759705,
    0.43282797932624817,
    0.40255823731422424,
    0.34463000297546387,
    0.3970271646976471,
    0.420267790555954,
    0.35969293117523193,
    0.37409940361976624,
    0.3621716797351837,
    0.35292693972587585,
    0.3580835163593292,
    0.3242528438568115,
    0.3249565362930298,
    0.35199299454689026,
    0.3798947334289551,
    0.410463809967041,
    0.37603485584259033,
    0.42281249165534973,
    0.37202557921409607,
    0.3732186257839203,
    0.38059091567993164,
    0.38913193345069885,
    0.40634167194366455,
    0.3820197582244873,
    0.3696047365665436,
    0.38710570335388184,
    0.36461547017097473,
    0.3603630065917969,
    0.3802126348018646,
    0.38021430373191833,
    0.3787379264831543,
    0.3766230046749115,
    0.3879627287387848,
    0.3676833212375641,
    0.3942255973815918,
    0.3716096580028534,
    0.3517104387283325,
    0.3893369734287262,
    0.32535961270332336,
    0.3031914532184601,
    0.29165926575660706,
    0.32020631432533264,
    0.33642053604125977,
    0.3775099813938141,
    0.4182891547679901,
    0.43657350540161133,
    0.44780316948890686,
    0.3803928792476654,
    0.35702642798423767,
    0.3453739583492279,
    0.337301641702652,
    0.3019430935382843,
    0.3303542137145996,
    0.33435240387916565,
    0.3269300162792206,
    0.3718167245388031,
    0.38051602244377136,
    0.40392208099365234,
    0.42375436425209045,
    0.4377908706665039,
    0.4416387379169464
  ],
  "all_framewise_lpips": [
    0.9643268585205078,
    0.938642144203186,
    0.9613519906997681,
    0.9841188192367554,
    0.9727078080177307,
    0.9703307151794434,
    0.9766257405281067,
    0.9752621054649353,
    0.972266435623169,
    0.9745790958404541,
    0.9591913819313049,
    0.9482490420341492,
    0.9632457494735718,
    0.948613703250885,
    0.941765308380127,
    0.9415468573570251,
    0.9335644841194153,
    0.9260108470916748,
    0.9164264798164368,
    0.9004688262939453,
    0.9102119207382202,
    0.9020516276359558,
    0.8931084871292114,
    0.9082268476486206,
    0.9330256581306458,
    0.9095960855484009,
    0.9071873426437378,
    0.9011272192001343,
    0.8814361691474915,
    0.9032790064811707,
    0.9233670234680176,
    0.9021589159965515,
    0.8979672789573669,
    0.9114771485328674,
    0.904633104801178,
    0.9109708666801453,
    0.9052554965019226,
    0.8950600624084473,
    0.86423259973526,
    0.8660936951637268,
    0.8890994787216187,
    0.8920607566833496,
    0.9146642088890076,
    0.8639181852340698,
    0.8985260128974915,
    0.9602318406105042,
    0.9414064884185791,
    0.9318462014198303,
    0.9346274733543396,
    0.9445295333862305,
    0.9610027074813843,
    0.9751554727554321,
    0.9659091234207153,
    0.9361258745193481,
    0.9045244455337524,
    0.9497570395469666,
    0.9190188646316528,
    0.9460079073905945,
    0.9495075941085815,
    0.9407902956008911,
    0.949183464050293,
    0.9303818941116333,
    0.9366530179977417,
    0.9660871028900146,
    0.9416961073875427,
    0.945168673992157,
    0.9526750445365906,
    0.9330535531044006,
    0.923964262008667,
    0.9368021488189697,
    0.9284833669662476,
    0.8944271206855774,
    0.9088993072509766,
    0.8786102533340454,
    0.875807523727417,
    0.8922220468521118,
    0.8829580545425415,
    0.9266267418861389,
    0.9518912434577942,
    0.9650904536247253,
    0.9379870295524597,
    0.9505956172943115,
    0.9191246032714844,
    0.8884718418121338,
    0.9028804302215576,
    0.8948028087615967,
    0.8994526863098145,
    0.9216824769973755,
    0.907459020614624,
    0.9325913786888123,
    0.9592427015304565,
    0.9340450763702393,
    0.9228769540786743,
    0.9386205673217773,
    0.8902210593223572,
    0.8877360820770264,
    0.9230169057846069,
    0.8986917734146118,
    0.8906758427619934,
    0.903306782245636
  ]
}