{
  "n_frames": 100,
  "scenewise_psnr": 19.896409680653235,
  "scenewise_ssim": 0.5119390601925566,
  "scenewise_lpips": 0.7016549625992775,
  "all_framewise_psnrs": [
    24.2363246490967,
    23.276888652164132,
    22.198156997177463,
    21.01393480994905,
    22.62158941096438,
    22.31704074946682,
    21.68617527927622,
    21.959720754550904,
    21.77157440213934,
    21.627636299739592,
    21.41253670396941,
    21.192819665336966,
    21.251687339274525,
    21.92715159721033,
    22.35750220076745,
    22.599289220422637,
    22.636524033457764,
    22.412369950375034,
    22.033312032450244,
    22.36354490413757,
    22.167432724108647,
    22.188343147112903,
    22.079627764069617,
    21.68038529220589,
    21.430319381144322,
    21.463698633773312,
    21.158024574869252,
    21.647015555559417,
    21.212537553108973,
    21.368565178772975,
    21.46134884997679,
    21.880127021514447,
    23.03087710655393,
    23.624890239505408,
    23.852052202575635,
    23.488663610624805,
    23.195545878865047,
    22.687605710559765,
    20.231886543978938,
    19.73015912832362,
    19.092977800922085,
    20.76214123817593,
    19.823354479311718,
    20.487945600157612,
    20.013007031207227,
    20.333474891782323,
    19.498286393084374,
    19.506495496540253,
    20.444135653804718,
    21.313655819899566,
    19.41885940597283,
    19.29513643902191,
    19.952278750021236,
    20.52188659878525,
    20.390329738257297,
    21.466171286606162,
    21.94043341909746,
    20.587650053349876,
    19.39546596746868,
    19.898382433057517,
    19.945333069648868,
    19.995242920950872,
    19.912053544691904,
    19.60456801601308,
    19.1700021651736,
    18.47119510665482,
    18.813777500851227,
    17.56010204558902,
    17.317656188570247,
    17.117379495596644,
    17.080023234905795,
    17.00721003815125,
    16.60663395737433,
    19.187296485103268,
    18.05400935983758,
    18.807368390780784,
    18.637437267410547,
    18.7374043988935,
    18.832511497564646,
    19.107994131941645,
    18.869716379569503,
    17.116256243677583,
    17.754615924760124,
    17.448220346302715,
    16.45913811156847,
    17.259790093131354,
    16.94576610035963,
    16.504058498167858,
    18.067282482136335,
    17.93651039421342,
    17.352687409793667,
    18.48031043772895,
    18.61671948444441,
    20.588651332561074,
    23.11209319738048,
    22.89064303508755,
    18.489159018306736,
    20.560985445577707,
    20.154085884744806,
    23.089359601547613
  ],
  "all_framewise_ssim": [
    0.6551340222358704,
    0.6531441807746887,
    0.605895459651947,
    0.5776086449623108,
    0.5882582068443298,
    0.5705623626708984,
    0.5368891358375549,
    0.5411529541015625,
    0.5244441032409668,
    0.498193621635437,
    0.5189666152000427,
    0.5179598331451416,
    0.49677374958992004,
    0.506917417049408,
    0.5366966724395752,
    0.5323049426078796,
    0.5418933629989624,
    0.5315206050872803,
    0.49238094687461853,
    0.5081986784934998,
    0.5151618123054504,
    0.5376884341239929,
    0.5129371285438538,
    0.48544034361839294,
    0.47828420996665955,
    0.49009373784065247,
    0.4636922776699066,
    0.4563177525997162,
    0.4535306394100189,
    0.4800011217594147,
    0.46493470668792725,
    0.47819438576698303,
    0.5273809432983398,
    0.5640869140625,
    0.5937862396240234,
    0.5536854267120361,
    0.5285314321517944,
    0.49212661385536194,
    0.43666747212409973,
    0.47513553500175476,
    0.4661017954349518,
    0.5000479221343994,
    0.46798110008239746,
    0.44489237666130066,
    0.42922577261924744,
    0.4447261095046997,
    0.4285135269165039,
    0.42495667934417725,
    0.5585780739784241,
    0.6068974137306213,
    0.5600781440734863,
    0.5443077087402344,
    0.585889995098114,
    0.6025293469429016,
    0.5832553505897522,
    0.6234809160232544,
    0.6121726632118225,
    0.5810660123825073,
    0.5507609248161316,
    0.5398445725440979,
    0.5415688753128052,
    0.5456405282020569,
    0.5414407849311829,
    0.540848433971405,
    0.5247116088867188,
    0.5221280455589294,
    0.5415378212928772,
    0.5073556303977966,
    0.49463963508605957,
    0.4618421792984009,
    0.42991650104522705,
    0.4459506571292877,
    0.5411613583564758,
    0.6114351153373718,
    0.5695920586585999,
    0.5525056719779968,
    0.5105729103088379,
    0.4918200671672821,
    0.4958219528198242,
    0.4927161633968353,
    0.47030743956565857,
    0.4036440849304199,
    0.3937290608882904,
    0.3828793466091156,
    0.3528132736682892,
    0.3984329402446747,
    0.4310293197631836,
    0.4434570372104645,
    0.45033279061317444,
    0.43869924545288086,
    0.4603613615036011,
    0.5031543374061584,
    0.519974946975708,
    0.6001406908035278,
    0.6441839337348938,
    0.49020156264305115,
    0.3651379346847534,
    0.43136635422706604,
    0.42968496680259705,
    0.5356937646865845
  ],
  "all_framewise_lpips": [
    0.5019223690032959,
    0.49107447266578674,
    0.5131136178970337,
    0.4977601170539856,
    0.535269021987915,
    0.5634788870811462,
    0.5814348459243774,
    0.5776267051696777,
    0.5947451591491699,
    0.6562083959579468,
    0.6591856479644775,
    0.6673455834388733,
    0.652804434299469,
    0.6062503457069397,
    0.5937489867210388,
    0.6061850786209106,
    0.6055886745452881,
    0.6349826455116272,
    0.6623201370239258,
    0.6486294269561768,
    0.6374808549880981,
    0.6575688719749451,
    0.6657055020332336,
    0.6719419956207275,
    0.6702601909637451,
    0.6581114530563354,
    0.6742116808891296,
    0.6943977475166321,
    0.7133492827415466,
    0.7097383737564087,
    0.7256212830543518,
    0.7075620889663696,
    0.6709245443344116,
    0.6386108994483948,
    0.6305636167526245,
    0.6735504865646362,
    0.6978673338890076,
    0.7296106815338135,
    0.7949758768081665,
    0.8318691253662109,
    0.806218147277832,
    0.7730647325515747,
    0.7981738448143005,
    0.8063658475875854,
    0.81840980052948,
    0.8015943765640259,
    0.8135526776313782,
    0.8177741765975952,
    0.7208390235900879,
    0.6454048156738281,
    0.6808350086212158,
    0.706466019153595,
    0.6675379276275635,
    0.6403437852859497,
    0.6442148089408875,
    0.6127430200576782,
    0.6261588335037231,
    0.6377492547035217,
    0.6621302366256714,
    0.6860864758491516,
    0.6990684270858765,
    0.7121086120605469,
    0.7020353078842163,
    0.7389569878578186,
    0.7482684254646301,
    0.7566170692443848,
    0.7295035123825073,
    0.761313259601593,
    0.7674938440322876,
    0.7908332347869873,
    0.8229286670684814,
    0.7967017292976379,
    0.7642422914505005,
    0.7081412076950073,
    0.7665892839431763,
    0.7685114145278931,
    0.7897717952728271,
    0.7837680578231812,
    0.7857779860496521,
    0.7654526233673096,
    0.7794705033302307,
    0.8021455407142639,
    0.8135573267936707,
    0.8174496293067932,
    0.835554838180542,
    0.8005634546279907,
    0.75811767578125,
    0.7269838452339172,
    0.7351992130279541,
    0.7552821636199951,
    0.7397005558013916,
    0.7388140559196472,
    0.7577809691429138,
    0.6365094780921936,
    0.5966994762420654,
    0.6781684160232544,
    0.7988232970237732,
    0.7501145601272583,
    0.7450406551361084,
    0.6721776127815247
  ]
}