{
  "n_frames": 100,
  "scenewise_psnr": 20.2515012680453,
  "scenewise_ssim": 0.5901497359540002,
  "scenewise_lpips": 0.49965173080563546,
  "all_framewise_psnrs": [
    24.913964962840577,
    24.31481485025989,
    22.24915474271524,
    21.68148691366237,
    24.22758881747397,
    24.353561152902458,
    23.04061208993913,
    23.00470137408889,
    18.08731137121169,
    20.063081044783058,
    19.997439354653217,
    20.583486245434447,
    19.649937914648532,
    23.50988204384281,
    22.730649092896492,
    21.542402785834657,
    21.14291129555761,
    20.167800833621577,
    20.156693740808027,
    19.644232164775467,
    18.89534141416824,
    19.345941897241016,
    17.389553171319065,
    18.56988236283031,
    18.5679675126078,
    20.91563209118387,
    19.40953767252521,
    19.10471056794524,
    20.118462969551068,
    20.44585325646199,
    21.28336811661818,
    19.84587475489894,
    21.216009634870172,
    21.521979886988998,
    21.762927204504436,
    21.134168108735217,
    20.991056784006226,
    20.6241453975713,
    20.695286157844045,
    21.639784808013438,
    20.760885660710837,
    20.688989172252136,
    20.00886375522398,
    20.60957903926351,
    21.283356159037055,
    21.20039334926455,
    21.138286355894053,
    21.484516959580183,
    22.02676936160602,
    22.898841768469055,
    23.486539965557284,
    22.917437853348844,
    22.63432054898027,
    21.09333505170319,
    19.201579812191405,
    17.464182419999148,
    17.201284128371316,
    19.47748518480229,
    17.743925889239712,
    18.239856603604444,
    19.76286738767408,
    21.577559287468393,
    19.501218752820964,
    21.177569113670852,
    21.602270136251533,
    20.86081390977541,
    21.734288737306958,
    21.478642695290105,
    22.520140529344864,
    22.602112278917485,
    22.220229043389917,
    23.353862354345544,
    19.414983022563582,
    20.312596147053547,
    18.394095918660707,
    18.403440495797195,
    16.379133546177712,
    16.26036129884145,
    18.046209199395037,
    22.19368027558908,
    21.75096305141509,
    23.89006936664128,
    23.50961069356753,
    23.157659431544975,
    21.57761337859453,
    20.967409575574916,
    19.305862348947244,
    21.03516929976464,
    20.048779683897063,
    19.290210158392828,
    17.925203666754395,
    17.98584433376932,
    18.274618848021632,
    18.455348685497512,
    18.841837015880884,
    19.711147420305437,
    19.526458908241146,
    20.83491441765851,
    19.902372548634702,
    20.222051429570705
  ],
  "all_framewise_ssim": [
    0.7789096832275391,
    0.7616551518440247,
    0.6942073702812195,
    0.6896502375602722,
    0.7924404740333557,
    0.8012471795082092,
    0.7650876045227051,
    0.7245016098022461,
    0.5519437789916992,
    0.5401697158813477,
    0.4986257255077362,
    0.5493448376655579,
    0.5746914744377136,
    0.7195940017700195,
    0.6722397804260254,
    0.6232094764709473,
    0.6206968426704407,
    0.581461489200592,
    0.5174857974052429,
    0.547400176525116,
    0.4984056055545807,
    0.5772897601127625,
    0.46195492148399353,
    0.48696431517601013,
    0.4897449016571045,
    0.5454016327857971,
    0.4943790137767792,
    0.5234524607658386,
    0.5353376865386963,
    0.5609204769134521,
    0.5699822306632996,
    0.5303621292114258,
    0.5593797564506531,
    0.5732704401016235,
    0.5635601878166199,
    0.5607351660728455,
    0.5320280194282532,
    0.5217768549919128,
    0.5267696976661682,
    0.5896382331848145,
    0.5584499835968018,
    0.5436813831329346,
    0.509071409702301,
    0.540283739566803,
    0.591152012348175,
    0.5716906189918518,
    0.5605539679527283,
    0.5929135680198669,
    0.6249425411224365,
    0.6499399542808533,
    0.6663445830345154,
    0.6370398998260498,
    0.6465115547180176,
    0.6094834208488464,
    0.5413937568664551,
    0.4731690585613251,
    0.4515267610549927,
    0.47323739528656006,
    0.4563673436641693,
    0.45224007964134216,
    0.5474307537078857,
    0.6095183491706848,
    0.5709023475646973,
    0.5967363715171814,
    0.6137548089027405,
    0.6096811294555664,
    0.638212263584137,
    0.6388538479804993,
    0.6733656525611877,
    0.6926627159118652,
    0.6906405091285706,
    0.7063096165657043,
    0.5594992637634277,
    0.5278908610343933,
    0.5091125965118408,
    0.48739805817604065,
    0.36997178196907043,
    0.43169108033180237,
    0.5672934055328369,
    0.719733715057373,
    0.7153597474098206,
    0.7444761395454407,
    0.7344684600830078,
    0.7181406021118164,
    0.6824830174446106,
    0.6471478343009949,
    0.61402428150177,
    0.6613497138023376,
    0.6039998531341553,
    0.5813801884651184,
    0.5482643842697144,
    0.5182313323020935,
    0.49754324555397034,
    0.46256306767463684,
    0.46603456139564514,
    0.4743410050868988,
    0.4856831133365631,
    0.5956050753593445,
    0.5682386755943298,
    0.559018611907959
  ],
  "all_framewise_lpips": [
    0.22429361939430237,
    0.2217918187379837,
    0.2861168682575226,
    0.2647804617881775,
    0.21668051183223724,
    0.21546199917793274,
    0.23536942899227142,
    0.2957862317562103,
    0.4172486364841461,
    0.4438726603984833,
    0.4994249641895294,
    0.4998103380203247,
    0.4862121641635895,
    0.34168457984924316,
    0.37805187702178955,
    0.4430825710296631,
    0.4772120714187622,
    0.5086209177970886,
    0.5446476340293884,
    0.5251674056053162,
    0.5311901569366455,
    0.4633083939552307,
    0.6433293223381042,
    0.6226469874382019,
    0.6061829924583435,
    0.5672475099563599,
    0.5909757614135742,
    0.5854645371437073,
    0.5948672294616699,
    0.562951385974884,
    0.5595448613166809,
    0.602974534034729,
    0.5581495761871338,
    0.5225036144256592,
    0.5189012289047241,
    0.5174168348312378,
    0.5359882712364197,
    0.5439956188201904,
    0.5284278988838196,
    0.4841126799583435,
    0.5013185739517212,
    0.5290682911872864,
    0.5551518201828003,
    0.5223237872123718,
    0.4798438549041748,
    0.5025141835212708,
    0.5054184794425964,
    0.4835329055786133,
    0.4694637358188629,
    0.4744713604450226,
    0.47216251492500305,
    0.5202733278274536,
    0.5166248679161072,
    0.554611086845398,
    0.5937932133674622,
    0.6115860939025879,
    0.6358686685562134,
    0.6168853044509888,
    0.6379676461219788,
    0.6450561285018921,
    0.5347698926925659,
    0.48424315452575684,
    0.5167362689971924,
    0.47616082429885864,
    0.4746692180633545,
    0.4664049446582794,
    0.42445552349090576,
    0.40643036365509033,
    0.37549662590026855,
    0.3794674873352051,
    0.3972635865211487,
    0.40121355652809143,
    0.6711277961730957,
    0.6193810701370239,
    0.608561098575592,
    0.6143794059753418,
    0.737512469291687,
    0.7000261545181274,
    0.5567603707313538,
    0.37304264307022095,
    0.40538573265075684,
    0.39110690355300903,
    0.4000241756439209,
    0.42396461963653564,
    0.44647321105003357,
    0.4945218563079834,
    0.5394331216812134,
    0.5195708274841309,
    0.5412341952323914,
    0.5399684906005859,
    0.5706596970558167,
    0.6276229023933411,
    0.5810072422027588,
    0.6001818776130676,
    0.6124088764190674,
    0.6008153557777405,
    0.5596122145652771,
    0.45546409487724304,
    0.4606342911720276,
    0.48354893922805786
  ]
}