{
  "n_frames": 100,
  "scenewise_psnr": 19.909275949660262,
  "scenewise_ssim": 0.6214227071957339,
  "scenewise_lpips": 0.6220073449611664,
  "all_framewise_psnrs": [
    20.417648963563515,
    20.83671285424427,
    20.261710525023776,
    20.652834581055973,
    20.944515278647323,
    20.443898657361146,
    18.82769365940815,
    19.996202183325416,
    20.113849180887414,
    19.60105917573925,
    20.572490065192017,
    21.18620274508877,
    20.019198896473007,
    20.34545526669685,
    20.813421799049756,
    20.9440196138217,
    19.770959154612044,
    20.623256357221106,
    21.681461596163633,
    20.435846675105594,
    20.545566782536056,
    19.618667730634808,
    20.17189537431369,
    19.31407935886738,
    19.543866025063835,
    20.2463626034901,
    21.928246067670226,
    19.95348306205567,
    19.191071147520187,
    18.85974103940463,
    20.15683505662777,
    20.21453776033439,
    20.105499835073687,
    20.12202324798505,
    19.718738783222662,
    19.80506578422002,
    19.418928399515092,
    19.802337207070394,
    19.79200943543242,
    18.51306288538026,
    19.50157863045094,
    19.211644384302666,
    19.47939022660484,
    18.90811365606261,
    19.29417198233811,
    19.63186644028328,
    19.4272751471236,
    18.106664562974647,
    19.01499195564727,
    20.047913839252995,
    19.87318259799336,
    20.268443571189557,
    20.897581424344107,
    20.6276005612872,
    20.604540100075603,
    19.081029503320664,
    19.292770549538854,
    20.596287075039086,
    20.56257171725573,
    20.925727680369274,
    20.994712413538853,
    21.743079337557802,
    22.313507368728978,
    20.47941050910176,
    20.309712303652336,
    20.818732611260646,
    20.292966380798152,
    19.783756014062863,
    19.683835048363,
    20.203656949334217,
    20.388861315033733,
    20.82055465011146,
    20.530469555578833,
    19.79612679158221,
    19.22958662163383,
    18.70109263973842,
    19.598831540896867,
    20.29389071397994,
    18.95770177482178,
    19.32322487218977,
    18.511698018488246,
    21.084323930412708,
    21.0057238041456,
    19.514304565344066,
    18.079276564321376,
    18.307769592958117,
    18.328601120825574,
    19.51947774654849,
    20.404557847403076,
    19.698197543613283,
    19.335533498193776,
    20.091422239358423,
    20.46942148232859,
    20.45715132036921,
    20.259623212910952,
    19.70908313212194,
    20.611205045581404,
    19.443566775345044,
    19.44924524407292,
    19.122612757070105
  ],
  "all_framewise_ssim": [
    0.5548257231712341,
    0.5709239840507507,
    0.5663349032402039,
    0.591284453868866,
    0.6017724871635437,
    0.5982593894004822,
    0.5601968169212341,
    0.589057981967926,
    0.5902163982391357,
    0.6167529821395874,
    0.6698582768440247,
    0.6670224070549011,
    0.6399067640304565,
    0.6486908793449402,
    0.624381959438324,
    0.6476903557777405,
    0.6349264979362488,
    0.7005731463432312,
    0.6587367057800293,
    0.6932191848754883,
    0.7238112092018127,
    0.628050684928894,
    0.5977048873901367,
    0.564335286617279,
    0.617112398147583,
    0.7047049403190613,
    0.7738006711006165,
    0.6849932670593262,
    0.5585705637931824,
    0.5676458477973938,
    0.6266215443611145,
    0.6179972887039185,
    0.6210972666740417,
    0.6344044804573059,
    0.6104184985160828,
    0.6603607535362244,
    0.668420135974884,
    0.7251458168029785,
    0.6961302757263184,
    0.6777248382568359,
    0.6412466168403625,
    0.5945644974708557,
    0.6124962568283081,
    0.5952751040458679,
    0.571093738079071,
    0.5772027373313904,
    0.5461022257804871,
    0.5069209337234497,
    0.5118337273597717,
    0.5596310496330261,
    0.5421236157417297,
    0.5636863112449646,
    0.6102211475372314,
    0.6129216551780701,
    0.6079978942871094,
    0.5228618383407593,
    0.5130531787872314,
    0.5733775496482849,
    0.5814563632011414,
    0.6514249444007874,
    0.6287880539894104,
    0.6831485629081726,
    0.7350802421569824,
    0.6531086564064026,
    0.6323895454406738,
    0.6360938549041748,
    0.6736195087432861,
    0.6227445602416992,
    0.6246735453605652,
    0.6467564702033997,
    0.7248063683509827,
    0.6356473565101624,
    0.608387291431427,
    0.6117376685142517,
    0.6167858242988586,
    0.6205835342407227,
    0.624535083770752,
    0.6273213028907776,
    0.5879790186882019,
    0.5873540043830872,
    0.555493950843811,
    0.6615244150161743,
    0.6505961418151855,
    0.6028187274932861,
    0.5524457097053528,
    0.5295600295066833,
    0.5723488330841064,
    0.5868442058563232,
    0.6243986487388611,
    0.5866218209266663,
    0.6157958507537842,
    0.63779616355896,
    0.5936796069145203,
    0.6531286835670471,
    0.6404712796211243,
    0.631624162197113,
    0.694836437702179,
    0.6667271256446838,
    0.6241255402565002,
    0.6215763688087463
  ],
  "all_framewise_lpips": [
    0.6594170928001404,
    0.635162889957428,
    0.6230681538581848,
    0.6071599721908569,
    0.6130553483963013,
    0.6180269122123718,
    0.6984828114509583,
    0.6872762441635132,
    0.7026704549789429,
    0.6335153579711914,
    0.6022884845733643,
    0.5923244953155518,
    0.6120074987411499,
    0.6086446046829224,
    0.6355447769165039,
    0.6380455493927002,
    0.6280364990234375,
    0.5563381314277649,
    0.6441375017166138,
    0.637773334980011,
    0.5472633242607117,
    0.6437548398971558,
    0.6826908588409424,
    0.6876851916313171,
    0.5714115500450134,
    0.49870461225509644,
    0.44865161180496216,
    0.5251471400260925,
    0.6639708280563354,
    0.6529965400695801,
    0.6279283761978149,
    0.638468861579895,
    0.6055426001548767,
    0.5629149675369263,
    0.5889339447021484,
    0.5641570091247559,
    0.5373578667640686,
    0.47218745946884155,
    0.5205363035202026,
    0.542252242565155,
    0.6059145927429199,
    0.6409406661987305,
    0.6129878759384155,
    0.611575722694397,
    0.623773992061615,
    0.6078141927719116,
    0.6529526710510254,
    0.6594921350479126,
    0.6810551285743713,
    0.6414660215377808,
    0.6633396148681641,
    0.6487563848495483,
    0.6090255379676819,
    0.616855263710022,
    0.6261634826660156,
    0.6763710975646973,
    0.6958092451095581,
    0.6764007210731506,
    0.6928476691246033,
    0.631723165512085,
    0.6659663915634155,
    0.6598997712135315,
    0.6088756918907166,
    0.6321873068809509,
    0.6507593393325806,
    0.667721152305603,
    0.6187775135040283,
    0.6949290037155151,
    0.6283600926399231,
    0.6283494830131531,
    0.5133322477340698,
    0.6716929078102112,
    0.6902884244918823,
    0.6674613952636719,
    0.6255763173103333,
    0.5550156831741333,
    0.6011757850646973,
    0.6151183843612671,
    0.6264685988426208,
    0.6614502668380737,
    0.6726963520050049,
    0.5718355774879456,
    0.5720236301422119,
    0.625217854976654,
    0.6295531988143921,
    0.6938714981079102,
    0.6039180755615234,
    0.6330293416976929,
    0.6007720232009888,
    0.6497482061386108,
    0.6099129915237427,
    0.5754138231277466,
    0.6798588037490845,
    0.6306230425834656,
    0.6267291903495789,
    0.6365895867347717,
    0.5807042121887207,
    0.5726068019866943,
    0.6236175298690796,
    0.6378095746040344
  ]
}