{
  "n_frames": 100,
  "scenewise_psnr": 24.97239639606847,
  "scenewise_ssim": 0.7697513621562706,
  "scenewise_lpips": 0.5883420139551163,
  "all_framewise_psnrs": [
    31.280208384120417,
    31.0877876488871,
    29.31393948376845,
    26.390668697796205,
    26.781199324224765,
    28.742824679404677,
    29.255379666748354,
    23.52122994170791,
    21.968643202745916,
    23.569454959091665,
    23.451791301868926,
    26.646546362037515,
    25.038582757712568,
    27.062191681054365,
    27.27332174425698,
    27.78483870450236,
    25.013915253713566,
    25.173487172674168,
    25.50538876844587,
    25.31660231085892,
    23.49738577229559,
    22.105734619792877,
    21.29220452471415,
    24.4467784684497,
    25.480381438547898,
    24.108329222156275,
    23.59371310727156,
    23.01057995477049,
    23.347232219171275,
    22.456597152985257,
    22.544368506310395,
    24.565064358326115,
    25.920083274146222,
    27.470555473423296,
    27.502964338806812,
    25.157654193080567,
    24.440515888133096,
    23.40292734197604,
    22.83998249724145,
    23.844417867618134,
    24.897076074556928,
    24.311640246211645,
    24.1210179806828,
    25.29526611247718,
    25.786652911676345,
    27.477871591450583,
    24.788326914850153,
    20.36988071873139,
    23.77145405388572,
    22.177510558777275,
    27.465504469972984,
    27.254283067589068,
    25.61126475562101,
    25.876085564291206,
    25.193016667538718,
    23.3654106041209,
    22.461897380453053,
    23.05614865382937,
    22.691782576274505,
    23.40221724765621,
    24.03474506768277,
    24.3675183095596,
    24.631412641751737,
    24.740380927248424,
    24.93459594448792,
    25.259546690031065,
    25.25229660658394,
    24.970819131756357,
    24.472187074367344,
    24.82990560255335,
    24.719769943513185,
    24.63863617494452,
    23.514137381401735,
    22.851954954602625,
    22.584996378226244,
    25.074712760385655,
    25.646824732324802,
    26.74408352488942,
    26.62624981754341,
    28.60680485627313,
    27.89732722160261,
    27.417270182680472,
    27.286032574837805,
    27.36277920892031,
    27.047100958059985,
    27.77983822287261,
    28.214249691502076,
    28.392944065539048,
    28.605195833759606,
    28.49553683884448,
    29.66678701261054,
    30.95388447583899,
    30.70928336258179,
    29.8081170704381,
    26.328524300812628,
    26.988484074633394,
    27.578670113190643,
    27.38598681919838,
    21.88116604195288,
    26.08177677410676
  ],
  "all_framewise_ssim": [
    0.8052181601524353,
    0.8159983158111572,
    0.7911550402641296,
    0.733616828918457,
    0.7362706065177917,
    0.7736395001411438,
    0.7716622948646545,
    0.7188473343849182,
    0.6464078426361084,
    0.6618059277534485,
    0.670863151550293,
    0.7318227887153625,
    0.7247629761695862,
    0.7712209820747375,
    0.7761745452880859,
    0.779629647731781,
    0.7499325275421143,
    0.7369509339332581,
    0.7152290344238281,
    0.7187244892120361,
    0.6965231895446777,
    0.642340362071991,
    0.6185030341148376,
    0.6804344058036804,
    0.7044538855552673,
    0.7014967799186707,
    0.7257748246192932,
    0.6857088208198547,
    0.6740228533744812,
    0.716559112071991,
    0.7173194289207458,
    0.7620563507080078,
    0.7594042420387268,
    0.7930776476860046,
    0.8503243923187256,
    0.8123347759246826,
    0.7723657488822937,
    0.7421233654022217,
    0.7483708262443542,
    0.770716667175293,
    0.7703565955162048,
    0.7711263298988342,
    0.7684712409973145,
    0.8210732340812683,
    0.8301534056663513,
    0.8304417133331299,
    0.7943795323371887,
    0.7204243540763855,
    0.7539312839508057,
    0.7930068969726562,
    0.8239790797233582,
    0.7721378803253174,
    0.7432969212532043,
    0.742720365524292,
    0.7452343106269836,
    0.7210860848426819,
    0.6960411071777344,
    0.672520101070404,
    0.6904765963554382,
    0.7240209579467773,
    0.7294124960899353,
    0.7435185313224792,
    0.742838442325592,
    0.7373859286308289,
    0.7480934262275696,
    0.7581064105033875,
    0.7496440410614014,
    0.7552712559700012,
    0.7568861842155457,
    0.7639846801757812,
    0.765455961227417,
    0.7799897789955139,
    0.7583490014076233,
    0.7770307660102844,
    0.7732567191123962,
    0.7913222908973694,
    0.8018943667411804,
    0.8246831297874451,
    0.8195949196815491,
    0.8565728068351746,
    0.8439920544624329,
    0.8242104649543762,
    0.8370192646980286,
    0.836696445941925,
    0.8225512504577637,
    0.8467515110969543,
    0.8500127196311951,
    0.8305417895317078,
    0.8539956212043762,
    0.8484869003295898,
    0.8329148888587952,
    0.8689815402030945,
    0.8716404438018799,
    0.8337370753288269,
    0.8219192028045654,
    0.8265190124511719,
    0.7877559065818787,
    0.8141918182373047,
    0.7681716084480286,
    0.8057146072387695
  ],
  "all_framewise_lpips": [
    0.43285709619522095,
    0.40615442395210266,
    0.43841326236724854,
    0.48479709029197693,
    0.4489239454269409,
    0.42266637086868286,
    0.44281256198883057,
    0.4875428378582001,
    0.5575348734855652,
    0.5870901942253113,
    0.5783880949020386,
    0.5698798894882202,
    0.6420971155166626,
    0.5871986150741577,
    0.5843001008033752,
    0.6014149785041809,
    0.6254859566688538,
    0.6421433091163635,
    0.6581317186355591,
    0.6120712161064148,
    0.6306180357933044,
    0.6906631588935852,
    0.6675323247909546,
    0.6332828402519226,
    0.6790728569030762,
    0.649852991104126,
    0.598112165927887,
    0.6650204658508301,
    0.6571935415267944,
    0.632879376411438,
    0.6390467882156372,
    0.5909563899040222,
    0.5550779104232788,
    0.5346032977104187,
    0.48094552755355835,
    0.5657095313072205,
    0.680131733417511,
    0.6944366097450256,
    0.7025368213653564,
    0.6854236125946045,
    0.6607827544212341,
    0.6599171757698059,
    0.6678749322891235,
    0.628157913684845,
    0.6277945637702942,
    0.6404363512992859,
    0.6692568063735962,
    0.7527856230735779,
    0.7292383313179016,
    0.6339436173439026,
    0.6185020208358765,
    0.6708667278289795,
    0.6664799451828003,
    0.6612682342529297,
    0.6825913786888123,
    0.710304856300354,
    0.7413554191589355,
    0.7696532011032104,
    0.731242835521698,
    0.6898506879806519,
    0.6603313684463501,
    0.6318998336791992,
    0.6262319684028625,
    0.6287649869918823,
    0.6049808263778687,
    0.5969709753990173,
    0.6042302250862122,
    0.582346498966217,
    0.5778727531433105,
    0.5782427787780762,
    0.5678091049194336,
    0.558157742023468,
    0.586569607257843,
    0.5303186774253845,
    0.5486962199211121,
    0.5812172889709473,
    0.5597697496414185,
    0.5576145052909851,
    0.5657647252082825,
    0.4868118166923523,
    0.4735078811645508,
    0.5098046660423279,
    0.47982996702194214,
    0.473721981048584,
    0.5095718502998352,
    0.4766252934932709,
    0.47576743364334106,
    0.526012659072876,
    0.48696205019950867,
    0.4876841902732849,
    0.5240190029144287,
    0.47383755445480347,
    0.4634414613246918,
    0.5270608067512512,
    0.5306401252746582,
    0.5214395523071289,
    0.5898239016532898,
    0.5599710941314697,
    0.6056967973709106,
    0.4488784670829773
  ]
}