{
  "n_frames": 100,
  "scenewise_psnr": 19.482790601899055,
  "scenewise_ssim": 0.47012267413606423,
  "scenewise_lpips": 0.6569588989019394,
  "all_framewise_psnrs": [
    21.109855981559093,
    21.81770891669499,
    20.725013749729847,
    21.288455520039413,
    21.72745736186391,
    20.85806949451433,
    20.5982492884269,
    19.91787362908775,
    19.602777806281857,
    19.163478296525234,
    18.905160993906566,
    19.13562307970706,
    19.11652660017645,
    19.325850174030496,
    19.628552696491862,
    18.857305419932576,
    19.29987828454358,
    18.854530938730402,
    19.023433271870417,
    19.364970178767955,
    17.682012791402432,
    17.727760476013458,
    18.539552793681317,
    20.016640210784985,
    19.573335675798027,
    19.266339568594496,
    19.673185046779615,
    18.1838219395199,
    21.0324027889625,
    20.83450511751826,
    17.024686027830207,
    17.165736784516888,
    19.18298621563268,
    19.64204373722233,
    20.247903949943794,
    21.290291373971545,
    20.88298207181913,
    19.546255455268554,
    18.226306797900037,
    19.301436289199867,
    20.268153587083,
    19.51040387663187,
    20.635875436581692,
    20.41910889103677,
    18.76307780993818,
    20.415829862859972,
    21.431788182247633,
    22.571419035993504,
    21.875241782448693,
    21.298349893290208,
    20.021575762976482,
    19.840459462911323,
    20.22282624759082,
    20.025196186680287,
    17.054653672765706,
    17.835431011391748,
    18.551722965338936,
    17.83549145712801,
    19.60622893011935,
    20.671943302910513,
    20.65238756197096,
    19.677610674187342,
    19.69750258478992,
    19.89237177026216,
    18.89971280287667,
    18.69575718665217,
    16.633116169032075,
    18.23684463513175,
    16.175459481658393,
    20.203862539413674,
    20.916426707650096,
    20.06336709325116,
    18.7530791708804,
    18.36479889804335,
    18.46214400047399,
    22.31910137680641,
    19.86538842017246,
    17.44684552198388,
    16.464517924118706,
    18.116779659230854,
    18.18082169865797,
    21.169927336853455,
    21.4643661056447,
    21.080315126008355,
    19.642747758556453,
    19.88471837896964,
    18.852195744055308,
    19.107572229645445,
    17.242327772640515,
    18.21140244910061,
    20.570404308417114,
    21.44284288932127,
    22.381037394325798,
    21.003692969303216,
    21.07338486608191,
    21.50208611621882,
    21.891716247936344,
    21.613633706936834,
    23.335609644716367,
    21.878558359627405
  ],
  "all_framewise_ssim": [
    0.5320367217063904,
    0.5490436553955078,
    0.4844408929347992,
    0.5013065934181213,
    0.4983413517475128,
    0.4690052270889282,
    0.4612617790699005,
    0.44744065403938293,
    0.4351135790348053,
    0.426361083984375,
    0.4279770851135254,
    0.437054842710495,
    0.4225945770740509,
    0.43414080142974854,
    0.42763105034828186,
    0.4162992238998413,
    0.4372236430644989,
    0.41189369559288025,
    0.40351763367652893,
    0.40894612669944763,
    0.3861573040485382,
    0.3730204105377197,
    0.378436416387558,
    0.41372814774513245,
    0.4069525897502899,
    0.410916805267334,
    0.428286075592041,
    0.3983570337295532,
    0.43254050612449646,
    0.42529726028442383,
    0.36893391609191895,
    0.38084694743156433,
    0.3865201473236084,
    0.3972742557525635,
    0.41971585154533386,
    0.4502670466899872,
    0.4323646128177643,
    0.3987071216106415,
    0.38272738456726074,
    0.38730528950691223,
    0.43012985587120056,
    0.4446694850921631,
    0.5019063353538513,
    0.5336663722991943,
    0.5044385194778442,
    0.5266127586364746,
    0.564581573009491,
    0.5946925282478333,
    0.5720651745796204,
    0.5800454616546631,
    0.5505040287971497,
    0.5355184674263,
    0.5539829730987549,
    0.5298526883125305,
    0.48048415780067444,
    0.5387586951255798,
    0.5242523550987244,
    0.5249230861663818,
    0.5435042977333069,
    0.5502107739448547,
    0.5291489958763123,
    0.5170398354530334,
    0.499662309885025,
    0.5086143612861633,
    0.5389131903648376,
    0.5251501202583313,
    0.4810141623020172,
    0.43550941348075867,
    0.4340718984603882,
    0.5319401621818542,
    0.5511714816093445,
    0.5259844064712524,
    0.4494718015193939,
    0.44630590081214905,
    0.48245906829833984,
    0.5431200265884399,
    0.49930891394615173,
    0.4292210042476654,
    0.41371557116508484,
    0.45842453837394714,
    0.4538450241088867,
    0.4790553152561188,
    0.4913635551929474,
    0.48799335956573486,
    0.4443300664424896,
    0.4742389917373657,
    0.43463823199272156,
    0.40231311321258545,
    0.38470521569252014,
    0.45370247960090637,
    0.4816398620605469,
    0.5104097723960876,
    0.5254175662994385,
    0.48172998428344727,
    0.4666028916835785,
    0.46326538920402527,
    0.4384464919567108,
    0.5021683573722839,
    0.5049258470535278,
    0.5078375339508057
  ],
  "all_framewise_lpips": [
    0.5350581407546997,
    0.5128480195999146,
    0.5388211011886597,
    0.5503861308097839,
    0.5522482991218567,
    0.5865092277526855,
    0.6022136211395264,
    0.6002974510192871,
    0.599663496017456,
    0.6179064512252808,
    0.6219603419303894,
    0.6192792654037476,
    0.636929452419281,
    0.6248935461044312,
    0.6251220107078552,
    0.6518321633338928,
    0.6484876275062561,
    0.6617334485054016,
    0.6975314617156982,
    0.6907401084899902,
    0.6980384588241577,
    0.6975280046463013,
    0.6693510413169861,
    0.6539953947067261,
    0.6623262166976929,
    0.6601403951644897,
    0.6627313494682312,
    0.6870269179344177,
    0.6580492854118347,
    0.6586581468582153,
    0.7002143263816833,
    0.6828935146331787,
    0.6486620306968689,
    0.6549445986747742,
    0.6536963582038879,
    0.6575837135314941,
    0.6834456324577332,
    0.6815182566642761,
    0.6698817014694214,
    0.6743289232254028,
    0.660649836063385,
    0.6632710695266724,
    0.6633522510528564,
    0.6581113934516907,
    0.6580724716186523,
    0.6518601775169373,
    0.6324732899665833,
    0.6236775517463684,
    0.6339637041091919,
    0.6233786344528198,
    0.6413528919219971,
    0.6751808524131775,
    0.6412695646286011,
    0.6528750658035278,
    0.6677864789962769,
    0.6461210250854492,
    0.6593351364135742,
    0.6628387570381165,
    0.6437371969223022,
    0.6383615732192993,
    0.6623032093048096,
    0.6696649789810181,
    0.6795823574066162,
    0.6836929321289062,
    0.6769691705703735,
    0.6767171621322632,
    0.6947166323661804,
    0.7007393836975098,
    0.7150933742523193,
    0.6957899332046509,
    0.6705408692359924,
    0.6711435317993164,
    0.6850106120109558,
    0.6703041791915894,
    0.6418583393096924,
    0.5967738032341003,
    0.6046936511993408,
    0.6492725610733032,
    0.6671184301376343,
    0.6405887007713318,
    0.6471704840660095,
    0.6882343292236328,
    0.6831294298171997,
    0.68043053150177,
    0.7068183422088623,
    0.6871084570884705,
    0.688820481300354,
    0.7053433656692505,
    0.7043597102165222,
    0.7018756866455078,
    0.7129300236701965,
    0.6873476505279541,
    0.6813074350357056,
    0.7223452925682068,
    0.7241498231887817,
    0.6872425079345703,
    0.6934609413146973,
    0.6613182425498962,
    0.6300211548805237,
    0.6627576351165771
  ]
}