{
  "n_frames": 100,
  "scenewise_psnr": 11.693635952421367,
  "scenewise_ssim": 0.5074930059106464,
  "scenewise_lpips": 0.8446596044301987,
  "all_framewise_psnrs": [
    12.752041633792999,
    12.762512102770964,
    12.51747913875966,
    13.299224431919905,
    10.736799527981972,
    12.816474516952693,
    12.304549156391806,
    11.25775598761076,
    11.667303782994146,
    11.34497565282671,
    12.547377197656743,
    12.74674733232343,
    13.088490170455966,
    12.467226285026026,
    11.91146374890935,
    12.498444094650354,
    11.35710645778853,
    10.84871966560399,
    10.832827831093004,
    11.568191102868575,
    12.540108905449877,
    11.844866948647264,
    11.531122156553135,
    12.613459666555853,
    13.083316887532089,
    13.100651147529291,
    12.42979612617579,
    10.967897100733847,
    11.901636773524,
    11.481324226766006,
    11.432751888904544,
    12.842435054062129,
    11.703844917755237,
    11.031052349669645,
    10.589398227829761,
    12.045417403751948,
    12.504318556555456,
    12.0397452787468,
    12.95018610949648,
    12.111038535420375,
    13.401161352006136,
    14.201378298879677,
    18.726792705320122,
    12.565392491466287,
    12.511748407471398,
    9.722665876429343,
    9.52314247189845,
    11.768686564285378,
    10.640691839333684,
    11.049239907650083,
    10.287154169372691,
    11.036718309437411,
    9.19900325200122,
    8.719056013200223,
    9.287993197020565,
    10.108717957256513,
    10.002312491388647,
    10.119055481506901,
    11.258346501683443,
    9.912186723686565,
    8.469753361756545,
    9.046546060249478,
    8.995341836034221,
    12.2049616876395,
    12.11406420755365,
    12.007481017780478,
    12.834691057645086,
    13.568124805824082,
    14.603749092672757,
    18.208473332071083,
    19.238754650838622,
    16.38362421694202,
    15.044247933342332,
    14.399066712303563,
    10.862754829669221,
    11.165184161688476,
    11.3521068484327,
    12.299349022368942,
    11.968326973562313,
    12.188880013003926,
    10.948940663548886,
    10.735496540045947,
    11.262370272833966,
    10.169215211346305,
    10.947456951450851,
    11.824208272526192,
    14.166040831018737,
    13.252522985634736,
    13.50749936907202,
    11.76530176752686,
    11.1617749229605,
    10.880580179751298,
    11.928041085650264,
    11.903048795173099,
    11.583400133021126,
    12.132826789654041,
    11.815212952380534,
    13.415148516359817,
    13.40256997825231,
    11.478903314456158
  ],
  "all_framewise_ssim": [
    0.5136955380439758,
    0.5119569897651672,
    0.5013821721076965,
    0.5263240337371826,
    0.5196377038955688,
    0.5096634030342102,
    0.47414517402648926,
    0.44467851519584656,
    0.4411320686340332,
    0.4344345033168793,
    0.5139147639274597,
    0.5138885974884033,
    0.5209318995475769,
    0.5600914359092712,
    0.5302173495292664,
    0.5322245955467224,
    0.46556615829467773,
    0.43922188878059387,
    0.4728158712387085,
    0.4557460844516754,
    0.5247247815132141,
    0.5143457055091858,
    0.5434417128562927,
    0.5754777193069458,
    0.5581328272819519,
    0.5504747033119202,
    0.5376221537590027,
    0.47860386967658997,
    0.4627330005168915,
    0.448596715927124,
    0.4480821192264557,
    0.490747332572937,
    0.4951346814632416,
    0.46731331944465637,
    0.46023616194725037,
    0.4558042585849762,
    0.4524761140346527,
    0.4794415235519409,
    0.5088475346565247,
    0.5000686049461365,
    0.5163067579269409,
    0.5333573818206787,
    0.5863246917724609,
    0.48154416680336,
    0.5285353064537048,
    0.5271809101104736,
    0.5107511281967163,
    0.5277600288391113,
    0.4224945604801178,
    0.44976094365119934,
    0.4668252468109131,
    0.5032702088356018,
    0.49837788939476013,
    0.514447808265686,
    0.49747776985168457,
    0.4663420021533966,
    0.4405744969844818,
    0.4359731674194336,
    0.45534929633140564,
    0.4643930494785309,
    0.45998644828796387,
    0.5471794009208679,
    0.4966919422149658,
    0.5101232528686523,
    0.4903958737850189,
    0.4924520254135132,
    0.5296153426170349,
    0.5660575032234192,
    0.5695973038673401,
    0.5672097206115723,
    0.5914710164070129,
    0.6057000756263733,
    0.5859984755516052,
    0.5806184411048889,
    0.5433189272880554,
    0.5214235782623291,
    0.45578739047050476,
    0.46444249153137207,
    0.4803564250469208,
    0.5152794718742371,
    0.4665040075778961,
    0.4270972013473511,
    0.4847804009914398,
    0.4454629421234131,
    0.4737679958343506,
    0.5395084023475647,
    0.5973350405693054,
    0.6231527924537659,
    0.6294975280761719,
    0.5975504517555237,
    0.5575506091117859,
    0.5173407196998596,
    0.4694313704967499,
    0.4628271162509918,
    0.5110868811607361,
    0.5613146424293518,
    0.5425089597702026,
    0.5544121861457825,
    0.5179140567779541,
    0.41613996028900146
  ],
  "all_framewise_lpips": [
    0.7957382798194885,
    0.7962807416915894,
    0.8119202256202698,
    0.762894332408905,
    0.8099727034568787,
    0.7803647518157959,
    0.846219539642334,
    0.85444176197052,
    0.8748642206192017,
    0.8730567097663879,
    0.7921106219291687,
    0.8088866472244263,
    0.8076422214508057,
    0.7849169373512268,
    0.8050616979598999,
    0.8147783875465393,
    0.8672680854797363,
    0.888713002204895,
    0.8685319423675537,
    0.8761444091796875,
    0.8428052663803101,
    0.8195953965187073,
    0.8055266737937927,
    0.8110905885696411,
    0.8158661127090454,
    0.8133178949356079,
    0.8083773851394653,
    0.8634129762649536,
    0.8636515140533447,
    0.8761343955993652,
    0.8643913269042969,
    0.8519551753997803,
    0.8451358675956726,
    0.8837113976478577,
    0.8861998319625854,
    0.8775892853736877,
    0.881708025932312,
    0.8813567161560059,
    0.8659303188323975,
    0.866358757019043,
    0.8560818433761597,
    0.821537971496582,
    0.7848506569862366,
    0.8843821883201599,
    0.8750032782554626,
    0.8731480240821838,
    0.8835622072219849,
    0.880749523639679,
    0.9322681427001953,
    0.9227772951126099,
    0.9187852144241333,
    0.9068587422370911,
    0.9076623320579529,
    0.8903600573539734,
    0.9074558019638062,
    0.9053915143013,
    0.9288328289985657,
    0.9131507277488708,
    0.9096906185150146,
    0.9062893390655518,
    0.9310572147369385,
    0.8608328104019165,
    0.8718828558921814,
    0.8479007482528687,
    0.8736906051635742,
    0.8733041286468506,
    0.8351761698722839,
    0.773711085319519,
    0.7741259932518005,
    0.7936079502105713,
    0.7699823975563049,
    0.7236990332603455,
    0.7337170839309692,
    0.7369999885559082,
    0.7942742109298706,
    0.8171073198318481,
    0.868167519569397,
    0.8742390275001526,
    0.8430972695350647,
    0.8192501664161682,
    0.8579769134521484,
    0.8762307167053223,
    0.8507934808731079,
    0.8918961882591248,
    0.8708966970443726,
    0.8006398677825928,
    0.795785129070282,
    0.7796859741210938,
    0.7972173690795898,
    0.7724379301071167,
    0.8064954280853271,
    0.832534670829773,
    0.8618587255477905,
    0.8625749349594116,
    0.8322725296020508,
    0.7977291941642761,
    0.8273661732673645,
    0.8324986696243286,
    0.8310715556144714,
    0.9194142818450928
  ]
}