{
  "n_frames": 87,
  "scenewise_psnr": 18.366703409848565,
  "scenewise_ssim": 0.354107075799444,
  "scenewise_lpips": 0.6453733848429274,
  "all_framewise_psnrs": [
    17.349606456027384,
    18.99338142293931,
    18.61616035733449,
    18.706250587295997,
    18.15133808163802,
    19.10902584087824,
    17.741122480705485,
    19.71002207998593,
    17.807485789394274,
    17.811750508955953,
    16.959277278587802,
    18.55522047504111,
    18.703911526630755,
    18.715006524064105,
    18.846410382368653,
    19.111355663861627,
    19.300070379549172,
    19.845527343108987,
    18.42551760709568,
    19.682796468995882,
    18.14013267503418,
    17.029466960403624,
    16.687428232341542,
    16.581161867998738,
    17.416714779214285,
    17.461418126970997,
    17.301357872988195,
    17.63822475827383,
    18.95518071803698,
    18.07279317558819,
    19.552265070841628,
    18.861691577058004,
    18.789795471999856,
    18.055809717793693,
    17.86477266276686,
    19.144276814937584,
    18.735754351835606,
    18.575666075025477,
    18.726297958715488,
    18.893306114213427,
    16.56476945193838,
    18.413962496634568,
    19.248658163115312,
    20.191213362178658,
    19.554088594788446,
    19.952041527919913,
    20.176441111751554,
    18.805764978586602,
    19.083367932134813,
    19.154877480044185,
    19.516500107639633,
    19.4514997473642,
    19.426254671591312,
    19.176136008843613,
    19.13098395698496,
    18.49691645040779,
    19.24032551252276,
    19.125150265843047,
    19.060030990429517,
    18.423051199800298,
    18.873744022518192,
    18.498093210764125,
    18.661842026238105,
    18.184883551841516,
    18.805117082847527,
    18.876438688884157,
    18.272501026415583,
    17.65556915404719,
    17.86015112631649,
    17.55256643088557,
    18.046323722748784,
    17.927364980107612,
    17.505066832259576,
    17.29124569937613,
    18.382809621462993,
    17.80005184625325,
    17.162118501463425,
    17.961177374231898,
    17.735835661219888,
    17.818078604112376,
    18.01502753987392,
    18.09105966473314,
    18.523021323045988,
    18.19798746813102,
    17.917239632740433,
    17.9311110601532,
    18.235888801514598
  ],
  "all_framewise_ssim": [
    0.33052438497543335,
    0.40011003613471985,
    0.3882194757461548,
    0.40076133608818054,
    0.3533676862716675,
    0.3879615366458893,
    0.2887561619281769,
    0.4384734332561493,
    0.3579613268375397,
    0.34019196033477783,
    0.2714076042175293,
    0.3093813359737396,
    0.38613566756248474,
    0.3941597044467926,
    0.41392722725868225,
    0.4198754131793976,
    0.4534677565097809,
    0.49092236161231995,
    0.5003421306610107,
    0.528419554233551,
    0.4589574635028839,
    0.33431005477905273,
    0.2609838843345642,
    0.2607877552509308,
    0.3424370288848877,
    0.33613014221191406,
    0.3044765889644623,
    0.28769347071647644,
    0.40785646438598633,
    0.34056201577186584,
    0.4340883791446686,
    0.3959444463253021,
    0.3883410394191742,
    0.33943286538124084,
    0.3689744770526886,
    0.4154846668243408,
    0.4054712951183319,
    0.3929833471775055,
    0.41893497109413147,
    0.40282145142555237,
    0.27107247710227966,
    0.3602965772151947,
    0.3603260815143585,
    0.4231092929840088,
    0.38833141326904297,
    0.4038200080394745,
    0.43593668937683105,
    0.3611839711666107,
    0.3606177270412445,
    0.3643898069858551,
    0.37164080142974854,
    0.3581737279891968,
    0.365837961435318,
    0.33722934126853943,
    0.32614412903785706,
    0.3034473955631256,
    0.3402820825576782,
    0.31567737460136414,
    0.3465108871459961,
    0.34153008460998535,
    0.3607107698917389,
    0.36158156394958496,
    0.3710634708404541,
    0.3017650842666626,
    0.34399059414863586,
    0.3401462137699127,
    0.2888377904891968,
    0.2680457830429077,
    0.2681242823600769,
    0.2688582241535187,
    0.2964121401309967,
    0.34037724137306213,
    0.3109789788722992,
    0.28395143151283264,
    0.3552950620651245,
    0.28884726762771606,
    0.25618770718574524,
    0.29046085476875305,
    0.26630857586860657,
    0.28212517499923706,
    0.29360172152519226,
    0.30404719710350037,
    0.3393392860889435,
    0.30831289291381836,
    0.2984102666378021,
    0.34278932213783264,
    0.37353840470314026
  ],
  "all_framewise_lpips": [
    0.6335177421569824,
    0.5380977392196655,
    0.5186763405799866,
    0.5572537183761597,
    0.5799869894981384,
    0.5822822451591492,
    0.6311551928520203,
    0.5845197439193726,
    0.6272515058517456,
    0.6231216788291931,
    0.7140234708786011,
    0.6971487998962402,
    0.645636260509491,
    0.6568721532821655,
    0.6494662165641785,
    0.678831934928894,
    0.6492127776145935,
    0.6237407326698303,
    0.630692720413208,
    0.6184794306755066,
    0.6884234547615051,
    0.7371467351913452,
    0.751803457736969,
    0.7477239370346069,
    0.6861473321914673,
    0.6796857118606567,
    0.6915016770362854,
    0.7527421116828918,
    0.6634971499443054,
    0.6704015731811523,
    0.6342552304267883,
    0.63167804479599,
    0.6212184429168701,
    0.6444493532180786,
    0.6323674321174622,
    0.6480053067207336,
    0.6457959413528442,
    0.6341351270675659,
    0.6530038118362427,
    0.7018852829933167,
    0.745194673538208,
    0.695221483707428,
    0.6444950103759766,
    0.6316086053848267,
    0.6335382461547852,
    0.660124659538269,
    0.6037207245826721,
    0.6358254551887512,
    0.6653169393539429,
    0.624076247215271,
    0.6445379257202148,
    0.6788697838783264,
    0.6356611251831055,
    0.6404762268066406,
    0.630753219127655,
    0.5917088389396667,
    0.5819941163063049,
    0.6326046586036682,
    0.5821073055267334,
    0.5824054479598999,
    0.6019766926765442,
    0.5765956044197083,
    0.5720700621604919,
    0.6412258744239807,
    0.606985867023468,
    0.6390141248703003,
    0.6930660009384155,
    0.6755150556564331,
    0.68365079164505,
    0.7362862825393677,
    0.6562567949295044,
    0.62676602602005,
    0.6607948541641235,
    0.6629112958908081,
    0.6275261044502258,
    0.6925907135009766,
    0.6809927225112915,
    0.6639153957366943,
    0.7432559728622437,
    0.6979438662528992,
    0.6857845187187195,
    0.6239326000213623,
    0.5926356911659241,
    0.6223830580711365,
    0.6451735496520996,
    0.5805007815361023,
    0.5616589784622192
  ]
}