{
  "n_frames": 100,
  "scenewise_psnr": 18.470121729919736,
  "scenewise_ssim": 0.27766572240271614,
  "scenewise_lpips": 0.7922846812009812,
  "all_framewise_psnrs": [
    20.01088380793859,
    21.6109739880665,
    21.372218965075106,
    20.569107962515737,
    20.22627416062724,
    20.813611062960675,
    20.97742629529233,
    20.436376599552485,
    20.721515582067504,
    20.47492183082776,
    19.834325923360826,
    20.09299591897507,
    19.725166316505,
    20.130100616832046,
    19.643953054696265,
    19.588951733515056,
    18.929207548005667,
    19.607314758554985,
    19.40630668710714,
    19.36139191703748,
    18.724726305500074,
    19.1392233622849,
    19.603720260274557,
    19.39134073224517,
    19.438176824009318,
    19.742278857029618,
    19.64112868007423,
    19.57554403224423,
    19.394546525179607,
    19.561603515397945,
    19.51689671871407,
    19.291798715046845,
    18.21189547207814,
    18.385832536517572,
    18.368867404494658,
    18.242270489659752,
    18.29025284224529,
    18.242430509629767,
    17.904706932025473,
    17.933188865899936,
    17.83956635805562,
    18.342353160782153,
    18.473689015421936,
    17.230223766729168,
    18.220467471053475,
    17.998538721452057,
    18.092332147195503,
    18.256955871984463,
    18.05900133300473,
    17.954173293547765,
    18.370109459433948,
    18.263906895610532,
    18.03404926524266,
    18.37079538160115,
    18.435771648200515,
    18.332126166035835,
    18.074974953602386,
    18.28716047153929,
    18.167657991510886,
    18.618877548875194,
    18.178927821057357,
    18.249547508149533,
    18.251988423860126,
    18.082767431076586,
    18.02005282050841,
    18.239471498696233,
    18.051454060903225,
    17.965402872161903,
    18.054804257926374,
    18.275913641356997,
    18.00947247402788,
    18.038265969443334,
    17.641487421784838,
    17.77777174853382,
    17.866129497629167,
    17.707380531030577,
    17.22412633183081,
    17.466762028938255,
    17.250965964130444,
    17.723668878535236,
    17.298688753792952,
    17.556646445414046,
    17.482130141559274,
    17.526878746126688,
    17.799148229717154,
    18.071435341834977,
    17.819825369100798,
    18.031756578137767,
    17.954875365575106,
    17.816921661222985,
    17.613029702171204,
    17.558044491192074,
    17.345456844225676,
    17.58680475426596,
    17.517196813562826,
    17.61182015073556,
    17.628911592917433,
    18.150490708212217,
    17.838562519471015,
    18.12660883705216
  ],
  "all_framewise_ssim": [
    0.3728981018066406,
    0.46377936005592346,
    0.45331743359565735,
    0.41257163882255554,
    0.3820253312587738,
    0.40014541149139404,
    0.3950566053390503,
    0.37291768193244934,
    0.35074612498283386,
    0.36688292026519775,
    0.3285149037837982,
    0.33900079131126404,
    0.30620548129081726,
    0.326933890581131,
    0.2964765727519989,
    0.2793251574039459,
    0.2651248872280121,
    0.31701356172561646,
    0.3106047213077545,
    0.31373903155326843,
    0.26752761006355286,
    0.3239729702472687,
    0.32851752638816833,
    0.30804184079170227,
    0.2851525545120239,
    0.2945708930492401,
    0.3027629554271698,
    0.3048372268676758,
    0.276116281747818,
    0.3171369135379791,
    0.3042233884334564,
    0.2838025689125061,
    0.2246965616941452,
    0.2396557331085205,
    0.2486373633146286,
    0.24684958159923553,
    0.2581231892108917,
    0.27038443088531494,
    0.25074702501296997,
    0.25258395075798035,
    0.23311491310596466,
    0.28553175926208496,
    0.29954567551612854,
    0.27661699056625366,
    0.23067927360534668,
    0.26317277550697327,
    0.2661854922771454,
    0.26621925830841064,
    0.24361450970172882,
    0.26714181900024414,
    0.2838459014892578,
    0.25877848267555237,
    0.2515208423137665,
    0.27207446098327637,
    0.29538264870643616,
    0.28974926471710205,
    0.25662901997566223,
    0.2729347348213196,
    0.2533552646636963,
    0.2653033435344696,
    0.22340230643749237,
    0.2382591813802719,
    0.23594491183757782,
    0.24874325096607208,
    0.23309947550296783,
    0.27115532755851746,
    0.26926663517951965,
    0.2601495683193207,
    0.228226900100708,
    0.263213187456131,
    0.2468213587999344,
    0.23548062145709991,
    0.1803431361913681,
    0.2295922487974167,
    0.2461864948272705,
    0.23455137014389038,
    0.19671308994293213,
    0.22246074676513672,
    0.20919673144817352,
    0.2461727112531662,
    0.19394324719905853,
    0.2170449048280716,
    0.2137213945388794,
    0.22604791820049286,
    0.27473464608192444,
    0.2722892463207245,
    0.24187688529491425,
    0.2550103962421417,
    0.23809079825878143,
    0.2500690519809723,
    0.25990068912506104,
    0.23752593994140625,
    0.1950516253709793,
    0.24451084434986115,
    0.2684035003185272,
    0.2804774045944214,
    0.27175477147102356,
    0.2810969054698944,
    0.2625713646411896,
    0.291103333234787
  ],
  "all_framewise_lpips": [
    0.5496711134910583,
    0.5096834301948547,
    0.5208864212036133,
    0.5289878845214844,
    0.5755490660667419,
    0.5816810727119446,
    0.5952805280685425,
    0.5999101400375366,
    0.6426348090171814,
    0.6180406808853149,
    0.6422772407531738,
    0.6449695229530334,
    0.6727361083030701,
    0.6729757189750671,
    0.6895489692687988,
    0.6912792325019836,
    0.7069600224494934,
    0.6776188015937805,
    0.6812400817871094,
    0.67762291431427,
    0.718620240688324,
    0.6774053573608398,
    0.6965174674987793,
    0.7128891944885254,
    0.7487431764602661,
    0.7397924065589905,
    0.7404355406761169,
    0.7339054346084595,
    0.7592240571975708,
    0.7289416790008545,
    0.7467361688613892,
    0.7532413601875305,
    0.8334643840789795,
    0.8017849326133728,
    0.7990211248397827,
    0.8117775321006775,
    0.8099261522293091,
    0.800108790397644,
    0.8270199298858643,
    0.8236255645751953,
    0.8371580243110657,
    0.7976552844047546,
    0.7900077700614929,
    0.8164269924163818,
    0.8633469343185425,
    0.8338220119476318,
    0.830373227596283,
    0.834423840045929,
    0.8603215217590332,
    0.8470694422721863,
    0.8380159139633179,
    0.8533980846405029,
    0.868687629699707,
    0.8442092537879944,
    0.8261181116104126,
    0.8320158123970032,
    0.8734113574028015,
    0.8561606407165527,
    0.8728712201118469,
    0.8740907907485962,
    0.8925871849060059,
    0.8813011646270752,
    0.8829632997512817,
    0.8707102537155151,
    0.8881567120552063,
    0.8617237210273743,
    0.8637166023254395,
    0.8617219924926758,
    0.8975276947021484,
    0.8578778505325317,
    0.8710169196128845,
    0.8650017380714417,
    0.9150177240371704,
    0.8706510066986084,
    0.859407901763916,
    0.8657358884811401,
    0.9125397801399231,
    0.8746609091758728,
    0.8923797607421875,
    0.8593229651451111,
    0.9214940667152405,
    0.8791682720184326,
    0.8870397806167603,
    0.8762657642364502,
    0.8462161421775818,
    0.8420259952545166,
    0.8668703436851501,
    0.8517753481864929,
    0.8733785152435303,
    0.8568881750106812,
    0.84197598695755,
    0.8627786636352539,
    0.902911365032196,
    0.8521643280982971,
    0.8170192241668701,
    0.8374658823013306,
    0.8257886171340942,
    0.821469783782959,
    0.828763484954834,
    0.8006691932678223
  ]
}