{
  "n_frames": 100,
  "scenewise_psnr": 23.735795510410924,
  "scenewise_ssim": 0.7502981131133559,
  "scenewise_lpips": 0.306360054910183,
  "all_framewise_psnrs": [
    24.74959069887163,
    25.22806718423302,
    25.456014833425407,
    24.44394200030211,
    25.232426794389028,
    25.42794921720247,
    24.378330827903984,
    24.89128262398099,
    24.109572857134594,
    24.77520759406235,
    24.20682796066094,
    23.803284497764146,
    23.898610652160365,
    24.327542001002513,
    24.458094355721236,
    24.860668385356668,
    24.088486342387156,
    25.31912000497483,
    26.40016183855159,
    26.432934843105787,
    26.222793003521588,
    25.872456850353093,
    24.76143310463081,
    25.033743346900714,
    25.26103714259957,
    24.248588444318145,
    24.882631344998288,
    24.570080620625294,
    24.02294715052648,
    24.64895060926175,
    25.44286891123152,
    24.84696909430662,
    25.96687129581303,
    25.815071424182022,
    24.698069574816284,
    25.509403855748154,
    24.59703236998741,
    23.270170502293016,
    21.766248676163883,
    23.296128857112812,
    22.58993178684242,
    23.44774778237554,
    25.932553180054754,
    24.930402740536724,
    25.44369649398595,
    25.29158192081242,
    27.056589600790865,
    26.556914979465436,
    25.895817445398677,
    25.385425772787052,
    24.56223517250789,
    23.64291623524339,
    23.679098000015365,
    23.79664851264394,
    22.835361167733094,
    22.059298059746112,
    21.69327706352987,
    22.344048408490238,
    22.23634499305172,
    22.11337312755834,
    20.776833133105455,
    22.033440583358246,
    22.253143020148606,
    22.767450600998387,
    20.462059814604952,
    20.739354503552917,
    18.868388064205128,
    17.868148215093527,
    16.66570411865646,
    18.562515601167654,
    21.602377766578478,
    24.180057058185383,
    23.95372595306595,
    25.08033089616893,
    24.503215562441646,
    24.663401143229848,
    24.076892024267558,
    21.84013308487991,
    22.928132706094864,
    25.450906354162917,
    26.44631087927535,
    24.715275582381153,
    25.370197197845712,
    25.659163215837705,
    24.60239382897495,
    24.963593915342386,
    24.929831954333235,
    24.89054889114935,
    25.69680708031969,
    25.91559516781306,
    26.211859769873254,
    26.341820772322144,
    25.97706077987737,
    25.93460874547427,
    27.212575413538666,
    28.337374835429856,
    27.6938241856356,
    25.924117915576836,
    25.88075036575855,
    26.183527242359105
  ],
  "all_framewise_ssim": [
    0.8114624619483948,
    0.8248140215873718,
    0.8293185234069824,
    0.7986987233161926,
    0.8275554776191711,
    0.8198504447937012,
    0.7976414561271667,
    0.8216050267219543,
    0.7960959076881409,
    0.8173914551734924,
    0.8043578267097473,
    0.7801259160041809,
    0.796938419342041,
    0.8106663227081299,
    0.8179543614387512,
    0.8270621299743652,
    0.8031084537506104,
    0.8420023918151855,
    0.8614833950996399,
    0.8617240786552429,
    0.8582865595817566,
    0.8475520014762878,
    0.8248642086982727,
    0.826010525226593,
    0.8230245113372803,
    0.8011494278907776,
    0.8213567733764648,
    0.810522735118866,
    0.7869599461555481,
    0.7811484336853027,
    0.7880096435546875,
    0.7632253170013428,
    0.8166301250457764,
    0.8109639286994934,
    0.7874012589454651,
    0.7777464985847473,
    0.7718274593353271,
    0.7245751023292542,
    0.7131833434104919,
    0.7262279391288757,
    0.7184221744537354,
    0.7547986507415771,
    0.7912865281105042,
    0.7768481373786926,
    0.7945938110351562,
    0.8052433133125305,
    0.8084076046943665,
    0.7869411110877991,
    0.7542145252227783,
    0.7290959358215332,
    0.7166273593902588,
    0.6957128643989563,
    0.682324230670929,
    0.68630450963974,
    0.667485237121582,
    0.629800021648407,
    0.6452199816703796,
    0.6741065382957458,
    0.6921098828315735,
    0.6815388798713684,
    0.6663562655448914,
    0.6998292803764343,
    0.6885892748832703,
    0.6803145408630371,
    0.6311125755310059,
    0.5423651337623596,
    0.47352004051208496,
    0.4561890661716461,
    0.45106205344200134,
    0.4751542806625366,
    0.5795308947563171,
    0.677459180355072,
    0.6717190742492676,
    0.7244743704795837,
    0.7305192351341248,
    0.7382857203483582,
    0.7159137725830078,
    0.6620796322822571,
    0.6653793454170227,
    0.714815616607666,
    0.7322390675544739,
    0.7034416198730469,
    0.7390586733818054,
    0.7450454831123352,
    0.7275404930114746,
    0.7351806163787842,
    0.7296810150146484,
    0.727221667766571,
    0.7402483820915222,
    0.74671870470047,
    0.7453834414482117,
    0.7477954030036926,
    0.7369919419288635,
    0.7771275043487549,
    0.8205886483192444,
    0.8231566548347473,
    0.8001790642738342,
    0.7699283957481384,
    0.7625637054443359,
    0.765692949295044
  ],
  "all_framewise_lpips": [
    0.23414286971092224,
    0.23123124241828918,
    0.22893080115318298,
    0.2250223308801651,
    0.22237761318683624,
    0.22544002532958984,
    0.2239665687084198,
    0.22324194014072418,
    0.20251448452472687,
    0.22241118550300598,
    0.22805848717689514,
    0.2204561084508896,
    0.22170406579971313,
    0.2102833092212677,
    0.19977015256881714,
    0.20040038228034973,
    0.18605124950408936,
    0.17194607853889465,
    0.16398373246192932,
    0.16332516074180603,
    0.1687360405921936,
    0.17778989672660828,
    0.1899653673171997,
    0.20420078933238983,
    0.21179279685020447,
    0.2038344144821167,
    0.20482802391052246,
    0.22791004180908203,
    0.22625897824764252,
    0.2548779845237732,
    0.27504587173461914,
    0.2621588110923767,
    0.22388067841529846,
    0.23474250733852386,
    0.2497691810131073,
    0.2662351727485657,
    0.309173583984375,
    0.3263673484325409,
    0.34727364778518677,
    0.34412485361099243,
    0.33670154213905334,
    0.3111185133457184,
    0.28790706396102905,
    0.29917433857917786,
    0.27125248312950134,
    0.29332736134529114,
    0.2866940498352051,
    0.3043418526649475,
    0.3243352770805359,
    0.3307262659072876,
    0.3484703302383423,
    0.3575885593891144,
    0.3630627691745758,
    0.3647482991218567,
    0.37566304206848145,
    0.3902168273925781,
    0.379183828830719,
    0.3657357692718506,
    0.3470406234264374,
    0.3684134781360626,
    0.39120811223983765,
    0.3408032953739166,
    0.35782837867736816,
    0.3911415934562683,
    0.436276912689209,
    0.5873063802719116,
    0.650290846824646,
    0.6168866157531738,
    0.5893048644065857,
    0.5620220303535461,
    0.4366004467010498,
    0.3815456032752991,
    0.39257270097732544,
    0.3151913583278656,
    0.30142804980278015,
    0.3090789020061493,
    0.3241047263145447,
    0.3720860481262207,
    0.3549157679080963,
    0.3518410921096802,
    0.3532599210739136,
    0.3659076392650604,
    0.3328171670436859,
    0.3162686228752136,
    0.3222964406013489,
    0.3267403244972229,
    0.3335138261318207,
    0.3415093421936035,
    0.34087425470352173,
    0.3313289284706116,
    0.33652734756469727,
    0.3419106900691986,
    0.3404640555381775,
    0.2866773009300232,
    0.25087612867355347,
    0.24802401661872864,
    0.27410346269607544,
    0.30156266689300537,
    0.30629315972328186,
    0.30269041657447815
  ]
}