{
  "n_frames": 100,
  "scenewise_psnr": 24.653431142603594,
  "scenewise_ssim": 0.7398868774666312,
  "scenewise_lpips": 0.3393517044186592,
  "all_framewise_psnrs": [
    21.407423862780778,
    23.354316340007184,
    22.120147518847336,
    20.898571716542172,
    19.48616669134832,
    19.119551604706857,
    19.907284782398094,
    19.887518931469742,
    20.301047969344012,
    20.695238214090324,
    21.38481838302259,
    22.537355160968552,
    23.19320768633404,
    24.962437955607754,
    24.548542458969074,
    24.510835595885855,
    24.81508492657958,
    26.36794755989348,
    27.003501471486583,
    26.724058003915662,
    26.74290116718243,
    26.5346033603883,
    27.74402212618591,
    27.568095667854383,
    27.34452951025653,
    27.964260559931592,
    27.05322637979018,
    26.067348386338153,
    25.65100399775153,
    25.90758089453103,
    26.130530020917394,
    26.81996025572525,
    25.288113721254053,
    26.649000655624462,
    26.65659241237536,
    26.71476214295072,
    27.00333511485311,
    26.96623190181608,
    27.713369278533936,
    25.244123922958416,
    25.250999882028058,
    25.31196638993147,
    24.339518247752462,
    24.3308905203258,
    24.159464469575088,
    22.52999497046947,
    23.231557553979133,
    23.200851038788684,
    23.69672504233413,
    23.837977169622736,
    24.474617896618554,
    24.11502795994936,
    24.256164043318677,
    24.464394225862584,
    25.647094540325924,
    24.151349849555178,
    26.262347315982932,
    24.898385937859928,
    24.17748871815722,
    24.15082308803059,
    25.398095898579097,
    26.009666850199835,
    25.633573943721064,
    26.186314794000634,
    27.453058274526754,
    27.917648781194067,
    28.058372754654208,
    28.259355308187942,
    27.987444308786394,
    28.184933416989956,
    27.401055461725022,
    26.987701212780124,
    25.538239289546276,
    26.87606955663158,
    26.106568885272324,
    24.297354479776917,
    23.71417610863526,
    23.641145623177255,
    23.966957067028176,
    23.859106861988387,
    24.84607275353048,
    26.334846756662067,
    26.73219435890914,
    26.832341137467935,
    27.868428288490353,
    28.402789718977175,
    27.35821185995389,
    27.440818725366803,
    26.37466252180532,
    26.6246026483049,
    25.969649075192876,
    26.037824833618004,
    25.95382900359501,
    24.79746110557603,
    25.39101334502618,
    26.043068403912088,
    26.762965978582397,
    28.388683677176378,
    25.495060485394596,
    25.46478231611274
  ],
  "all_framewise_ssim": [
    0.6616582274436951,
    0.7293863296508789,
    0.6924640536308289,
    0.6470074653625488,
    0.6244940161705017,
    0.6084926128387451,
    0.6028599739074707,
    0.6307847499847412,
    0.6538074016571045,
    0.6567251086235046,
    0.6763105392456055,
    0.7003089785575867,
    0.7014907002449036,
    0.7408623099327087,
    0.7369356155395508,
    0.7265375256538391,
    0.7475495338439941,
    0.7687408924102783,
    0.7697723507881165,
    0.7919855117797852,
    0.7849562764167786,
    0.7444989681243896,
    0.796636164188385,
    0.7964687347412109,
    0.7625622749328613,
    0.7816765904426575,
    0.7570515275001526,
    0.72303706407547,
    0.7411155700683594,
    0.7725916504859924,
    0.7616981863975525,
    0.7931907176971436,
    0.7664775848388672,
    0.7580512166023254,
    0.7717964053153992,
    0.7730619311332703,
    0.7683029174804688,
    0.7838543057441711,
    0.8045870661735535,
    0.7644155621528625,
    0.7563683390617371,
    0.7564089894294739,
    0.7677130699157715,
    0.7424073219299316,
    0.6883218288421631,
    0.6490069031715393,
    0.6786225438117981,
    0.6853230595588684,
    0.6675078868865967,
    0.6432342529296875,
    0.6218114495277405,
    0.6293374300003052,
    0.6452351212501526,
    0.6715593338012695,
    0.7189140915870667,
    0.6788733601570129,
    0.7391547560691833,
    0.6671920418739319,
    0.6562588810920715,
    0.6782477498054504,
    0.7205474376678467,
    0.7473624348640442,
    0.7556943893432617,
    0.750657856464386,
    0.8073305487632751,
    0.8248998522758484,
    0.8191216588020325,
    0.8349440097808838,
    0.8298894762992859,
    0.8202678561210632,
    0.8196805119514465,
    0.8001101613044739,
    0.7329978942871094,
    0.7694759368896484,
    0.7404966950416565,
    0.6900704503059387,
    0.7400529980659485,
    0.7320291996002197,
    0.6881125569343567,
    0.7105250358581543,
    0.7377502918243408,
    0.7469885349273682,
    0.7697217464447021,
    0.780681312084198,
    0.7979073524475098,
    0.8152167201042175,
    0.7942792773246765,
    0.7875466346740723,
    0.7827116847038269,
    0.7691399455070496,
    0.7337169051170349,
    0.7552956938743591,
    0.760702908039093,
    0.7250913977622986,
    0.7497599720954895,
    0.7533590197563171,
    0.7429423332214355,
    0.805529773235321,
    0.7836853861808777,
    0.7597448229789734
  ],
  "all_framewise_lpips": [
    0.4752997159957886,
    0.3767392635345459,
    0.38648080825805664,
    0.39329761266708374,
    0.40880244970321655,
    0.4251661002635956,
    0.44024577736854553,
    0.43255138397216797,
    0.4350566864013672,
    0.432564914226532,
    0.3921189606189728,
    0.3982105255126953,
    0.394635945558548,
    0.3609340786933899,
    0.34530043601989746,
    0.34953778982162476,
    0.32665392756462097,
    0.3090527057647705,
    0.3057686388492584,
    0.2815585136413574,
    0.28687718510627747,
    0.2954516112804413,
    0.283683180809021,
    0.28259968757629395,
    0.30931130051612854,
    0.3097212314605713,
    0.31986677646636963,
    0.3459661304950714,
    0.296009361743927,
    0.25543078780174255,
    0.2667020261287689,
    0.2528727352619171,
    0.2683357000350952,
    0.3018537759780884,
    0.30428990721702576,
    0.2943216562271118,
    0.3147650361061096,
    0.2881661355495453,
    0.2790815532207489,
    0.33016109466552734,
    0.3152608871459961,
    0.3287867307662964,
    0.3312396705150604,
    0.36024054884910583,
    0.4201539158821106,
    0.4421637952327728,
    0.41695284843444824,
    0.41924378275871277,
    0.46330875158309937,
    0.5127713084220886,
    0.5241358280181885,
    0.46579232811927795,
    0.44716691970825195,
    0.42816171050071716,
    0.3767572045326233,
    0.3912655711174011,
    0.37824127078056335,
    0.44569340348243713,
    0.4579427242279053,
    0.4404830038547516,
    0.3707781732082367,
    0.35066163539886475,
    0.2867319583892822,
    0.2839203178882599,
    0.2509978115558624,
    0.2332112342119217,
    0.2375759333372116,
    0.21011954545974731,
    0.20562709867954254,
    0.2231098860502243,
    0.2167910486459732,
    0.23469479382038116,
    0.29066815972328186,
    0.3103826642036438,
    0.3729645609855652,
    0.3701769709587097,
    0.32668668031692505,
    0.3216639459133148,
    0.3372496962547302,
    0.31726592779159546,
    0.2980777323246002,
    0.3206447958946228,
    0.3000152111053467,
    0.27960869669914246,
    0.2904307246208191,
    0.2781658470630646,
    0.30114221572875977,
    0.32704800367355347,
    0.3012252151966095,
    0.2914985716342926,
    0.30494144558906555,
    0.29103314876556396,
    0.30865898728370667,
    0.3513185977935791,
    0.33284398913383484,
    0.3402552008628845,
    0.36864951252937317,
    0.3165062367916107,
    0.31299036741256714,
    0.34763258695602417
  ]
}