{
  "n_frames": 120,
  "scenewise_psnr": 19.01480690684568,
  "scenewise_ssim": 0.44100348289941493,
  "scenewise_lpips": 0.617503515670174,
  "all_framewise_psnrs": [
    17.762189388391455,
    20.69665871290278,
    21.98172236453608,
    21.281304019275055,
    20.78357520800543,
    20.59099148390578,
    20.867975693708438,
    20.602220051806977,
    20.133707575373336,
    19.246251486475533,
    19.107908496622464,
    19.438296591241464,
    18.916836511575276,
    18.84009262596787,
    18.68370530955336,
    19.487945410975435,
    19.603577383943758,
    19.2884762580598,
    18.49216914920025,
    18.15022017540308,
    17.84235432123499,
    17.721415570437337,
    18.2151256209074,
    18.663594751120606,
    18.68089233878576,
    17.724774413302413,
    17.677433282720525,
    17.440376344796466,
    17.45577368419514,
    17.031140040522224,
    16.768310955837762,
    17.30222795021287,
    17.579898671925296,
    17.16303394448802,
    17.097101211618735,
    18.244526155023472,
    19.664126791142934,
    19.830433596950204,
    19.366209145501454,
    20.574861229048498,
    19.354606769782606,
    19.260751849068797,
    18.843214253155644,
    19.606970766510692,
    19.721315938233367,
    19.68522409460655,
    19.75671694290759,
    19.982873536075516,
    19.51226232209178,
    19.058363784266664,
    18.77845396671409,
    19.753416265081174,
    19.73566459541344,
    19.3153681485901,
    19.56878572005401,
    20.66753142669423,
    20.118432627000715,
    19.71221740727827,
    19.469105540885554,
    19.471001896504113,
    19.59536233642831,
    18.556130608193058,
    18.541271297683863,
    19.11953443186831,
    19.246970696814195,
    18.266539329867772,
    17.83797783264448,
    18.49100342241909,
    19.01001547062201,
    19.087764652445024,
    18.913034186446648,
    19.529103691535138,
    19.980640966303415,
    20.850631768414768,
    19.77724624145577,
    20.368562284756475,
    21.13207580390069,
    19.641212840893903,
    18.97306231119881,
    18.775663180887555,
    18.248628599873392,
    18.655611551147068,
    19.441391782667694,
    21.19687964441613,
    20.551383066534484,
    19.69836847072106,
    19.39047207623974,
    18.92886808495931,
    18.67865520790986,
    18.885779937919537,
    18.420160266169898,
    18.396367550094503,
    18.130428033473134,
    18.328976042378308,
    18.398539386805943
  ],
  "all_framewise_ssim": [
    0.3962472975254059,
    0.585175096988678,
    0.6639029383659363,
    0.6345900893211365,
    0.5970770716667175,
    0.5494378209114075,
    0.5847261548042297,
    0.5651598572731018,
    0.5235648155212402,
    0.4524476230144501,
    0.45620861649513245,
    0.5215725898742676,
    0.46018871665000916,
    0.48314201831817627,
    0.45970916748046875,
    0.5304221510887146,
    0.46761882305145264,
    0.466816782951355,
    0.43761077523231506,
    0.4005911350250244,
    0.42791011929512024,
    0.41904589533805847,
    0.4207957684993744,
    0.45428261160850525,
    0.4438260495662689,
    0.38022658228874207,
    0.40490594506263733,
    0.3888339102268219,
    0.3668094873428345,
    0.3439004123210907,
    0.2907325327396393,
    0.308634489774704,
    0.3517785370349884,
    0.37078574299812317,
    0.38287314772605896,
    0.4229462146759033,
    0.4489414691925049,
    0.4160734713077545,
    0.375701904296875,
    0.46199917793273926,
    0.43313702940940857,
    0.37596356868743896,
    0.35201844573020935,
    0.38954365253448486,
    0.3829449415206909,
    0.3573884069919586,
    0.35472771525382996,
    0.34816089272499084,
    0.3494456708431244,
    0.32680031657218933,
    0.31583771109580994,
    0.3718787431716919,
    0.35837486386299133,
    0.3442724943161011,
    0.373820424079895,
    0.4711574614048004,
    0.43900394439697266,
    0.42036882042884827,
    0.4222579002380371,
    0.41721320152282715,
    0.44324564933776855,
    0.3764925003051758,
    0.38399800658226013,
    0.4174985885620117,
    0.42628517746925354,
    0.3519710600376129,
    0.32952895760536194,
    0.4046817719936371,
    0.4530574381351471,
    0.432440847158432,
    0.39026615023612976,
    0.4648089110851288,
    0.5028748512268066,
    0.5256813168525696,
    0.45226892828941345,
    0.5124081969261169,
    0.5942310094833374,
    0.4823340177536011,
    0.46305736899375916,
    0.4727437496185303,
    0.4591538608074188,
    0.4981817305088043,
    0.5236862301826477,
    0.601157009601593,
    0.5441026091575623,
    0.5095831751823425,
    0.47707033157348633,
    0.43409037590026855,
    0.40423765778541565,
    0.46179988980293274,
    0.4455442726612091,
    0.47405335307121277,
    0.4092276096343994,
    0.4016185700893402,
    0.3956355154514313
  ],
  "all_framewise_lpips": [
    0.5855152606964111,
    0.45814278721809387,
    0.39464086294174194,
    0.37112754583358765,
    0.42524534463882446,
    0.4823894798755646,
    0.46641236543655396,
    0.5024953484535217,
    0.518660843372345,
    0.5384020805358887,
    0.5348447561264038,
    0.5079330205917358,
    0.5682671070098877,
    0.5203726291656494,
    0.5652332305908203,
    0.5121413469314575,
    0.5490068197250366,
    0.5265225768089294,
    0.5267247557640076,
    0.5749279260635376,
    0.5587959885597229,
    0.5597982406616211,
    0.5629341006278992,
    0.5740166902542114,
    0.5553075671195984,
    0.545719563961029,
    0.5606502294540405,
    0.5687949061393738,
    0.6040570139884949,
    0.6347285509109497,
    0.7046678066253662,
    0.7517662644386292,
    0.7232404351234436,
    0.6760146617889404,
    0.6241165995597839,
    0.6324107646942139,
    0.6268499493598938,
    0.647162139415741,
    0.6793649792671204,
    0.6569344401359558,
    0.6531821489334106,
    0.6799275875091553,
    0.6968268752098083,
    0.6853983998298645,
    0.6911717057228088,
    0.7345580458641052,
    0.7008088827133179,
    0.7338434457778931,
    0.7222442626953125,
    0.7005208730697632,
    0.6852448582649231,
    0.6669471859931946,
    0.6803991794586182,
    0.6738975644111633,
    0.6792197227478027,
    0.6295270919799805,
    0.6247305870056152,
    0.6508030891418457,
    0.6423442363739014,
    0.6497744917869568,
    0.6111698150634766,
    0.6719999313354492,
    0.676608681678772,
    0.6399974822998047,
    0.6337484121322632,
    0.6917778253555298,
    0.7243291735649109,
    0.667144238948822,
    0.6673051118850708,
    0.6690242290496826,
    0.6781460046768188,
    0.6430748701095581,
    0.6151029467582703,
    0.630918025970459,
    0.674962043762207,
    0.644635796546936,
    0.5878621339797974,
    0.6449063420295715,
    0.6713965535163879,
    0.6745062470436096,
    0.6961008310317993,
    0.663443922996521,
    0.6645742058753967,
    0.5981103181838989,
    0.6309733986854553,
    0.6362012624740601,
    0.6447272300720215,
    0.6686936020851135,
    0.6528642773628235,
    0.5884551405906677,
    0.5971825122833252,
    0.5411332845687866,
    0.5923668742179871,
    0.5956979990005493,
    0.6159860491752625
  ]
}