{
  "n_frames": 100,
  "scenewise_psnr": 26.879935655891778,
  "scenewise_ssim": 0.8050726112954498,
  "scenewise_lpips": 0.5125151881852101,
  "all_framewise_psnrs": [
    29.428017171692247,
    29.522687618361523,
    28.820793899443377,
    27.08689519675882,
    27.209315528333885,
    26.959166426033605,
    27.99460482355918,
    26.65147317430882,
    26.244416596596412,
    26.77217334608264,
    23.888925887781078,
    26.223501985408536,
    28.42357503590652,
    30.407189085424385,
    30.830218485057937,
    30.180328148459555,
    29.084648920946073,
    27.082923653939318,
    24.622185740206564,
    24.520512120779095,
    25.792667305684958,
    21.30293671969931,
    23.808605845898093,
    24.542775863563264,
    26.423795916288686,
    24.10451589280225,
    25.292469754707533,
    25.06168872968945,
    25.597750861980547,
    22.518839320085497,
    21.842564469521307,
    22.74545079359938,
    25.267145870534335,
    27.35568837422214,
    27.874640656046644,
    25.513843027364743,
    24.26250046365847,
    26.39820419199248,
    26.72244273427189,
    26.26723478152818,
    27.028653414190444,
    27.023280878228203,
    27.014439189963078,
    29.80511895785827,
    30.91213109280868,
    29.868916909376544,
    28.2188320592348,
    27.22741930605348,
    26.140342450713234,
    27.252002907804247,
    27.47677081430252,
    28.800710792492374,
    28.09322541435411,
    28.266929013619958,
    26.455374415850528,
    28.009360005266192,
    27.997267598878622,
    27.734541609067215,
    28.631373899599776,
    29.074643141554194,
    29.172795607308323,
    29.367128463546408,
    29.246361995686094,
    28.86664707758601,
    28.201658183460285,
    28.36201165459913,
    28.313171834999732,
    27.716029380623656,
    27.47521543824417,
    27.305034289308885,
    27.937350795042022,
    29.350686803555305,
    28.74994915038362,
    26.148847974173886,
    26.18684175662562,
    26.294269958330318,
    26.352232115211418,
    27.421738140413336,
    28.163078002706982,
    29.18569447039537,
    29.323562510007115,
    29.28547301868268,
    29.750712775252556,
    29.270547305298127,
    29.040421873455,
    28.85525601149713,
    29.253597964989225,
    29.1875214869182,
    29.303001742902694,
    28.822193390301614,
    29.514761200260132,
    30.072051080383865,
    30.238369761034548,
    29.968108568087626,
    25.84115647764596,
    24.697910890097855,
    24.820403843905048
  ],
  "all_framewise_ssim": [
    0.7569063305854797,
    0.772397518157959,
    0.7595553398132324,
    0.7312059998512268,
    0.7364072203636169,
    0.7456400394439697,
    0.7495993971824646,
    0.7458588480949402,
    0.7285903096199036,
    0.7358009219169617,
    0.7145633697509766,
    0.7453298568725586,
    0.7764495015144348,
    0.8197650909423828,
    0.8268334865570068,
    0.8149834275245667,
    0.81180739402771,
    0.7827615141868591,
    0.7416728138923645,
    0.7470321655273438,
    0.7424860000610352,
    0.6757306456565857,
    0.6937096118927002,
    0.7229788899421692,
    0.7525470852851868,
    0.7488327026367188,
    0.7748443484306335,
    0.7505070567131042,
    0.7556301951408386,
    0.7684788107872009,
    0.7450454235076904,
    0.7476654052734375,
    0.7670957446098328,
    0.7893585562705994,
    0.8552506566047668,
    0.8247449398040771,
    0.7850316166877747,
    0.7840197682380676,
    0.7964800000190735,
    0.7998933792114258,
    0.8044886589050293,
    0.8101076483726501,
    0.8057668805122375,
    0.8633951544761658,
    0.8724284172058105,
    0.8497812151908875,
    0.8231713175773621,
    0.8086321949958801,
    0.7874208092689514,
    0.8432844281196594,
    0.8390963673591614,
    0.8049502372741699,
    0.7886447906494141,
    0.78753262758255,
    0.7845128178596497,
    0.7895212173461914,
    0.7783268094062805,
    0.7482240796089172,
    0.7819496989250183,
    0.8137989044189453,
    0.8188514709472656,
    0.8354587554931641,
    0.8317420482635498,
    0.8197688460350037,
    0.8246131539344788,
    0.8310586810112,
    0.822465181350708,
    0.824281632900238,
    0.8265168070793152,
    0.823176383972168,
    0.8361888527870178,
    0.869748055934906,
    0.8525246977806091,
    0.8450984954833984,
    0.8427509665489197,
    0.8318436741828918,
    0.8370785713195801,
    0.8455531001091003,
    0.8394452929496765,
    0.864315927028656,
    0.857702910900116,
    0.8420400023460388,
    0.8626255393028259,
    0.864420473575592,
    0.8502047657966614,
    0.8632326126098633,
    0.8668577671051025,
    0.8453963398933411,
    0.8668505549430847,
    0.8600268363952637,
    0.8386794924736023,
    0.8668875098228455,
    0.8701247572898865,
    0.8386310935020447,
    0.8313800692558289,
    0.8101188540458679,
    0.7696487903594971
  ],
  "all_framewise_lpips": [
    0.5108978748321533,
    0.49189311265945435,
    0.5039056539535522,
    0.5156649351119995,
    0.4996013045310974,
    0.4896821081638336,
    0.4991273581981659,
    0.48897042870521545,
    0.49631163477897644,
    0.5124702453613281,
    0.5149842500686646,
    0.5187610387802124,
    0.5267906188964844,
    0.4868435561656952,
    0.49544328451156616,
    0.5253151655197144,
    0.5180526971817017,
    0.527513861656189,
    0.5370115637779236,
    0.5259043574333191,
    0.5400819778442383,
    0.5638765692710876,
    0.5409464836120605,
    0.5361610651016235,
    0.541741669178009,
    0.5327715873718262,
    0.49867382645606995,
    0.5157639980316162,
    0.5007289052009583,
    0.5110272169113159,
    0.5693080425262451,
    0.5749390125274658,
    0.5657962560653687,
    0.561850905418396,
    0.5147913098335266,
    0.540855348110199,
    0.566705584526062,
    0.5392465591430664,
    0.5234900712966919,
    0.5297532081604004,
    0.5435663461685181,
    0.5477972030639648,
    0.5571653842926025,
    0.5048303008079529,
    0.5090104341506958,
    0.5480799674987793,
    0.545486569404602,
    0.5391890406608582,
    0.5503876209259033,
    0.5184295177459717,
    0.545950174331665,
    0.5403701066970825,
    0.5220926403999329,
    0.5258046984672546,
    0.5540405511856079,
    0.5264365673065186,
    0.5290430784225464,
    0.5432317852973938,
    0.48877936601638794,
    0.4667820930480957,
    0.4620489180088043,
    0.4420663118362427,
    0.4390607178211212,
    0.4506111443042755,
    0.4399062991142273,
    0.4458525776863098,
    0.46368858218193054,
    0.45748868584632874,
    0.4649917185306549,
    0.4690009653568268,
    0.4677915573120117,
    0.4425531029701233,
    0.46392524242401123,
    0.4715914726257324,
    0.4905790090560913,
    0.5136870741844177,
    0.5147104859352112,
    0.509136974811554,
    0.5269742012023926,
    0.5050375461578369,
    0.4913584887981415,
    0.49713873863220215,
    0.4737321436405182,
    0.4608881175518036,
    0.4793239235877991,
    0.4820641279220581,
    0.4859614074230194,
    0.5007537603378296,
    0.49159038066864014,
    0.5038706064224243,
    0.5228237509727478,
    0.5104994177818298,
    0.5195663571357727,
    0.5388401746749878,
    0.5685306787490845,
    0.5862009525299072,
    0.5999995470046997
  ]
}