{
  "n_frames": 100,
  "scenewise_psnr": 27.4230487832347,
  "scenewise_ssim": 0.8180765288324778,
  "scenewise_lpips": 0.4469450345635414,
  "all_framewise_psnrs": [
    31.0860756030427,
    31.58719697058646,
    30.148545251553116,
    27.451681187047345,
    27.853849812869093,
    28.388756242608423,
    28.97711252705358,
    25.81929807808157,
    26.392481505744204,
    26.31415566357495,
    24.792123863485145,
    26.08292755470391,
    25.749350991327038,
    27.117991742317056,
    27.948675109385523,
    29.45250531386638,
    28.686682936270515,
    26.1487542423476,
    25.54484772758817,
    26.66009544588709,
    26.825140467359454,
    21.628574551756557,
    23.877520468162814,
    26.332055242446756,
    24.574189122822258,
    22.096571558117386,
    23.396726349816376,
    22.04250105024254,
    25.020569931288374,
    23.118936380473638,
    23.489454825545838,
    24.494248229363542,
    26.319913794825204,
    28.64357348450369,
    29.899692631941694,
    26.53694507485455,
    24.889536898742207,
    26.400460240909066,
    28.621540786647145,
    27.36443178500245,
    25.68598925217266,
    27.518467947672846,
    28.78945938669444,
    29.806036547361764,
    30.590511687186467,
    27.967187505664924,
    27.516904704559547,
    27.90883739440366,
    26.572969500849766,
    27.419146505559105,
    30.10136543383677,
    30.225997896621173,
    28.015451832407187,
    28.499085276834805,
    26.559027004857146,
    29.11127367044238,
    29.34477061062203,
    29.146052179938305,
    28.077902736906278,
    29.784665732653313,
    30.819409253149907,
    30.417044849477882,
    30.223239948458467,
    30.073137903545977,
    29.665047830691442,
    28.980983310338114,
    28.548501965513434,
    27.878111668381102,
    27.61505672441725,
    28.20268686351956,
    28.515324129724068,
    29.009154468264615,
    28.091364784139117,
    26.682623378756887,
    25.589344614908207,
    28.726621423097196,
    27.954642886351397,
    28.0803424943249,
    28.604980217959167,
    29.17118447769085,
    27.469190612490223,
    30.5975955635817,
    30.84488659711784,
    30.990512972784142,
    30.398160988368193,
    31.730191213130695,
    32.007652184681696,
    31.707725472671463,
    31.52459440447213,
    30.386797944474186,
    31.88624981654892,
    31.481245680057874,
    32.768578178836634,
    32.35377945677792,
    32.33796735816556,
    29.524329015294242,
    29.26424367262491,
    30.733986855338856,
    29.895497773199466,
    29.345373695071594
  ],
  "all_framewise_ssim": [
    0.8091332316398621,
    0.82576584815979,
    0.8029900193214417,
    0.7584854960441589,
    0.7593631148338318,
    0.7810916900634766,
    0.7806675434112549,
    0.7521874904632568,
    0.7471117377281189,
    0.7540857195854187,
    0.7247355580329895,
    0.7580223679542542,
    0.7387987971305847,
    0.7825064659118652,
    0.7919009327888489,
    0.802052915096283,
    0.7937825322151184,
    0.7557846903800964,
    0.7330941557884216,
    0.7625815868377686,
    0.7592248916625977,
    0.6700698733329773,
    0.6898221969604492,
    0.7257714867591858,
    0.72616046667099,
    0.706115186214447,
    0.7449781894683838,
    0.7119297385215759,
    0.7444794774055481,
    0.7751880288124084,
    0.775356113910675,
    0.768669843673706,
    0.783945620059967,
    0.8095064163208008,
    0.8701687455177307,
    0.8424556851387024,
    0.80589359998703,
    0.8121204376220703,
    0.8278843760490417,
    0.8245088458061218,
    0.7920990586280823,
    0.8250043988227844,
    0.826495885848999,
    0.8663036227226257,
    0.8732099533081055,
    0.8548097610473633,
    0.8351497054100037,
    0.8305232524871826,
    0.8133870959281921,
    0.8632926344871521,
    0.8582181930541992,
    0.8216107487678528,
    0.7889805436134338,
    0.7944192886352539,
    0.7926950454711914,
    0.8014972805976868,
    0.8011711239814758,
    0.7810351848602295,
    0.7795808911323547,
    0.8280254006385803,
    0.8383918404579163,
    0.8477318286895752,
    0.8437543511390686,
    0.8370254635810852,
    0.8452863693237305,
    0.8356449604034424,
    0.815077543258667,
    0.8170847296714783,
    0.817817211151123,
    0.829850971698761,
    0.8359546065330505,
    0.8545107245445251,
    0.8343644142150879,
    0.8494604229927063,
    0.841057538986206,
    0.8549127578735352,
    0.8647621273994446,
    0.8649713397026062,
    0.8470463752746582,
    0.8798820972442627,
    0.8598410487174988,
    0.8588612675666809,
    0.8824705481529236,
    0.8831456303596497,
    0.8639402985572815,
    0.8891476988792419,
    0.8919400572776794,
    0.8741527199745178,
    0.8987190127372742,
    0.8834096789360046,
    0.8574402332305908,
    0.8840864300727844,
    0.8861541152000427,
    0.8567168116569519,
    0.8800989985466003,
    0.8592009544372559,
    0.8208187222480774,
    0.8595749735832214,
    0.8553374409675598,
    0.8551499247550964
  ],
  "all_framewise_lpips": [
    0.40354740619659424,
    0.3784342110157013,
    0.39687806367874146,
    0.42828458547592163,
    0.4024985432624817,
    0.3943391740322113,
    0.41873347759246826,
    0.42185255885124207,
    0.40245965123176575,
    0.4111252427101135,
    0.449174165725708,
    0.48603397607803345,
    0.5827406644821167,
    0.5471704602241516,
    0.5398923754692078,
    0.5389636158943176,
    0.5438427329063416,
    0.5755808353424072,
    0.593964695930481,
    0.510331392288208,
    0.5170081853866577,
    0.5936286449432373,
    0.5460397601127625,
    0.5323081612586975,
    0.59782475233078,
    0.58184415102005,
    0.5215071439743042,
    0.5727378726005554,
    0.5315412878990173,
    0.4676843583583832,
    0.49687737226486206,
    0.5118552446365356,
    0.495783269405365,
    0.4915679097175598,
    0.42444276809692383,
    0.4589329957962036,
    0.5007928609848022,
    0.44413185119628906,
    0.4256150722503662,
    0.44760164618492126,
    0.4773749113082886,
    0.46939051151275635,
    0.4644027352333069,
    0.4398696720600128,
    0.4727448523044586,
    0.5191249847412109,
    0.4639620780944824,
    0.43654337525367737,
    0.45561572909355164,
    0.4112929403781891,
    0.46501731872558594,
    0.47329646348953247,
    0.46974945068359375,
    0.47569748759269714,
    0.5212200284004211,
    0.4946839213371277,
    0.4685264229774475,
    0.45362767577171326,
    0.38945314288139343,
    0.3613995611667633,
    0.35774073004722595,
    0.3360215425491333,
    0.33660900592803955,
    0.353344202041626,
    0.342216819524765,
    0.36664026975631714,
    0.40411555767059326,
    0.39205771684646606,
    0.3938214182853699,
    0.3861353397369385,
    0.3769255578517914,
    0.37336021661758423,
    0.4216223955154419,
    0.3821611702442169,
    0.4125344455242157,
    0.43556880950927734,
    0.4014939069747925,
    0.4164939820766449,
    0.4613950848579407,
    0.4149177670478821,
    0.42559221386909485,
    0.4434208273887634,
    0.3837003707885742,
    0.35846418142318726,
    0.40581637620925903,
    0.3611639738082886,
    0.36307695508003235,
    0.41030997037887573,
    0.3654347360134125,
    0.38540756702423096,
    0.4430730938911438,
    0.4035196900367737,
    0.4167593717575073,
    0.4724022150039673,
    0.41705480217933655,
    0.4219033718109131,
    0.49486666917800903,
    0.4446573853492737,
    0.4149826467037201,
    0.32915470004081726
  ]
}