{
  "n_frames": 120,
  "scenewise_psnr": 18.213001226026382,
  "scenewise_ssim": 0.39432363026548956,
  "scenewise_lpips": 0.6595027551606849,
  "all_framewise_psnrs": [
    17.67323920368765,
    19.94381637947882,
    21.14966307239016,
    20.356049181745966,
    19.866769307839995,
    19.7475127285527,
    19.52989635177977,
    20.40309925195666,
    19.50891899305247,
    18.88624092444489,
    18.720887481803356,
    19.07846660179785,
    18.38619904276792,
    18.69496706230512,
    18.231698228917757,
    18.729943813793795,
    16.147466113762587,
    17.611930308208116,
    17.217777835002977,
    16.9226523258814,
    16.83308458727176,
    16.91973795362515,
    17.373093759577355,
    17.43317222930179,
    17.890766645758674,
    17.34904975264232,
    16.92737760381484,
    16.73481416412916,
    16.82126494286331,
    16.609615690968006,
    16.204636282956958,
    16.675821442989353,
    17.291452941133155,
    17.376630467403466,
    17.150017870052825,
    18.05786944021837,
    18.71087958749382,
    19.05433048410347,
    18.263594766088012,
    19.752846909125104,
    18.910711079465848,
    18.979970618430333,
    18.743036574259378,
    19.75370173538887,
    20.0713779416656,
    19.8498614396707,
    19.260249688823215,
    19.490514320846472,
    19.11399874115351,
    19.14391314445035,
    18.902090342915766,
    19.737556511552686,
    19.85440637942873,
    19.7538393181417,
    19.304079805753474,
    19.97676257704399,
    19.748574154679073,
    19.237538955639046,
    19.136727684621686,
    19.264948111407858,
    19.34571158071318,
    18.05913740762234,
    17.991679979412506,
    18.90735627503827,
    18.985618799246144,
    17.989461988869518,
    17.63618478399817,
    17.752406289314806,
    18.13694463572656,
    18.872197966600673,
    18.869945548045585,
    19.10964986043509,
    19.258803232388274,
    19.90897373086969,
    19.039491113604655,
    19.187476955257313,
    19.697885137939934,
    18.694004011864504,
    18.399051322093413,
    18.54168729752513,
    17.93777410675502,
    18.035981348804317,
    18.410813065091297,
    20.863111540303755,
    20.989150631526634,
    19.930419613573722,
    19.85731073476552,
    19.345096535408352,
    18.667783226609142,
    18.325448325905562,
    17.675725796645754,
    17.7014274287025,
    17.454334347250587,
    17.651414025919276,
    17.712735515461226,
    18.014583508060777,
    17.080743924457412,
    16.418668241254505,
    16.308228744270437,
    16.721441825376427,
    17.028385394649582,
    16.612431861394153,
    16.73030362486223,
    16.628188168331217,
    16.338766336555096,
    17.144525241501544,
    15.286986144742416,
    16.484128183309448
  ],
  "all_framewise_ssim": [
    0.3843877613544464,
    0.5262376666069031,
    0.6030381321907043,
    0.5587794184684753,
    0.5178300738334656,
    0.4728381335735321,
    0.4809016287326813,
    0.5435976982116699,
    0.469788521528244,
    0.417798787355423,
    0.41680189967155457,
    0.4841097295284271,
    0.41129055619239807,
    0.45783916115760803,
    0.41126325726509094,
    0.4618297815322876,
    0.2618294060230255,
    0.33452489972114563,
    0.3176991939544678,
    0.29315897822380066,
    0.3235737681388855,
    0.33395516872406006,
    0.33573198318481445,
    0.34077462553977966,
    0.3601665496826172,
    0.3329703211784363,
    0.3270815908908844,
    0.31811732053756714,
    0.30486607551574707,
    0.30285370349884033,
    0.2550443112850189,
    0.27022454142570496,
    0.315248966217041,
    0.38281968235969543,
    0.3749970495700836,
    0.39340364933013916,
    0.3852180540561676,
    0.36562493443489075,
    0.33360418677330017,
    0.41767871379852295,
    0.40058839321136475,
    0.3481144905090332,
    0.33604517579078674,
    0.3842315971851349,
    0.3858296573162079,
    0.3608455955982208,
    0.3202572762966156,
    0.3182537853717804,
    0.32082197070121765,
    0.32691922783851624,
    0.3183846175670624,
    0.36856940388679504,
    0.36126360297203064,
    0.37424710392951965,
    0.35483288764953613,
    0.41881346702575684,
    0.4013883173465729,
    0.387783020734787,
    0.39519965648651123,
    0.39476895332336426,
    0.4165709316730499,
    0.3332458734512329,
    0.3381469249725342,
    0.39364930987358093,
    0.4063568115234375,
    0.3328358232975006,
    0.317816823720932,
    0.3478456437587738,
    0.3788948953151703,
    0.3980657160282135,
    0.36641010642051697,
    0.42482927441596985,
    0.44811758399009705,
    0.46700677275657654,
    0.4110430181026459,
    0.4391508102416992,
    0.5059311985969543,
    0.4176628887653351,
    0.4231952726840973,
    0.46463367342948914,
    0.4543985426425934,
    0.4771580398082733,
    0.48607274889945984,
    0.5817530155181885,
    0.5552352070808411,
    0.5151985287666321,
    0.4993181526660919,
    0.4567389488220215,
    0.40670251846313477,
    0.42404016852378845,
    0.3936897814273834,
    0.41751304268836975,
    0.3411783277988434,
    0.3347853124141693,
    0.3319791555404663,
    0.36625489592552185,
    0.3307332992553711,
    0.3140159547328949,
    0.31232425570487976,
    0.33503618836402893,
    0.3575418293476105,
    0.36633002758026123,
    0.38202133774757385,
    0.4065587818622589,
    0.419423371553421,
    0.5102751851081848,
    0.3037136495113373,
    0.3596353530883789
  ],
  "all_framewise_lpips": [
    0.6287281513214111,
    0.520045280456543,
    0.467359721660614,
    0.44441843032836914,
    0.5169004201889038,
    0.5741578340530396,
    0.5625929832458496,
    0.5220555663108826,
    0.5432531237602234,
    0.5550739765167236,
    0.557512640953064,
    0.5304380655288696,
    0.5985987782478333,
    0.5507139563560486,
    0.5978173613548279,
    0.5666160583496094,
    0.6849238872528076,
    0.6076211333274841,
    0.6092438101768494,
    0.6534707546234131,
    0.6203398704528809,
    0.6214500069618225,
    0.6332556009292603,
    0.6313218474388123,
    0.6357373595237732,
    0.6255045533180237,
    0.6121389865875244,
    0.6219213008880615,
    0.6518009901046753,
    0.675778865814209,
    0.735839307308197,
    0.7752410769462585,
    0.7457507252693176,
    0.7301470041275024,
    0.6790209412574768,
    0.6709693670272827,
    0.6841259598731995,
    0.7061396241188049,
    0.7108312845230103,
    0.6687806248664856,
    0.6702101230621338,
    0.7059364914894104,
    0.71630859375,
    0.7221633195877075,
    0.7250716686248779,
    0.7258487343788147,
    0.7337356805801392,
    0.747870683670044,
    0.7330783605575562,
    0.7097862958908081,
    0.6904338598251343,
    0.6750907301902771,
    0.6791070103645325,
    0.6711047291755676,
    0.6968017220497131,
    0.649941086769104,
    0.6658596992492676,
    0.6874834299087524,
    0.673940122127533,
    0.6805843114852905,
    0.6361759305000305,
    0.7152095437049866,
    0.7342600226402283,
    0.6813731789588928,
    0.6552208065986633,
    0.7147395610809326,
    0.7470412254333496,
    0.7346431612968445,
    0.7404669523239136,
    0.7165337800979614,
    0.7461897134780884,
    0.7080241441726685,
    0.6884930729866028,
    0.7030711770057678,
    0.7399070262908936,
    0.7388192415237427,
    0.6952351331710815,
    0.7678477764129639,
    0.750266432762146,
    0.7423840761184692,
    0.7326319813728333,
    0.6871982216835022,
    0.678147554397583,
    0.6051299571990967,
    0.6335053443908691,
    0.6340203285217285,
    0.6227532029151917,
    0.6557468175888062,
    0.6388928294181824,
    0.611267626285553,
    0.6310477256774902,
    0.6181427240371704,
    0.690126359462738,
    0.6914503574371338,
    0.7095754146575928,
    0.6653475761413574,
    0.6923245191574097,
    0.6651394963264465,
    0.6453639268875122,
    0.6561943888664246,
    0.662835419178009,
    0.6559543609619141,
    0.6551886200904846,
    0.6141332387924194,
    0.5870728492736816,
    0.4960383176803589,
    0.7051005363464355,
    0.6420720219612122
  ]
}