{
  "n_frames": 100,
  "scenewise_psnr": 16.50611692517138,
  "scenewise_ssim": 0.3739880631040897,
  "scenewise_lpips": 0.7527349561452865,
  "all_framewise_psnrs": [
    17.886373442392443,
    18.307352670579505,
    18.09356797450382,
    18.347392213444277,
    18.12062590270682,
    18.54318887093887,
    18.723419591206863,
    18.767540317061563,
    18.832989123560253,
    18.813632531615237,
    18.68593817006293,
    18.407293389123875,
    18.34871939781179,
    18.560385936631647,
    18.572709342548528,
    18.37073367752295,
    18.014905132108016,
    17.98537529759438,
    17.734219326523764,
    17.769636193332204,
    17.643819061437547,
    17.83295149569918,
    17.528824960715582,
    17.450517934788714,
    17.456736059445245,
    17.33633838894607,
    16.65218928929683,
    16.272071780655846,
    16.078927760814288,
    16.292334224219804,
    16.234576690361166,
    15.669025135572971,
    15.59677592839333,
    17.080574582638953,
    16.82501692271118,
    15.409631760392902,
    15.578373289507786,
    15.82279922928904,
    16.377216264694937,
    15.750022770085277,
    15.947758497613096,
    16.270162791857338,
    15.922072448562057,
    15.812700880232395,
    15.637224546569069,
    15.804805884689157,
    15.669966430468275,
    15.613980543464214,
    15.62097389309034,
    15.69995655553561,
    15.926984772224952,
    17.045270135931396,
    16.355678144559267,
    16.30732164297676,
    16.31083910011308,
    16.42890050393822,
    16.488856745957325,
    16.66213823415971,
    15.956700640656887,
    15.72253561674959,
    15.689353944119024,
    15.061666739857147,
    14.553070263786479,
    15.049357988678143,
    14.999198604930285,
    14.517745681024703,
    14.420908894153431,
    14.73135006928247,
    14.69128948294884,
    15.009796449247329,
    15.577119141564191,
    16.344606631734887,
    16.18338698791592,
    15.817791742684893,
    15.452196324036276,
    15.068820668392037,
    15.009136049466816,
    15.329061495402899,
    15.068772848131726,
    14.823395687243504,
    15.157701012595188,
    16.69577022895528,
    17.20539892332395,
    17.275911698232314,
    18.131237306757985,
    18.368531804970768,
    18.68326383331607,
    18.800781219904735,
    18.74658740764317,
    18.730814310213518,
    18.394844332872985,
    18.08704318317947,
    17.82860065907224,
    17.203519696932666,
    16.853007568618818,
    16.44264840802396,
    15.605890105269204,
    16.15028661572846,
    16.018599647498185,
    16.363250280348026
  ],
  "all_framewise_ssim": [
    0.5804440975189209,
    0.5505898594856262,
    0.5033931732177734,
    0.37111595273017883,
    0.3407982885837555,
    0.3766663372516632,
    0.4006502628326416,
    0.4106089770793915,
    0.40654411911964417,
    0.4017418324947357,
    0.39665278792381287,
    0.4062979221343994,
    0.4078560769557953,
    0.4090437889099121,
    0.39938998222351074,
    0.3959444463253021,
    0.38587450981140137,
    0.3868222236633301,
    0.3920658826828003,
    0.4137043058872223,
    0.3446112871170044,
    0.2850523591041565,
    0.3233354985713959,
    0.37047839164733887,
    0.3734614849090576,
    0.37764763832092285,
    0.38145172595977783,
    0.36867794394493103,
    0.396435409784317,
    0.41847753524780273,
    0.40723028779029846,
    0.37309300899505615,
    0.3796565532684326,
    0.426964670419693,
    0.4069977104663849,
    0.35598623752593994,
    0.35838162899017334,
    0.352754682302475,
    0.3479473888874054,
    0.3118501603603363,
    0.34500131011009216,
    0.3662188947200775,
    0.3420809805393219,
    0.3095398247241974,
    0.30646684765815735,
    0.3362199366092682,
    0.35511207580566406,
    0.36110904812812805,
    0.36389636993408203,
    0.399129182100296,
    0.43061819672584534,
    0.47261932492256165,
    0.4426365792751312,
    0.427888423204422,
    0.42799386382102966,
    0.440516859292984,
    0.4590235948562622,
    0.44950470328330994,
    0.41488561034202576,
    0.3857908248901367,
    0.34064218401908875,
    0.31499576568603516,
    0.31507447361946106,
    0.3485804796218872,
    0.37354937195777893,
    0.35013720393180847,
    0.3453613221645355,
    0.31639888882637024,
    0.3182298243045807,
    0.3485802412033081,
    0.3264854848384857,
    0.3503952920436859,
    0.3566136360168457,
    0.3627595901489258,
    0.34058383107185364,
    0.3146396577358246,
    0.30276498198509216,
    0.2973341941833496,
    0.26960116624832153,
    0.25394463539123535,
    0.25590622425079346,
    0.29146236181259155,
    0.3657342493534088,
    0.3705005347728729,
    0.3736116886138916,
    0.3609095513820648,
    0.3514649569988251,
    0.3508598804473877,
    0.3630019724369049,
    0.36354556679725647,
    0.3580687940120697,
    0.35801568627357483,
    0.3851730525493622,
    0.3774445056915283,
    0.3395322263240814,
    0.33242806792259216,
    0.32231318950653076,
    0.3180712163448334,
    0.42287304997444153,
    0.5306388139724731
  ],
  "all_framewise_lpips": [
    0.521510660648346,
    0.5482943058013916,
    0.5950400829315186,
    0.7473846673965454,
    0.7707841992378235,
    0.7298241257667542,
    0.706252932548523,
    0.6941032409667969,
    0.6968381404876709,
    0.7061877846717834,
    0.7111424207687378,
    0.6984714269638062,
    0.7014939785003662,
    0.6903421878814697,
    0.6982589960098267,
    0.7055206298828125,
    0.7149797677993774,
    0.7103721499443054,
    0.710945188999176,
    0.6826837062835693,
    0.771030068397522,
    0.862521767616272,
    0.8059074878692627,
    0.7368167638778687,
    0.7337914109230042,
    0.7275207042694092,
    0.7271513938903809,
    0.7645159363746643,
    0.7399454116821289,
    0.7230339646339417,
    0.7389281988143921,
    0.7634667158126831,
    0.7559182643890381,
    0.7317914366722107,
    0.7495937943458557,
    0.7856598496437073,
    0.7942492961883545,
    0.7928837537765503,
    0.80869460105896,
    0.833423376083374,
    0.7987092137336731,
    0.8021093606948853,
    0.82121342420578,
    0.864601731300354,
    0.840397834777832,
    0.8053950667381287,
    0.7792730331420898,
    0.7624289989471436,
    0.7648746371269226,
    0.7202502489089966,
    0.6813406944274902,
    0.7434771656990051,
    0.7350444197654724,
    0.7321811318397522,
    0.7203606367111206,
    0.7079911231994629,
    0.6774986982345581,
    0.7345758676528931,
    0.7425951957702637,
    0.76869797706604,
    0.7625182867050171,
    0.8206993937492371,
    0.8007400631904602,
    0.7610561847686768,
    0.7370692491531372,
    0.7509512901306152,
    0.7118362784385681,
    0.7739700675010681,
    0.754615068435669,
    0.7167166471481323,
    0.8004540801048279,
    0.7975939512252808,
    0.790910542011261,
    0.769192099571228,
    0.7884200811386108,
    0.8181670904159546,
    0.8168407678604126,
    0.8191595673561096,
    0.8516459465026855,
    0.855434000492096,
    0.8577041029930115,
    0.826558530330658,
    0.7360177040100098,
    0.7298397421836853,
    0.7329408526420593,
    0.7479830980300903,
    0.7563994526863098,
    0.7645286917686462,
    0.7485965490341187,
    0.7549420595169067,
    0.7783598899841309,
    0.7992848753929138,
    0.7817343473434448,
    0.781150221824646,
    0.8017940521240234,
    0.7844265103340149,
    0.78629469871521,
    0.8032296895980835,
    0.70988929271698,
    0.6035393476486206
  ]
}