{
  "n_frames": 100,
  "scenewise_psnr": 22.628165697160302,
  "scenewise_ssim": 0.7126199560660744,
  "scenewise_lpips": 0.3566456717252731,
  "all_framewise_psnrs": [
    22.646297164457177,
    23.262986846069083,
    22.41684443008345,
    22.77621383508739,
    22.930442016117848,
    22.732388277376888,
    22.35373373155221,
    21.978654915058144,
    22.466320789098603,
    22.033468684189156,
    22.83676465499916,
    22.182808642200108,
    23.445145541690483,
    25.016606844108217,
    23.76705850688392,
    24.40136450308384,
    25.3019472944011,
    25.434317256246537,
    24.753975696549745,
    24.069315387940918,
    23.337400372807224,
    23.13398999524578,
    22.72096110636263,
    23.161473818999667,
    23.686334465615467,
    24.063738227558527,
    24.95580237407934,
    24.629578318062716,
    24.77085298575805,
    23.75597788808731,
    23.590382122775026,
    23.6029346086079,
    23.231500097223847,
    23.49565088349333,
    24.024565287338415,
    24.653877560581734,
    12.638551974580135,
    23.763776670808127,
    23.11339478444612,
    22.147440779990347,
    22.54586964751575,
    23.486779636258674,
    24.93146490461165,
    24.527808929559125,
    24.868789180525436,
    24.561413050162404,
    23.855753769628947,
    23.133755707202294,
    22.992850397885537,
    23.037067979777515,
    22.634944490216064,
    22.42740022067942,
    22.85138717089469,
    22.723511132305397,
    22.518891693272053,
    22.360605562884807,
    23.50523648971746,
    23.57404633017103,
    20.39357273467743,
    20.946441669632407,
    21.214156763590715,
    21.3721238245147,
    21.623605799531877,
    21.961343156753838,
    21.285429388945648,
    21.228085216574843,
    21.030730702567087,
    21.19703256359189,
    20.79619823647885,
    20.501086165192582,
    21.126931237219253,
    21.421764440899587,
    21.0526439587956,
    22.04275837676187,
    23.05621814373261,
    23.232603399760272,
    23.438551449209086,
    22.7970343606037,
    22.673920259278756,
    23.256586791369944,
    23.67237100059458,
    23.839831851800717,
    22.58717754082456,
    23.315179155594752,
    23.050299139347374,
    22.843114766774058,
    22.178298280510795,
    24.057040869482314,
    25.863400453629723,
    24.348907065394503,
    24.436708519289006,
    25.529032365146453,
    25.76599819626678,
    24.89173015896511,
    24.385738008709062,
    24.661319891559472,
    25.272901238563588,
    25.430269276055686,
    24.893741360965862,
    24.02762545883526
  ],
  "all_framewise_ssim": [
    0.6945772767066956,
    0.716349184513092,
    0.7000014781951904,
    0.6987931132316589,
    0.710655689239502,
    0.7080590724945068,
    0.6927888989448547,
    0.6853025555610657,
    0.6948307156562805,
    0.6915343403816223,
    0.704853355884552,
    0.6466826796531677,
    0.6825518608093262,
    0.7217378616333008,
    0.7027198672294617,
    0.7096160054206848,
    0.7297113537788391,
    0.7538297772407532,
    0.7536177039146423,
    0.7282495498657227,
    0.713493824005127,
    0.6851474642753601,
    0.6882664561271667,
    0.7046887278556824,
    0.6955904960632324,
    0.7155999541282654,
    0.7255246639251709,
    0.7061263918876648,
    0.7092714309692383,
    0.7051241397857666,
    0.7122175097465515,
    0.7228949666023254,
    0.7170845866203308,
    0.7163185477256775,
    0.722383975982666,
    0.7259588241577148,
    0.619888961315155,
    0.676095187664032,
    0.6883689761161804,
    0.677984893321991,
    0.7093066573143005,
    0.7390046715736389,
    0.7612819671630859,
    0.7696228623390198,
    0.7634508013725281,
    0.7416874766349792,
    0.7363083958625793,
    0.711305558681488,
    0.7118818163871765,
    0.7223747372627258,
    0.7303075194358826,
    0.7182256579399109,
    0.7248818874359131,
    0.7286648750305176,
    0.7531692981719971,
    0.7493879199028015,
    0.7564679980278015,
    0.733191967010498,
    0.6905600428581238,
    0.6940803527832031,
    0.6915209293365479,
    0.6919673085212708,
    0.6958512663841248,
    0.697159469127655,
    0.6703202128410339,
    0.670882523059845,
    0.6722519993782043,
    0.6712503433227539,
    0.6670694947242737,
    0.659534215927124,
    0.6804341673851013,
    0.6802463531494141,
    0.6619578003883362,
    0.6919975280761719,
    0.6942419409751892,
    0.688170850276947,
    0.7046294212341309,
    0.6920912265777588,
    0.6893489360809326,
    0.7264063358306885,
    0.732403576374054,
    0.7270830273628235,
    0.6939001083374023,
    0.7162176966667175,
    0.7157393097877502,
    0.7056983113288879,
    0.6487699747085571,
    0.68367600440979,
    0.7540574073791504,
    0.7365519404411316,
    0.7531531453132629,
    0.7720969319343567,
    0.7738826274871826,
    0.7471610903739929,
    0.7459189295768738,
    0.7395439743995667,
    0.7494783997535706,
    0.7658374905586243,
    0.7682264447212219,
    0.7544592022895813
  ],
  "all_framewise_lpips": [
    0.3556247353553772,
    0.3433872163295746,
    0.35682418942451477,
    0.3363948166370392,
    0.3422657251358032,
    0.33705392479896545,
    0.33658188581466675,
    0.32533350586891174,
    0.33901309967041016,
    0.32684260606765747,
    0.31589576601982117,
    0.39404651522636414,
    0.37008699774742126,
    0.3676812946796417,
    0.3809855878353119,
    0.37332800030708313,
    0.35920315980911255,
    0.3380875587463379,
    0.3494934141635895,
    0.3442254066467285,
    0.34167608618736267,
    0.35755184292793274,
    0.32652461528778076,
    0.3316640853881836,
    0.33626556396484375,
    0.30921778082847595,
    0.29004329442977905,
    0.3592990040779114,
    0.3621918261051178,
    0.3350006639957428,
    0.3424111008644104,
    0.32979434728622437,
    0.33388596773147583,
    0.33414599299430847,
    0.32549387216567993,
    0.35592883825302124,
    0.46617579460144043,
    0.4045426845550537,
    0.39176419377326965,
    0.3977321982383728,
    0.3781664967536926,
    0.361466646194458,
    0.36367201805114746,
    0.3465677499771118,
    0.3522031307220459,
    0.3750060498714447,
    0.3773003816604614,
    0.4038742184638977,
    0.3976624310016632,
    0.3875916004180908,
    0.3599563539028168,
    0.35860171914100647,
    0.3610810935497284,
    0.3373934030532837,
    0.32311925292015076,
    0.3370089828968048,
    0.35199394822120667,
    0.38053715229034424,
    0.3335952162742615,
    0.3479461967945099,
    0.34434473514556885,
    0.3409503102302551,
    0.3397572636604309,
    0.3513552248477936,
    0.3612852096557617,
    0.3684179186820984,
    0.37328022718429565,
    0.38933026790618896,
    0.39162611961364746,
    0.4002508521080017,
    0.3877856731414795,
    0.39392930269241333,
    0.40415269136428833,
    0.37961873412132263,
    0.4058583080768585,
    0.4117527902126312,
    0.38075461983680725,
    0.36850494146347046,
    0.35632196068763733,
    0.33296337723731995,
    0.3290853798389435,
    0.32096388936042786,
    0.33857280015945435,
    0.3261480927467346,
    0.3126724660396576,
    0.35789942741394043,
    0.37067145109176636,
    0.38826656341552734,
    0.34455424547195435,
    0.3472844958305359,
    0.3329055905342102,
    0.3061853051185608,
    0.3096792697906494,
    0.3561268150806427,
    0.38006845116615295,
    0.3797796070575714,
    0.38201189041137695,
    0.3654661774635315,
    0.32777032256126404,
    0.3478052020072937
  ]
}