{
  "n_frames": 100,
  "scenewise_psnr": 20.52209459160541,
  "scenewise_ssim": 0.592119629912812,
  "scenewise_lpips": 0.6021214354038239,
  "all_framewise_psnrs": [
    21.531837309137686,
    21.752163252323605,
    21.2806344919683,
    20.727807331411658,
    20.91865500621728,
    21.139408280277934,
    21.4007071112654,
    20.1362556404524,
    20.367769831687422,
    20.320688688140727,
    20.259172811512176,
    21.312376348580568,
    22.547238242105827,
    22.24767840621211,
    21.989670027984914,
    21.764556958503142,
    21.11023880026866,
    20.561969547071325,
    21.68218722439352,
    21.278070871657636,
    21.487265238847627,
    20.97764411963777,
    20.780076522807597,
    20.14122631065042,
    19.72757786150291,
    18.821727434260488,
    18.306281237669925,
    20.580459854493757,
    20.43877526035662,
    20.365021580353428,
    20.27086229368934,
    21.057640077511685,
    22.00834016322436,
    21.070491440224387,
    21.973520973629835,
    22.865903369710317,
    23.17595222802922,
    22.009246823676257,
    20.725632743864892,
    19.645841962648777,
    20.62150495726749,
    21.060867298977342,
    21.573639765278774,
    21.464429288475305,
    21.24412447661416,
    20.635579984828354,
    19.30543284491716,
    18.57065791080466,
    18.420441682060023,
    18.796793053218167,
    18.44454088097975,
    18.411335427050826,
    20.50638226775057,
    23.355435527601056,
    22.320642571813337,
    21.78997438745091,
    23.134253844514916,
    26.329870489329487,
    24.696237596534726,
    21.662746828911903,
    20.834252694148017,
    19.658332094126813,
    20.46784499056858,
    20.132155352945222,
    20.219299814391288,
    21.77634525986399,
    20.992373594781473,
    23.513313046674817,
    23.00262517797867,
    24.28995438159353,
    23.78084627712387,
    23.5796444699605,
    22.367256673418893,
    21.964400306288535,
    20.69130198669211,
    21.347051213318437,
    20.05420116822271,
    20.67681813996004,
    20.844736928358092,
    22.01734482138746,
    21.931793959348337,
    22.63202253275413,
    23.931232905909784,
    24.16943572117203,
    24.10960411537627,
    21.34304352716688,
    19.60436233881172,
    21.10505298697854,
    19.79371276210734,
    20.4123051315427,
    20.097320379358656,
    19.518623991414408,
    20.0629333083328,
    19.403666863447757,
    19.022535049544498,
    16.889124122469028,
    15.914899890786975,
    16.166777658198605,
    15.840540223601096,
    16.041519744085324
  ],
  "all_framewise_ssim": [
    0.5790373086929321,
    0.5856645107269287,
    0.5829308032989502,
    0.5631680488586426,
    0.5622785687446594,
    0.5681176781654358,
    0.5813741683959961,
    0.5550931096076965,
    0.5490550994873047,
    0.5375626087188721,
    0.5418851971626282,
    0.5693540573120117,
    0.5727880597114563,
    0.5759795308113098,
    0.5977056622505188,
    0.5796982645988464,
    0.5666233897209167,
    0.5587833523750305,
    0.5862687230110168,
    0.6085226535797119,
    0.6097604632377625,
    0.608677864074707,
    0.6271296143531799,
    0.6206974387168884,
    0.5899876952171326,
    0.5633509159088135,
    0.5426787734031677,
    0.5498701930046082,
    0.5279212594032288,
    0.5109642148017883,
    0.5072095990180969,
    0.5608803629875183,
    0.5939750075340271,
    0.6123918294906616,
    0.6406020522117615,
    0.6638851761817932,
    0.6645521521568298,
    0.6591565012931824,
    0.6098976135253906,
    0.5547553300857544,
    0.5858507752418518,
    0.5927459597587585,
    0.5989580750465393,
    0.6339511871337891,
    0.6497818827629089,
    0.659914493560791,
    0.6516865491867065,
    0.6250894069671631,
    0.5940306186676025,
    0.601742684841156,
    0.5673278570175171,
    0.5810768008232117,
    0.5987198948860168,
    0.6829884648323059,
    0.6741976737976074,
    0.7169716358184814,
    0.7678678631782532,
    0.7865491509437561,
    0.7285049557685852,
    0.6096460819244385,
    0.5690587759017944,
    0.5033042430877686,
    0.5210604071617126,
    0.5122739672660828,
    0.6003392338752747,
    0.6605328321456909,
    0.6474881768226624,
    0.6835925579071045,
    0.6622604727745056,
    0.6433676481246948,
    0.6249153017997742,
    0.6315000653266907,
    0.6157127022743225,
    0.5913851261138916,
    0.5459887385368347,
    0.5002537369728088,
    0.4568898379802704,
    0.46831679344177246,
    0.494064599275589,
    0.5398021340370178,
    0.5734779238700867,
    0.6306878328323364,
    0.6708252429962158,
    0.6891019940376282,
    0.6935095191001892,
    0.6025434732437134,
    0.5361464023590088,
    0.5614027380943298,
    0.5734413266181946,
    0.5460955500602722,
    0.5122568011283875,
    0.4879589080810547,
    0.5102371573448181,
    0.5256431698799133,
    0.5977033376693726,
    0.5715110898017883,
    0.5169102549552917,
    0.5467747449874878,
    0.48584985733032227,
    0.5083693265914917
  ],
  "all_framewise_lpips": [
    0.6180408000946045,
    0.6042425036430359,
    0.6050160527229309,
    0.6209440231323242,
    0.6256521344184875,
    0.6308829188346863,
    0.6339467763900757,
    0.6394408941268921,
    0.6446434259414673,
    0.6646634936332703,
    0.6577628254890442,
    0.6428297162055969,
    0.6381052732467651,
    0.6313815116882324,
    0.619233250617981,
    0.6198838353157043,
    0.6209158301353455,
    0.645889401435852,
    0.6280811429023743,
    0.6074182987213135,
    0.622126579284668,
    0.6290870308876038,
    0.60905921459198,
    0.588051974773407,
    0.5894311666488647,
    0.5930701494216919,
    0.6005701422691345,
    0.6327863931655884,
    0.6488993763923645,
    0.6553733348846436,
    0.658352792263031,
    0.6298136115074158,
    0.6233675479888916,
    0.594684362411499,
    0.5805654525756836,
    0.5676370859146118,
    0.561079740524292,
    0.5354257822036743,
    0.5498638153076172,
    0.5593549013137817,
    0.5145730972290039,
    0.5372602939605713,
    0.5657849311828613,
    0.5432326197624207,
    0.5261003375053406,
    0.5381990671157837,
    0.538623571395874,
    0.5763546228408813,
    0.6062829494476318,
    0.588282585144043,
    0.5662825107574463,
    0.549177885055542,
    0.6056330800056458,
    0.5255231857299805,
    0.5130029916763306,
    0.4428752660751343,
    0.4262397289276123,
    0.46129000186920166,
    0.5086343884468079,
    0.616782009601593,
    0.6157678365707397,
    0.5883643627166748,
    0.6050317287445068,
    0.6116382479667664,
    0.5916069149971008,
    0.5589807033538818,
    0.6111112833023071,
    0.5917218327522278,
    0.6017391681671143,
    0.61053866147995,
    0.6097856163978577,
    0.5969845056533813,
    0.6112949252128601,
    0.6068364381790161,
    0.6289249658584595,
    0.6523624658584595,
    0.664429247379303,
    0.6362090706825256,
    0.6280781626701355,
    0.6132494807243347,
    0.6030071973800659,
    0.59050452709198,
    0.5573400855064392,
    0.529441237449646,
    0.5426281094551086,
    0.593152642250061,
    0.650794506072998,
    0.6587376594543457,
    0.641960620880127,
    0.6273099780082703,
    0.6678785085678101,
    0.6863695383071899,
    0.6768230199813843,
    0.6698946952819824,
    0.6378192901611328,
    0.6137462258338928,
    0.6411939859390259,
    0.6528687477111816,
    0.6909593939781189,
    0.6673482656478882
  ]
}