{
  "n_frames": 100,
  "scenewise_psnr": 18.497453279151724,
  "scenewise_ssim": 0.43018991413588026,
  "scenewise_lpips": 0.6258216771483421,
  "all_framewise_psnrs": [
    21.247437285464862,
    22.500307495082424,
    21.91431815832805,
    21.02767491024831,
    20.483852287599156,
    21.028568203356524,
    21.32174277066423,
    19.601911209675393,
    19.922246001719333,
    19.594973601380516,
    20.274177097939244,
    20.025167709257946,
    19.923365315505993,
    19.8983642578404,
    19.821100322067306,
    19.80257605340421,
    20.367425159728146,
    20.721417681554932,
    20.57532481199984,
    21.13425660105541,
    20.44796522996723,
    19.913907716062404,
    19.943881061611066,
    20.333045588723316,
    20.74119918509595,
    20.839130247410246,
    20.01878818678154,
    19.365438113663007,
    19.253734036693753,
    19.406638674302002,
    19.41219272602077,
    18.78508438708737,
    18.52192009699438,
    20.047122991742082,
    19.643446677797712,
    17.43278073673748,
    17.331274131514874,
    17.291415220662955,
    17.649348544992957,
    16.778619975878826,
    17.155899441575286,
    17.55951954164982,
    17.322700651614863,
    17.122854560235623,
    17.273425260953267,
    17.73890335694066,
    17.773205976684412,
    17.33419454200775,
    17.104853599387514,
    17.50876284832213,
    17.13224357651141,
    18.08083730523814,
    17.267949496372836,
    17.152358205482262,
    17.241347460542283,
    17.56758884545498,
    18.232634562624728,
    18.563254388262397,
    17.956161613489947,
    17.875545487337895,
    17.832840007251292,
    17.147735840961985,
    16.656751997077222,
    17.443744664470668,
    17.488018544960802,
    16.83953725818273,
    16.90224629145233,
    16.81811724472417,
    16.543445551355923,
    16.611443009623912,
    16.59109683923034,
    17.226012789660125,
    17.175464327778094,
    17.055139395951556,
    16.856277545883632,
    16.663545776492377,
    16.70827202404422,
    17.168537402141997,
    16.93704700018428,
    16.982010325822415,
    17.456708135399786,
    19.265565912553157,
    19.838272010201766,
    19.736466179979153,
    20.85714407062424,
    20.710441042822612,
    19.16250661449621,
    19.3837056041494,
    20.018020901525205,
    20.813875460892717,
    20.505542909053066,
    20.285640991641074,
    20.304820625181765,
    19.66036453919947,
    19.482944281050735,
    18.768972176264782,
    17.578347670484757,
    18.119962107117082,
    19.40569887409044,
    19.981720656940887
  ],
  "all_framewise_ssim": [
    0.650920569896698,
    0.6248524188995361,
    0.5775588154792786,
    0.44182267785072327,
    0.4029025733470917,
    0.44538235664367676,
    0.47108182311058044,
    0.4621647894382477,
    0.4597890377044678,
    0.4530870020389557,
    0.45031997561454773,
    0.461395263671875,
    0.4652443826198578,
    0.4649639129638672,
    0.45519134402275085,
    0.45684751868247986,
    0.4490799903869629,
    0.4541678726673126,
    0.46192169189453125,
    0.4863172769546509,
    0.415945440530777,
    0.3494565486907959,
    0.39092448353767395,
    0.4438336193561554,
    0.4451620578765869,
    0.446610689163208,
    0.449474573135376,
    0.43848106265068054,
    0.47002267837524414,
    0.48687002062797546,
    0.47402605414390564,
    0.44149962067604065,
    0.44061124324798584,
    0.4860938489437103,
    0.47091928124427795,
    0.40507590770721436,
    0.4017457664012909,
    0.394767165184021,
    0.38722288608551025,
    0.34864532947540283,
    0.37998008728027344,
    0.40425002574920654,
    0.38000527024269104,
    0.3488408327102661,
    0.3521021902561188,
    0.3872818052768707,
    0.4103569984436035,
    0.4139341115951538,
    0.4136326313018799,
    0.4469433128833771,
    0.46873846650123596,
    0.5116130709648132,
    0.47962260246276855,
    0.4637758433818817,
    0.46622177958488464,
    0.4799668788909912,
    0.509588897228241,
    0.4982416331768036,
    0.4651013910770416,
    0.43475112318992615,
    0.3892444372177124,
    0.3678543269634247,
    0.3704496920108795,
    0.4066518545150757,
    0.43446287512779236,
    0.4150508940219879,
    0.4106443226337433,
    0.3815810978412628,
    0.38644126057624817,
    0.4107970893383026,
    0.37688764929771423,
    0.39602670073509216,
    0.40425267815589905,
    0.4090515673160553,
    0.3847835063934326,
    0.35799217224121094,
    0.3465881645679474,
    0.34301698207855225,
    0.3172328472137451,
    0.3054107427597046,
    0.31067660450935364,
    0.3509952127933502,
    0.4294334650039673,
    0.4338626563549042,
    0.4439873695373535,
    0.4250500202178955,
    0.40191951394081116,
    0.40229693055152893,
    0.41612672805786133,
    0.41758787631988525,
    0.40515294671058655,
    0.40463149547576904,
    0.437761515378952,
    0.4346492290496826,
    0.3990342617034912,
    0.39371171593666077,
    0.3790911138057709,
    0.36579629778862,
    0.4975312054157257,
    0.5979875922203064
  ],
  "all_framewise_lpips": [
    0.37826794385910034,
    0.40749692916870117,
    0.4519454836845398,
    0.5927726030349731,
    0.6260761618614197,
    0.5870823860168457,
    0.5598000884056091,
    0.5631784796714783,
    0.563719630241394,
    0.5754204392433167,
    0.5725812911987305,
    0.5626296401023865,
    0.5652673244476318,
    0.5581024289131165,
    0.5698094964027405,
    0.5755319595336914,
    0.5795558094978333,
    0.5783714652061462,
    0.5746468305587769,
    0.5478876829147339,
    0.6207913160324097,
    0.727979302406311,
    0.6674520969390869,
    0.5918787121772766,
    0.6042643785476685,
    0.6003841757774353,
    0.6006566286087036,
    0.6281293034553528,
    0.5985807180404663,
    0.5851497054100037,
    0.6114600300788879,
    0.6274780631065369,
    0.6270126104354858,
    0.6078833937644958,
    0.6186686754226685,
    0.6702754497528076,
    0.6935823559761047,
    0.6971709132194519,
    0.7054363489151001,
    0.7378076910972595,
    0.6992217302322388,
    0.7078442573547363,
    0.7261561751365662,
    0.7648370265960693,
    0.742078423500061,
    0.7017295956611633,
    0.6717250347137451,
    0.6545588970184326,
    0.6540494561195374,
    0.598865807056427,
    0.5625166893005371,
    0.6239966154098511,
    0.6156938076019287,
    0.6123712658882141,
    0.6060692667961121,
    0.5942465662956238,
    0.5574825406074524,
    0.6201587319374084,
    0.6142109036445618,
    0.6359326839447021,
    0.6251515746116638,
    0.6924330592155457,
    0.6640884280204773,
    0.6174055337905884,
    0.5929082036018372,
    0.6087229251861572,
    0.5709275603294373,
    0.6531543731689453,
    0.6369634866714478,
    0.5992330312728882,
    0.6820582151412964,
    0.6684760451316833,
    0.6672988533973694,
    0.6484287977218628,
    0.6716199517250061,
    0.7006694078445435,
    0.7063921093940735,
    0.7048084139823914,
    0.7324395179748535,
    0.7336292862892151,
    0.7236253023147583,
    0.6793001294136047,
    0.5973128080368042,
    0.5901232957839966,
    0.5894831418991089,
    0.6077489256858826,
    0.6314282417297363,
    0.6382944583892822,
    0.618072509765625,
    0.623507559299469,
    0.6615443229675293,
    0.6821805238723755,
    0.6586176156997681,
    0.6509525775909424,
    0.667553722858429,
    0.6428016424179077,
    0.6501042246818542,
    0.6728266477584839,
    0.571020245552063,
    0.47292962670326233
  ]
}