{
  "n_frames": 100,
  "scenewise_psnr": 10.540622507591683,
  "scenewise_ssim": 0.24601812074273255,
  "scenewise_lpips": 0.9549957185983657,
  "all_framewise_psnrs": [
    11.559532754079164,
    11.242861069807255,
    10.602638331103527,
    11.70561144516791,
    11.481085760904525,
    9.912398233007096,
    10.041301325031176,
    11.120212011174239,
    10.190577537602065,
    11.584886682777588,
    9.259643284915057,
    9.315351842026843,
    8.577595400510337,
    9.99407124357335,
    9.540620182072,
    11.409413162649575,
    9.937058654179864,
    10.748468310586883,
    10.9788600841264,
    10.122946602580114,
    10.918793338309133,
    10.251915898676287,
    11.658131963035032,
    12.603598084459504,
    12.243078103232756,
    9.238410610547719,
    9.648963890185758,
    10.88591656888173,
    11.526193242107258,
    11.566837895245603,
    11.137204083948609,
    10.437215040799856,
    11.495747971886379,
    11.124329824471435,
    10.65424936359058,
    11.314999506343899,
    10.879748409668103,
    13.018025955792679,
    13.407111995497818,
    11.107934146266594,
    11.969691079322576,
    11.047719477613601,
    10.660826637837753,
    11.499083447864969,
    11.881450911680675,
    11.105788176203816,
    11.002311586055614,
    9.311464060098931,
    9.549477366061911,
    8.576146519330317,
    9.34255211979451,
    11.845164355153717,
    12.89017317092408,
    11.310059046445016,
    11.03330659910704,
    10.183346408811833,
    10.032731850352075,
    11.604207714803472,
    9.727384812645392,
    9.809484161651229,
    13.980559544571046,
    11.116783480073138,
    9.277882611198983,
    13.456396860286413,
    12.298745244995485,
    10.202477008125513,
    9.898155959478876,
    10.6701322349916,
    10.128227398060066,
    9.015980004668151,
    9.070756328191168,
    10.890719251393259,
    10.30316951691895,
    10.323731651544481,
    10.264052600940703,
    10.265151023693308,
    10.385817389710628,
    8.95996662987415,
    9.511499258463635,
    9.763265547427533,
    9.888180405997005,
    9.894521039214316,
    9.6625086308603,
    10.205596750456682,
    9.266329115634168,
    10.401533782252951,
    10.573034529058102,
    10.573353910706265,
    10.13876987221371,
    10.16628319622891,
    9.418438675231268,
    10.398245648958424,
    10.485924471809254,
    10.84222144730084,
    9.84595196996812,
    10.672089199300467,
    11.347616043325024,
    11.239714894740489,
    11.12787004044593,
    11.609395694979705
  ],
  "all_framewise_ssim": [
    0.14984863996505737,
    0.15811710059642792,
    0.15609081089496613,
    0.20339345932006836,
    0.24432428181171417,
    0.22605757415294647,
    0.2841695547103882,
    0.25092801451683044,
    0.1736324280500412,
    0.2505187690258026,
    0.20201833546161652,
    0.21054188907146454,
    0.2099885195493698,
    0.2579667866230011,
    0.23903413116931915,
    0.2755785584449768,
    0.2956329584121704,
    0.27133122086524963,
    0.3519844710826874,
    0.3128316402435303,
    0.2898232042789459,
    0.33781611919403076,
    0.3625035285949707,
    0.3522266447544098,
    0.29839691519737244,
    0.2002977579832077,
    0.2940445840358734,
    0.35075807571411133,
    0.27476879954338074,
    0.30543968081474304,
    0.2540229260921478,
    0.3558473587036133,
    0.44545459747314453,
    0.4306373596191406,
    0.4592427909374237,
    0.3860008716583252,
    0.40733256936073303,
    0.3509908616542816,
    0.3047083020210266,
    0.2034495621919632,
    0.2632444202899933,
    0.22252684831619263,
    0.20185346901416779,
    0.19681541621685028,
    0.2016414850950241,
    0.1622854471206665,
    0.15333323180675507,
    0.17491841316223145,
    0.20224207639694214,
    0.2599940299987793,
    0.3033592998981476,
    0.3395659923553467,
    0.35715463757514954,
    0.19938786327838898,
    0.2043468952178955,
    0.1973634511232376,
    0.19854432344436646,
    0.2534298002719879,
    0.152309849858284,
    0.1654754877090454,
    0.3133774697780609,
    0.19657470285892487,
    0.18252146244049072,
    0.3434942662715912,
    0.20950402319431305,
    0.1625862568616867,
    0.16121605038642883,
    0.18950273096561432,
    0.1354757696390152,
    0.18689210712909698,
    0.17214415967464447,
    0.22548632323741913,
    0.19173292815685272,
    0.19037087261676788,
    0.16100311279296875,
    0.18817709386348724,
    0.2001083344221115,
    0.2929528057575226,
    0.31502726674079895,
    0.3009229898452759,
    0.26247480511665344,
    0.1576065868139267,
    0.1500418782234192,
    0.1327260285615921,
    0.13049782812595367,
    0.2181655913591385,
    0.20317934453487396,
    0.23774468898773193,
    0.19482718408107758,
    0.21442945301532745,
    0.19899380207061768,
    0.2749667465686798,
    0.23410578072071075,
    0.22542345523834229,
    0.23702728748321533,
    0.20581333339214325,
    0.20870208740234375,
    0.23614372313022614,
    0.24190300703048706,
    0.33287662267684937
  ],
  "all_framewise_lpips": [
    1.0218018293380737,
    1.0462645292282104,
    1.0507749319076538,
    1.0064359903335571,
    0.9981335401535034,
    0.9833015203475952,
    0.9365108013153076,
    0.9380191564559937,
    1.0125396251678467,
    0.965725839138031,
    1.0258018970489502,
    0.999000072479248,
    1.0133416652679443,
    0.9640293121337891,
    0.9668961763381958,
    0.9309974312782288,
    0.9397886991500854,
    0.9579975008964539,
    0.8865976929664612,
    0.9485360980033875,
    0.9124201536178589,
    0.9054230451583862,
    0.8970934748649597,
    0.9089879393577576,
    0.9428548812866211,
    0.9906480312347412,
    0.8842456340789795,
    0.8913074135780334,
    0.9635804891586304,
    0.9532674551010132,
    0.9501545429229736,
    0.8821954131126404,
    0.8584534525871277,
    0.8666878342628479,
    0.8234728574752808,
    0.880383312702179,
    0.83550626039505,
    0.8594179153442383,
    0.9086137413978577,
    1.0048788785934448,
    0.9494007229804993,
    0.940151572227478,
    0.966436505317688,
    0.9436769485473633,
    0.9718009829521179,
    0.9588427543640137,
    0.9884664416313171,
    0.990376889705658,
    0.9505719542503357,
    0.9841889142990112,
    0.9190317392349243,
    0.9285931587219238,
    0.9216644763946533,
    0.9493932723999023,
    0.9610580205917358,
    0.965756893157959,
    0.951575756072998,
    0.9546854496002197,
    0.9804644584655762,
    0.9474316239356995,
    0.9125542640686035,
    0.980061411857605,
    0.9859990477561951,
    0.8564631342887878,
    0.9478679895401001,
    0.944663405418396,
    0.9709910750389099,
    0.9698154330253601,
    0.9730769991874695,
    0.93386310338974,
    1.005946397781372,
    0.9492726922035217,
    0.9799903631210327,
    0.9903885126113892,
    1.0073527097702026,
    0.9958494901657104,
    0.9999425411224365,
    0.9522764086723328,
    0.9205052852630615,
    0.9088222980499268,
    0.942060112953186,
    1.0155550241470337,
    1.0038089752197266,
    0.9988892078399658,
    1.0149831771850586,
    0.9568877816200256,
    0.9637974500656128,
    0.9596253037452698,
    0.9987667798995972,
    0.9807454943656921,
    0.9875471591949463,
    0.9528383016586304,
    0.9835590124130249,
    0.9386473894119263,
    0.9343315958976746,
    0.9638498425483704,
    0.972140371799469,
    0.9853045344352722,
    1.0020471811294556,
    0.9228290319442749
  ]
}