{
  "n_frames": 100,
  "scenewise_psnr": 22.48926577189637,
  "scenewise_ssim": 0.6518508661099531,
  "scenewise_lpips": 0.47954763137564366,
  "all_framewise_psnrs": [
    24.597879918304688,
    24.91393424112346,
    24.77899004610495,
    24.35327460345386,
    25.00870239627796,
    25.293938020058008,
    24.494353536126322,
    24.337036963684504,
    23.05580530827402,
    23.83139990156286,
    23.43397261459024,
    23.47203812359519,
    23.620580436131103,
    24.47346378036501,
    24.573487049619295,
    23.600270625540503,
    23.26145151533722,
    23.38042732068732,
    24.152357264939624,
    24.727338764294164,
    23.997305135483614,
    22.957985382910056,
    21.679250905234237,
    22.177484181420475,
    22.782540440798446,
    23.186771397703836,
    23.43006860371895,
    22.983842432544222,
    22.702036636748648,
    21.80897989299197,
    23.813579430092044,
    24.115992809988885,
    23.936371536189913,
    22.201879430772962,
    22.152051633805584,
    23.705307478484098,
    23.098789130114167,
    22.75137145270466,
    21.195054354417003,
    22.139120927102116,
    21.708566246731273,
    22.94546839110118,
    24.150313481422366,
    23.825084347218898,
    24.07120495167335,
    23.732351881652797,
    25.012826320345035,
    24.896438151164926,
    24.440516450352803,
    24.00215714731338,
    23.4063156120309,
    22.848137881491816,
    22.71358555530929,
    22.644366802858663,
    21.532772358717974,
    21.293459270790322,
    20.624006706502218,
    21.104680535820304,
    22.49584539993462,
    22.50911788449246,
    21.556464592556623,
    20.827340527984134,
    20.020611286740966,
    19.495781667984865,
    19.635403244834205,
    20.015757610889935,
    19.667201803845835,
    19.45854592807993,
    18.830721408511295,
    19.241268234408725,
    20.684178785706457,
    22.496751970395053,
    22.818350272368445,
    22.842355126899868,
    22.57656376398576,
    22.761012636416037,
    22.93484171681158,
    21.650685725895656,
    21.92796769548583,
    23.625016514998862,
    23.94254833533426,
    23.301661771081307,
    23.80525361786876,
    23.755440060140394,
    23.4942693491988,
    23.33158091764007,
    24.05902242168309,
    23.467654394893252,
    23.003722720340946,
    21.496743504506362,
    20.98194762998963,
    21.34001024532893,
    21.22459676833919,
    21.094130857718522,
    22.97690924776379,
    23.33123947989611,
    22.72257565871822,
    20.134922799668065
  ],
  "all_framewise_ssim": [
    0.7513854503631592,
    0.762245237827301,
    0.7594723701477051,
    0.7497243881225586,
    0.7738544344902039,
    0.771597146987915,
    0.7508454918861389,
    0.7546327710151672,
    0.7177941203117371,
    0.7324845790863037,
    0.7181451916694641,
    0.7119050025939941,
    0.7207148671150208,
    0.7447004914283752,
    0.74616938829422,
    0.7192944884300232,
    0.7117705345153809,
    0.710608184337616,
    0.745751142501831,
    0.7595285773277283,
    0.742432177066803,
    0.7155633568763733,
    0.6762551665306091,
    0.6825975775718689,
    0.698921263217926,
    0.7127575278282166,
    0.7244570851325989,
    0.7061198353767395,
    0.6941699385643005,
    0.6591179966926575,
    0.6799933314323425,
    0.6985262036323547,
    0.7223045229911804,
    0.6981899738311768,
    0.6849477887153625,
    0.6926014423370361,
    0.6844973564147949,
    0.6553435325622559,
    0.615378201007843,
    0.614098072052002,
    0.6198129653930664,
    0.6703519821166992,
    0.6855435967445374,
    0.6818130612373352,
    0.7079145908355713,
    0.7057737708091736,
    0.7152490019798279,
    0.6946368217468262,
    0.6665179133415222,
    0.6432232856750488,
    0.6166601181030273,
    0.6003039479255676,
    0.5893344283103943,
    0.5913593173027039,
    0.5652859807014465,
    0.5452840328216553,
    0.5483453273773193,
    0.5711899399757385,
    0.642787754535675,
    0.651569664478302,
    0.6376467347145081,
    0.5787553191184998,
    0.556530773639679,
    0.5645822882652283,
    0.5347998142242432,
    0.4817557632923126,
    0.4667883813381195,
    0.45507654547691345,
    0.4526022970676422,
    0.4498853385448456,
    0.49868616461753845,
    0.5752589106559753,
    0.580502986907959,
    0.6095512509346008,
    0.6271097660064697,
    0.6342466473579407,
    0.6273064613342285,
    0.574192225933075,
    0.5648413300514221,
    0.61736661195755,
    0.624265193939209,
    0.6047332882881165,
    0.634448766708374,
    0.6421727538108826,
    0.6419086456298828,
    0.6488631367683411,
    0.6686849594116211,
    0.6372978687286377,
    0.6055596470832825,
    0.5612639784812927,
    0.5544174909591675,
    0.5583010315895081,
    0.550835371017456,
    0.6175333857536316,
    0.6649060249328613,
    0.6664864420890808,
    0.6398608684539795,
    0.5781803727149963
  ],
  "all_framewise_lpips": [
    0.3667990267276764,
    0.36115527153015137,
    0.3591087758541107,
    0.3554946780204773,
    0.33862558007240295,
    0.34103530645370483,
    0.3434898257255554,
    0.3458594083786011,
    0.3666607737541199,
    0.38034990429878235,
    0.3853744864463806,
    0.38462376594543457,
    0.3860454857349396,
    0.36234304308891296,
    0.35885217785835266,
    0.39022010564804077,
    0.38487255573272705,
    0.36409109830856323,
    0.3534383773803711,
    0.35138779878616333,
    0.3638961911201477,
    0.38185787200927734,
    0.3978884518146515,
    0.40999311208724976,
    0.40840256214141846,
    0.4001924395561218,
    0.40016064047813416,
    0.42839354276657104,
    0.436418741941452,
    0.489027202129364,
    0.5007627606391907,
    0.4818413257598877,
    0.452817440032959,
    0.4747713506221771,
    0.48300284147262573,
    0.49828481674194336,
    0.509453296661377,
    0.5212070941925049,
    0.5302442312240601,
    0.527012825012207,
    0.5250155925750732,
    0.5140284299850464,
    0.5095396637916565,
    0.48291295766830444,
    0.4618857502937317,
    0.4607374370098114,
    0.4504110813140869,
    0.4605996608734131,
    0.473127543926239,
    0.4826902747154236,
    0.5035619735717773,
    0.5056422352790833,
    0.5069538950920105,
    0.5070931911468506,
    0.5206320881843567,
    0.5246555805206299,
    0.5270582437515259,
    0.5194156169891357,
    0.46945440769195557,
    0.4708781838417053,
    0.49752485752105713,
    0.5155291557312012,
    0.5359983444213867,
    0.5443997383117676,
    0.5586516261100769,
    0.6185787916183472,
    0.6093910932540894,
    0.5832087397575378,
    0.5747652053833008,
    0.5969277024269104,
    0.5766794681549072,
    0.5468229055404663,
    0.5177652835845947,
    0.4905317425727844,
    0.496145635843277,
    0.5098150968551636,
    0.5178610682487488,
    0.5507199168205261,
    0.5442051291465759,
    0.5176881551742554,
    0.5258158445358276,
    0.5367711186408997,
    0.5048210620880127,
    0.49306797981262207,
    0.49520444869995117,
    0.4919900596141815,
    0.4707115888595581,
    0.4896557331085205,
    0.53985196352005,
    0.6033406257629395,
    0.6052213907241821,
    0.6157158613204956,
    0.6166852712631226,
    0.5689940452575684,
    0.5458400845527649,
    0.5487164855003357,
    0.5766103863716125,
    0.6116942763328552
  ]
}