{
  "n_frames": 73,
  "scenewise_psnr": 15.623764052972827,
  "scenewise_ssim": 0.45929103946377836,
  "scenewise_lpips": 0.531658120759546,
  "all_framewise_psnrs": [
    15.930278801225782,
    17.55625380134296,
    18.85640360458803,
    19.463744592476985,
    19.531568889469007,
    19.851292117496897,
    19.443302758386757,
    19.047713861155614,
    18.93897293133218,
    19.705745118015404,
    19.606542939021477,
    19.69845110676827,
    19.299669674860414,
    19.170862239934735,
    18.70959205711701,
    18.118363641951923,
    18.238257077746255,
    18.772850099440618,
    18.30174126340213,
    18.809564594040825,
    20.145091352487633,
    20.361120247083928,
    20.784244758726867,
    18.249731583445673,
    16.119117763375378,
    16.6375406403957,
    15.585774347067225,
    15.82352274237843,
    17.997351572171475,
    17.99677163484548,
    19.51286643390558,
    19.313858669097975,
    19.007955016563262,
    18.78234586982025,
    18.201160774714904,
    17.3499043897569,
    17.353135074997795,
    17.657986206466582,
    17.933269787273467,
    17.997691307577675,
    17.550844734393234,
    17.096169300982037,
    16.015565035209132,
    14.734288085929341,
    14.385136798090697,
    15.754615445454384,
    16.385628796527985,
    15.898155318970307,
    14.750375807465595,
    13.144403224772855,
    11.373980301720382,
    11.539713384237839,
    9.777036525192424,
    9.711334601689606,
    9.237799714293281,
    9.558910370340465,
    10.986920398106061,
    10.654276072677959,
    11.328157675532534,
    15.012788477202175,
    19.00588556638156,
    18.889686258769395,
    18.18910300984909,
    18.13998033363845,
    18.101380853294316,
    17.537136512326054,
    17.87516260340543,
    17.86411122340158,
    16.00086979539469,
    16.014590374309638,
    15.446608912578197,
    14.914302226345782,
    15.05699470728787
  ],
  "all_framewise_ssim": [
    0.3550454080104828,
    0.4433143436908722,
    0.49644625186920166,
    0.5088162422180176,
    0.4867042005062103,
    0.523081362247467,
    0.5196752548217773,
    0.5421276688575745,
    0.5231813192367554,
    0.5379729866981506,
    0.5120890140533447,
    0.503809928894043,
    0.47546693682670593,
    0.49679338932037354,
    0.5168639421463013,
    0.5223916172981262,
    0.4898105561733246,
    0.4966047704219818,
    0.49397459626197815,
    0.5678623914718628,
    0.6770426630973816,
    0.6910791397094727,
    0.7224891781806946,
    0.6724182963371277,
    0.6130807995796204,
    0.6105243563652039,
    0.537263810634613,
    0.5692955255508423,
    0.5865504145622253,
    0.5265092253684998,
    0.48621416091918945,
    0.42560210824012756,
    0.40258991718292236,
    0.3869044780731201,
    0.364400714635849,
    0.3325376808643341,
    0.35063251852989197,
    0.3489309549331665,
    0.38808727264404297,
    0.3508857190608978,
    0.33623290061950684,
    0.34471359848976135,
    0.3686162531375885,
    0.3629714250564575,
    0.3697246313095093,
    0.3968483507633209,
    0.4493039548397064,
    0.4505280554294586,
    0.47256454825401306,
    0.5035186409950256,
    0.46792134642601013,
    0.47860172390937805,
    0.4096490442752838,
    0.42180153727531433,
    0.3668440282344818,
    0.34707996249198914,
    0.3951645791530609,
    0.33319687843322754,
    0.35641995072364807,
    0.41041287779808044,
    0.4418164789676666,
    0.44954049587249756,
    0.39396798610687256,
    0.40821945667266846,
    0.3941132724285126,
    0.3809841573238373,
    0.41092023253440857,
    0.44811418652534485,
    0.3471904993057251,
    0.3446538746356964,
    0.3775719702243805,
    0.36192789673805237,
    0.348722904920578
  ],
  "all_framewise_lpips": [
    0.5524033308029175,
    0.5023837685585022,
    0.49221357703208923,
    0.5000772476196289,
    0.46919333934783936,
    0.46115797758102417,
    0.4656071662902832,
    0.4571722745895386,
    0.46373119950294495,
    0.46003949642181396,
    0.4714839458465576,
    0.463716596364975,
    0.49556469917297363,
    0.46256542205810547,
    0.47378653287887573,
    0.5031489133834839,
    0.5161300301551819,
    0.5317699909210205,
    0.5387290716171265,
    0.5365646481513977,
    0.4703429937362671,
    0.44042885303497314,
    0.4112689197063446,
    0.4178938865661621,
    0.4703085124492645,
    0.45582014322280884,
    0.4946179986000061,
    0.4976530969142914,
    0.44624853134155273,
    0.5099499225616455,
    0.49746623635292053,
    0.5321224331855774,
    0.5684605836868286,
    0.5618149042129517,
    0.5865512490272522,
    0.5943768620491028,
    0.5813618898391724,
    0.5829751491546631,
    0.577610194683075,
    0.5472468733787537,
    0.552434504032135,
    0.5359411835670471,
    0.5191456079483032,
    0.5368136763572693,
    0.5843709707260132,
    0.5706779956817627,
    0.5363967418670654,
    0.575674295425415,
    0.5092646479606628,
    0.49197113513946533,
    0.5276679992675781,
    0.5159845948219299,
    0.5624896287918091,
    0.5364212393760681,
    0.5652207136154175,
    0.5619724988937378,
    0.5313678979873657,
    0.5753395557403564,
    0.5563793778419495,
    0.5595083236694336,
    0.5344820618629456,
    0.5321943163871765,
    0.581856906414032,
    0.5854644179344177,
    0.6242064833641052,
    0.6396439671516418,
    0.6295084357261658,
    0.5824164152145386,
    0.6254969239234924,
    0.6206657886505127,
    0.6242749691009521,
    0.6142865419387817,
    0.6495445370674133
  ]
}