{
  "n_frames": 100,
  "scenewise_psnr": 20.914591468393663,
  "scenewise_ssim": 0.7910823628179733,
  "scenewise_lpips": 0.3882387974858284,
  "all_framewise_psnrs": [
    20.487392603435318,
    18.26942914006152,
    22.571232588219374,
    23.302873468869475,
    23.403975873044804,
    24.947307624911947,
    26.816300665495444,
    27.31665834501778,
    27.37063331008883,
    26.90985014409771,
    26.07583326451452,
    25.528097723291463,
    26.339181026558705,
    26.94586109563761,
    26.52389866413481,
    26.701095160935097,
    26.464771856906516,
    25.12034556900454,
    24.835906195366434,
    23.357842144593768,
    22.386117579960626,
    20.891891746332906,
    20.79396486195178,
    22.70205170694304,
    26.303073597022944,
    26.10412106422291,
    23.53207435290837,
    23.175256442789838,
    23.849708918661857,
    23.634384180163316,
    26.275713920824483,
    26.498592396240113,
    25.995534376731108,
    25.461937993029608,
    25.10188146893202,
    24.907180428004793,
    24.38752381181413,
    24.263617123285712,
    24.23860976799302,
    24.420427366026402,
    21.751811179193076,
    20.342568347975156,
    20.340668424557713,
    21.29277343237667,
    22.745577515037994,
    21.237184020605717,
    21.236082253727385,
    18.155538283259396,
    18.166708246385003,
    18.09949335658488,
    11.997441789625185,
    18.344463060228588,
    22.226252434099614,
    21.356388053577863,
    20.36765097619767,
    19.462215179699335,
    19.606850320312653,
    20.258884304369143,
    19.939710237865704,
    20.515384550684658,
    21.381527847289185,
    21.968293181867814,
    22.115939073979213,
    21.870057171730064,
    19.706018399944373,
    19.90065453908439,
    20.294888401008805,
    21.623459140694337,
    22.12336308345291,
    20.427398088306838,
    19.25044396538711,
    21.241943002550055,
    21.027301862297087,
    23.102838462320094,
    21.777519000227734,
    20.68772139266604,
    19.865143741768406,
    15.639723121696203,
    14.003416244113907,
    13.438256309477163,
    19.22769425675455,
    20.9370661648077,
    24.034919174820082,
    21.390102970460653,
    20.5683177088084,
    22.53090761176251,
    23.164016650917457,
    20.898400600195398,
    23.44830116636824,
    23.869514923969678,
    22.73426593689896,
    20.73232829581697,
    21.633414077794665,
    21.72620197493955,
    20.187048214826795,
    21.386416302880242,
    21.08285334627341,
    21.690928113113472,
    21.276874562845208,
    16.966856901984613
  ],
  "all_framewise_ssim": [
    0.7678049206733704,
    0.7472293972969055,
    0.798396110534668,
    0.7897277474403381,
    0.8399085998535156,
    0.8592790961265564,
    0.8467350006103516,
    0.8773033022880554,
    0.872485876083374,
    0.8430934548377991,
    0.8606036305427551,
    0.8646575808525085,
    0.8464736342430115,
    0.8681461811065674,
    0.8633735775947571,
    0.8449587821960449,
    0.8566238284111023,
    0.8559045195579529,
    0.836682140827179,
    0.8520432114601135,
    0.8445460200309753,
    0.8172153830528259,
    0.828022301197052,
    0.8358428478240967,
    0.8522449135780334,
    0.8620791435241699,
    0.8413702845573425,
    0.8116033673286438,
    0.8228238224983215,
    0.8014547824859619,
    0.8302220702171326,
    0.8392651677131653,
    0.8364868760108948,
    0.8222448229789734,
    0.8278109431266785,
    0.8201484680175781,
    0.8145820498466492,
    0.8301785588264465,
    0.8342041969299316,
    0.824147641658783,
    0.808979332447052,
    0.7656919360160828,
    0.7382637858390808,
    0.7746098637580872,
    0.7832226157188416,
    0.7567570805549622,
    0.746533215045929,
    0.6546881794929504,
    0.6243104338645935,
    0.6453773975372314,
    0.542321503162384,
    0.7024403214454651,
    0.7658142447471619,
    0.7627074718475342,
    0.7756810188293457,
    0.7581449151039124,
    0.7628026604652405,
    0.7666422724723816,
    0.706733763217926,
    0.7047691941261292,
    0.7021961212158203,
    0.7336437106132507,
    0.7231351733207703,
    0.7266138195991516,
    0.6982522010803223,
    0.7104630470275879,
    0.7011051177978516,
    0.7119960188865662,
    0.7079219818115234,
    0.7202875018119812,
    0.7263008952140808,
    0.768834114074707,
    0.7499560713768005,
    0.7855992913246155,
    0.8098950982093811,
    0.7819159626960754,
    0.7389987111091614,
    0.645270824432373,
    0.6187455058097839,
    0.6603769063949585,
    0.7684912085533142,
    0.8080962300300598,
    0.848417341709137,
    0.8260411620140076,
    0.8084184527397156,
    0.814906895160675,
    0.8246089816093445,
    0.7941609025001526,
    0.8450307250022888,
    0.8604674935340881,
    0.8462685942649841,
    0.8178033828735352,
    0.8151223063468933,
    0.8383681774139404,
    0.8494570851325989,
    0.8344209790229797,
    0.8012538552284241,
    0.7840531468391418,
    0.770184338092804,
    0.7305757403373718
  ],
  "all_framewise_lpips": [
    0.3879844844341278,
    0.4704577922821045,
    0.4645065367221832,
    0.48625844717025757,
    0.41703516244888306,
    0.41562679409980774,
    0.4568505883216858,
    0.3977341949939728,
    0.39382219314575195,
    0.4340379536151886,
    0.38594162464141846,
    0.37945878505706787,
    0.4138801097869873,
    0.3647766411304474,
    0.3626517057418823,
    0.3976196348667145,
    0.3629080057144165,
    0.37872281670570374,
    0.4380803108215332,
    0.4087861180305481,
    0.4209412634372711,
    0.46768808364868164,
    0.41404789686203003,
    0.380016952753067,
    0.3709588646888733,
    0.32121384143829346,
    0.3402557075023651,
    0.39550748467445374,
    0.3434407114982605,
    0.3381993770599365,
    0.3261781930923462,
    0.2977885603904724,
    0.2941867709159851,
    0.31381136178970337,
    0.2994453012943268,
    0.3041202127933502,
    0.3298889696598053,
    0.31647253036499023,
    0.32067686319351196,
    0.349079430103302,
    0.3314651846885681,
    0.34410569071769714,
    0.39280465245246887,
    0.3644171357154846,
    0.36733999848365784,
    0.36081966757774353,
    0.3964053690433502,
    0.38805168867111206,
    0.4180401563644409,
    0.44084805250167847,
    0.7699712514877319,
    0.4162430167198181,
    0.38404709100723267,
    0.3664923310279846,
    0.38775381445884705,
    0.4349134862422943,
    0.4134354293346405,
    0.40597742795944214,
    0.4019571542739868,
    0.40973252058029175,
    0.42663002014160156,
    0.41236186027526855,
    0.43515682220458984,
    0.4135890603065491,
    0.4327881634235382,
    0.41064023971557617,
    0.3988609313964844,
    0.39593106508255005,
    0.3698003590106964,
    0.39976218342781067,
    0.43510758876800537,
    0.3289358615875244,
    0.36480391025543213,
    0.3208680748939514,
    0.27343541383743286,
    0.3440133333206177,
    0.412710964679718,
    0.48511868715286255,
    0.5473354458808899,
    0.49352002143859863,
    0.38331928849220276,
    0.34859272837638855,
    0.2880704700946808,
    0.2964840829372406,
    0.35448411107063293,
    0.36236536502838135,
    0.37456491589546204,
    0.4361620545387268,
    0.4029513895511627,
    0.4109984040260315,
    0.43578946590423584,
    0.37613168358802795,
    0.33089742064476013,
    0.3278045654296875,
    0.30974072217941284,
    0.4100817143917084,
    0.3826800286769867,
    0.3451620936393738,
    0.35848259925842285,
    0.43186724185943604
  ]
}