{
  "n_frames": 100,
  "scenewise_psnr": 23.100582677476428,
  "scenewise_ssim": 0.6107195648448709,
  "scenewise_lpips": 0.40274219661951066,
  "all_framewise_psnrs": [
    24.926250991903704,
    27.67972237417693,
    28.554568083788347,
    27.34969159355824,
    25.6044637797967,
    27.25527350631546,
    26.319944561156806,
    23.53290818722272,
    25.134316003121732,
    25.290294268614126,
    25.40543820621382,
    25.271203506883474,
    25.107636168066495,
    25.17678806166987,
    23.61992041822367,
    23.48590903136096,
    22.76484216135301,
    24.4027991846701,
    24.3301894219083,
    24.201674368741042,
    23.136667102699967,
    24.41838605367536,
    24.98534237432966,
    23.331481619201476,
    23.053535822980848,
    23.888815963277573,
    23.83365216670129,
    24.02560145666667,
    23.97925225204467,
    24.966446450816242,
    25.62370070758906,
    25.82629415484646,
    24.731413672384946,
    25.000222920585426,
    25.041866592695527,
    24.644502388623607,
    24.503361015700186,
    24.861254619641745,
    24.155730256072605,
    24.27684835429769,
    23.667370105156976,
    24.03408198823592,
    25.372967762423325,
    21.668366931143822,
    23.83986759243685,
    23.05793285269907,
    23.829215714191278,
    24.340296394947188,
    23.399802733250816,
    22.099438472696686,
    24.04151067702777,
    23.927732754404655,
    23.04637025642471,
    23.3191327585107,
    22.80725578318915,
    22.85381871153179,
    20.360911032016837,
    21.58697109746608,
    21.822297841088623,
    23.022596292108958,
    22.65279812843785,
    23.278720724223408,
    23.139534198948454,
    23.119694542769462,
    23.074109087229793,
    23.622093549623173,
    23.669878778371903,
    23.85626190071861,
    23.277486926473763,
    24.960995815241127,
    24.58373692390118,
    22.71269829377426,
    19.681261992069018,
    21.272459649520286,
    22.042589413479334,
    22.251838548192758,
    21.485314612858897,
    21.775687129763366,
    21.70949067168496,
    21.55452748102207,
    21.138052439105945,
    21.670306482547183,
    21.704695631164693,
    21.78621790851664,
    23.146881149480436,
    23.03777697750599,
    21.770427196351065,
    21.733297226124954,
    21.496732657451155,
    21.689568947672754,
    21.704312651773705,
    21.70250780328882,
    21.305385592091454,
    21.81184966139702,
    21.933978257414214,
    21.979526049517393,
    21.986961563004716,
    22.49730613875288,
    19.348179247196008,
    19.49096972013619
  ],
  "all_framewise_ssim": [
    0.7623348236083984,
    0.8324183821678162,
    0.8685864806175232,
    0.8245585560798645,
    0.7616106867790222,
    0.8277761340141296,
    0.7915828824043274,
    0.6615639925003052,
    0.7072455883026123,
    0.7303428649902344,
    0.7347736954689026,
    0.7272944450378418,
    0.7131434082984924,
    0.7057866454124451,
    0.6241512298583984,
    0.6286515593528748,
    0.5955952405929565,
    0.7163181304931641,
    0.7119106650352478,
    0.7071189880371094,
    0.6430830359458923,
    0.7144804000854492,
    0.7215998768806458,
    0.6215782761573792,
    0.5832050442695618,
    0.6177595853805542,
    0.6161417961120605,
    0.6551524996757507,
    0.6441169381141663,
    0.7137331366539001,
    0.7452271580696106,
    0.7607024312019348,
    0.7091062068939209,
    0.7436483502388,
    0.750178873538971,
    0.7294465899467468,
    0.7102873921394348,
    0.7309221625328064,
    0.6930691599845886,
    0.680973470211029,
    0.6235390305519104,
    0.6523975729942322,
    0.7179931998252869,
    0.6547309756278992,
    0.6207968592643738,
    0.5980261564254761,
    0.6480843424797058,
    0.6678768992424011,
    0.5943897366523743,
    0.5147393345832825,
    0.6354669332504272,
    0.6266146898269653,
    0.5622856020927429,
    0.5841116309165955,
    0.5490314960479736,
    0.5578737258911133,
    0.3393043577671051,
    0.4517628252506256,
    0.4663398563861847,
    0.5301598906517029,
    0.509143590927124,
    0.5543099641799927,
    0.5425903797149658,
    0.5611550211906433,
    0.5570895075798035,
    0.6074433326721191,
    0.6112269759178162,
    0.6291202902793884,
    0.576472282409668,
    0.6803262829780579,
    0.6609539985656738,
    0.5596919059753418,
    0.30655744671821594,
    0.40920719504356384,
    0.4951772689819336,
    0.5285282731056213,
    0.46468690037727356,
    0.49002036452293396,
    0.4907495081424713,
    0.47126665711402893,
    0.4353283941745758,
    0.48790088295936584,
    0.4804394245147705,
    0.4798404276371002,
    0.5629792213439941,
    0.5550897121429443,
    0.47236475348472595,
    0.4729807674884796,
    0.46336254477500916,
    0.48540636897087097,
    0.4919779300689697,
    0.4733055830001831,
    0.4203627109527588,
    0.4797385632991791,
    0.49985650181770325,
    0.5068932175636292,
    0.5002004504203796,
    0.5207883715629578,
    0.2912083566188812,
    0.3200846314430237
  ],
  "all_framewise_lpips": [
    0.2178061306476593,
    0.16822534799575806,
    0.14751629531383514,
    0.1768687218427658,
    0.25108736753463745,
    0.2393319010734558,
    0.2576591670513153,
    0.28504928946495056,
    0.3183794915676117,
    0.2704841196537018,
    0.28397703170776367,
    0.29023513197898865,
    0.3515169322490692,
    0.3337306082248688,
    0.3159191310405731,
    0.31794771552085876,
    0.3381527066230774,
    0.27927687764167786,
    0.2902577221393585,
    0.29496753215789795,
    0.3489322364330292,
    0.2973014712333679,
    0.28227499127388,
    0.32400479912757874,
    0.37152114510536194,
    0.3659425377845764,
    0.3626207709312439,
    0.3464137315750122,
    0.36996763944625854,
    0.3202517330646515,
    0.30827587842941284,
    0.30170902609825134,
    0.335350900888443,
    0.2537928819656372,
    0.24916040897369385,
    0.274465948343277,
    0.30046018958091736,
    0.2865239083766937,
    0.3145465850830078,
    0.32782989740371704,
    0.3926563560962677,
    0.3538224697113037,
    0.3227054476737976,
    0.39032435417175293,
    0.42760711908340454,
    0.37431514263153076,
    0.3373764455318451,
    0.34156322479248047,
    0.40541863441467285,
    0.4022948741912842,
    0.36333125829696655,
    0.37693023681640625,
    0.4238075017929077,
    0.41147804260253906,
    0.42581427097320557,
    0.4672354459762573,
    0.5853441953659058,
    0.5029082298278809,
    0.5105111002922058,
    0.4978718161582947,
    0.5105957984924316,
    0.4679805338382721,
    0.48412615060806274,
    0.46091383695602417,
    0.46902063488960266,
    0.4221673309803009,
    0.42490676045417786,
    0.4027490019798279,
    0.4566357731819153,
    0.3871930241584778,
    0.423421710729599,
    0.47545886039733887,
    0.5850251317024231,
    0.5154564380645752,
    0.47667309641838074,
    0.4543108344078064,
    0.4887385368347168,
    0.45844194293022156,
    0.4735150933265686,
    0.4539256691932678,
    0.5074806213378906,
    0.47318461537361145,
    0.4855867028236389,
    0.49813956022262573,
    0.4740268588066101,
    0.465404212474823,
    0.4994017481803894,
    0.49046504497528076,
    0.5213866233825684,
    0.5144449472427368,
    0.510547935962677,
    0.5477667450904846,
    0.6085939407348633,
    0.5476859211921692,
    0.5180700421333313,
    0.5400181412696838,
    0.548248291015625,
    0.545036792755127,
    0.8158836960792542,
    0.7885389924049377
  ]
}