{
  "n_frames": 87,
  "scenewise_psnr": 18.04442312912311,
  "scenewise_ssim": 0.3877310171655495,
  "scenewise_lpips": 0.3566564619541168,
  "all_framewise_psnrs": [
    18.417397398952083,
    17.70096239573138
  ],
  "all_framewise_ssim": [
    0.4142827093601227,
    0.36059069633483887
  ],
  "all_framewise_lpips": [
    0.3029835820198059,
    0.41032934188842773
  ]
}