{
  "n_frames": 100,
  "scenewise_psnr": 23.148169825130122,
  "scenewise_ssim": 0.6968203510290572,
  "scenewise_lpips": 0.5831387150287628,
  "all_framewise_psnrs": [
    24.130764871596718,
    24.415847012330417,
    22.70723782780732,
    23.25521890034784,
    23.35104931446213,
    23.15772847265816,
    23.275717718197512,
    23.578293583132755,
    24.688246534252237,
    23.046866220071,
    23.192562700093355,
    21.0121717764888,
    17.96706656550993,
    21.6976307722639,
    21.328591864444174,
    22.392841589485492,
    22.55761687168977,
    22.465276412752033,
    22.4595077899645,
    22.930220440602817,
    22.61350669625406,
    21.922245002445614,
    22.09352608034735,
    22.81514338542618,
    22.983810271727588,
    23.344188906222463,
    23.139410028593907,
    25.68932074000427,
    26.991117729680823,
    27.40993060158905,
    27.540836227648832,
    27.78395445546383,
    25.660700175608646,
    25.198988888928874,
    24.670860715601655,
    24.970905842586852,
    24.780654493653437,
    23.854897354386353,
    23.972451621507638,
    22.72176035965192,
    22.668978265820883,
    22.506061817369016,
    21.988921858661975,
    21.73719946222091,
    21.566177924302075,
    21.485441590458997,
    22.369457130804037,
    22.777953729942126,
    22.754441201011204,
    22.21599058485692,
    21.992198770961377,
    24.226651573599884,
    24.27989819595191,
    24.42534169508187,
    24.142980771450205,
    23.96541114840086,
    22.67747516171035,
    21.681289143245984,
    22.561298827652227,
    23.05072084144968,
    22.85501430864103,
    23.674582326031107,
    23.996094501642865,
    23.777716657115008,
    23.489602516897612,
    23.335737809629894,
    23.20743648618569,
    22.998572973943933,
    22.688088636052292,
    22.10649333331219,
    23.38101359996876,
    23.919449196668808,
    22.883653045435754,
    22.68539380207363,
    22.633663319014804,
    22.589985758736294,
    22.888120403372604,
    23.573785677321442,
    23.810967417985513,
    23.792895248646655,
    24.08286924997138,
    24.27322772255399,
    24.142663687976583,
    24.05162645935039,
    23.22801283170533,
    23.617406473340623,
    24.12265923305901,
    24.143972594212197,
    22.874156618998303,
    23.05783184845236,
    24.64463291099067,
    23.411394106694452,
    23.96183450975297,
    23.051529252311447,
    20.14903518250903,
    21.1908848754272,
    25.012602152638067,
    25.52027239710759,
    25.07078220758263,
    26.587169800307933
  ],
  "all_framewise_ssim": [
    0.7388346195220947,
    0.7516059279441833,
    0.7127403616905212,
    0.7133825421333313,
    0.7440319657325745,
    0.7165870666503906,
    0.7318777441978455,
    0.746211051940918,
    0.7630541324615479,
    0.7068236470222473,
    0.7176914811134338,
    0.7033624649047852,
    0.6124181151390076,
    0.7033341526985168,
    0.7105960845947266,
    0.7194560170173645,
    0.7163907885551453,
    0.6987299919128418,
    0.6788608431816101,
    0.6904635429382324,
    0.6775286793708801,
    0.655231237411499,
    0.6786907315254211,
    0.7098546028137207,
    0.6999855041503906,
    0.711663007736206,
    0.7279186248779297,
    0.7722506523132324,
    0.817704439163208,
    0.807304859161377,
    0.7814167141914368,
    0.7906768918037415,
    0.7640929818153381,
    0.7285728454589844,
    0.7236580848693848,
    0.7203812599182129,
    0.6971660256385803,
    0.6780886650085449,
    0.6671717166900635,
    0.6310084462165833,
    0.6214603185653687,
    0.6150210499763489,
    0.5863694548606873,
    0.5766736268997192,
    0.5812709927558899,
    0.5897778272628784,
    0.6617699265480042,
    0.6880648732185364,
    0.6854891180992126,
    0.683429479598999,
    0.6999239325523376,
    0.750840425491333,
    0.7062938213348389,
    0.693779468536377,
    0.67095547914505,
    0.6643209457397461,
    0.6381081938743591,
    0.608497679233551,
    0.6461356282234192,
    0.6693804264068604,
    0.7063289284706116,
    0.7054173946380615,
    0.7105813026428223,
    0.6975825428962708,
    0.6862956881523132,
    0.6754905581474304,
    0.6840169429779053,
    0.6764256358146667,
    0.6753247380256653,
    0.6539180278778076,
    0.6845595240592957,
    0.6942770481109619,
    0.6563858389854431,
    0.638500452041626,
    0.6359782814979553,
    0.6426753997802734,
    0.6668260097503662,
    0.69129878282547,
    0.7014133930206299,
    0.7061671614646912,
    0.7181134819984436,
    0.7230075001716614,
    0.7223520278930664,
    0.6990880966186523,
    0.6777505874633789,
    0.6713365912437439,
    0.6815014481544495,
    0.685236930847168,
    0.6636042594909668,
    0.6614404320716858,
    0.7065045237541199,
    0.6852237582206726,
    0.7283136248588562,
    0.7249504923820496,
    0.6772229075431824,
    0.6679163575172424,
    0.734811544418335,
    0.7593667507171631,
    0.7694506645202637,
    0.7965852618217468
  ],
  "all_framewise_lpips": [
    0.5319712162017822,
    0.5239731073379517,
    0.545585036277771,
    0.5523583889007568,
    0.539239764213562,
    0.5557573437690735,
    0.5518391132354736,
    0.5385215282440186,
    0.5240870714187622,
    0.5674679279327393,
    0.5681884288787842,
    0.5701166987419128,
    0.5996737480163574,
    0.5709651708602905,
    0.5865519642829895,
    0.6017196774482727,
    0.59958815574646,
    0.614966869354248,
    0.6267578601837158,
    0.6136114001274109,
    0.6160925626754761,
    0.6341156363487244,
    0.6300821304321289,
    0.617583155632019,
    0.6242519617080688,
    0.6054143309593201,
    0.6020183563232422,
    0.5904398560523987,
    0.5541540384292603,
    0.5586028099060059,
    0.5701424479484558,
    0.5623228549957275,
    0.5725448131561279,
    0.5792874097824097,
    0.5757673978805542,
    0.5767644643783569,
    0.5875272750854492,
    0.5991947054862976,
    0.6028170585632324,
    0.621902585029602,
    0.6220685243606567,
    0.6248849630355835,
    0.6443144083023071,
    0.6440708637237549,
    0.6342607140541077,
    0.6381847858428955,
    0.6107587814331055,
    0.608977198600769,
    0.6170973777770996,
    0.6104626655578613,
    0.606702446937561,
    0.591892421245575,
    0.5882875323295593,
    0.5897137522697449,
    0.5991069674491882,
    0.600411057472229,
    0.6203373074531555,
    0.6302981972694397,
    0.6104194521903992,
    0.5969501733779907,
    0.5883723497390747,
    0.5863459706306458,
    0.5811349153518677,
    0.5871149897575378,
    0.5881304740905762,
    0.5858368873596191,
    0.5800144672393799,
    0.582302987575531,
    0.591616153717041,
    0.6022467613220215,
    0.583210825920105,
    0.5798726677894592,
    0.6050456166267395,
    0.6181219816207886,
    0.6147593259811401,
    0.6063183546066284,
    0.5874031782150269,
    0.5730764865875244,
    0.564295768737793,
    0.56180739402771,
    0.5548356175422668,
    0.5474284887313843,
    0.5413938164710999,
    0.5580683350563049,
    0.5742261409759521,
    0.573794960975647,
    0.5726711750030518,
    0.5744956731796265,
    0.584898829460144,
    0.5963864326477051,
    0.5527423024177551,
    0.5638200640678406,
    0.5506237149238586,
    0.5292713642120361,
    0.5525060296058655,
    0.5702027678489685,
    0.5463221073150635,
    0.513148307800293,
    0.4818763732910156,
    0.4549655318260193
  ]
}