{
  "n_frames": 100,
  "scenewise_psnr": 14.78022804736967,
  "scenewise_ssim": 0.5450968021209484,
  "scenewise_lpips": 0.6515641978383064,
  "all_framewise_psnrs": [
    14.146977692744851,
    14.235148970836926,
    14.166618057027463,
    14.834793388818802,
    15.704757114600955,
    15.87956327649501,
    15.269331630958852,
    16.124327495540413,
    16.138336631808517,
    15.951074377071954,
    16.76475548400778,
    15.24233515580357,
    16.11575843373204,
    16.133322937511494,
    15.205002386526491,
    14.895738884956591,
    14.731127405646063,
    14.996999105994572,
    16.418661148565754,
    16.635627376619734,
    16.996716453460344,
    14.869242036253489,
    14.242696093071904,
    13.642491503215815,
    14.810018530738683,
    15.915015157273075,
    17.165594421331246,
    15.792011001358668,
    13.296802544699663,
    14.333786120822815,
    16.065541828282853,
    15.662278498353757,
    14.714813166825385,
    14.579273930591638,
    14.432766255334528,
    15.15988232690117,
    14.056729689883587,
    15.029610468481572,
    15.116494912510536,
    14.427168466586552,
    13.673105753833907,
    13.687205637622313,
    13.925355879502346,
    13.579347331022081,
    13.953597891130388,
    14.34420434557968,
    14.676785370643033,
    12.884977916326283,
    12.478493164727404,
    13.838858155033115,
    14.024498772485828,
    14.240203839145781,
    15.629570648730024,
    15.593510622150205,
    16.125806767533724,
    14.063070913145621,
    14.29347257093789,
    15.740752150226502,
    15.762712052202472,
    16.112527948504475,
    16.78829201864592,
    17.754837818451904,
    17.981406797142707,
    14.818858610784202,
    14.439274515871439,
    14.73577011604763,
    15.342128859728184,
    15.104196910192671,
    14.87074899956018,
    13.986590297737962,
    14.895969650963373,
    14.811740721514859,
    15.087988254902687,
    15.0998762573111,
    15.471538598339938,
    14.98482256997943,
    14.379074054222388,
    14.800718950613238,
    13.228017084319102,
    13.637833500106822,
    13.78011518682805,
    15.340334066077123,
    15.697598515471709,
    15.382914407213054,
    13.163086061436642,
    12.613947855187803,
    13.344517035756635,
    13.545113427261246,
    14.156124280292259,
    14.523129159403748,
    14.612392567174865,
    14.546416541682877,
    14.774903609974366,
    15.730229063145448,
    15.39800288843699,
    14.36568235550948,
    15.540693423552225,
    14.138524513107395,
    14.34099462124544,
    14.690414219538745
  ],
  "all_framewise_ssim": [
    0.43942689895629883,
    0.45314034819602966,
    0.4629080295562744,
    0.50240558385849,
    0.5370641946792603,
    0.5240774154663086,
    0.49896785616874695,
    0.5214419364929199,
    0.5200867056846619,
    0.5549623966217041,
    0.605169951915741,
    0.6083776354789734,
    0.5798272490501404,
    0.5701207518577576,
    0.524414598941803,
    0.5558643341064453,
    0.5638349652290344,
    0.6159001588821411,
    0.6004919409751892,
    0.6513445973396301,
    0.6853875517845154,
    0.543739378452301,
    0.5035250782966614,
    0.4608961045742035,
    0.5424738526344299,
    0.6536645889282227,
    0.7367756366729736,
    0.6410201191902161,
    0.45766976475715637,
    0.49422287940979004,
    0.5714388489723206,
    0.5593906044960022,
    0.547441303730011,
    0.5574626326560974,
    0.5285627245903015,
    0.5981588959693909,
    0.5877116918563843,
    0.6626128554344177,
    0.6283321976661682,
    0.62322598695755,
    0.5567172765731812,
    0.508741557598114,
    0.5311806201934814,
    0.5161831378936768,
    0.5044606328010559,
    0.5104386210441589,
    0.48198583722114563,
    0.418833464384079,
    0.38679933547973633,
    0.4519810378551483,
    0.44482073187828064,
    0.47826120257377625,
    0.543255090713501,
    0.545700192451477,
    0.5538827776908875,
    0.4353595972061157,
    0.4149974286556244,
    0.4992193281650543,
    0.5086579918861389,
    0.5645288825035095,
    0.559227466583252,
    0.6309199929237366,
    0.6848179697990417,
    0.5697486996650696,
    0.5510267615318298,
    0.5610025525093079,
    0.6056212186813354,
    0.5454440116882324,
    0.5589364171028137,
    0.575870156288147,
    0.6610620617866516,
    0.5515599846839905,
    0.5278222560882568,
    0.5423888564109802,
    0.5660496354103088,
    0.5773402452468872,
    0.5632404685020447,
    0.5744982361793518,
    0.4892115294933319,
    0.48640719056129456,
    0.47520479559898376,
    0.5696786046028137,
    0.5763766169548035,
    0.5489575266838074,
    0.4616120159626007,
    0.4145965576171875,
    0.4729212820529938,
    0.4756653308868408,
    0.5178096890449524,
    0.4958775043487549,
    0.5312891602516174,
    0.5524908900260925,
    0.5060974359512329,
    0.5813882946968079,
    0.5660123229026794,
    0.5474590063095093,
    0.6222981810569763,
    0.5709567666053772,
    0.532757580280304,
    0.5482866168022156
  ],
  "all_framewise_lpips": [
    0.7173485159873962,
    0.6993675827980042,
    0.679320216178894,
    0.6504397988319397,
    0.6418372392654419,
    0.6386468410491943,
    0.7186232805252075,
    0.6989274621009827,
    0.7088237404823303,
    0.6533372402191162,
    0.6241961121559143,
    0.6339311599731445,
    0.6440079212188721,
    0.6359306573867798,
    0.685703694820404,
    0.6863687634468079,
    0.6699616312980652,
    0.6127345561981201,
    0.6752302646636963,
    0.6560975909233093,
    0.5522757768630981,
    0.6677647829055786,
    0.7078151702880859,
    0.7026146650314331,
    0.5765231847763062,
    0.5006364583969116,
    0.47100791335105896,
    0.5382214188575745,
    0.6958625912666321,
    0.671208381652832,
    0.6344851851463318,
    0.652836263179779,
    0.6363093256950378,
    0.5892714262008667,
    0.6084494590759277,
    0.5761887431144714,
    0.5767074823379517,
    0.5151830315589905,
    0.5561062693595886,
    0.5771644711494446,
    0.6569254398345947,
    0.6896129250526428,
    0.6681420803070068,
    0.6594958305358887,
    0.6552311778068542,
    0.6384676098823547,
    0.6837131977081299,
    0.7021705508232117,
    0.7460407614707947,
    0.7033904790878296,
    0.7100110054016113,
    0.6810920238494873,
    0.6406600475311279,
    0.6416494846343994,
    0.641240119934082,
    0.7062551975250244,
    0.7287316918373108,
    0.7036646008491516,
    0.7160770893096924,
    0.6635172367095947,
    0.6893529295921326,
    0.6637605428695679,
    0.6260299682617188,
    0.6748132705688477,
    0.6885555982589722,
    0.6921544075012207,
    0.6500112414360046,
    0.7127947211265564,
    0.658633828163147,
    0.671307384967804,
    0.5627561211585999,
    0.69407057762146,
    0.7049700021743774,
    0.6716773509979248,
    0.610797107219696,
    0.5468911528587341,
    0.6228405833244324,
    0.648980975151062,
    0.6645817756652832,
    0.6977136135101318,
    0.6864616274833679,
    0.5995768308639526,
    0.5968683958053589,
    0.627678394317627,
    0.6518126130104065,
    0.7280362844467163,
    0.6385900378227234,
    0.6685530543327332,
    0.6416802406311035,
    0.670563817024231,
    0.6369115710258484,
    0.5957698822021484,
    0.7117698192596436,
    0.6540733575820923,
    0.6514798402786255,
    0.6805701851844788,
    0.6186956167221069,
    0.6222124099731445,
    0.6654496788978577,
    0.6834181547164917
  ]
}