{
  "n_frames": 100,
  "scenewise_psnr": 21.784875265766097,
  "scenewise_ssim": 0.6919697653071211,
  "scenewise_lpips": 0.5023472410440445,
  "all_framewise_psnrs": [
    21.952740987298256,
    21.62056724089002,
    21.542478941542473,
    21.1108219716552,
    21.72011649262956,
    21.1236723800249,
    21.55361926025092,
    20.8934351944646,
    23.641194264433118,
    20.947544285626254,
    20.318913224612363,
    21.067385832207776,
    21.149669133454474,
    20.506418626963473,
    21.094686629597035,
    20.983596470364088,
    22.040960646798272,
    21.879227278493374,
    21.83718745767209,
    21.576175830556483,
    21.631757998488457,
    21.30028242181276,
    23.058581053266938,
    22.81401167603443,
    22.98029612761489,
    23.412789016532805,
    23.17910945120491,
    26.30017473958175,
    26.1021724551305,
    25.93460993508984,
    26.26258037576546,
    26.427934262826767,
    22.98149772935949,
    21.99615156092287,
    22.533757953067557,
    22.771759371045405,
    22.40431805773317,
    22.36590422629803,
    21.36210192220493,
    21.229978401678142,
    21.551522400806817,
    21.601775012613203,
    21.028685067680712,
    20.514456936152175,
    19.804958665485607,
    20.47299830668907,
    22.085880850941415,
    21.9307664158349,
    21.24963581377033,
    20.262114359635955,
    21.00204514326929,
    22.127965927014486,
    21.702267472863667,
    21.457148632959147,
    21.67685567239786,
    22.09213018586752,
    22.47899926887923,
    21.797001549132823,
    21.55366842657635,
    21.648991415708746,
    22.69690262892691,
    22.333308865149153,
    22.065952762986786,
    21.771638871144763,
    21.67016774467239,
    21.46693524294923,
    20.970369128332997,
    20.807340478640697,
    20.916821322963152,
    20.50497403697576,
    20.770493674779882,
    21.489155761431125,
    21.202155002515823,
    21.30320507801249,
    21.849803327942986,
    22.267659941345887,
    22.1037970531886,
    22.304209286280408,
    22.25167110139465,
    22.068454693205624,
    22.0971742890314,
    21.13592910358385,
    21.49512416780781,
    21.73509772970587,
    21.531349286887323,
    21.9545859793846,
    21.926038180920735,
    22.004045813787883,
    21.017752400875356,
    20.889351492397033,
    22.02831312686083,
    22.22864440121341,
    22.177602046041045,
    21.595960585036245,
    20.97661486912173,
    21.770380074048074,
    22.65163643496999,
    23.104095121602523,
    21.30672311518271,
    22.72488915545647
  ],
  "all_framewise_ssim": [
    0.7316309809684753,
    0.7191369533538818,
    0.7120798230171204,
    0.7062128186225891,
    0.729759693145752,
    0.7042487263679504,
    0.7039338946342468,
    0.7355479598045349,
    0.7543386816978455,
    0.6903221011161804,
    0.6970019936561584,
    0.7062237858772278,
    0.7309650778770447,
    0.704072892665863,
    0.7219497561454773,
    0.702381432056427,
    0.7102838158607483,
    0.7035369277000427,
    0.6919949054718018,
    0.6894199252128601,
    0.6836840510368347,
    0.6667546629905701,
    0.7096576690673828,
    0.7277204990386963,
    0.7201750874519348,
    0.731372058391571,
    0.7594621181488037,
    0.7856224179267883,
    0.8169700503349304,
    0.8010548949241638,
    0.7645075917243958,
    0.7728061079978943,
    0.7444181442260742,
    0.6949915885925293,
    0.6984407901763916,
    0.6995062828063965,
    0.6718561053276062,
    0.6688682436943054,
    0.6455097794532776,
    0.6285216212272644,
    0.620448887348175,
    0.6172848343849182,
    0.5923338532447815,
    0.5779655575752258,
    0.5800567269325256,
    0.6037423610687256,
    0.688700258731842,
    0.6878702044487,
    0.6722472310066223,
    0.6708176136016846,
    0.708049476146698,
    0.7415130734443665,
    0.6930491924285889,
    0.6651530861854553,
    0.6544573307037354,
    0.6584250330924988,
    0.6468164324760437,
    0.627016007900238,
    0.6588229537010193,
    0.6794934868812561,
    0.7142794728279114,
    0.6911296248435974,
    0.6843320727348328,
    0.6765613555908203,
    0.6718623638153076,
    0.6588602662086487,
    0.6795454025268555,
    0.6747127175331116,
    0.6849303245544434,
    0.6702356934547424,
    0.6728903651237488,
    0.6818934082984924,
    0.6772177219390869,
    0.6721439957618713,
    0.6728610396385193,
    0.6801651120185852,
    0.7009909152984619,
    0.7149598598480225,
    0.712486207485199,
    0.719595193862915,
    0.7224187850952148,
    0.6977496147155762,
    0.6922491192817688,
    0.6724945902824402,
    0.6593787670135498,
    0.6581929326057434,
    0.6543344855308533,
    0.6552548408508301,
    0.6330260634422302,
    0.6318112015724182,
    0.6750182509422302,
    0.6635717749595642,
    0.7165011763572693,
    0.7107099890708923,
    0.6870266795158386,
    0.6793811917304993,
    0.7020058035850525,
    0.7257847785949707,
    0.7062087059020996,
    0.7172442078590393
  ],
  "all_framewise_lpips": [
    0.46478384733200073,
    0.4663471281528473,
    0.47152164578437805,
    0.4892561733722687,
    0.4626110792160034,
    0.5116278529167175,
    0.49445754289627075,
    0.4494308531284332,
    0.4301997721195221,
    0.5233259797096252,
    0.5386877655982971,
    0.5175203680992126,
    0.4620373845100403,
    0.4794779419898987,
    0.515629231929779,
    0.5527128577232361,
    0.5140768885612488,
    0.517716109752655,
    0.5381544828414917,
    0.5410586595535278,
    0.543830156326294,
    0.5739110708236694,
    0.5433732867240906,
    0.5131224989891052,
    0.5253970623016357,
    0.5053194761276245,
    0.48933902382850647,
    0.4841862618923187,
    0.4402013421058655,
    0.45941051840782166,
    0.4956570565700531,
    0.4821246266365051,
    0.493875116109848,
    0.52176433801651,
    0.5109351873397827,
    0.49251389503479004,
    0.5147340893745422,
    0.5171859264373779,
    0.5236877799034119,
    0.5328143835067749,
    0.5299983620643616,
    0.5343664288520813,
    0.5463340878486633,
    0.5488601922988892,
    0.5372303128242493,
    0.5427538752555847,
    0.468652606010437,
    0.49472013115882874,
    0.5112417340278625,
    0.49313899874687195,
    0.4702358543872833,
    0.46589016914367676,
    0.4847831726074219,
    0.5137200355529785,
    0.5196917057037354,
    0.5108017921447754,
    0.5360321998596191,
    0.5632001757621765,
    0.5335884690284729,
    0.4987894892692566,
    0.4749596416950226,
    0.5006141662597656,
    0.5240293741226196,
    0.5207476615905762,
    0.5255702137947083,
    0.5264198780059814,
    0.5020397305488586,
    0.4964351952075958,
    0.48583662509918213,
    0.5001464486122131,
    0.4964768588542938,
    0.49587658047676086,
    0.496677428483963,
    0.4968263804912567,
    0.49270129203796387,
    0.48436060547828674,
    0.4553597569465637,
    0.45631900429725647,
    0.4563179612159729,
    0.4530363082885742,
    0.45178037881851196,
    0.46978959441185,
    0.4761683940887451,
    0.486844539642334,
    0.493581086397171,
    0.49881401658058167,
    0.5083650350570679,
    0.5034018158912659,
    0.5381775498390198,
    0.5657455325126648,
    0.534994900226593,
    0.5587778091430664,
    0.49205759167671204,
    0.472773015499115,
    0.46677225828170776,
    0.5172412991523743,
    0.5193270444869995,
    0.47048240900039673,
    0.4722389280796051,
    0.48859333992004395
  ]
}