{
  "n_frames": 100,
  "scenewise_psnr": 21.420769396808346,
  "scenewise_ssim": 0.6234498147134531,
  "scenewise_lpips": 0.5340343064069748,
  "all_framewise_psnrs": [
    22.018145538922205,
    22.392986849541998,
    21.75140949346447,
    22.35877196468612,
    22.277774128430814,
    21.59536047301778,
    21.217921922665234,
    20.337390801323522,
    21.133520882938907,
    19.18643683897194,
    19.737052427598684,
    20.754716195368708,
    21.71190187665234,
    22.067587675972202,
    22.636437935960146,
    23.00777771329824,
    22.838067133193853,
    23.465408942460215,
    23.24377649446548,
    23.171793880376732,
    22.05086013977582,
    21.915383309100946,
    20.90514340530749,
    20.671144972887593,
    21.138417249661735,
    21.042056020627307,
    22.19072001352994,
    21.62330690289142,
    21.106734892154822,
    20.547451150748863,
    21.803346207502614,
    20.99949107687088,
    20.485995039355295,
    20.92574169610634,
    21.67864840125596,
    22.06553331156906,
    15.185318128889097,
    20.164625439074992,
    22.061898894944232,
    21.712068950387597,
    21.535221594357882,
    21.936088800563454,
    22.23080140832102,
    21.952824055343186,
    22.03888164504265,
    21.815350074268103,
    21.78072701492549,
    22.29466316046052,
    21.90376689100177,
    21.131337043706537,
    20.44450797490251,
    20.106686878997646,
    19.624409710451115,
    19.92869763716897,
    20.7841517324811,
    20.36094707254933,
    20.959875716804245,
    21.404896387473528,
    19.7953218373719,
    20.63287269125429,
    20.642860692434954,
    21.399082713843164,
    21.32343750618405,
    22.04339544687368,
    21.551636585921045,
    20.937523392258015,
    20.71927588416733,
    21.706976240547714,
    21.390058128109356,
    21.11739949521411,
    22.238832942683917,
    21.96374229715648,
    21.47613793299393,
    21.546447520595752,
    22.32491640867145,
    22.987200930487933,
    22.980642392648033,
    22.674343639187914,
    21.900448556551424,
    22.29305914729517,
    22.12020880822426,
    21.763054672991156,
    21.462939495049156,
    21.935372540787533,
    21.260754401669754,
    22.009748892447814,
    21.714764314872767,
    22.367823515155834,
    23.3048156590173,
    21.420041843233516,
    21.943415452587317,
    22.66320315139422,
    22.337023274845095,
    22.16207017621345,
    22.426010178407317,
    23.162899632320176,
    23.40858789772211,
    22.868632353085104,
    22.127860955150318,
    21.67036887147299
  ],
  "all_framewise_ssim": [
    0.6223816275596619,
    0.6449471116065979,
    0.6180073022842407,
    0.6388168334960938,
    0.6358745098114014,
    0.6020910143852234,
    0.5803583264350891,
    0.5549070835113525,
    0.5709277987480164,
    0.5133920311927795,
    0.5190292000770569,
    0.5270059108734131,
    0.5744073390960693,
    0.6085115671157837,
    0.6229312419891357,
    0.6273307204246521,
    0.630410373210907,
    0.6724256873130798,
    0.6848133206367493,
    0.6518535614013672,
    0.6222634315490723,
    0.5920674800872803,
    0.5744813084602356,
    0.5704483389854431,
    0.5779463648796082,
    0.5893164277076721,
    0.6135105490684509,
    0.5921096205711365,
    0.5898010730743408,
    0.5823763012886047,
    0.6133196949958801,
    0.6114665865898132,
    0.5962038636207581,
    0.5921269059181213,
    0.6172481179237366,
    0.6126459240913391,
    0.5799400806427002,
    0.5860741138458252,
    0.6134334206581116,
    0.617176353931427,
    0.6327579617500305,
    0.653448760509491,
    0.6636477708816528,
    0.6718018054962158,
    0.6601592898368835,
    0.6432120203971863,
    0.6464683413505554,
    0.6496215462684631,
    0.6417145133018494,
    0.6261864304542542,
    0.6186770796775818,
    0.6050323843955994,
    0.603412389755249,
    0.6112959384918213,
    0.6527674198150635,
    0.6446366906166077,
    0.6558113098144531,
    0.6392115950584412,
    0.6003009080886841,
    0.6212787628173828,
    0.6212013363838196,
    0.6417929530143738,
    0.6388330459594727,
    0.654832661151886,
    0.6405720114707947,
    0.6154075264930725,
    0.6130520701408386,
    0.6405016779899597,
    0.6413955092430115,
    0.636211633682251,
    0.6738662123680115,
    0.6640706062316895,
    0.6383116245269775,
    0.6308198571205139,
    0.6413763165473938,
    0.6504838466644287,
    0.6556356549263,
    0.6409528255462646,
    0.6090657114982605,
    0.6304351687431335,
    0.61642986536026,
    0.5966306328773499,
    0.5848858952522278,
    0.6059419512748718,
    0.5842422842979431,
    0.5923593640327454,
    0.5498545169830322,
    0.5758545398712158,
    0.6578806042671204,
    0.6316543221473694,
    0.6569108366966248,
    0.6837787628173828,
    0.6741771697998047,
    0.6509943604469299,
    0.653261125087738,
    0.6653613448143005,
    0.6735787391662598,
    0.6843462586402893,
    0.6844877600669861,
    0.6728795170783997
  ],
  "all_framewise_lpips": [
    0.5275728106498718,
    0.5067893862724304,
    0.5109792947769165,
    0.49683353304862976,
    0.5106582045555115,
    0.5340933799743652,
    0.560234785079956,
    0.5554620623588562,
    0.5704044103622437,
    0.5944235920906067,
    0.5830090045928955,
    0.6035118699073792,
    0.5736498832702637,
    0.5596475601196289,
    0.5494154691696167,
    0.5389492511749268,
    0.5490898489952087,
    0.5191975235939026,
    0.5218455791473389,
    0.516727864742279,
    0.5344486236572266,
    0.5525674223899841,
    0.5505011081695557,
    0.5640361309051514,
    0.568763017654419,
    0.5563321113586426,
    0.5482128858566284,
    0.5976433157920837,
    0.5939232110977173,
    0.5668978691101074,
    0.5466319918632507,
    0.5148254036903381,
    0.5318933129310608,
    0.5342075824737549,
    0.5303761959075928,
    0.5510473251342773,
    0.6090933084487915,
    0.5793193578720093,
    0.561643123626709,
    0.5553137063980103,
    0.5370517373085022,
    0.5309727191925049,
    0.554013729095459,
    0.5429638624191284,
    0.5557053089141846,
    0.5727067589759827,
    0.5514793395996094,
    0.5475490093231201,
    0.5444534420967102,
    0.5503636598587036,
    0.5484085083007812,
    0.553871214389801,
    0.5605774521827698,
    0.5318083763122559,
    0.5226979851722717,
    0.5425243973731995,
    0.5685005784034729,
    0.6090598106384277,
    0.5407049655914307,
    0.5067508220672607,
    0.4707690179347992,
    0.46446675062179565,
    0.4638636112213135,
    0.4648391902446747,
    0.4746573865413666,
    0.4913771152496338,
    0.47204503417015076,
    0.47068044543266296,
    0.47035670280456543,
    0.48165592551231384,
    0.4591027498245239,
    0.4540554881095886,
    0.47778603434562683,
    0.4917498230934143,
    0.5198214054107666,
    0.5155364274978638,
    0.49568915367126465,
    0.4907836616039276,
    0.4996190071105957,
    0.5061375498771667,
    0.5399284362792969,
    0.5549641847610474,
    0.5685687065124512,
    0.569000244140625,
    0.5733631253242493,
    0.5757979154586792,
    0.5732720494270325,
    0.5940654277801514,
    0.5425958633422852,
    0.5344027876853943,
    0.5178099870681763,
    0.47787219285964966,
    0.48192062973976135,
    0.5168671607971191,
    0.5386738777160645,
    0.5270829200744629,
    0.5287575721740723,
    0.524718165397644,
    0.5086830258369446,
    0.5177578926086426
  ]
}