{
  "n_frames": 100,
  "scenewise_psnr": 20.14811982452494,
  "scenewise_ssim": 0.472025340995728,
  "scenewise_lpips": 0.626257139146328,
  "all_framewise_psnrs": [
    24.87686115944678,
    25.751617397132097,
    25.128029212644133,
    24.257234069099724,
    23.725837150352397,
    24.885561048599648,
    24.41431468771324,
    24.71744128382543,
    24.786806567967275,
    24.379087967718412,
    24.00672762642158,
    23.994926826246456,
    22.726108875659946,
    24.14001085855062,
    23.350281165442315,
    23.4703794297501,
    22.08295850873124,
    23.05975828565233,
    23.351739277090864,
    23.33240979975576,
    22.503649249100725,
    22.670121420155613,
    22.911190113436994,
    23.150869059149628,
    20.483459850756155,
    21.89192258646194,
    20.75600994432113,
    21.976995107728587,
    22.370145373293937,
    22.070470045544877,
    22.13902528269069,
    22.850704057016635,
    21.82252890691505,
    19.810538541285048,
    19.19930974023186,
    19.13724030082533,
    19.435443688325996,
    20.360725120362126,
    20.227908562846313,
    18.930416112749914,
    17.53042708735648,
    20.209762244859753,
    18.592298928435696,
    19.623760581462356,
    19.553551712435457,
    19.074663324600966,
    19.780189023660075,
    20.256300615749737,
    20.151369862995896,
    20.136154640697143,
    18.37279289924495,
    20.766368526137864,
    19.919769993778306,
    16.980013823807973,
    16.14458185168846,
    17.46878129429383,
    18.559773339639438,
    20.133227086148015,
    19.29493424640106,
    20.146273372511722,
    19.54974033293625,
    19.905044029163427,
    19.5592151294998,
    18.71992981191319,
    18.519569772505825,
    18.463376964250394,
    17.963995434570712,
    18.70029764604623,
    18.50863444534217,
    18.814435309536993,
    17.208284791333632,
    18.94812883629414,
    19.355028962143486,
    19.182509049959137,
    18.436050691661528,
    17.430120059969397,
    16.590140501477777,
    17.11597433098189,
    17.0130683582462,
    17.267504058195936,
    17.713975895287625,
    19.328631269322962,
    20.817406862446557,
    21.04798358889953,
    21.39015644765884,
    21.678526065054676,
    21.491481868493537,
    21.37479076872433,
    20.786179380972968,
    21.893366917955728,
    21.994626226449476,
    21.99948457068105,
    21.886421079972912,
    21.65297305799787,
    20.82403672341263,
    19.818182448885985,
    19.192620487083516,
    19.676964433843782,
    20.11084201502694,
    20.915160684132758
  ],
  "all_framewise_ssim": [
    0.739672839641571,
    0.7132304310798645,
    0.6797011494636536,
    0.5923564434051514,
    0.5608600378036499,
    0.6236631274223328,
    0.5971788763999939,
    0.6053783893585205,
    0.6042880415916443,
    0.5781726837158203,
    0.540852963924408,
    0.5488117337226868,
    0.5050332546234131,
    0.5455331206321716,
    0.5006254315376282,
    0.5081713199615479,
    0.45637357234954834,
    0.4890982210636139,
    0.5060316920280457,
    0.5305290818214417,
    0.4676222503185272,
    0.45888832211494446,
    0.4957963228225708,
    0.5161367654800415,
    0.4150370657444,
    0.46670210361480713,
    0.4422246515750885,
    0.5002744197845459,
    0.5407633781433105,
    0.5433490872383118,
    0.5378851890563965,
    0.5958455204963684,
    0.5568375587463379,
    0.5025904774665833,
    0.4549693167209625,
    0.4489342272281647,
    0.4624539613723755,
    0.5037908554077148,
    0.47222962975502014,
    0.4101797044277191,
    0.39876314997673035,
    0.5265233516693115,
    0.43628013134002686,
    0.4880485236644745,
    0.4487203359603882,
    0.4590577781200409,
    0.48977431654930115,
    0.5031983256340027,
    0.5015667676925659,
    0.5011106133460999,
    0.48035696148872375,
    0.5919123291969299,
    0.521007239818573,
    0.4165036678314209,
    0.3904975354671478,
    0.42508697509765625,
    0.46946847438812256,
    0.500950038433075,
    0.4742022454738617,
    0.4888644218444824,
    0.42665359377861023,
    0.45266199111938477,
    0.4468367099761963,
    0.4298427104949951,
    0.4409537613391876,
    0.43243250250816345,
    0.40587127208709717,
    0.4018525183200836,
    0.39749255776405334,
    0.43083253502845764,
    0.3594474792480469,
    0.4144571125507355,
    0.4336509704589844,
    0.43354496359825134,
    0.39026689529418945,
    0.34752991795539856,
    0.3140259087085724,
    0.3210048973560333,
    0.2930338978767395,
    0.2996079623699188,
    0.3034789264202118,
    0.34125256538391113,
    0.4252200424671173,
    0.43550100922584534,
    0.41410091519355774,
    0.4038027822971344,
    0.3821650445461273,
    0.3826068341732025,
    0.37800025939941406,
    0.4086792469024658,
    0.4098760783672333,
    0.4299151599407196,
    0.4552707374095917,
    0.4532296359539032,
    0.40360012650489807,
    0.3934359550476074,
    0.3806075155735016,
    0.3843626081943512,
    0.4768897294998169,
    0.5806563496589661
  ],
  "all_framewise_lpips": [
    0.2856774628162384,
    0.30651360750198364,
    0.34937167167663574,
    0.44710981845855713,
    0.4652114808559418,
    0.43427926301956177,
    0.43443936109542847,
    0.4306919276714325,
    0.4408891201019287,
    0.4632890224456787,
    0.49073314666748047,
    0.5202083587646484,
    0.5491565465927124,
    0.5152425765991211,
    0.5433287620544434,
    0.5443481802940369,
    0.5656980872154236,
    0.5572286248207092,
    0.5534204244613647,
    0.534641444683075,
    0.5919998288154602,
    0.6316298842430115,
    0.5942206382751465,
    0.5638590455055237,
    0.5962129831314087,
    0.5718623995780945,
    0.5775671005249023,
    0.5734825730323792,
    0.5514963865280151,
    0.5582572221755981,
    0.5446444749832153,
    0.5042028427124023,
    0.5233268737792969,
    0.5683092474937439,
    0.6035872101783752,
    0.6238782405853271,
    0.6343187093734741,
    0.6094172596931458,
    0.6333171129226685,
    0.6879815459251404,
    0.6635228991508484,
    0.5917731523513794,
    0.5894705057144165,
    0.6213136315345764,
    0.615237832069397,
    0.6172523498535156,
    0.5982390642166138,
    0.5842936038970947,
    0.598147988319397,
    0.5857938528060913,
    0.5809030532836914,
    0.6131871342658997,
    0.6400480270385742,
    0.7091029286384583,
    0.7474097013473511,
    0.7203385233879089,
    0.6402950882911682,
    0.6631454825401306,
    0.6274335980415344,
    0.6256195902824402,
    0.6169446110725403,
    0.6718958020210266,
    0.6811748743057251,
    0.6968638896942139,
    0.6863955855369568,
    0.6929162740707397,
    0.652815043926239,
    0.7035641074180603,
    0.6878600716590881,
    0.6568716764450073,
    0.7603654861450195,
    0.7320230007171631,
    0.7279872298240662,
    0.7113687992095947,
    0.7463623881340027,
    0.7940235137939453,
    0.8157477378845215,
    0.815028965473175,
    0.8414528965950012,
    0.8364459276199341,
    0.8433055877685547,
    0.8005462884902954,
    0.6950697302818298,
    0.6853391528129578,
    0.6966859102249146,
    0.7161345481872559,
    0.7351605892181396,
    0.7444194555282593,
    0.7265017628669739,
    0.7015546560287476,
    0.6969566345214844,
    0.697991132736206,
    0.6861483454704285,
    0.6962355971336365,
    0.735117495059967,
    0.731667160987854,
    0.7372621893882751,
    0.7440791130065918,
    0.6698160171508789,
    0.5500361919403076
  ]
}