{
  "n_frames": 100,
  "scenewise_psnr": 10.256248528600922,
  "scenewise_ssim": 0.40933047209783524,
  "scenewise_lpips": 0.9109296303987503,
  "all_framewise_psnrs": [
    11.648558984611931,
    10.823898834188615,
    10.541862081024359,
    10.835026185359691,
    10.623280915450353,
    9.774584004050638,
    10.05959621414866,
    10.216651382817002,
    10.065463003729393,
    9.863490406462693,
    9.014688789224712,
    8.65410247088532,
    8.249564698992272,
    8.717098224437079,
    9.54213560184376,
    10.208383317371885,
    9.843872873305502,
    10.198439830567361,
    10.715758104923882,
    10.690275339538582,
    11.004613761823954,
    11.607656621246374,
    11.84875116688843,
    11.645111482028556,
    11.342239458437522,
    10.759089731522932,
    10.936427532265444,
    11.048375203343817,
    10.643307951463106,
    10.782903241782158,
    11.0665301238955,
    11.174383838612554,
    11.317286908032006,
    11.791515709558112,
    12.104171627960786,
    11.947520907754903,
    11.457192815689224,
    11.109391004055187,
    10.706608667378283,
    10.774567343024252,
    10.576803990886672,
    11.39968505740714,
    12.001250013123759,
    11.307895699009192,
    11.01675388156028,
    10.798894290208,
    11.430526568969183,
    11.599755913852869,
    11.449794487619373,
    10.472662950067992,
    10.064753854046364,
    10.63169790276536,
    10.262916641231444,
    10.451290430022535,
    10.533804584619674,
    10.762262911115176,
    10.722317685274918,
    10.847613535012236,
    11.30654382602836,
    11.410435661829041,
    11.676978199590096,
    11.108962834301071,
    11.289884186115547,
    11.605940724260005,
    11.588296018233349,
    10.745377796031644,
    10.921342475868538,
    11.615871676872654,
    11.848154892414499,
    11.740789357736116,
    10.682153801954076,
    10.891345337217395,
    11.03726390598544,
    10.427248313518815,
    10.105546995643628,
    9.694563482483055,
    9.616679733415312,
    10.09748161697753,
    9.880946949395621,
    10.358903695046509,
    10.378002709180299,
    10.091363913861747,
    9.159415356750424,
    8.915316631372123,
    8.789313819018748,
    8.864075104043387,
    8.64137983564339,
    8.452517068905891,
    8.14151933282763,
    8.102168427709977,
    8.370667694041755,
    8.35574950704648,
    8.611403013307314,
    8.52781591691109,
    8.19240731634111,
    8.552684883788947,
    9.281042794896024,
    9.704020172312996,
    9.468705396441052,
    9.2854984774236
  ],
  "all_framewise_ssim": [
    0.45482632517814636,
    0.434108167886734,
    0.4104301929473877,
    0.4175190031528473,
    0.4271899163722992,
    0.39707353711128235,
    0.45060089230537415,
    0.45451605319976807,
    0.4032496213912964,
    0.3855697810649872,
    0.39325520396232605,
    0.3952731192111969,
    0.3520943820476532,
    0.3977254629135132,
    0.44404706358909607,
    0.43866991996765137,
    0.42293044924736023,
    0.407253235578537,
    0.40437737107276917,
    0.4013838469982147,
    0.39875343441963196,
    0.39841604232788086,
    0.41402021050453186,
    0.42576634883880615,
    0.42612433433532715,
    0.4366406500339508,
    0.4783295691013336,
    0.4983185827732086,
    0.5158820748329163,
    0.5474369525909424,
    0.5270550847053528,
    0.5236948132514954,
    0.5115348696708679,
    0.4918038845062256,
    0.48490408062934875,
    0.44936349987983704,
    0.4270121157169342,
    0.41362062096595764,
    0.3952646255493164,
    0.39958110451698303,
    0.381430059671402,
    0.41100654006004333,
    0.42718470096588135,
    0.4176620543003082,
    0.41852447390556335,
    0.4410935342311859,
    0.5062097907066345,
    0.5077629089355469,
    0.5058972835540771,
    0.4802844226360321,
    0.5056865811347961,
    0.5261068344116211,
    0.4893876016139984,
    0.46788033843040466,
    0.4488987624645233,
    0.44591712951660156,
    0.4154525697231293,
    0.37863898277282715,
    0.4165109395980835,
    0.4293435513973236,
    0.4417852461338043,
    0.4088524878025055,
    0.4186513423919678,
    0.4095058739185333,
    0.41464006900787354,
    0.40025725960731506,
    0.3973764479160309,
    0.4146312177181244,
    0.4351511299610138,
    0.43810704350471497,
    0.3907107412815094,
    0.4185137450695038,
    0.40949344635009766,
    0.3936566412448883,
    0.4009486734867096,
    0.39422479271888733,
    0.3891672194004059,
    0.40056824684143066,
    0.37401828169822693,
    0.37586846947669983,
    0.36148491501808167,
    0.33785951137542725,
    0.32742905616760254,
    0.334976464509964,
    0.3235034942626953,
    0.3060149848461151,
    0.2956424057483673,
    0.28646013140678406,
    0.2789449691772461,
    0.2761194407939911,
    0.27601316571235657,
    0.27030956745147705,
    0.27829185128211975,
    0.2421846240758896,
    0.25787925720214844,
    0.2909604609012604,
    0.33702412247657776,
    0.3641166687011719,
    0.3645056188106537,
    0.3439643085002899
  ],
  "all_framewise_lpips": [
    0.8082773089408875,
    0.8089396357536316,
    0.8401916027069092,
    0.8564878702163696,
    0.8362118005752563,
    0.8470014333724976,
    0.8479301929473877,
    0.8216458559036255,
    0.8476908206939697,
    0.9053242206573486,
    0.9179410338401794,
    0.8837960958480835,
    0.8578972816467285,
    0.842766284942627,
    0.8652660846710205,
    0.905389130115509,
    0.8965316414833069,
    0.9151452779769897,
    0.9225702285766602,
    0.9156904220581055,
    0.9085643887519836,
    0.9125930666923523,
    0.8981627225875854,
    0.9093743562698364,
    0.9313668012619019,
    0.9194415807723999,
    0.9010984897613525,
    0.9072165489196777,
    0.875519335269928,
    0.8710727691650391,
    0.881462574005127,
    0.8866278529167175,
    0.9057238101959229,
    0.9297530651092529,
    0.9260971546173096,
    0.9324477314949036,
    0.9477496147155762,
    0.9500898122787476,
    0.9537591934204102,
    0.9685052037239075,
    0.9643435478210449,
    0.9438443779945374,
    0.9435923099517822,
    0.9459651112556458,
    0.9438949227333069,
    0.9565120339393616,
    0.9150927066802979,
    0.9108378291130066,
    0.9295731782913208,
    0.9398145079612732,
    0.9098185300827026,
    0.8829470872879028,
    0.9271532297134399,
    0.9360698461532593,
    0.9367130398750305,
    0.9309612512588501,
    0.9339301586151123,
    0.9192893505096436,
    0.9027992486953735,
    0.8912310004234314,
    0.8750657439231873,
    0.9005181789398193,
    0.9113568067550659,
    0.8970347046852112,
    0.8992322683334351,
    0.9147080779075623,
    0.89136803150177,
    0.8919602036476135,
    0.8888216614723206,
    0.897291362285614,
    0.8925268650054932,
    0.9407726526260376,
    0.9215741753578186,
    0.923019289970398,
    0.917015016078949,
    0.9132993221282959,
    0.9061102271080017,
    0.9180954098701477,
    0.9249528646469116,
    0.9107974171638489,
    0.9042685031890869,
    0.9073970913887024,
    0.918559193611145,
    0.9226289391517639,
    0.9437866806983948,
    0.9481002688407898,
    0.9587440490722656,
    0.9702156782150269,
    0.9792025685310364,
    1.0088188648223877,
    0.9947776198387146,
    1.0042221546173096,
    0.9484679698944092,
    0.9138091802597046,
    0.9125540256500244,
    0.9111332893371582,
    0.9300051331520081,
    0.8881610631942749,
    0.8844948410987854,
    0.8843920826911926
  ]
}