{
  "n_frames": 100,
  "scenewise_psnr": 14.996209276522821,
  "scenewise_ssim": 0.3422572641207715,
  "scenewise_lpips": 0.7014975265182298,
  "all_framewise_psnrs": [
    15.683172911688548,
    15.920330211133413,
    15.86476808942068,
    15.574084620448524,
    15.18138038537213,
    15.370625102260844,
    15.850846103481057,
    15.775931825778526,
    15.880851804609863,
    15.176574385088074,
    15.41204745545336,
    13.961878419059383,
    13.709317096707947,
    14.603855103567424,
    13.472040372796744,
    14.324893017752098,
    11.640941450075529,
    12.681970343841929,
    15.411584232980758,
    13.30430942880643,
    12.545168977704508,
    14.894840412929941,
    13.644518688287137,
    11.41878313246213,
    13.876167593047857,
    15.106423863387032,
    15.882850358937459,
    16.54247374090052,
    16.069292145983763,
    15.962618993947277,
    16.12676327586215,
    15.73514714769576,
    15.98017222224863,
    15.931238207838616,
    15.91449158782008,
    15.927058241300063,
    16.28100089775325,
    15.762668143971613,
    15.11242452225962,
    15.041852968123186,
    14.874995141532265,
    14.351105871965222,
    13.876514783222644,
    15.188740569899085,
    15.549595895485442,
    16.072083272119635,
    15.59053848277927,
    16.369164638110796,
    16.37317191584915,
    17.002717216615384,
    16.530524361397873,
    15.898351306218405,
    15.717454045592573,
    15.298523625820737,
    15.51440396649783,
    15.061496014327648,
    15.833838173261201,
    16.842264965315838
  ],
  "all_framewise_ssim": [
    0.2555880844593048,
    0.2786458730697632,
    0.26298871636390686,
    0.21620647609233856,
    0.20969140529632568,
    0.2601490318775177,
    0.3053695261478424,
    0.4172672927379608,
    0.47648048400878906,
    0.4423816204071045,
    0.4554123878479004,
    0.21776001155376434,
    0.23812974989414215,
    0.26526740193367004,
    0.2562706470489502,
    0.3119569420814514,
    0.19702430069446564,
    0.2491321563720703,
    0.3599998652935028,
    0.24004435539245605,
    0.22728419303894043,
    0.4050107002258301,
    0.25822973251342773,
    0.16840852797031403,
    0.23276905715465546,
    0.2835105359554291,
    0.2718116044998169,
    0.32821711897850037,
    0.35842013359069824,
    0.4151259660720825,
    0.4227246344089508,
    0.39993980526924133,
    0.37580522894859314,
    0.3674582242965698,
    0.35091328620910645,
    0.5266381502151489,
    0.5509331822395325,
    0.5085862874984741,
    0.4304530620574951,
    0.3007465600967407,
    0.27613887190818787,
    0.19984643161296844,
    0.2512095868587494,
    0.3515814244747162,
    0.35618463158607483,
    0.40085291862487793,
    0.3728971481323242,
    0.40807175636291504,
    0.42226406931877136,
    0.4887286126613617,
    0.42934098839759827,
    0.40405869483947754,
    0.4371927082538605,
    0.33973339200019836,
    0.31164294481277466,
    0.3099176287651062,
    0.32961854338645935,
    0.4674827754497528
  ],
  "all_framewise_lpips": [
    0.8436196446418762,
    0.8024961352348328,
    0.8253291249275208,
    0.8263164758682251,
    0.8423630595207214,
    0.7742751240730286,
    0.7345307469367981,
    0.7076229453086853,
    0.6526141166687012,
    0.7258013486862183,
    0.7916420698165894,
    0.8639513254165649,
    0.8601089715957642,
    0.8214600682258606,
    0.8418840169906616,
    0.8434105515480042,
    0.8614181280136108,
    0.7737361788749695,
    0.7624962329864502,
    0.8582134246826172,
    0.8200023770332336,
    0.7092241048812866,
    0.7737090587615967,
    0.8326884508132935,
    0.8069430589675903,
    0.6883558034896851,
    0.7087419629096985,
    0.6356191039085388,
    0.6441637277603149,
    0.5791319012641907,
    0.5718806385993958,
    0.5847673416137695,
    0.6238869428634644,
    0.621687650680542,
    0.6352831125259399,
    0.4464055299758911,
    0.44820868968963623,
    0.4890805780887604,
    0.5192921757698059,
    0.6872870326042175,
    0.7051387429237366,
    0.8174664974212646,
    0.7996143102645874,
    0.6318602561950684,
    0.6017988324165344,
    0.5926925539970398,
    0.6365865468978882,
    0.6056737303733826,
    0.6128745675086975,
    0.5550048351287842,
    0.6266167163848877,
    0.585819661617279,
    0.5433638691902161,
    0.6458446383476257,
    0.7031456828117371,
    0.7531388998031616,
    0.7764428853988647,
    0.65412437915802
  ]
}