{
  "n_frames": 81,
  "scenewise_psnr": 14.757049282736084,
  "scenewise_ssim": 0.411536319011784,
  "scenewise_lpips": 0.8729021431487284,
  "all_framewise_psnrs": [
    12.940593871091748,
    15.573694871746792,
    13.408949215150013,
    16.709553914467882,
    15.815383679903864,
    16.414233316744557,
    16.062371336804404,
    15.457045989788371,
    15.574897512307171,
    15.107249465438583,
    15.541494583025589,
    14.607512429062881,
    13.533122966539995,
    12.949313704924446,
    14.355385869346478,
    14.100710795932203,
    14.646721625660412,
    14.467419907836812,
    14.403371517739973,
    14.233223178839665,
    14.163709905660335,
    15.440783478968282,
    14.798789130054121,
    14.421230838134122,
    14.493063903370146,
    13.75218637319733,
    13.951964578291369,
    14.605681979690237,
    14.633809707299202,
    14.659641298209628,
    15.231958659935046,
    14.939964517823386,
    14.20127911679679,
    13.075770844110504,
    13.698076697338802,
    12.932286534896605,
    15.201729498745067,
    16.622765417967777,
    16.419864588952805,
    16.76830480597807,
    17.113192413600537,
    16.994250769351865,
    16.21148377112319,
    17.34217703023608,
    16.535169682676898,
    15.98830933952472,
    16.23732000205017,
    16.571646658595853,
    16.343603366587217,
    16.229227322825285,
    14.602549061680497,
    14.371364300586718,
    13.722121879364837,
    14.847682533520445,
    15.518730065532285,
    15.796881267168823,
    15.089584047313256,
    16.16505019838893,
    16.009944675661465,
    15.967673316554361,
    15.147944554060306,
    14.81374149498276,
    14.478623251007463,
    14.495522498825421,
    14.270885175206804,
    14.205208970725637,
    14.032066131725202,
    14.717740493133988,
    14.434492453871963,
    13.564617708733797,
    13.185351454841802,
    13.564519921322155,
    13.946156683289212,
    14.637987032720869,
    14.337713472050314,
    13.870534668661811,
    14.227202119648643,
    14.157276175481385,
    13.529396765699005,
    14.126695124243462,
    14.711384646925598
  ],
  "all_framewise_ssim": [
    0.42372003197669983,
    0.6386507153511047,
    0.4687505066394806,
    0.607930064201355,
    0.5404247641563416,
    0.611102283000946,
    0.5530230402946472,
    0.4775158166885376,
    0.4677530825138092,
    0.5043718814849854,
    0.4755842387676239,
    0.5348231196403503,
    0.4474961757659912,
    0.40678298473358154,
    0.3529873192310333,
    0.2641390562057495,
    0.3817308247089386,
    0.29013141989707947,
    0.3059471845626831,
    0.3002253472805023,
    0.2688470184803009,
    0.42856788635253906,
    0.2751195728778839,
    0.27874383330345154,
    0.32157567143440247,
    0.28770211338996887,
    0.25520142912864685,
    0.269929975271225,
    0.28269827365875244,
    0.24936707317829132,
    0.3415566682815552,
    0.32659289240837097,
    0.291780024766922,
    0.29951444268226624,
    0.3638910949230194,
    0.34526297450065613,
    0.33624860644340515,
    0.43680545687675476,
    0.3561626970767975,
    0.37640824913978577,
    0.4340756833553314,
    0.37078404426574707,
    0.3675151765346527,
    0.38983678817749023,
    0.3100862205028534,
    0.3198741376399994,
    0.37759479880332947,
    0.32030585408210754,
    0.29924777150154114,
    0.34418830275535583,
    0.26525261998176575,
    0.3719438314437866,
    0.4435625970363617,
    0.563150942325592,
    0.45373809337615967,
    0.498042494058609,
    0.46907684206962585,
    0.4508875608444214,
    0.43135523796081543,
    0.49889931082725525,
    0.46310558915138245,
    0.4231867790222168,
    0.3967374861240387,
    0.4016316831111908,
    0.39051973819732666,
    0.4001011848449707,
    0.43648040294647217,
    0.49128520488739014,
    0.44972825050354004,
    0.45453909039497375,
    0.6010847091674805,
    0.5422280430793762,
    0.4977012872695923,
    0.4206290543079376,
    0.4696035385131836,
    0.42834195494651794,
    0.36376914381980896,
    0.5581164360046387,
    0.4520781934261322,
    0.46186113357543945,
    0.4880013167858124
  ],
  "all_framewise_lpips": [
    0.931201696395874,
    0.7922646999359131,
    0.8798503279685974,
    0.7569565176963806,
    0.8190696239471436,
    0.7499369978904724,
    0.7979639172554016,
    0.8309863209724426,
    0.8410546183586121,
    0.8449852466583252,
    0.870266854763031,
    0.8263674974441528,
    0.8651034832000732,
    0.878476083278656,
    0.921036422252655,
    0.9277513027191162,
    0.8641905188560486,
    0.9304150342941284,
    0.9078356027603149,
    0.91705721616745,
    0.8708939552307129,
    0.834350049495697,
    0.9275376796722412,
    0.9377419352531433,
    0.8945856094360352,
    0.9408755302429199,
    0.9129417538642883,
    0.8965023159980774,
    0.9122883081436157,
    0.9186270236968994,
    0.9073541164398193,
    0.907878041267395,
    0.9079524278640747,
    0.9430986642837524,
    0.8906432390213013,
    0.9313596487045288,
    0.902354896068573,
    0.8477308750152588,
    0.8948925137519836,
    0.8513273596763611,
    0.834517240524292,
    0.8672065734863281,
    0.9235824942588806,
    0.8485888242721558,
    0.9123295545578003,
    0.8980223536491394,
    0.8856711387634277,
    0.9030162692070007,
    0.9098408818244934,
    0.876777172088623,
    0.9300832152366638,
    0.8795503377914429,
    0.8884358406066895,
    0.8699212074279785,
    0.8869971036911011,
    0.8308021426200867,
    0.8447144031524658,
    0.8212453126907349,
    0.8269788026809692,
    0.8050024509429932,
    0.8450103998184204,
    0.8374243378639221,
    0.8630518317222595,
    0.8625987768173218,
    0.8777817487716675,
    0.872861921787262,
    0.8321507573127747,
    0.7893633842468262,
    0.8256235122680664,
    0.846377968788147,
    0.7715660929679871,
    0.8220611810684204,
    0.8930017948150635,
    0.9129864573478699,
    0.8618730306625366,
    0.9194433689117432,
    0.898125171661377,
    0.8459905982017517,
    0.9184054136276245,
    0.8823716044425964,
    0.9000149965286255
  ]
}