{
  "n_frames": 100,
  "scenewise_psnr": 18.935513613635095,
  "scenewise_ssim": 0.6235601186636899,
  "scenewise_lpips": 0.6232251808047294,
  "all_framewise_psnrs": [
    26.19551682865896,
    25.796035582011392,
    22.937929412227923,
    23.729162021798317,
    22.852788826494645,
    20.672827727420252,
    20.972826674788912,
    20.943252601068302,
    19.806338262974855,
    20.322735856320776,
    18.9396598026087,
    24.12091481905515,
    21.82181451943961,
    16.099574955021513,
    20.39196642722084,
    20.459488648996285,
    16.955846177709134,
    20.524194234771755,
    22.771119673259683,
    20.55443429109548,
    18.46268165796206,
    17.08676232262412,
    18.67925436903598,
    17.960072206092672,
    20.27418743778142,
    19.856695505062692,
    22.70782781757056,
    21.049932227747167,
    19.634923150032986,
    17.37259013898087,
    17.780655212827728,
    18.822160084041414,
    17.782537482622907,
    17.03392871466741,
    20.057507886767073,
    18.724947044560626,
    16.7719985957665,
    17.560519024336863,
    20.44869576084077,
    16.97757776863795,
    17.572500263837636,
    17.691423537968884,
    19.22091858089083,
    17.870546847261487,
    18.440387621232496,
    18.91499684043099,
    18.492598480701822,
    17.995533980153322,
    19.005467355393172,
    18.903660905106527,
    17.867241210729045,
    20.02976638402698,
    19.680701640920805,
    20.779673810146196,
    19.457305684936756,
    20.415559244364047,
    19.388924323543037,
    18.91466163658486,
    19.25976498186686,
    20.76006744129326,
    18.57245224186923,
    20.429089438043874,
    18.130425666629126,
    18.65013749249552,
    19.563403531540956,
    19.52216864378266,
    16.199694545864176,
    20.524840939520452,
    19.116884353989395,
    19.03914000259014,
    12.472588038394361,
    19.122888055974705,
    18.64281129101591,
    19.618907430329045,
    18.900667305287225,
    19.76195485253906,
    19.380535505993585,
    18.22110115816685,
    16.74303567698732,
    17.26985250184557,
    16.511906369367047,
    19.268234156125217,
    19.575305613563643,
    18.381486468802144,
    17.420722238478355,
    18.41183989420499,
    15.65148946311384,
    19.374243916110782,
    19.402111230004245,
    19.6303179040679,
    18.746799258853933,
    18.08155365577735,
    20.438761836337846,
    21.61331350463871,
    22.082623979920445,
    22.42657943727188,
    22.32205555563238,
    20.951621667193372,
    17.26158230547761,
    20.725028088364134
  ],
  "all_framewise_ssim": [
    0.7913587689399719,
    0.7768027186393738,
    0.7021584510803223,
    0.716250479221344,
    0.6893429160118103,
    0.5874231457710266,
    0.6074963212013245,
    0.616503894329071,
    0.6005632877349854,
    0.6331678032875061,
    0.6140019297599792,
    0.7302855849266052,
    0.6795688271522522,
    0.5472638607025146,
    0.617982804775238,
    0.629396378993988,
    0.5731067657470703,
    0.689283549785614,
    0.6829600930213928,
    0.684688150882721,
    0.6828317046165466,
    0.5762558579444885,
    0.5709568858146667,
    0.5423584580421448,
    0.6449673771858215,
    0.6927681565284729,
    0.7783794403076172,
    0.7008535861968994,
    0.5684221386909485,
    0.5477038025856018,
    0.5880007743835449,
    0.5984819531440735,
    0.6074023246765137,
    0.6004536151885986,
    0.6264389157295227,
    0.6558097004890442,
    0.6210723519325256,
    0.681216299533844,
    0.7026169896125793,
    0.6324607729911804,
    0.5932983756065369,
    0.5635186433792114,
    0.5979735255241394,
    0.587179958820343,
    0.5713102221488953,
    0.5801160931587219,
    0.547675609588623,
    0.5182706713676453,
    0.5313646793365479,
    0.557227611541748,
    0.5118160843849182,
    0.5795654654502869,
    0.6030669808387756,
    0.6292953491210938,
    0.6072298288345337,
    0.5700886845588684,
    0.530166506767273,
    0.5691161751747131,
    0.5833362936973572,
    0.6485620141029358,
    0.6015365719795227,
    0.6593752503395081,
    0.695740282535553,
    0.6257659792900085,
    0.6466204524040222,
    0.6260338425636292,
    0.6032294034957886,
    0.637891948223114,
    0.6228885054588318,
    0.6404491066932678,
    0.6124382019042969,
    0.6267895698547363,
    0.5754415392875671,
    0.6082478165626526,
    0.6164728999137878,
    0.6463497281074524,
    0.6350100040435791,
    0.6158084869384766,
    0.5490235686302185,
    0.5758221745491028,
    0.5178306698799133,
    0.6298346519470215,
    0.6393203735351562,
    0.6019307971000671,
    0.5576119422912598,
    0.5385050773620605,
    0.5125496983528137,
    0.59711754322052,
    0.6125509738922119,
    0.5913084149360657,
    0.6031330823898315,
    0.631470799446106,
    0.6367581486701965,
    0.6751327514648438,
    0.6786125302314758,
    0.6949474811553955,
    0.7288339138031006,
    0.6958298087120056,
    0.5961979627609253,
    0.6850981712341309
  ],
  "all_framewise_lpips": [
    0.33312520384788513,
    0.3332708179950714,
    0.37130206823349,
    0.38750067353248596,
    0.4520712196826935,
    0.5208209156990051,
    0.593632698059082,
    0.6061646938323975,
    0.6393376588821411,
    0.5592252016067505,
    0.6164689064025879,
    0.5233488082885742,
    0.5710259675979614,
    0.6838036775588989,
    0.592309832572937,
    0.579659640789032,
    0.6302796602249146,
    0.5486048460006714,
    0.5998715162277222,
    0.6128119826316833,
    0.5791376829147339,
    0.6871622800827026,
    0.694117546081543,
    0.7388662695884705,
    0.6227005124092102,
    0.5195086002349854,
    0.46288561820983887,
    0.5284674763679504,
    0.6705641150474548,
    0.688144862651825,
    0.6965743899345398,
    0.6972997188568115,
    0.6844610571861267,
    0.6237436532974243,
    0.587340235710144,
    0.5735523104667664,
    0.5914363861083984,
    0.5213253498077393,
    0.48282596468925476,
    0.6112782955169678,
    0.6509925723075867,
    0.7014272212982178,
    0.6692286133766174,
    0.6634143590927124,
    0.671634316444397,
    0.6491447687149048,
    0.6991766095161438,
    0.6517573595046997,
    0.656313419342041,
    0.6499199867248535,
    0.6832883358001709,
    0.6772622466087341,
    0.6654353737831116,
    0.6351511478424072,
    0.6544895768165588,
    0.6632946729660034,
    0.7041425108909607,
    0.7131778001785278,
    0.7255270481109619,
    0.6601978540420532,
    0.7136480212211609,
    0.6978588104248047,
    0.6749783754348755,
    0.6510365009307861,
    0.6220663785934448,
    0.6731585264205933,
    0.7139361500740051,
    0.76119065284729,
    0.6793128848075867,
    0.6488616466522217,
    0.6905836462974548,
    0.7058071494102478,
    0.7483314275741577,
    0.7081491351127625,
    0.6669706106185913,
    0.5575750470161438,
    0.6044862270355225,
    0.6229217648506165,
    0.6787171959877014,
    0.6855623722076416,
    0.7314518094062805,
    0.6191779971122742,
    0.6210496425628662,
    0.6562486886978149,
    0.6672820448875427,
    0.6943732500076294,
    0.6812244653701782,
    0.6502687335014343,
    0.6258326172828674,
    0.6807360649108887,
    0.6578890681266785,
    0.6011081337928772,
    0.628008246421814,
    0.5887707471847534,
    0.5659131407737732,
    0.5474306344985962,
    0.5313870310783386,
    0.5110875964164734,
    0.5705201029777527,
    0.5266014337539673
  ]
}