{
  "n_frames": 100,
  "scenewise_psnr": 20.030723934302436,
  "scenewise_ssim": 0.5802388162311694,
  "scenewise_lpips": 0.5395594334602356,
  "all_framewise_psnrs": [
    24.47277978404854,
    24.070826973151,
    22.05506082002468,
    21.523273235245796,
    23.681815041817625,
    23.558426523065712,
    22.589860926802867,
    22.44972045949897,
    18.377305359695907,
    20.67580294425524,
    20.46708510879381,
    21.01898783155343,
    20.21423350652328,
    23.77917255274135,
    22.86130050744964,
    21.270373633726493,
    21.094774841505362,
    20.20618447531416,
    19.927317604074027,
    19.725041788024086,
    18.98555411560537,
    19.242068146333757,
    17.030483469582652,
    18.890512618557864,
    19.628865724312043,
    20.78116093484923,
    19.465277404938558,
    19.13627248175675,
    19.943925780685493,
    20.42213809099334,
    21.008949910250227,
    19.785857651340525,
    20.750305522539488,
    21.43424469794745,
    20.814853678046795,
    18.60888532895897,
    20.365797691614986,
    19.910349134921375,
    20.12168755403367,
    20.85087284540014,
    20.317585801942286,
    20.06900859976263,
    19.33559215621775,
    20.053995170583466,
    20.998143094759104,
    20.481667209029332,
    20.28556410255507,
    20.84249810149676,
    21.333721554759933,
    22.45654979824768,
    22.745208777342402,
    22.348791639535502,
    22.36688521419437,
    21.891150430464087,
    20.678910248111528,
    17.73271445761615,
    16.79150086026288,
    18.766962650910514,
    17.322239956160786,
    17.753951276282642,
    19.876167939960055,
    20.972879807143773,
    19.217771495414993,
    20.645941222178447,
    20.839326523443017,
    20.024856503884543,
    21.053126404904575,
    20.71997426333231,
    22.069933547400403,
    22.405596658919208,
    22.563369954865024,
    23.334917881049115,
    18.39246148169937,
    18.454163898616127,
    17.52174979066576,
    17.774898920634747,
    16.47055432306239,
    15.861012434954212,
    17.620525131068767,
    22.038754873335527,
    22.335028565982057,
    23.84116424617615,
    23.62587351471039,
    23.135998816061626,
    21.954986285674146,
    21.457433197981956,
    19.564321014908714,
    20.539481199734837,
    20.280587351031187,
    19.684124255326925,
    18.465354468404286,
    17.756055058773192,
    17.382306177305765,
    18.208410143196847,
    18.69297471831944,
    19.531244642013462,
    19.721571234147465,
    21.125521368683636,
    20.324287991515217,
    20.66775217352359
  ],
  "all_framewise_ssim": [
    0.7578525543212891,
    0.745340883731842,
    0.6837846636772156,
    0.6775164008140564,
    0.7653194069862366,
    0.7653114199638367,
    0.7399992942810059,
    0.7031428217887878,
    0.5656034350395203,
    0.5682781338691711,
    0.5236955285072327,
    0.5744224190711975,
    0.5984466671943665,
    0.7279787063598633,
    0.6823336482048035,
    0.6210277080535889,
    0.6192789077758789,
    0.5811440944671631,
    0.5017601847648621,
    0.5375362038612366,
    0.5045639276504517,
    0.5700017809867859,
    0.4614035189151764,
    0.49319127202033997,
    0.5155097842216492,
    0.5418700575828552,
    0.5047943592071533,
    0.5267260074615479,
    0.5310183167457581,
    0.5576382279396057,
    0.5608313679695129,
    0.5242431163787842,
    0.5462971925735474,
    0.5658230781555176,
    0.5257108807563782,
    0.4773944914340973,
    0.4938792884349823,
    0.4820859134197235,
    0.49278879165649414,
    0.5469430088996887,
    0.530392587184906,
    0.5110018849372864,
    0.47863200306892395,
    0.515958845615387,
    0.5766927599906921,
    0.5438058376312256,
    0.5303894877433777,
    0.5687877535820007,
    0.5981718897819519,
    0.6286476254463196,
    0.6355258822441101,
    0.6120195388793945,
    0.6225162148475647,
    0.6192075610160828,
    0.5791496634483337,
    0.4832797944545746,
    0.4339759051799774,
    0.4472462832927704,
    0.45157161355018616,
    0.4414248764514923,
    0.5443711876869202,
    0.5834143757820129,
    0.5513818264007568,
    0.577988862991333,
    0.5941047668457031,
    0.5855073928833008,
    0.615861177444458,
    0.621189296245575,
    0.6603848934173584,
    0.6876010298728943,
    0.6927094459533691,
    0.702484130859375,
    0.532346785068512,
    0.4894966781139374,
    0.4864009916782379,
    0.4497998058795929,
    0.37543681263923645,
    0.418797105550766,
    0.5583035945892334,
    0.7120051383972168,
    0.7212639451026917,
    0.7398213744163513,
    0.7316096425056458,
    0.7164261341094971,
    0.6861040592193604,
    0.6625518798828125,
    0.6279022097587585,
    0.6519531011581421,
    0.6168448328971863,
    0.5965290069580078,
    0.5613765120506287,
    0.5025069713592529,
    0.46115756034851074,
    0.4551912844181061,
    0.4539792239665985,
    0.45959702134132385,
    0.49498191475868225,
    0.6039049029350281,
    0.5858816504478455,
    0.5776858925819397
  ],
  "all_framewise_lpips": [
    0.2751044034957886,
    0.27272436022758484,
    0.3158896267414093,
    0.3050667643547058,
    0.27264052629470825,
    0.2751804292201996,
    0.2852312922477722,
    0.3389298915863037,
    0.433305561542511,
    0.4626994729042053,
    0.5005952715873718,
    0.4946812391281128,
    0.45041269063949585,
    0.3518441319465637,
    0.38256457448005676,
    0.45778486132621765,
    0.5013469457626343,
    0.5399563908576965,
    0.5867469310760498,
    0.5659502148628235,
    0.565605878829956,
    0.4974771738052368,
    0.6726409196853638,
    0.6515552997589111,
    0.6160328984260559,
    0.5905978083610535,
    0.6071614027023315,
    0.6034568548202515,
    0.6081082820892334,
    0.5807441473007202,
    0.5828019380569458,
    0.621753454208374,
    0.6064883470535278,
    0.5810859203338623,
    0.5924727916717529,
    0.6023894548416138,
    0.5998371839523315,
    0.6132614612579346,
    0.6017217636108398,
    0.5577710866928101,
    0.5704489350318909,
    0.5933660864830017,
    0.6190499663352966,
    0.5787080526351929,
    0.5366382598876953,
    0.5630233287811279,
    0.5619393587112427,
    0.540767252445221,
    0.5273129940032959,
    0.5323573350906372,
    0.5372660756111145,
    0.5748217701911926,
    0.5519636869430542,
    0.5574229955673218,
    0.5976173281669617,
    0.6570420861244202,
    0.6917954087257385,
    0.680902361869812,
    0.6872887015342712,
    0.6961661577224731,
    0.5765268802642822,
    0.5396113395690918,
    0.5665357112884521,
    0.5221042633056641,
    0.5231702327728271,
    0.5219135880470276,
    0.4750354290008545,
    0.4509822130203247,
    0.4142586588859558,
    0.3972393274307251,
    0.4184223413467407,
    0.42262351512908936,
    0.7297248840332031,
    0.7236263155937195,
    0.6838648915290833,
    0.6705713868141174,
    0.7532303929328918,
    0.7874531149864197,
    0.6009714007377625,
    0.4061247706413269,
    0.44133177399635315,
    0.4322258532047272,
    0.4404875636100769,
    0.457268625497818,
    0.48141002655029297,
    0.5139022469520569,
    0.5669139623641968,
    0.5498576164245605,
    0.5533252954483032,
    0.550302267074585,
    0.5768532156944275,
    0.6591548323631287,
    0.69677734375,
    0.681859016418457,
    0.6556198000907898,
    0.6381068229675293,
    0.579717755317688,
    0.4692476987838745,
    0.46803170442581177,
    0.48204147815704346
  ]
}