{
  "n_frames": 100,
  "scenewise_psnr": 22.878407822870805,
  "scenewise_ssim": 0.6211509046481716,
  "scenewise_lpips": 0.5081697174906731,
  "all_framewise_psnrs": [
    25.61907891461445,
    26.09865752429281,
    25.22921010494494,
    23.756124361701417,
    24.20751182082693,
    24.536584072858894,
    24.179870680679315,
    24.201842260601136,
    23.57356418074653,
    23.17707429048677,
    23.33459448555153,
    23.433024703572993,
    23.424335061455,
    23.702121286862656,
    23.789030539188147,
    24.340556540901183,
    24.101344920598603,
    23.907783408546834,
    24.05348262656984,
    24.241014760239494,
    24.010465690711023,
    24.05362508547435,
    23.970061655094213,
    23.36246813493546,
    23.510061743323053,
    23.70236983487175,
    23.749312086028826,
    24.017229763445158,
    24.38620854321794,
    24.551572391094144,
    24.070384490914428,
    24.059156823121054,
    24.713407895832095,
    24.4025918523835,
    23.921878321184906,
    24.577096890853987,
    24.30370256947778,
    23.967194522910376,
    23.05483305188694,
    22.55755746973084,
    23.579345671085115,
    24.226068507644666,
    23.88164667762224,
    23.4326279443011,
    23.467472846598984,
    23.513026496431188,
    22.72503800357657,
    20.954775567761537,
    22.974735568223675,
    24.141787628992923,
    24.191587763775733,
    22.951985957675795,
    23.95599631181465,
    23.796062972124155,
    23.663812910062497,
    23.714361133846683,
    23.562435294067498,
    22.22710544716913,
    22.692828360573394,
    22.930464650812215,
    23.280634922862497,
    23.130583451440035,
    20.712857775540186,
    19.430366747785722,
    21.774785939469055,
    22.134575678982525,
    21.560156320799514,
    21.100594017858153,
    20.250720460682654,
    21.083261042179075,
    21.051009916195373,
    21.179788537189246,
    21.245679263800753,
    22.085135208648218,
    22.538219282694353,
    22.56216845674494,
    22.739784075961282,
    22.57309888919012,
    22.443905705608934,
    22.11205898393128,
    21.684470050165025,
    21.72774514971975,
    21.20271463563885,
    22.158046623023928,
    21.781001897638678,
    21.777732164808285,
    21.441238449613692,
    21.26347932497795,
    21.294342740154487,
    21.58398688658827,
    21.5993508038081,
    22.520651076884487,
    21.645452647158674,
    21.491245238989528,
    23.236651668217178,
    23.64183039254226,
    22.238003016332605,
    22.99006882876992,
    23.126540583571753,
    24.349523927164746
  ],
  "all_framewise_ssim": [
    0.717773973941803,
    0.7310444712638855,
    0.6933515667915344,
    0.654211699962616,
    0.6532747149467468,
    0.6477664113044739,
    0.6338047981262207,
    0.6241338849067688,
    0.5895337462425232,
    0.5628643035888672,
    0.596592366695404,
    0.600309431552887,
    0.581402063369751,
    0.5865342020988464,
    0.5987994074821472,
    0.6111612319946289,
    0.6161283254623413,
    0.6079903244972229,
    0.5836226344108582,
    0.5923450589179993,
    0.5987089276313782,
    0.6152393221855164,
    0.5962284207344055,
    0.5588913559913635,
    0.5652652382850647,
    0.5836736559867859,
    0.5677638053894043,
    0.5574801564216614,
    0.5683197975158691,
    0.5887041091918945,
    0.565955400466919,
    0.5611124634742737,
    0.5915200114250183,
    0.619592010974884,
    0.6470806002616882,
    0.6316378712654114,
    0.6022284626960754,
    0.5657421946525574,
    0.5289450287818909,
    0.569425642490387,
    0.5789384245872498,
    0.6158953309059143,
    0.5982640981674194,
    0.5595178008079529,
    0.547309398651123,
    0.5602109432220459,
    0.5564351677894592,
    0.4929608404636383,
    0.6486782431602478,
    0.7086575031280518,
    0.7102671265602112,
    0.6839051842689514,
    0.7093212604522705,
    0.7038979530334473,
    0.6772303581237793,
    0.6980908513069153,
    0.6802157759666443,
    0.6766422390937805,
    0.6926594376564026,
    0.6795542240142822,
    0.6794209480285645,
    0.691307008266449,
    0.6467073559761047,
    0.6102120876312256,
    0.6563484072685242,
    0.6705269813537598,
    0.657028079032898,
    0.6630874276161194,
    0.6221758723258972,
    0.633382260799408,
    0.6036617159843445,
    0.621799886226654,
    0.6714425683021545,
    0.7013971209526062,
    0.7011470794677734,
    0.6915901303291321,
    0.6752890944480896,
    0.6558300256729126,
    0.6487994194030762,
    0.6290838122367859,
    0.611442506313324,
    0.6014209985733032,
    0.5714842677116394,
    0.6178955435752869,
    0.6004902720451355,
    0.6126235723495483,
    0.6330035328865051,
    0.6188725829124451,
    0.5901760458946228,
    0.5873789191246033,
    0.627331554889679,
    0.6738337874412537,
    0.6319869160652161,
    0.6255247592926025,
    0.6666349768638611,
    0.5178378224372864,
    0.4570462703704834,
    0.5090150833129883,
    0.5233942866325378,
    0.5694870352745056
  ],
  "all_framewise_lpips": [
    0.42223596572875977,
    0.3934687376022339,
    0.42316290736198425,
    0.4447688162326813,
    0.46328696608543396,
    0.47927412390708923,
    0.48315635323524475,
    0.48981592059135437,
    0.5334659814834595,
    0.5752301216125488,
    0.5546644926071167,
    0.5528390407562256,
    0.5425660610198975,
    0.5247580409049988,
    0.511982798576355,
    0.5090258717536926,
    0.48520293831825256,
    0.49163857102394104,
    0.5140550136566162,
    0.5006128549575806,
    0.4857996106147766,
    0.4999120235443115,
    0.5105288028717041,
    0.5303674340248108,
    0.5186740159988403,
    0.49464261531829834,
    0.5015495419502258,
    0.5252139568328857,
    0.539201021194458,
    0.5398980975151062,
    0.5531336665153503,
    0.5553662776947021,
    0.537269115447998,
    0.5174716711044312,
    0.491379052400589,
    0.4897257685661316,
    0.5118935108184814,
    0.5583528280258179,
    0.5906916260719299,
    0.6167002320289612,
    0.5580651164054871,
    0.5155839920043945,
    0.5384516716003418,
    0.5716832876205444,
    0.5834607481956482,
    0.5729257464408875,
    0.545769214630127,
    0.599576473236084,
    0.4912189543247223,
    0.4377164840698242,
    0.44675472378730774,
    0.4677775204181671,
    0.456399530172348,
    0.4625695049762726,
    0.49892380833625793,
    0.4878024160861969,
    0.5063827037811279,
    0.4912402629852295,
    0.4863455295562744,
    0.5061058402061462,
    0.521849513053894,
    0.5054540038108826,
    0.5478792190551758,
    0.5757715106010437,
    0.5147120952606201,
    0.4939146637916565,
    0.5176422595977783,
    0.5120614767074585,
    0.5249330997467041,
    0.5053462982177734,
    0.5135772228240967,
    0.5016583800315857,
    0.5031009912490845,
    0.5027168989181519,
    0.49176937341690063,
    0.4791906774044037,
    0.4741378724575043,
    0.486619770526886,
    0.496429979801178,
    0.49797534942626953,
    0.5047088265419006,
    0.47420644760131836,
    0.4472174346446991,
    0.4277951121330261,
    0.43878698348999023,
    0.42855104804039,
    0.4072646498680115,
    0.3983790874481201,
    0.40278851985931396,
    0.41019874811172485,
    0.4224688410758972,
    0.4181689918041229,
    0.5129389762878418,
    0.5498025417327881,
    0.5361480116844177,
    0.6369369626045227,
    0.6987168192863464,
    0.6423760652542114,
    0.6191628575325012,
    0.5858781933784485
  ]
}