{
  "n_frames": 100,
  "scenewise_psnr": 22.89494153104151,
  "scenewise_ssim": 0.7033735631542726,
  "scenewise_lpips": 0.3487938304245472,
  "all_framewise_psnrs": [
    25.1145401999573,
    24.75863643689162,
    23.30785098812886,
    23.812913263992534,
    25.233478746178836,
    24.442004619839068,
    23.942790977778948,
    23.64261632651651,
    20.082203157373584,
    21.392815261605804,
    20.16541444819484,
    20.030107265644325,
    19.846830085417785,
    23.537675702162986,
    24.279150296386653,
    23.957383443504234,
    22.86420375852665,
    21.407761119804096,
    20.511025073674038,
    20.964592442907147,
    20.835183057160407,
    20.297706535561915,
    21.26202307941499,
    20.36797101302146,
    22.073410398171234,
    23.6555095545596,
    24.588707912631605,
    24.64219134876632,
    25.73853544949999,
    25.814576891622036,
    26.15180510611651,
    25.57601731266861,
    26.231035440927958,
    25.87944871217776,
    24.232029155669075,
    22.986443020655614,
    22.763109420807957,
    21.836928444290706,
    22.766026126898357,
    23.8996181912971,
    23.329569260670112,
    23.123251127930903,
    22.695541356005062,
    23.395224773026975,
    23.375538429407644,
    23.647972884645128,
    22.839991831168533,
    22.14882571137911,
    23.083539256046265,
    24.317355877468742,
    25.03238590150172,
    24.22628283348399,
    24.189807753418926,
    23.5617744093269,
    23.374056913586823,
    23.099770865160423,
    21.393798624270776,
    21.413743812983476,
    20.137544219490696,
    21.826951986878996,
    22.649247355099867,
    24.7873533809025,
    23.223737659784472,
    24.29761832232002,
    24.05726219834616,
    24.13623750214528,
    23.258030477795977,
    22.81797917358976,
    24.4307737175184,
    24.458716761475795,
    23.23493564456136,
    23.55919888316808,
    23.239959098705274,
    21.87710398810573,
    20.77454152748853,
    20.15570633573146,
    20.88681867658139,
    20.86250371900831,
    21.524149278218058,
    23.81803354309688,
    23.951236257710484,
    26.156744954948703,
    26.189734886584176,
    26.509429006184405,
    25.103900051893454,
    22.974620434078048,
    23.98925023836208,
    26.363002389594186,
    23.660412241939905,
    25.026881852168906,
    24.36817901398658,
    22.391387853093146,
    22.411763082366278,
    22.320619451572718,
    21.960934640534514,
    22.00423349650289,
    22.76909821986337,
    23.649492293493033,
    22.859238212569856,
    23.499953412588106
  ],
  "all_framewise_ssim": [
    0.7840355038642883,
    0.7803985476493835,
    0.7442662119865417,
    0.7682554125785828,
    0.8183289170265198,
    0.7971339821815491,
    0.7897305488586426,
    0.7524346709251404,
    0.6351231932640076,
    0.6082411408424377,
    0.5078833699226379,
    0.5319564938545227,
    0.5820520520210266,
    0.7200279235839844,
    0.7323797345161438,
    0.7396335005760193,
    0.7032704949378967,
    0.6398265361785889,
    0.5544911026954651,
    0.5928872227668762,
    0.597437858581543,
    0.6473633050918579,
    0.643665611743927,
    0.598749577999115,
    0.6706615090370178,
    0.6846358180046082,
    0.7089152336120605,
    0.7174729704856873,
    0.7516847252845764,
    0.7574313282966614,
    0.7656517624855042,
    0.7510430216789246,
    0.766843318939209,
    0.7543486952781677,
    0.6918538212776184,
    0.6530306339263916,
    0.6272258162498474,
    0.6155275106430054,
    0.6664419174194336,
    0.714733898639679,
    0.6956265568733215,
    0.6715325713157654,
    0.6347863078117371,
    0.6625683903694153,
    0.6977418065071106,
    0.6882818341255188,
    0.655545711517334,
    0.658167839050293,
    0.701215922832489,
    0.7259758114814758,
    0.7387473583221436,
    0.7103410363197327,
    0.7310521006584167,
    0.7233379483222961,
    0.7291264533996582,
    0.7010960578918457,
    0.6491205096244812,
    0.5865457057952881,
    0.5902119278907776,
    0.621274471282959,
    0.6981878876686096,
    0.73406982421875,
    0.7082464098930359,
    0.7100351452827454,
    0.7094410061836243,
    0.719440758228302,
    0.7047569155693054,
    0.7033786773681641,
    0.7395667433738708,
    0.7512235045433044,
    0.7348008155822754,
    0.7325646281242371,
    0.6749712824821472,
    0.6103742718696594,
    0.5863445401191711,
    0.5559563636779785,
    0.5483282208442688,
    0.5890139937400818,
    0.6740195155143738,
    0.7654773592948914,
    0.7837140560150146,
    0.8057909607887268,
    0.8022623062133789,
    0.8091016411781311,
    0.7677413821220398,
    0.7667314410209656,
    0.7856258749961853,
    0.8180257678031921,
    0.7963256239891052,
    0.8053160309791565,
    0.7837953567504883,
    0.7397571206092834,
    0.7114885449409485,
    0.6953809261322021,
    0.6712114214897156,
    0.6533274054527283,
    0.7013347744941711,
    0.7622819542884827,
    0.7499707341194153,
    0.7331127524375916
  ],
  "all_framewise_lpips": [
    0.22287887334823608,
    0.21997030079364777,
    0.23738031089305878,
    0.2284134030342102,
    0.2195255309343338,
    0.2263658195734024,
    0.22530001401901245,
    0.2646196484565735,
    0.3622439503669739,
    0.43582409620285034,
    0.5165731906890869,
    0.5320154428482056,
    0.44726860523223877,
    0.34676557779312134,
    0.32387417554855347,
    0.313906192779541,
    0.3483099639415741,
    0.41133537888526917,
    0.5079841613769531,
    0.48132890462875366,
    0.4752359986305237,
    0.4094501733779907,
    0.4175466299057007,
    0.40599334239959717,
    0.37723714113235474,
    0.3861945569515228,
    0.3573710322380066,
    0.313923716545105,
    0.29333949089050293,
    0.2836506962776184,
    0.2827867269515991,
    0.29187270998954773,
    0.2892007827758789,
    0.3241768479347229,
    0.38009053468704224,
    0.3875563442707062,
    0.4015178084373474,
    0.3988293707370758,
    0.36698687076568604,
    0.32493242621421814,
    0.34028756618499756,
    0.3657083511352539,
    0.3974067270755768,
    0.3758118152618408,
    0.35320913791656494,
    0.37911278009414673,
    0.3857843577861786,
    0.3616768717765808,
    0.34813445806503296,
    0.35269564390182495,
    0.35809382796287537,
    0.38869786262512207,
    0.3603167235851288,
    0.353697270154953,
    0.3505772054195404,
    0.33924391865730286,
    0.38116979598999023,
    0.48028647899627686,
    0.47537440061569214,
    0.4390455484390259,
    0.3302620053291321,
    0.30793678760528564,
    0.32776081562042236,
    0.33683666586875916,
    0.35097888112068176,
    0.35750049352645874,
    0.3588470220565796,
    0.32521194219589233,
    0.3061876595020294,
    0.3026774823665619,
    0.3389427065849304,
    0.3440365195274353,
    0.39529627561569214,
    0.49069464206695557,
    0.4986100196838379,
    0.524273157119751,
    0.5222835540771484,
    0.4702630341053009,
    0.41884368658065796,
    0.30704885721206665,
    0.2957834303379059,
    0.2879207730293274,
    0.29208770394325256,
    0.3018922507762909,
    0.3343103229999542,
    0.2801825702190399,
    0.23973216116428375,
    0.2213384211063385,
    0.2377142310142517,
    0.21994860470294952,
    0.22923175990581512,
    0.28131482005119324,
    0.30209314823150635,
    0.3161696195602417,
    0.33475741744041443,
    0.35784924030303955,
    0.3022218942642212,
    0.24784812331199646,
    0.2561183273792267,
    0.3002685308456421
  ]
}