{
  "n_frames": 100,
  "scenewise_psnr": 24.116055680055005,
  "scenewise_ssim": 0.7282504550255453,
  "scenewise_lpips": 0.5470097407698631,
  "all_framewise_psnrs": [
    24.065881172190593,
    24.479420374617394,
    24.58056224874543,
    24.25135528209716,
    24.06343460895233,
    22.496699863518664,
    22.95123017796902,
    23.249446491188507,
    23.84077246707255,
    23.535979884627668,
    25.068544409697388,
    23.826592331299715,
    22.397848494562943,
    22.35590194994022,
    22.970778229092165,
    22.657575920821735,
    23.180482178203672,
    23.61957183147327,
    23.842046858092832,
    24.0569477088453,
    24.03257341169697,
    23.808037160002073,
    24.160077136573122,
    24.499275347901467,
    24.65275835458349,
    25.13590166086604,
    25.09640998509707,
    27.520280255345728,
    29.3476428602682,
    29.83776447753835,
    28.77252088702661,
    28.6554676115979,
    26.294995445617953,
    25.706804468798165,
    25.855855654419845,
    25.771078873288428,
    25.992702621968597,
    25.56441277390373,
    25.317144740602583,
    24.835044458088575,
    24.74663664439065,
    24.52004599109992,
    24.29782913587186,
    24.442231559182304,
    24.155521489854124,
    23.574621571762147,
    24.764771614492634,
    25.154486758680438,
    25.013993205513316,
    24.518876019857597,
    24.358976633671567,
    24.97978014185733,
    25.162986638121527,
    24.919798502142605,
    24.776858746224043,
    24.540649774790086,
    24.61363422944039,
    23.347784307571402,
    24.884230139098086,
    25.10173710989762,
    24.080619063565052,
    24.45164324612321,
    25.238749762870096,
    24.810696904703594,
    24.532135428331493,
    24.442811194152483,
    24.413316438396514,
    24.11423073143668,
    24.11861978016055,
    23.790441342910956,
    24.3086438504748,
    24.70464995199011,
    25.146844185032315,
    25.409660574350927,
    24.90812735220803,
    24.3563049943654,
    23.973323963868726,
    24.45027517207872,
    24.667921500009747,
    25.03818241263786,
    25.340219184142462,
    24.833734784784877,
    24.61625209689287,
    25.011108317461662,
    24.894584552213146,
    25.05552912018999,
    25.396290371929876,
    26.324793631625795,
    25.41225707493767,
    25.087944334517587,
    25.813805116742678,
    22.25432451684576,
    22.054816071751617,
    20.592499281481654,
    18.782155194675717,
    18.83104803236655,
    22.478965269085847,
    22.66720897058134,
    21.40024532865681,
    22.222155174355258
  ],
  "all_framewise_ssim": [
    0.7432394027709961,
    0.7566671967506409,
    0.7460677623748779,
    0.752894401550293,
    0.7677383422851562,
    0.7196080684661865,
    0.7367061972618103,
    0.7589465975761414,
    0.7607995867729187,
    0.7295783162117004,
    0.7583238482475281,
    0.7512078285217285,
    0.7247316837310791,
    0.7336651682853699,
    0.7536562085151672,
    0.7326980233192444,
    0.7422509789466858,
    0.7468913197517395,
    0.7316522002220154,
    0.7337281703948975,
    0.7279069423675537,
    0.7079012989997864,
    0.7293079495429993,
    0.75003981590271,
    0.7391648292541504,
    0.7510302662849426,
    0.7739635109901428,
    0.8077407479286194,
    0.8569679260253906,
    0.8501777648925781,
    0.8113572597503662,
    0.8145876526832581,
    0.7896709442138672,
    0.7549562454223633,
    0.7608633041381836,
    0.7560400366783142,
    0.7356459498405457,
    0.7244929671287537,
    0.7127718925476074,
    0.6955961585044861,
    0.6849946975708008,
    0.6786966323852539,
    0.6574238538742065,
    0.6633260846138,
    0.6708412766456604,
    0.6718120574951172,
    0.7406012415885925,
    0.753152072429657,
    0.746112048625946,
    0.7460842728614807,
    0.7520589828491211,
    0.7720922827720642,
    0.7338102459907532,
    0.7136043906211853,
    0.6927035450935364,
    0.6849484443664551,
    0.664391279220581,
    0.6380065083503723,
    0.7036191821098328,
    0.7239532470703125,
    0.7430593967437744,
    0.7330902218818665,
    0.741145133972168,
    0.7265217900276184,
    0.7193901538848877,
    0.7087385654449463,
    0.724670946598053,
    0.7176631093025208,
    0.7206148505210876,
    0.7074946761131287,
    0.7163276672363281,
    0.7218651175498962,
    0.7276586890220642,
    0.7245807647705078,
    0.7113339304924011,
    0.6934967041015625,
    0.7079484462738037,
    0.7245628237724304,
    0.7358595728874207,
    0.7477765083312988,
    0.7577109932899475,
    0.7521414756774902,
    0.7438843846321106,
    0.7355947494506836,
    0.7219646573066711,
    0.7162954211235046,
    0.7230377197265625,
    0.749300479888916,
    0.7296402454376221,
    0.7112577557563782,
    0.729759931564331,
    0.6476482152938843,
    0.68010014295578,
    0.6473536491394043,
    0.6339680552482605,
    0.6035407185554504,
    0.6721357703208923,
    0.6937088370323181,
    0.66816645860672,
    0.6694557070732117
  ],
  "all_framewise_lpips": [
    0.5253984928131104,
    0.5132958889007568,
    0.5212446451187134,
    0.5316697359085083,
    0.5198380947113037,
    0.550506591796875,
    0.5500289797782898,
    0.5227832794189453,
    0.5216721296310425,
    0.5477259159088135,
    0.5406386852264404,
    0.5432579517364502,
    0.5428963899612427,
    0.5388150811195374,
    0.5529164671897888,
    0.5807802677154541,
    0.5528138279914856,
    0.5543274283409119,
    0.5689078569412231,
    0.5598273277282715,
    0.5601233243942261,
    0.5820847153663635,
    0.5836081504821777,
    0.5733996629714966,
    0.5775507688522339,
    0.5547589659690857,
    0.5482372045516968,
    0.5372576713562012,
    0.4788672626018524,
    0.48543697595596313,
    0.5268138647079468,
    0.5205176472663879,
    0.5236451625823975,
    0.5304156541824341,
    0.5175342559814453,
    0.5185863375663757,
    0.5283718109130859,
    0.5340370535850525,
    0.535912275314331,
    0.546371340751648,
    0.5437555313110352,
    0.5494205355644226,
    0.566653311252594,
    0.5406389832496643,
    0.5350450277328491,
    0.5647878646850586,
    0.5355578660964966,
    0.5414722561836243,
    0.5574500560760498,
    0.5472801923751831,
    0.550055205821991,
    0.5566221475601196,
    0.5563623905181885,
    0.5581565499305725,
    0.5723716020584106,
    0.5741808414459229,
    0.5881550312042236,
    0.6019695401191711,
    0.5508114695549011,
    0.5414139032363892,
    0.5466946959495544,
    0.5498887300491333,
    0.543509840965271,
    0.550182580947876,
    0.5480844378471375,
    0.548168420791626,
    0.5407198667526245,
    0.5447230339050293,
    0.5506293773651123,
    0.5572131872177124,
    0.5534948110580444,
    0.5585474967956543,
    0.5231941342353821,
    0.5280642509460449,
    0.5456687211990356,
    0.5575765371322632,
    0.5413066148757935,
    0.5357526540756226,
    0.5255466103553772,
    0.5149340629577637,
    0.504037082195282,
    0.5089439153671265,
    0.5105159282684326,
    0.5179932713508606,
    0.5242873430252075,
    0.5259125828742981,
    0.5240941047668457,
    0.478434294462204,
    0.4961678087711334,
    0.5298871397972107,
    0.5335871577262878,
    0.6112940907478333,
    0.5963432192802429,
    0.5847283005714417,
    0.5950077772140503,
    0.6290348172187805,
    0.6200883984565735,
    0.5987222194671631,
    0.6071971654891968,
    0.6057619452476501
  ]
}