{
  "n_frames": 100,
  "scenewise_psnr": 15.959894126583167,
  "scenewise_ssim": 0.3457442405051552,
  "scenewise_lpips": 0.7420915673519003,
  "all_framewise_psnrs": [
    16.32482677516093,
    16.75172228597801,
    16.371698923770975,
    16.28761930638507,
    15.692324303330746,
    15.678458642245229,
    16.376549261863225,
    16.503980015077314,
    16.983944732130578,
    16.776688226501445,
    16.132415781323846,
    15.005720289122777,
    15.4018084681731,
    15.639242674413477,
    15.092550823592246,
    15.718207300699563,
    14.216474821955378,
    14.527593190944723,
    15.936754072527922,
    15.350157778407905,
    15.275607610708857,
    16.47981440042833,
    15.316362934116876,
    14.41136485754907,
    15.211727195400282,
    15.453313533653152,
    16.074912889480878,
    16.68473495162043,
    16.788906409210878,
    16.401241039703635,
    16.597150780505572,
    15.863805463652012,
    16.14294074247592,
    16.29940189384885,
    15.811956654580499,
    16.247660385390542,
    16.334058152449835,
    16.212716370589423,
    15.602777229942717,
    15.370591670710127,
    15.565551727697969,
    15.170234149273536,
    14.692288842525297,
    16.14162530699378,
    15.869403165640424,
    16.459724839195044,
    16.016331086041063,
    16.93401713559009,
    16.655943270264373,
    17.31454985106304,
    16.82171085351256,
    16.080877203233168,
    15.890949258467707,
    16.00591693720051,
    16.21356366856452,
    16.714388007748187,
    17.301691628258265,
    18.171564181344607
  ],
  "all_framewise_ssim": [
    0.2875387668609619,
    0.29723259806632996,
    0.27506670355796814,
    0.23443914949893951,
    0.2224142998456955,
    0.26435890793800354,
    0.3135111629962921,
    0.40707969665527344,
    0.48426926136016846,
    0.4453848898410797,
    0.4631502628326416,
    0.250459760427475,
    0.2708134651184082,
    0.2923048734664917,
    0.29892852902412415,
    0.3208523988723755,
    0.23222999274730682,
    0.27498042583465576,
    0.364793062210083,
    0.26807621121406555,
    0.2611786723136902,
    0.4230248034000397,
    0.29092124104499817,
    0.2198815941810608,
    0.2557537257671356,
    0.2832346558570862,
    0.25763124227523804,
    0.32295194268226624,
    0.35765567421913147,
    0.38998159766197205,
    0.40391823649406433,
    0.37395796179771423,
    0.35092344880104065,
    0.356222003698349,
    0.3200126886367798,
    0.495282381772995,
    0.5138550400733948,
    0.4850527346134186,
    0.4201065003871918,
    0.29524365067481995,
    0.28512683510780334,
    0.21185941994190216,
    0.24732865393161774,
    0.34274721145629883,
    0.3407427966594696,
    0.3910607397556305,
    0.373860627412796,
    0.40735432505607605,
    0.40741822123527527,
    0.4830428659915924,
    0.4198267459869385,
    0.38892748951911926,
    0.41693925857543945,
    0.3386588990688324,
    0.3242891728878021,
    0.34208691120147705,
    0.35680118203163147,
    0.4859919548034668
  ],
  "all_framewise_lpips": [
    0.874255895614624,
    0.7992464303970337,
    0.8426575660705566,
    0.843360185623169,
    0.8669745922088623,
    0.8096614480018616,
    0.7556434273719788,
    0.7378270030021667,
    0.6732017397880554,
    0.7362372875213623,
    0.8522871732711792,
    0.9337033033370972,
    0.891947329044342,
    0.8369547724723816,
    0.8127717971801758,
    0.876934289932251,
    0.8656072616577148,
    0.7587153911590576,
    0.774030327796936,
    0.9063317775726318,
    0.8686336874961853,
    0.7120234966278076,
    0.7806811928749084,
    0.8732113838195801,
    0.8378149271011353,
    0.7518860101699829,
    0.7599672079086304,
    0.7033677101135254,
    0.7305973172187805,
    0.6518528461456299,
    0.626700222492218,
    0.643568754196167,
    0.6779574751853943,
    0.669013261795044,
    0.686414897441864,
    0.5210275053977966,
    0.5297134518623352,
    0.5609106421470642,
    0.5986510515213013,
    0.7371445298194885,
    0.7311506867408752,
    0.8840169906616211,
    0.8588231205940247,
    0.6903355717658997,
    0.6589111685752869,
    0.6501587629318237,
    0.6765140891075134,
    0.6557337641716003,
    0.6794208288192749,
    0.613584041595459,
    0.6586663126945496,
    0.6231318712234497,
    0.5903415679931641,
    0.6871196031570435,
    0.7362455725669861,
    0.7817120552062988,
    0.8052970767021179,
    0.6906612515449524
  ]
}