{
  "n_frames": 100,
  "scenewise_psnr": 10.79103388034316,
  "scenewise_ssim": 0.35330100454835645,
  "scenewise_lpips": 0.9360892361402512,
  "all_framewise_psnrs": [
    10.472504571167136,
    10.721111482100083,
    10.56007969853386,
    10.265190233648191,
    11.762382288558603,
    11.074054216200102,
    11.303554760398171,
    12.207657852335485,
    11.60221474276968,
    10.649465820474418,
    9.94495045276847,
    9.55296329845737,
    9.426298193752338,
    9.632483779511185,
    9.467479566180549,
    9.836465658889754,
    10.2922571663677,
    11.24970258232971,
    11.382570215415198,
    11.82534212686534,
    12.07026299566338,
    11.782441933462273,
    11.62167946747455,
    11.301644846088765,
    11.305648638541,
    11.061256048813542,
    10.65816267878259,
    10.512530298770633,
    10.85394967076044,
    11.610733160642646,
    12.059778521670498,
    10.259638670794685,
    9.752934714994415,
    10.7591274984253,
    10.333945907457323,
    10.631559063858285,
    11.776957940160706,
    11.897364394269728,
    13.07439928847943,
    13.807581681726738,
    12.583410092706526,
    11.43880732549583,
    11.291382912847986,
    10.796102718966624,
    10.985875547952599,
    12.396198829178607,
    12.966175028367566,
    11.842470130643687,
    11.536213831414289,
    11.299972777528955,
    11.239936163499562,
    10.525840166743068,
    10.936313124284528,
    10.47140870413848,
    10.652642606339821,
    10.843977719824185,
    10.846145947405947,
    10.772806437156275,
    11.502392219393101,
    11.31200636815848,
    11.318443992060516,
    11.728755146995145,
    11.23039826702077,
    11.367042741864228,
    11.147944653883197,
    10.89351190925319,
    10.497900805215092,
    10.009287389800562,
    10.137941431043025,
    10.397321176877451,
    10.15201161757034,
    9.62220662702633,
    9.551118434687554,
    10.247694465966685,
    11.557616216257241,
    11.19041773862033,
    10.74680672233497,
    9.820564015831906,
    9.871983694572139,
    9.848364832213699,
    9.620430258408952,
    9.84143661082886,
    10.125515088214902,
    10.552322001616602,
    10.423402352922604,
    11.217175802758685,
    10.687877961186533,
    9.6669789036539,
    10.040398839348743,
    9.752063306987642,
    9.056025888567872,
    9.68094802115819,
    10.98096734601381,
    11.197460552778864,
    11.658371818785085,
    9.489297567059786,
    10.924065234300812,
    12.115037249286587,
    11.597575663235588,
    11.28133770207741
  ],
  "all_framewise_ssim": [
    0.37900009751319885,
    0.38329532742500305,
    0.3732662498950958,
    0.3616710603237152,
    0.3730870485305786,
    0.3607565462589264,
    0.3650205135345459,
    0.37759819626808167,
    0.35465550422668457,
    0.3088982403278351,
    0.3258553445339203,
    0.3033217489719391,
    0.2927720844745636,
    0.29694435000419617,
    0.30342599749565125,
    0.3145492374897003,
    0.3264724910259247,
    0.3569439649581909,
    0.3367565870285034,
    0.36104634404182434,
    0.385854572057724,
    0.3891729414463043,
    0.37416329979896545,
    0.35105714201927185,
    0.34564122557640076,
    0.34261587262153625,
    0.32576045393943787,
    0.3134579360485077,
    0.3360631763935089,
    0.35112854838371277,
    0.3354276716709137,
    0.3102523684501648,
    0.30461856722831726,
    0.32349780201911926,
    0.33655861020088196,
    0.3331659138202667,
    0.3433988094329834,
    0.33860787749290466,
    0.3440290689468384,
    0.39901003241539,
    0.3727545738220215,
    0.3570849895477295,
    0.34684309363365173,
    0.3087291419506073,
    0.30585113167762756,
    0.3098498284816742,
    0.3447243273258209,
    0.33808496594429016,
    0.3968847692012787,
    0.3961293399333954,
    0.3963285982608795,
    0.39209893345832825,
    0.4231472313404083,
    0.4198225438594818,
    0.4105335772037506,
    0.410451740026474,
    0.42378759384155273,
    0.4171120822429657,
    0.402776837348938,
    0.3957870900630951,
    0.3886902630329132,
    0.40223225951194763,
    0.3847409188747406,
    0.3863457441329956,
    0.3722442388534546,
    0.4023648500442505,
    0.3929969370365143,
    0.3848462402820587,
    0.37557193636894226,
    0.37355121970176697,
    0.3243741989135742,
    0.32049840688705444,
    0.3853631913661957,
    0.43282249569892883,
    0.4514179527759552,
    0.4324113428592682,
    0.39516445994377136,
    0.36918506026268005,
    0.3636140823364258,
    0.355032354593277,
    0.34408286213874817,
    0.32455214858055115,
    0.29213249683380127,
    0.269548624753952,
    0.26538753509521484,
    0.3008973300457001,
    0.3118913769721985,
    0.29003363847732544,
    0.25740543007850647,
    0.26447364687919617,
    0.26113227009773254,
    0.320527046918869,
    0.3872320353984833,
    0.40252628922462463,
    0.4298466742038727,
    0.3183384835720062,
    0.2822783291339874,
    0.3048117458820343,
    0.2941226661205292,
    0.3331557512283325
  ],
  "all_framewise_lpips": [
    0.9181864261627197,
    0.9253858327865601,
    0.9557188153266907,
    0.9615458250045776,
    0.9414736032485962,
    0.9492343068122864,
    0.9521054029464722,
    0.9415174722671509,
    0.9611376523971558,
    0.9651399850845337,
    0.9465910196304321,
    0.9682909846305847,
    0.982308030128479,
    0.9732953310012817,
    0.9613631367683411,
    0.9580994248390198,
    0.9508706331253052,
    0.9523847103118896,
    0.9827277064323425,
    0.9583110809326172,
    0.9495182037353516,
    0.9683369994163513,
    0.9801538586616516,
    1.0028960704803467,
    0.9844122529029846,
    0.9928842782974243,
    0.9887969493865967,
    0.9885129928588867,
    0.9607417583465576,
    0.9304254651069641,
    0.9421770572662354,
    0.9563602209091187,
    0.9705249667167664,
    0.9669948220252991,
    0.9420212507247925,
    0.9658798575401306,
    0.9571132659912109,
    0.9585453867912292,
    0.9554392099380493,
    0.9610283374786377,
    0.9482946991920471,
    0.9527361392974854,
    0.9711596965789795,
    0.9786531925201416,
    0.9699800610542297,
    0.9499466419219971,
    0.9016923308372498,
    0.9199048280715942,
    0.9150030612945557,
    0.9147397875785828,
    0.9137305021286011,
    0.9183224439620972,
    0.9065093994140625,
    0.9263672828674316,
    0.9419048428535461,
    0.9309307336807251,
    0.9178668260574341,
    0.9041822552680969,
    0.9151062965393066,
    0.9211188554763794,
    0.9332519769668579,
    0.9108479022979736,
    0.9163861274719238,
    0.9132524728775024,
    0.9044456481933594,
    0.8924388885498047,
    0.8974517583847046,
    0.8945393562316895,
    0.880905270576477,
    0.888720691204071,
    0.9093958139419556,
    0.9229699969291687,
    0.9062895178794861,
    0.8711881637573242,
    0.8763554096221924,
    0.9011141061782837,
    0.9125926494598389,
    0.913144588470459,
    0.9079380035400391,
    0.9090219140052795,
    0.9210550785064697,
    0.9216750860214233,
    0.9345645904541016,
    0.9700837135314941,
    0.9768849015235901,
    0.9513389468193054,
    0.9294872879981995,
    0.9074922800064087,
    0.9048064947128296,
    0.9153592586517334,
    0.8873707056045532,
    0.8784754872322083,
    0.8903741836547852,
    0.8828269243240356,
    0.8741861581802368,
    0.9340572953224182,
    0.9840241074562073,
    0.9563063979148865,
    0.9382516145706177,
    0.9414523839950562
  ]
}