{
  "n_frames": 100,
  "scenewise_psnr": 22.637355407451967,
  "scenewise_ssim": 0.5667894389313766,
  "scenewise_lpips": 0.5265361154079438,
  "all_framewise_psnrs": [
    20.913565071384944,
    21.124322855499486,
    20.89132855169599,
    21.357956192156298,
    20.84309281545267,
    20.703335866419373,
    20.207057854632847,
    19.33529054440089,
    19.093226936903008,
    19.193984927670012,
    19.099956715070856,
    18.259413418094116,
    18.707233476690405,
    19.882738830302603,
    22.426799735726686,
    22.17340329757356,
    21.820944922053688,
    22.111045111826478,
    22.108604962498895,
    22.712115194614228,
    22.223810825375423,
    22.791884962131263,
    22.579469510734217,
    22.411367712248374,
    22.449703396047727,
    22.824060444233115,
    23.500086520470017,
    23.990207563124933,
    24.82014705429198,
    25.088356472689885,
    24.734199175390387,
    24.41487915075419,
    24.874772943422524,
    24.91563335300959,
    24.46772947722124,
    24.10501338789561,
    23.59160776486407,
    22.806957806407308,
    23.262544450562025,
    22.989865526353064,
    22.18373140595878,
    22.16395070849872,
    22.37177881521702,
    22.85638668541672,
    22.866670270523937,
    23.1052334951914,
    23.24219119378583,
    22.682553610150272,
    22.368579186637305,
    21.93088691956084,
    22.49588168786285,
    23.038388387658983,
    23.541108631324178,
    23.501470812598146,
    23.742390315576625,
    24.237195578091644,
    24.090999974842585,
    24.08081882591801,
    24.545842383115083,
    24.251945252230204,
    24.227167005936753,
    24.177917639624145,
    23.402284533410096,
    22.155609163865165,
    21.533768354683488,
    22.3527710056927,
    22.189498103545535,
    22.00173140629795,
    22.256194432574937,
    22.60873728939455,
    23.836043543904765,
    23.844017463746034,
    23.619503420535608,
    24.176786817779124,
    24.414689404744276,
    24.114656319027898,
    23.537662458157506,
    23.087613090448833,
    22.976377464507127,
    22.546011757723182,
    23.10325537999193,
    24.414927776250227,
    24.161045722011245,
    23.61635489150626,
    23.81000551919435,
    24.199491833117822,
    24.22813942881676,
    24.816349139151065,
    24.67143077263505,
    23.771795286214697,
    24.14462351895787,
    24.582941512493907,
    24.228824243673156,
    23.939538991472457,
    23.641697546328025,
    23.522644201391493,
    23.07828706350797,
    23.20426157073556,
    24.790601577628422,
    25.756395812271204
  ],
  "all_framewise_ssim": [
    0.5716584324836731,
    0.5919434428215027,
    0.5962510108947754,
    0.5688290596008301,
    0.5521908402442932,
    0.5461182594299316,
    0.5184538960456848,
    0.5020102858543396,
    0.46139946579933167,
    0.45021769404411316,
    0.4307442605495453,
    0.3850308358669281,
    0.3951673209667206,
    0.46597418189048767,
    0.6020469069480896,
    0.610485851764679,
    0.619709849357605,
    0.6041203141212463,
    0.5950587391853333,
    0.6160879135131836,
    0.622168779373169,
    0.6315770745277405,
    0.6262072920799255,
    0.6287858486175537,
    0.639923632144928,
    0.6485385894775391,
    0.6711923480033875,
    0.6908811926841736,
    0.7167277932167053,
    0.7238324284553528,
    0.7135913968086243,
    0.7218494415283203,
    0.7207104563713074,
    0.6800780892372131,
    0.6355262398719788,
    0.6084692478179932,
    0.6000306010246277,
    0.5648826956748962,
    0.5233764052391052,
    0.46905744075775146,
    0.4518488645553589,
    0.4363592863082886,
    0.4712662398815155,
    0.4513041079044342,
    0.46130260825157166,
    0.48433718085289,
    0.4922506809234619,
    0.48131048679351807,
    0.459566593170166,
    0.4372074604034424,
    0.473047137260437,
    0.4725591242313385,
    0.45085418224334717,
    0.45542073249816895,
    0.4487003982067108,
    0.46651244163513184,
    0.455165296792984,
    0.4653538167476654,
    0.4898122549057007,
    0.543375551700592,
    0.558011531829834,
    0.5809722542762756,
    0.5644350051879883,
    0.5305317044258118,
    0.5029323697090149,
    0.5061998963356018,
    0.5017057061195374,
    0.5439280867576599,
    0.5877147912979126,
    0.5784243941307068,
    0.5985060334205627,
    0.5674585700035095,
    0.5695812106132507,
    0.6035355925559998,
    0.6221315860748291,
    0.672342836856842,
    0.669475257396698,
    0.6615522503852844,
    0.6381604671478271,
    0.6235154867172241,
    0.6369927525520325,
    0.6581180691719055,
    0.6566136479377747,
    0.641387939453125,
    0.6317983269691467,
    0.6251533627510071,
    0.6103058457374573,
    0.6187943816184998,
    0.6019003987312317,
    0.5676913857460022,
    0.5626487731933594,
    0.5645866990089417,
    0.5473069548606873,
    0.532171905040741,
    0.5226089954376221,
    0.5175845623016357,
    0.5168231129646301,
    0.5403340458869934,
    0.5835621356964111,
    0.6122152805328369
  ],
  "all_framewise_lpips": [
    0.5581071376800537,
    0.5308216214179993,
    0.5183437466621399,
    0.5482292771339417,
    0.5849918723106384,
    0.5969328880310059,
    0.6096375584602356,
    0.6306725740432739,
    0.6625202298164368,
    0.6778303384780884,
    0.697740375995636,
    0.7402656078338623,
    0.7461549639701843,
    0.7216600179672241,
    0.5316426753997803,
    0.5405578017234802,
    0.5303142070770264,
    0.5205379724502563,
    0.5222143530845642,
    0.5110113620758057,
    0.5126607418060303,
    0.5103451609611511,
    0.5134812593460083,
    0.5109414458274841,
    0.504059910774231,
    0.508854329586029,
    0.4976130723953247,
    0.4792811870574951,
    0.45056381821632385,
    0.4497178792953491,
    0.4663606584072113,
    0.45737892389297485,
    0.4633406698703766,
    0.48380550742149353,
    0.503081202507019,
    0.5063796043395996,
    0.5018448829650879,
    0.5113356113433838,
    0.539998471736908,
    0.5820605158805847,
    0.5962271690368652,
    0.5983144044876099,
    0.5612805485725403,
    0.5886826515197754,
    0.5853856801986694,
    0.5787276029586792,
    0.5733942985534668,
    0.5893241167068481,
    0.591184139251709,
    0.593673825263977,
    0.5723912119865417,
    0.5742788910865784,
    0.5907549858093262,
    0.596805989742279,
    0.6060004234313965,
    0.5968043804168701,
    0.606941282749176,
    0.6060746908187866,
    0.5871439576148987,
    0.5637696981430054,
    0.5661887526512146,
    0.554444432258606,
    0.5590940117835999,
    0.5686310529708862,
    0.5671327114105225,
    0.5589014887809753,
    0.5605325102806091,
    0.5327036380767822,
    0.48459547758102417,
    0.48512566089630127,
    0.4710655212402344,
    0.4990679621696472,
    0.4899982511997223,
    0.46241670846939087,
    0.45268791913986206,
    0.4104953706264496,
    0.41005268692970276,
    0.4118375778198242,
    0.43712878227233887,
    0.4434371888637543,
    0.422029972076416,
    0.4188041090965271,
    0.4189698100090027,
    0.425285279750824,
    0.42913052439689636,
    0.4298861026763916,
    0.4360244870185852,
    0.42013081908226013,
    0.4326202869415283,
    0.4554924964904785,
    0.46810662746429443,
    0.45910781621932983,
    0.46813058853149414,
    0.48300012946128845,
    0.49652865529060364,
    0.5025659799575806,
    0.5076532363891602,
    0.48439228534698486,
    0.45011624693870544,
    0.4296469986438751
  ]
}