{
  "n_frames": 87,
  "scenewise_psnr": 12.23660073011933,
  "scenewise_ssim": 0.2010084710885245,
  "scenewise_lpips": 0.961775463202904,
  "all_framewise_psnrs": [
    10.643121462863473,
    12.136680237745605,
    12.33075321074368,
    12.24424160677306,
    12.50088074985638,
    12.625427082176564,
    12.449571583146167,
    12.397549083553415,
    11.682485076854734,
    12.243791356309416,
    13.374514158907761,
    13.461881910502882,
    11.255702350171697,
    11.249725449988297,
    10.301026120992105,
    10.67447485190752,
    10.285219759820217,
    10.008055348800864,
    9.372529704119696,
    9.428990327157674,
    9.45976466735755,
    10.900117640455473,
    12.28037133639858,
    11.882052773675312,
    12.066798427316023,
    12.739073149518976,
    13.149698614288955,
    12.917313776424557,
    13.165735644220431,
    12.641110152135294,
    12.707122404401812,
    12.432148672344379,
    12.397673285333559,
    12.017116669663148,
    12.110826517423455,
    12.038310360765244,
    11.503572704949704,
    11.30735306295298,
    11.702151891534793,
    12.218227393114274,
    11.698103279179357,
    12.640546986036306,
    12.371475539953744,
    13.071098952035058,
    12.872943201126027,
    12.792257376681757,
    12.927292417227203,
    12.967223508882306,
    12.83918560940544,
    13.397714659120695,
    13.591293161185158,
    13.664401858930258,
    13.05575814125527,
    13.217519696301546,
    13.793455851725337,
    13.505810395360873,
    13.542612683171116,
    13.56788124764147,
    13.12738475698086,
    12.824864715429538,
    12.825979175977114,
    12.48347417437996,
    12.655503519614019,
    13.007254505075622,
    12.78563484248344,
    12.99144799374811,
    12.737195537884539,
    12.73198150754338,
    12.606501342426364,
    12.430148870248383,
    12.344056873930242,
    11.452177524671168,
    11.89093518909539,
    11.970634339893234,
    12.713209778487581,
    12.451792603006094,
    12.443654221241186,
    12.53274376064785,
    13.023362809972632,
    13.03679914442978,
    12.965396439904097,
    12.877971216051654,
    12.820951485121252,
    13.061836032551259,
    12.830622737766914,
    12.620950079359899,
    12.536237354278164
  ],
  "all_framewise_ssim": [
    0.1329653263092041,
    0.17998307943344116,
    0.19207905232906342,
    0.15928031504154205,
    0.16597063839435577,
    0.20067919790744781,
    0.14252381026744843,
    0.2334805279970169,
    0.1661282181739807,
    0.14321660995483398,
    0.2217487096786499,
    0.1994568258523941,
    0.22981877624988556,
    0.25702765583992004,
    0.2968110740184784,
    0.29606691002845764,
    0.3223617970943451,
    0.33025112748146057,
    0.3448426425457001,
    0.34711483120918274,
    0.33758261799812317,
    0.24010486900806427,
    0.19415485858917236,
    0.1811397522687912,
    0.23869264125823975,
    0.24137891829013824,
    0.2411983460187912,
    0.19753079116344452,
    0.29314514994621277,
    0.23991107940673828,
    0.27555611729621887,
    0.2202087789773941,
    0.21098686754703522,
    0.210655078291893,
    0.2632487714290619,
    0.22266198694705963,
    0.19711656868457794,
    0.20825684070587158,
    0.23951877653598785,
    0.24712073802947998,
    0.20811797678470612,
    0.2000947743654251,
    0.21323180198669434,
    0.23714010417461395,
    0.21118567883968353,
    0.2104387879371643,
    0.2378247231245041,
    0.21678300201892853,
    0.202253520488739,
    0.2239365428686142,
    0.20945417881011963,
    0.19634757936000824,
    0.17527532577514648,
    0.16626304388046265,
    0.16175441443920135,
    0.1603228896856308,
    0.15485984086990356,
    0.14380154013633728,
    0.15536749362945557,
    0.16713504493236542,
    0.15970295667648315,
    0.17672847211360931,
    0.19914698600769043,
    0.14179997146129608,
    0.15273414552211761,
    0.15817715227603912,
    0.1433330476284027,
    0.14994773268699646,
    0.1423291116952896,
    0.155170276761055,
    0.17140145599842072,
    0.17957305908203125,
    0.15731297433376312,
    0.15977126359939575,
    0.22854918241500854,
    0.1672351211309433,
    0.15228448808193207,
    0.1639498919248581,
    0.14405514299869537,
    0.1666814237833023,
    0.14875169098377228,
    0.15527741611003876,
    0.16511602699756622,
    0.14714588224887848,
    0.1315838247537613,
    0.14202959835529327,
    0.1370823234319687
  ],
  "all_framewise_lpips": [
    1.0549124479293823,
    0.9566105008125305,
    0.9379062652587891,
    0.9662289619445801,
    0.9783962368965149,
    0.960070013999939,
    0.952910840511322,
    0.9303438067436218,
    0.9824650287628174,
    0.94663405418396,
    0.9205980896949768,
    0.9198454022407532,
    0.9274947643280029,
    0.9501603841781616,
    0.9658782482147217,
    0.9707396030426025,
    0.9734789133071899,
    0.9530625343322754,
    0.9650819897651672,
    0.9599975943565369,
    0.961612343788147,
    0.9592981934547424,
    0.9439153671264648,
    0.9538549780845642,
    0.9263805747032166,
    0.9128808975219727,
    0.9205237627029419,
    0.9853069186210632,
    0.9324798583984375,
    0.9491605758666992,
    0.9302526116371155,
    0.9468131065368652,
    0.9334368705749512,
    0.9361101388931274,
    0.9280253648757935,
    0.9336365461349487,
    0.9445775151252747,
    0.9542104601860046,
    0.9375418424606323,
    0.9491752982139587,
    0.9504271149635315,
    0.9659163355827332,
    0.9616537690162659,
    0.9566957354545593,
    0.9553744792938232,
    0.9858132004737854,
    0.945452094078064,
    0.9599729776382446,
    0.987113893032074,
    0.953797459602356,
    0.9509471654891968,
    0.9856197237968445,
    0.9662011861801147,
    0.9763404726982117,
    0.993872344493866,
    0.9550192356109619,
    0.978142499923706,
    1.0153331756591797,
    0.969864010810852,
    0.9630423188209534,
    0.9627895355224609,
    0.9487935900688171,
    0.9431545734405518,
    1.0040943622589111,
    0.9701316356658936,
    0.9829150438308716,
    1.0002940893173218,
    0.9765907526016235,
    0.9837597608566284,
    1.030701994895935,
    0.9658857583999634,
    0.9983887076377869,
    1.0228058099746704,
    0.9891461730003357,
    0.9520713686943054,
    0.9931857585906982,
    0.9722676873207092,
    0.9516648054122925,
    1.0079970359802246,
    0.9647567868232727,
    0.9646528959274292,
    0.953083872795105,
    0.9523292183876038,
    0.931962251663208,
    0.9789700508117676,
    0.9451645016670227,
    0.9382991790771484
  ]
}