{
  "n_frames": 100,
  "scenewise_psnr": 27.26886148274251,
  "scenewise_ssim": 0.8187540517363692,
  "scenewise_lpips": 0.44518301129341126,
  "all_framewise_psnrs": [
    29.798874058967414,
    30.215795848772338,
    29.494192512910736,
    26.625421738208725,
    25.736718741259537,
    27.087491887931133,
    28.245987348461927,
    26.124431637963944,
    25.45715292011444,
    26.17742322835849,
    23.87909370674583,
    26.063075599704195,
    27.121628573073018,
    29.13435919544994,
    29.77428913257326,
    30.36970405662261,
    29.871185329309405,
    28.400416288218125,
    27.47239281188471,
    27.143190828245984,
    26.383237710780755,
    21.96807554674551,
    24.190899771086194,
    26.024282636934913,
    24.45288319772153,
    25.082591723858844,
    24.83872966724702,
    22.77271469066688,
    24.46261892061655,
    21.725301666717776,
    21.375845012860584,
    23.20122295132463,
    25.65759517669902,
    27.33443170365127,
    28.459519475867346,
    25.79955638499086,
    24.012978883549682,
    25.28098878200675,
    27.843200819249255,
    25.809976426565775,
    27.420387695629152,
    27.74226703937332,
    28.11390821371897,
    29.3021771830635,
    29.648683114266696,
    27.946310080040064,
    26.088765743517897,
    26.70320560741412,
    25.417656451182886,
    26.49074562922156,
    29.670704243456644,
    29.44015065031281,
    28.567749083652746,
    29.184670201726078,
    26.905953863432895,
    29.30370629506992,
    28.845430368384886,
    29.131846439545292,
    29.644430701587066,
    29.850366089613203,
    30.754981664039157,
    31.05711520974328,
    30.920507337548095,
    30.579156113437346,
    29.64048542502738,
    30.37590915171284,
    30.481436346063933,
    28.742718698004094,
    28.46311844721791,
    27.820665650275735,
    28.519118496962,
    29.43832706666521,
    28.28102017221983,
    26.917341929718276,
    25.491289213907255,
    26.247502191194243,
    27.009189831913744,
    28.207852661706898,
    29.398613795100953,
    29.488503275351764,
    29.121760366514614,
    30.59129312899724,
    30.55080614973191,
    30.090817646039923,
    31.029343000752682,
    32.1218295011157,
    31.69777323049611,
    30.906043860355922,
    30.655483619613683,
    29.861440449434564,
    31.87038458677982,
    32.89030328145926,
    32.71190061192664,
    31.31484553829051,
    29.930030248680687,
    28.4093765430436,
    28.326355090917428,
    30.71024395640383,
    27.57758111839049,
    28.294177728615367
  ],
  "all_framewise_ssim": [
    0.7734851241111755,
    0.7893708348274231,
    0.7750776410102844,
    0.7388255596160889,
    0.7431804537773132,
    0.7574241757392883,
    0.7625431418418884,
    0.7511420249938965,
    0.73360276222229,
    0.7417125701904297,
    0.7172072529792786,
    0.7494208812713623,
    0.778453528881073,
    0.8167516589164734,
    0.8208076357841492,
    0.8196157813072205,
    0.8188204765319824,
    0.7930118441581726,
    0.7697083353996277,
    0.7743463516235352,
    0.7528691291809082,
    0.6760492324829102,
    0.7065064907073975,
    0.7280590534210205,
    0.7375738024711609,
    0.7545822262763977,
    0.773274838924408,
    0.7356997132301331,
    0.7394612431526184,
    0.7509989738464355,
    0.7413800358772278,
    0.7488766312599182,
    0.7736444473266602,
    0.7982942461967468,
    0.8607366681098938,
    0.8343154788017273,
    0.7829651832580566,
    0.7773742079734802,
    0.8084290027618408,
    0.8113587498664856,
    0.812680721282959,
    0.8262150287628174,
    0.8219601511955261,
    0.8586359024047852,
    0.8653874397277832,
    0.8484823107719421,
    0.8214316368103027,
    0.8114333152770996,
    0.7886745929718018,
    0.8424990773200989,
    0.8496360778808594,
    0.8140570521354675,
    0.801872730255127,
    0.8083992600440979,
    0.7999336123466492,
    0.8105244636535645,
    0.7966353297233582,
    0.7822805047035217,
    0.806627094745636,
    0.8338801264762878,
    0.8451943397521973,
    0.862408459186554,
    0.8615053296089172,
    0.8498322367668152,
    0.853590190410614,
    0.8695287704467773,
    0.8580822348594666,
    0.8414189219474792,
    0.8392933011054993,
    0.8315566182136536,
    0.8460661768913269,
    0.8672454357147217,
    0.8486159443855286,
    0.8542363047599792,
    0.8440607190132141,
    0.8315170407295227,
    0.8434352278709412,
    0.8675925135612488,
    0.8547499179840088,
    0.883678138256073,
    0.8760085701942444,
    0.8624660968780518,
    0.8802323937416077,
    0.8765347003936768,
    0.8740213513374329,
    0.8966565132141113,
    0.8910441398620605,
    0.8688461184501648,
    0.8910687565803528,
    0.8825166821479797,
    0.8638792037963867,
    0.8959138989448547,
    0.8919053673744202,
    0.8527523875236511,
    0.8653456568717957,
    0.8476166725158691,
    0.8134098052978516,
    0.8500409126281738,
    0.8398394584655762,
    0.8486430644989014
  ],
  "all_framewise_lpips": [
    0.47339388728141785,
    0.45085662603378296,
    0.465716153383255,
    0.4999857544898987,
    0.48898524045944214,
    0.46399980783462524,
    0.46907633543014526,
    0.4651317596435547,
    0.4696528911590576,
    0.47977757453918457,
    0.4935190975666046,
    0.5028074979782104,
    0.5134059190750122,
    0.47846055030822754,
    0.47726988792419434,
    0.4827476739883423,
    0.4709243178367615,
    0.48334112763404846,
    0.5033302307128906,
    0.47911301255226135,
    0.5182517170906067,
    0.579099714756012,
    0.5296797752380371,
    0.5056084990501404,
    0.5528949499130249,
    0.5115286707878113,
    0.47175320982933044,
    0.5473525524139404,
    0.5386801362037659,
    0.5099138021469116,
    0.5396297574043274,
    0.5449462532997131,
    0.5124901533126831,
    0.5101071000099182,
    0.4430999457836151,
    0.48270195722579956,
    0.5308387279510498,
    0.48536232113838196,
    0.4423932433128357,
    0.46547186374664307,
    0.4694148302078247,
    0.45881444215774536,
    0.47161608934402466,
    0.4509439766407013,
    0.4746108651161194,
    0.5031815767288208,
    0.48185575008392334,
    0.4740378260612488,
    0.49056094884872437,
    0.43970203399658203,
    0.4781097173690796,
    0.4887142479419708,
    0.4631335139274597,
    0.4581366777420044,
    0.5025679469108582,
    0.46652910113334656,
    0.4717487096786499,
    0.4796047806739807,
    0.40054693818092346,
    0.35127273201942444,
    0.3383941054344177,
    0.30088940262794495,
    0.29277288913726807,
    0.3086613714694977,
    0.2867980897426605,
    0.2925151288509369,
    0.3354233503341675,
    0.3454477787017822,
    0.3548557162284851,
    0.3672502636909485,
    0.3541698753833771,
    0.3533870577812195,
    0.3997737765312195,
    0.3746316134929657,
    0.40459728240966797,
    0.45642024278640747,
    0.4405113458633423,
    0.4203907549381256,
    0.44168567657470703,
    0.3932608366012573,
    0.3928529620170593,
    0.42805391550064087,
    0.37130922079086304,
    0.3534619212150574,
    0.3860231637954712,
    0.3396257758140564,
    0.3499390184879303,
    0.40770313143730164,
    0.3676309585571289,
    0.3859406113624573,
    0.43077507615089417,
    0.37687045335769653,
    0.39192548394203186,
    0.47117477655410767,
    0.4375797212123871,
    0.4437427818775177,
    0.5152618885040283,
    0.47201669216156006,
    0.4612692594528198,
    0.36490535736083984
  ]
}