{
  "n_frames": 81,
  "scenewise_psnr": 19.51090437149791,
  "scenewise_ssim": 0.5366612179497992,
  "scenewise_lpips": 0.6201670423701957,
  "all_framewise_psnrs": [
    18.827306462408075,
    20.59338204718344,
    22.897611582185256,
    24.58672086944556,
    22.57593973609086,
    23.939852607578942,
    23.548335142752176,
    22.184079833700846,
    22.615663447982243,
    23.11831352559096,
    22.28488127718058,
    21.357750502375218,
    21.475633404180364,
    21.000325630460814,
    20.15866293192454,
    19.205713871836597,
    19.83772921547631,
    18.749100283070366,
    18.288301648535178,
    17.768573379371798,
    18.468308343091792,
    20.143004153818403,
    18.591630342663205,
    18.675944201725883,
    19.23947601557566,
    19.07951847810152,
    17.9968328382959,
    17.954335416649826,
    18.52684785038916,
    18.10870171258815,
    19.646567852765187,
    19.444167100051793,
    18.73903086957342,
    18.74058016754369,
    18.65088926255949,
    17.71926581899169,
    18.24126490045448,
    21.175961098482684,
    19.358583489437912,
    20.564889562471095,
    21.821270039429596,
    21.34115439727789,
    22.192549000181536,
    23.244871820757105,
    21.607640866856244,
    22.1676775725251,
    22.56081885530285,
    22.253944581494952,
    21.35333080293174,
    21.860589152525858,
    20.321845001784332,
    18.779781928696877,
    18.396195326242978,
    20.769038201351787,
    19.47363855130812,
    20.064153105346332,
    20.27443301626861,
    20.54738095392257,
    19.88434933559081,
    21.494424278408296,
    21.416510705049557,
    21.883982188766865,
    21.333514810193467,
    21.172555313871698,
    21.21023586379879,
    20.855868117224844,
    20.336727268951172,
    20.442955279882145,
    19.893521298325602,
    18.863851911958637,
    21.253720400439263,
    19.757711001805724,
    19.975486235361572,
    15.717907612645948,
    16.363321358979416,
    16.78308458257654,
    17.491289650937492,
    17.58312474973377,
    15.601389973355149,
    15.268732888104397,
    14.144265406373863
  ],
  "all_framewise_ssim": [
    0.5110811591148376,
    0.7240142822265625,
    0.6217822432518005,
    0.7611215710639954,
    0.6942048668861389,
    0.7621047496795654,
    0.7100777626037598,
    0.6403403878211975,
    0.6225807070732117,
    0.6510646343231201,
    0.5973309874534607,
    0.6425012350082397,
    0.5688063502311707,
    0.5475391745567322,
    0.4866672456264496,
    0.3906014859676361,
    0.5139462947845459,
    0.4169275760650635,
    0.4264872372150421,
    0.4131762981414795,
    0.40319886803627014,
    0.5511461496353149,
    0.39766600728034973,
    0.41317543387413025,
    0.47263965010643005,
    0.46323952078819275,
    0.4119669497013092,
    0.40908488631248474,
    0.42544102668762207,
    0.3846993148326874,
    0.48584580421447754,
    0.4744711220264435,
    0.43011224269866943,
    0.4460378885269165,
    0.5137439370155334,
    0.48336324095726013,
    0.4767783582210541,
    0.5999619364738464,
    0.5071195363998413,
    0.5368126034736633,
    0.5981130599975586,
    0.5278601050376892,
    0.5278422236442566,
    0.5524205565452576,
    0.4627527892589569,
    0.4597502648830414,
    0.5136235356330872,
    0.43964624404907227,
    0.412214994430542,
    0.4625885784626007,
    0.384958416223526,
    0.4492330253124237,
    0.5145220160484314,
    0.6206710934638977,
    0.563481330871582,
    0.6296958923339844,
    0.6415694355964661,
    0.6047565340995789,
    0.5915884375572205,
    0.6728231310844421,
    0.6428067088127136,
    0.6344122290611267,
    0.5955180525779724,
    0.5862036347389221,
    0.5730026364326477,
    0.56401127576828,
    0.5862391591072083,
    0.6177060008049011,
    0.5592208504676819,
    0.5460188984870911,
    0.6929313540458679,
    0.6103858947753906,
    0.5548191666603088,
    0.42042267322540283,
    0.4767692983150482,
    0.44211387634277344,
    0.38303276896476746,
    0.5718014240264893,
    0.4615079164505005,
    0.45204630494117737,
    0.4520055949687958
  ],
  "all_framewise_lpips": [
    0.6770873069763184,
    0.5024770498275757,
    0.5607607364654541,
    0.43465062975883484,
    0.5126795172691345,
    0.45063886046409607,
    0.49584776163101196,
    0.5558516383171082,
    0.5612384080886841,
    0.5561155676841736,
    0.6217281818389893,
    0.5634242296218872,
    0.6615636944770813,
    0.6536846160888672,
    0.6643627285957336,
    0.7024147510528564,
    0.6458235383033752,
    0.6708491444587708,
    0.6844314932823181,
    0.6821638345718384,
    0.6836512088775635,
    0.6338568925857544,
    0.7101699113845825,
    0.6867904663085938,
    0.6764963865280151,
    0.6733719706535339,
    0.6870081424713135,
    0.6838245987892151,
    0.672513484954834,
    0.7066160440444946,
    0.6846436262130737,
    0.6941544413566589,
    0.722684383392334,
    0.71933513879776,
    0.6632708311080933,
    0.6800751090049744,
    0.6364604234695435,
    0.5786062479019165,
    0.6148930191993713,
    0.6096474528312683,
    0.5807413458824158,
    0.6306074261665344,
    0.6394492387771606,
    0.6127029061317444,
    0.6706752777099609,
    0.6734163761138916,
    0.643254280090332,
    0.690485954284668,
    0.7173453569412231,
    0.6953859925270081,
    0.7287498712539673,
    0.6840603351593018,
    0.6051350831985474,
    0.5524157285690308,
    0.5629677176475525,
    0.512607216835022,
    0.5114262104034424,
    0.5105702877044678,
    0.5005264282226562,
    0.4654170870780945,
    0.4794303774833679,
    0.4841967523097992,
    0.5074102282524109,
    0.52666175365448,
    0.5189119577407837,
    0.5326131582260132,
    0.49515658617019653,
    0.47429901361465454,
    0.5254001617431641,
    0.5752028822898865,
    0.45074915885925293,
    0.5580507516860962,
    0.6504147052764893,
    0.7625584006309509,
    0.7520724534988403,
    0.7429628968238831,
    0.7411020994186401,
    0.6393366456031799,
    0.7515518665313721,
    0.7705560922622681,
    0.8310889005661011
  ]
}