{
  "n_frames": 87,
  "scenewise_psnr": 12.146830767626781,
  "scenewise_ssim": 0.10292823236374815,
  "scenewise_lpips": 0.7557517886161804,
  "all_framewise_psnrs": [
    12.333319593860544,
    11.968021521470654
  ],
  "all_framewise_ssim": [
    0.10489841550588608,
    0.10095587372779846
  ],
  "all_framewise_lpips": [
    0.7911979556083679,
    0.7203056216239929
  ]
}