{
  "n_frames": 100,
  "scenewise_psnr": 11.463123375728838,
  "scenewise_ssim": 0.40467969362881817,
  "scenewise_lpips": 0.8172398167848587,
  "all_framewise_psnrs": [
    12.123763555802746,
    12.05879126998979,
    11.95057873345731,
    11.379362120763098,
    10.897152848543993,
    10.868633683468014,
    10.954426264141187,
    10.986608094360639,
    11.370940483421721,
    10.312289118055656,
    10.854516508204329,
    10.980058142071325,
    11.989028576814887,
    12.819412819562057,
    12.557637425685622,
    16.23446383958583,
    14.755859826642471,
    14.305420832627753,
    9.578940682098743,
    9.618938847900212,
    10.365041201412224,
    10.716688420848687,
    12.115011972717376,
    12.544408544542492,
    12.589855933600163,
    12.179892125922102,
    12.093097604678638,
    13.263668274751863,
    13.505996817682554,
    13.702121286862655,
    14.37642963650314,
    14.80881007425287,
    14.787542893833187,
    15.3913046693568,
    12.503484619737108,
    12.052711805778767,
    10.626015123945539,
    11.60754839149547,
    12.180044466682142,
    12.881870215473777,
    12.84931726087014,
    11.850564264902477,
    11.482068379043271,
    13.374758019304585,
    13.363303284652904,
    12.715340366338078,
    12.61387726674689,
    12.17315465715294,
    11.520066702173084,
    12.044787031971529,
    10.489034150474302,
    11.896662254174302,
    12.266896199504714,
    12.28608034200457,
    12.40841020302199,
    12.550130175637761,
    11.684970221058926,
    11.300274400792429,
    10.19442941291306,
    10.664939717179763,
    12.511704269893464,
    11.881890572141522,
    11.878855277065494,
    12.464986515292152,
    12.397678624403735,
    12.187835666006041,
    10.812024330629544,
    10.558479433492561,
    11.039184721099087,
    11.02255311898997,
    11.790805549724446,
    12.098172338388377,
    11.495937014197795,
    10.662013949844308,
    10.133405511618855,
    9.717472381555103,
    10.269711726196004,
    9.225165302191241,
    9.727679289666,
    11.711135579481004,
    11.79227242882391,
    11.924039979021579,
    11.736750918773119,
    12.249362827726689,
    11.456432098224582,
    11.048087693316614,
    11.60415574924723,
    10.988268557141737,
    11.19618054734296,
    10.704231940116367,
    10.289634529196992,
    9.902836705741846,
    9.024355136086413,
    9.593652899109188,
    9.721142284893357,
    10.123399656472875,
    10.223355672535796,
    9.684452372476112,
    9.695356761904739,
    9.857224941781213
  ],
  "all_framewise_ssim": [
    0.4520799219608307,
    0.44451698660850525,
    0.4264123737812042,
    0.4144800901412964,
    0.4132109582424164,
    0.41977357864379883,
    0.42352494597435,
    0.41482385993003845,
    0.3924187421798706,
    0.2844884693622589,
    0.2580220401287079,
    0.3066718578338623,
    0.45136699080467224,
    0.4907376766204834,
    0.4733332395553589,
    0.5310789942741394,
    0.5059147477149963,
    0.44437679648399353,
    0.3107728958129883,
    0.3511436879634857,
    0.35946497321128845,
    0.3972160518169403,
    0.3827373683452606,
    0.3804565966129303,
    0.382302850484848,
    0.39748334884643555,
    0.40575110912323,
    0.45767536759376526,
    0.45690858364105225,
    0.4645272195339203,
    0.4743800163269043,
    0.46258842945098877,
    0.45976802706718445,
    0.46301528811454773,
    0.3955284059047699,
    0.37061262130737305,
    0.3358018398284912,
    0.3461171090602875,
    0.3481995165348053,
    0.3904699385166168,
    0.38467416167259216,
    0.35242584347724915,
    0.3363792598247528,
    0.3965791165828705,
    0.43392375111579895,
    0.3959335386753082,
    0.38257578015327454,
    0.3975197970867157,
    0.4056953489780426,
    0.41712379455566406,
    0.3899599611759186,
    0.4146578311920166,
    0.415816068649292,
    0.40622785687446594,
    0.41052699089050293,
    0.4026069641113281,
    0.3340885639190674,
    0.25878891348838806,
    0.28048765659332275,
    0.31483516097068787,
    0.44391930103302,
    0.41933438181877136,
    0.4148571491241455,
    0.42823687195777893,
    0.4464575946331024,
    0.459410697221756,
    0.4248199760913849,
    0.4405924379825592,
    0.47052815556526184,
    0.4729466140270233,
    0.48192068934440613,
    0.47610902786254883,
    0.3909057676792145,
    0.3335297405719757,
    0.30978021025657654,
    0.27608492970466614,
    0.2648693323135376,
    0.31348109245300293,
    0.4020032584667206,
    0.5334229469299316,
    0.5276132225990295,
    0.5199167728424072,
    0.49693331122398376,
    0.5170109868049622,
    0.4694516658782959,
    0.4460378587245941,
    0.46999645233154297,
    0.4676356315612793,
    0.44368281960487366,
    0.4344073235988617,
    0.4253832995891571,
    0.37845632433891296,
    0.3435215950012207,
    0.29867812991142273,
    0.31485942006111145,
    0.2787550389766693,
    0.29164350032806396,
    0.3567928969860077,
    0.36444878578186035,
    0.3688030242919922
  ],
  "all_framewise_lpips": [
    0.7474194765090942,
    0.7423678636550903,
    0.7616462707519531,
    0.7501931190490723,
    0.7571252584457397,
    0.7544553279876709,
    0.744410514831543,
    0.7483668327331543,
    0.8046844005584717,
    0.8779945969581604,
    0.9121493101119995,
    0.8944556713104248,
    0.7536603212356567,
    0.7064467072486877,
    0.7296478748321533,
    0.6572175025939941,
    0.6898540258407593,
    0.7610733509063721,
    0.929801344871521,
    0.9253003001213074,
    0.9069036245346069,
    0.8337656855583191,
    0.8105549812316895,
    0.806730329990387,
    0.8256667852401733,
    0.8189844489097595,
    0.797240674495697,
    0.7377206683158875,
    0.7356612682342529,
    0.7313856482505798,
    0.7182202339172363,
    0.7275075316429138,
    0.7357982397079468,
    0.7210751175880432,
    0.8242089748382568,
    0.8377470374107361,
    0.8573887348175049,
    0.8351125717163086,
    0.8477026224136353,
    0.8004374504089355,
    0.807441771030426,
    0.8404757976531982,
    0.843942403793335,
    0.7880613803863525,
    0.7825654745101929,
    0.8141661286354065,
    0.8092179298400879,
    0.8100759387016296,
    0.8119325637817383,
    0.8224012851715088,
    0.8647947907447815,
    0.8313241004943848,
    0.8193717002868652,
    0.8262145519256592,
    0.8160733580589294,
    0.8010619878768921,
    0.884326696395874,
    0.924424409866333,
    0.9253402948379517,
    0.9121698141098022,
    0.7990806698799133,
    0.8405407071113586,
    0.8495969176292419,
    0.8074276447296143,
    0.8164823651313782,
    0.8026562929153442,
    0.8171393871307373,
    0.8134053349494934,
    0.7871797680854797,
    0.8186503648757935,
    0.8209404945373535,
    0.8079700469970703,
    0.9197455048561096,
    0.9237704277038574,
    0.9291548728942871,
    0.9073114395141602,
    0.9509415030479431,
    0.9507852792739868,
    0.8837414383888245,
    0.7138416171073914,
    0.7249144315719604,
    0.7126557230949402,
    0.7214236259460449,
    0.7176146507263184,
    0.7346422076225281,
    0.7569769620895386,
    0.7616405487060547,
    0.788872480392456,
    0.7889113426208496,
    0.8057618737220764,
    0.8135318756103516,
    0.8753840923309326,
    0.8851373791694641,
    0.9268766641616821,
    0.9268463850021362,
    0.9658337831497192,
    0.9491287469863892,
    0.8891408443450928,
    0.862011194229126,
    0.8628497123718262
  ]
}