{
  "n_frames": 100,
  "scenewise_psnr": 19.025418352839708,
  "scenewise_ssim": 0.5368482372920163,
  "scenewise_lpips": 0.6075311839580536,
  "all_framewise_psnrs": [
    20.469207435155337,
    19.415190528831808,
    19.28720091472571,
    19.321682905435566,
    19.115173738752542,
    19.13846107498012,
    19.16528981465756,
    19.135178267164864,
    18.30043573981029,
    17.8293116735413,
    18.126034237374764,
    18.665960981343275,
    20.503385951541926,
    20.96362182446869,
    21.024484540577394,
    20.69984798154846,
    20.64556718206258,
    19.875489112142137,
    18.179463449302947,
    18.477363488438566,
    18.653921378512702,
    17.748853554893948,
    18.18863975353065,
    18.406853349858924,
    19.62341639699565,
    20.27543227615487,
    20.452709818427714,
    20.836899702928907,
    21.039530220972935,
    21.19086944527694,
    21.46521815957953,
    20.971064061169432,
    21.22885269711752,
    20.960710260815215,
    20.95857275624558,
    20.29418674990412,
    19.64327678089681,
    19.169482660958323,
    19.515448684598798,
    19.984524031273455,
    19.746376019337614,
    19.16426467419358,
    18.938732171911987,
    19.682799100852712,
    19.93587618406248,
    19.497849682352246,
    18.817812726464403,
    19.088729918368536,
    19.843899562112735,
    20.66413343591924,
    20.752493464426948,
    20.287771101296457,
    20.841662398380805,
    19.8105036931884,
    20.00439525013283,
    19.2851189449277,
    18.725135827575784,
    17.683349767219894,
    16.970234706264947,
    17.386556753499644,
    19.73377464434644,
    20.029548103519197,
    20.288653263941242,
    20.039012649559275,
    20.14760970185619,
    19.66552003279878,
    18.59970119172625,
    19.046088067664343,
    19.73421405022232,
    20.454336958597143,
    20.60511286682386,
    21.138029836578216,
    20.661927367963777,
    19.447739804997795,
    17.080174796932077,
    16.591657752551576,
    17.354030543864106,
    17.562518218542525,
    18.3442967500143,
    20.66731304931174,
    21.580364480770932,
    22.174687087686817,
    22.10519341946036,
    22.05950374267399,
    21.49213337898262,
    21.596516383167366,
    21.62253051432821,
    20.91784099512089,
    20.482994217094053,
    19.257344303571298,
    18.234619891626657,
    18.276394732866958,
    17.304768773576914,
    16.43227630423786,
    16.530675013344208,
    12.690767556796544,
    16.381414867972467,
    16.872118418917893,
    14.753040583796677,
    15.232620094194246
  ],
  "all_framewise_ssim": [
    0.6035022139549255,
    0.5723653435707092,
    0.5624769926071167,
    0.5594049692153931,
    0.5623818039894104,
    0.5665492415428162,
    0.5722600221633911,
    0.5619399547576904,
    0.5185569524765015,
    0.42910662293434143,
    0.41028955578804016,
    0.4778827130794525,
    0.6150705218315125,
    0.6341784000396729,
    0.6252896785736084,
    0.6120028495788574,
    0.6011962890625,
    0.5403719544410706,
    0.4221830368041992,
    0.46996793150901794,
    0.47646477818489075,
    0.500609815120697,
    0.4805324971675873,
    0.4854055345058441,
    0.5061896443367004,
    0.518889844417572,
    0.5274010300636292,
    0.5608684420585632,
    0.5641276836395264,
    0.5754682421684265,
    0.5737348198890686,
    0.5517294406890869,
    0.5566350817680359,
    0.5523152351379395,
    0.5235805511474609,
    0.49833807349205017,
    0.4623483717441559,
    0.453986257314682,
    0.4699699580669403,
    0.5064544677734375,
    0.5048436522483826,
    0.4807857573032379,
    0.4529379904270172,
    0.4978896677494049,
    0.5327587127685547,
    0.501030445098877,
    0.4760160446166992,
    0.5022500157356262,
    0.5401801466941833,
    0.5650554299354553,
    0.562654972076416,
    0.5422930717468262,
    0.5663135647773743,
    0.5465041399002075,
    0.5394788980484009,
    0.5159655213356018,
    0.4719913899898529,
    0.4057075083255768,
    0.4251919984817505,
    0.4255464971065521,
    0.5431464910507202,
    0.5514795780181885,
    0.5543131232261658,
    0.5511150360107422,
    0.5669514536857605,
    0.5700323581695557,
    0.528355062007904,
    0.568122148513794,
    0.5923757553100586,
    0.635044515132904,
    0.642085075378418,
    0.6463822722434998,
    0.5865005254745483,
    0.5046464800834656,
    0.4346531629562378,
    0.395208477973938,
    0.39452967047691345,
    0.45389699935913086,
    0.5572984218597412,
    0.6753237247467041,
    0.706853449344635,
    0.7100648283958435,
    0.7026920318603516,
    0.7026581168174744,
    0.6686205863952637,
    0.6633622050285339,
    0.679795503616333,
    0.6478763222694397,
    0.6199539303779602,
    0.5812422633171082,
    0.5572168231010437,
    0.5055892467498779,
    0.45787182450294495,
    0.40157535672187805,
    0.4071948230266571,
    0.33772456645965576,
    0.377664178609848,
    0.4616834223270416,
    0.4390335977077484,
    0.4339468479156494
  ],
  "all_framewise_lpips": [
    0.5173248052597046,
    0.5270925164222717,
    0.534302294254303,
    0.5524605512619019,
    0.5622025728225708,
    0.563030481338501,
    0.5501556992530823,
    0.560774028301239,
    0.6001542210578918,
    0.7009188532829285,
    0.7274634838104248,
    0.6877835392951965,
    0.5452207922935486,
    0.5192460417747498,
    0.5294804573059082,
    0.5407954454421997,
    0.5548595190048218,
    0.6135673522949219,
    0.6973330974578857,
    0.67756187915802,
    0.6680721640586853,
    0.6057518124580383,
    0.6175345778465271,
    0.6380454301834106,
    0.6295000314712524,
    0.6194587349891663,
    0.6047513484954834,
    0.580296516418457,
    0.5680199265480042,
    0.5600018501281738,
    0.5606660842895508,
    0.5795433521270752,
    0.5765900015830994,
    0.5787298679351807,
    0.604978084564209,
    0.612752377986908,
    0.6390836238861084,
    0.6441311240196228,
    0.6352003216743469,
    0.6001294255256653,
    0.5943616628646851,
    0.613860547542572,
    0.6409202218055725,
    0.596757173538208,
    0.5771101713180542,
    0.6034213304519653,
    0.6073789000511169,
    0.5990844964981079,
    0.5935484170913696,
    0.6059531569480896,
    0.625492513179779,
    0.6483702659606934,
    0.6016892790794373,
    0.5952157974243164,
    0.5947306156158447,
    0.5911744236946106,
    0.6434944272041321,
    0.7313700318336487,
    0.7279589176177979,
    0.7192775011062622,
    0.5793160200119019,
    0.5621461272239685,
    0.5736923813819885,
    0.5780738592147827,
    0.5873246192932129,
    0.5797699093818665,
    0.6170084476470947,
    0.5689314007759094,
    0.5483124256134033,
    0.5209183096885681,
    0.5358998775482178,
    0.5428389310836792,
    0.6222070455551147,
    0.6999525427818298,
    0.7254664897918701,
    0.7468022704124451,
    0.7359542846679688,
    0.7143923044204712,
    0.6385131478309631,
    0.48087814450263977,
    0.47039690613746643,
    0.46911895275115967,
    0.4749184250831604,
    0.4841078519821167,
    0.5185646414756775,
    0.5065430998802185,
    0.5030930638313293,
    0.5327723622322083,
    0.5377301573753357,
    0.5569107532501221,
    0.5716661810874939,
    0.6371989846229553,
    0.6756706237792969,
    0.7341452836990356,
    0.7546547651290894,
    0.7987316846847534,
    0.7673397064208984,
    0.6980772018432617,
    0.7687273025512695,
    0.7382177710533142
  ]
}