{
  "n_frames": 100,
  "scenewise_psnr": 15.524573030028561,
  "scenewise_ssim": 0.31789615019602024,
  "scenewise_lpips": 0.7610924500843574,
  "all_framewise_psnrs": [
    16.508983344908962,
    16.47957487141268,
    16.107473959146883,
    15.807797754623877,
    15.270522558126277,
    14.719194345707606,
    16.35600531530106,
    16.65048390439096,
    16.33879453839869,
    15.176289854539203,
    15.623689338002594,
    14.638344307842303,
    15.445565987840482,
    15.432894028263163,
    15.222053792366708,
    15.280652779313508,
    14.24740567750851,
    13.921197031645132,
    15.11516711217465,
    14.841621631898466,
    15.363534740782303,
    16.162782089858606,
    15.142918684930027,
    14.393321736843983,
    14.712752090676524,
    14.680949113992284,
    15.484299391272051,
    16.339290711896673,
    16.32505514272872,
    16.149614234814212,
    16.027655620414585,
    15.333373601113179,
    15.537600277937155,
    16.055675846067377,
    14.787082036167847,
    15.767290090971944,
    15.479823447894514,
    15.293324928124068,
    15.024946018569704,
    14.644078851409164,
    15.132523030510212,
    15.005270008951626,
    14.570203885771353,
    15.554497777785919,
    15.500822723671067,
    15.86568596638247,
    15.5046353290433,
    15.90495681059722,
    15.901175385138915,
    16.805723286893674,
    16.57389210996803,
    15.068735683836522,
    15.576363379669235,
    15.349859427359302,
    15.973182550542234,
    16.552835829211343,
    17.382073747009052,
    18.22603983493238
  ],
  "all_framewise_ssim": [
    0.28686174750328064,
    0.28886380791664124,
    0.2737429440021515,
    0.22741377353668213,
    0.21574653685092926,
    0.23832108080387115,
    0.3129865825176239,
    0.41706445813179016,
    0.4506937563419342,
    0.3803129494190216,
    0.4452477693557739,
    0.24359510838985443,
    0.2774078845977783,
    0.2963198721408844,
    0.3020085394382477,
    0.30900838971138,
    0.22040604054927826,
    0.2411271184682846,
    0.32536840438842773,
    0.259934663772583,
    0.26359450817108154,
    0.417351633310318,
    0.27675116062164307,
    0.21665699779987335,
    0.2327244132757187,
    0.2541121542453766,
    0.22286759316921234,
    0.30819281935691833,
    0.33430588245391846,
    0.37084653973579407,
    0.3593462407588959,
    0.32861343026161194,
    0.30197301506996155,
    0.32862064242362976,
    0.2737044394016266,
    0.45890888571739197,
    0.4609440565109253,
    0.42122483253479004,
    0.3756829500198364,
    0.24953295290470123,
    0.24588221311569214,
    0.18770603835582733,
    0.21429561078548431,
    0.2973202168941498,
    0.2962324917316437,
    0.332850843667984,
    0.3023271858692169,
    0.3378986120223999,
    0.3433425724506378,
    0.43773555755615234,
    0.3913544714450836,
    0.3221115171909332,
    0.384321928024292,
    0.2941521108150482,
    0.2985210120677948,
    0.3281830847263336,
    0.355523020029068,
    0.48473164439201355
  ],
  "all_framewise_lpips": [
    0.8193644285202026,
    0.7431579828262329,
    0.8011821508407593,
    0.8261561393737793,
    0.844497799873352,
    0.814374566078186,
    0.775020956993103,
    0.7101848125457764,
    0.6686981916427612,
    0.7747166752815247,
    0.8507872223854065,
    0.8986566066741943,
    0.8343924880027771,
    0.8163121342658997,
    0.7914767265319824,
    0.8636487126350403,
    0.8667697310447693,
    0.7621066570281982,
    0.7967122793197632,
    0.9036725163459778,
    0.8670538663864136,
    0.7436135411262512,
    0.8102240562438965,
    0.8789304494857788,
    0.8453559875488281,
    0.7773117423057556,
    0.784774661064148,
    0.7290105223655701,
    0.7240020632743835,
    0.6643945574760437,
    0.6816427111625671,
    0.697749674320221,
    0.7448155879974365,
    0.7357953786849976,
    0.7579060196876526,
    0.5654405355453491,
    0.5727680325508118,
    0.6031068563461304,
    0.6432206630706787,
    0.7739980816841125,
    0.7912105321884155,
    0.927392840385437,
    0.9112310409545898,
    0.7491282224655151,
    0.714716911315918,
    0.7098590731620789,
    0.7490524649620056,
    0.7135279178619385,
    0.7164048552513123,
    0.6519812345504761,
    0.7158675789833069,
    0.6723698377609253,
    0.6126489639282227,
    0.7163236141204834,
    0.7498074173927307,
    0.7891430258750916,
    0.8008633852005005,
    0.6888294219970703
  ]
}