{
  "n_frames": 100,
  "scenewise_psnr": 20.827758451934994,
  "scenewise_ssim": 0.585856236535264,
  "scenewise_lpips": 0.606129319369793,
  "all_framewise_psnrs": [
    25.450038027609608,
    25.701655946288618,
    22.63368037903191,
    23.260848161493186,
    25.09153872580855,
    25.211304793629484,
    21.489896126953823,
    21.937569066076716,
    22.974795342903654,
    22.961591899881306,
    23.52492719106824,
    22.920512799367174,
    20.43766255003666,
    21.706628410658926,
    17.64299485301507,
    20.016906162662103,
    19.831839210844485,
    19.812612119097103,
    22.047356571336397,
    24.223766442897798,
    23.37462913755475,
    23.457815000417753,
    22.5942457789748,
    22.9617646848751,
    21.274608233347028,
    22.60743064757406,
    22.290069451852435,
    22.722811874229222,
    19.897497862359504,
    17.90812267357515,
    21.26238033368957,
    22.094999083204996,
    22.13052399740985,
    22.3170073046684,
    21.998151892806384,
    22.998151868179608,
    22.72802096500056,
    23.648670912741085,
    21.492644676445604,
    21.076894352635772,
    20.487974564283313,
    21.596281262823442,
    20.74802882919102,
    21.39993098720697,
    23.598825769299467,
    22.920641959886847,
    20.396947117710265,
    20.335995227999256,
    20.884419719694538,
    20.791238574120072,
    19.021072646290285,
    18.842584914623593,
    23.54823717191148,
    24.254946674073476,
    22.98608141071648,
    23.343517174149717,
    24.700090030717252,
    24.783626005594584,
    19.660444959071228,
    19.3534951812522,
    19.257214425044605,
    18.388535480002986,
    19.68133302765977,
    18.25346396666848,
    17.82851136113518,
    21.022288297675725,
    20.318524965904253,
    18.79761112323354,
    18.61416091255766,
    20.159092539737962,
    21.50966386568037,
    20.26542808056632,
    21.65372176122888,
    21.2302103427316,
    20.869979118467697,
    21.33922424580632,
    21.272477812040954,
    20.73348896357,
    20.585760200669124,
    20.932020287105153,
    20.860895770957843,
    22.73862319945312,
    22.945725016704507,
    20.150089317892142,
    19.487232973082968,
    19.12832523091645,
    16.7196067911733,
    20.70785283778955,
    22.126639770871567,
    18.607871606973447,
    20.43240128395483,
    21.2936475003523,
    19.721245383614253,
    20.732281856408072,
    18.504536414741143,
    19.412695808111543,
    17.248687383794547,
    19.657819552104392,
    19.904115371813795,
    18.663620024545914
  ],
  "all_framewise_ssim": [
    0.6850230693817139,
    0.7094919085502625,
    0.6294873356819153,
    0.6479213237762451,
    0.7090157866477966,
    0.7112076878547668,
    0.6437314748764038,
    0.6411628127098083,
    0.6345992088317871,
    0.6349651217460632,
    0.6517701745033264,
    0.6344653964042664,
    0.54770427942276,
    0.5340566039085388,
    0.48449501395225525,
    0.4888523519039154,
    0.47362086176872253,
    0.5046148300170898,
    0.583666980266571,
    0.646110475063324,
    0.6187936663627625,
    0.6512786746025085,
    0.6464440822601318,
    0.6704564094543457,
    0.6199631690979004,
    0.6487037539482117,
    0.6124905943870544,
    0.5666734576225281,
    0.47111403942108154,
    0.45202359557151794,
    0.5094351172447205,
    0.573523223400116,
    0.569003164768219,
    0.5756478905677795,
    0.592790424823761,
    0.6223298907279968,
    0.6131741404533386,
    0.6427903771400452,
    0.5940032005310059,
    0.5526060461997986,
    0.55031818151474,
    0.5889093279838562,
    0.5870071053504944,
    0.6329255700111389,
    0.6942518353462219,
    0.7043010592460632,
    0.6393296718597412,
    0.6385852694511414,
    0.630188524723053,
    0.6180363297462463,
    0.5503384470939636,
    0.5818683505058289,
    0.6428312659263611,
    0.6630941033363342,
    0.6556127667427063,
    0.7258730530738831,
    0.759942352771759,
    0.7497096061706543,
    0.6265484690666199,
    0.5469141006469727,
    0.5164229273796082,
    0.41969573497772217,
    0.4494102895259857,
    0.43099236488342285,
    0.5064913630485535,
    0.5980016589164734,
    0.5998679995536804,
    0.5724045038223267,
    0.5579577684402466,
    0.5735101103782654,
    0.5735676884651184,
    0.5595964193344116,
    0.5753285884857178,
    0.5688204765319824,
    0.5326068997383118,
    0.4880322515964508,
    0.47360876202583313,
    0.4638826549053192,
    0.4646122455596924,
    0.49226832389831543,
    0.5135332345962524,
    0.589745819568634,
    0.6195516586303711,
    0.582362711429596,
    0.5626964569091797,
    0.54889976978302,
    0.4874831736087799,
    0.5463719367980957,
    0.5850455164909363,
    0.485709547996521,
    0.48005613684654236,
    0.4834601879119873,
    0.47757968306541443,
    0.5440492033958435,
    0.5777875185012817,
    0.6164083480834961,
    0.5554926991462708,
    0.6255437135696411,
    0.6023384928703308,
    0.5672898888587952
  ],
  "all_framewise_lpips": [
    0.3750980794429779,
    0.36720797419548035,
    0.43648114800453186,
    0.41571182012557983,
    0.3505888283252716,
    0.3502010703086853,
    0.42441970109939575,
    0.45860666036605835,
    0.4841828942298889,
    0.4946356415748596,
    0.4667150676250458,
    0.5116007328033447,
    0.6311658620834351,
    0.6536282896995544,
    0.7167656421661377,
    0.7129434943199158,
    0.7070053219795227,
    0.6695117950439453,
    0.5939664840698242,
    0.5025915503501892,
    0.5272412300109863,
    0.5239824652671814,
    0.5355458855628967,
    0.5271347165107727,
    0.5366243124008179,
    0.5043468475341797,
    0.5345420837402344,
    0.6082702279090881,
    0.6996314525604248,
    0.7386890649795532,
    0.6518814563751221,
    0.6224594712257385,
    0.6299476027488708,
    0.610709547996521,
    0.581390380859375,
    0.5610197186470032,
    0.5590267777442932,
    0.5186648368835449,
    0.5977029204368591,
    0.6098187565803528,
    0.5883341431617737,
    0.5797708630561829,
    0.5753692388534546,
    0.5338967442512512,
    0.4719402492046356,
    0.4932789206504822,
    0.5689710974693298,
    0.5893284678459167,
    0.6095587015151978,
    0.6112018823623657,
    0.6064764857292175,
    0.584048867225647,
    0.5378823280334473,
    0.5010654330253601,
    0.47120070457458496,
    0.39553582668304443,
    0.3914431035518646,
    0.4358822703361511,
    0.5397074222564697,
    0.6075616478919983,
    0.6156508922576904,
    0.6470886468887329,
    0.6866582036018372,
    0.7208976149559021,
    0.7154459357261658,
    0.658749520778656,
    0.7114087343215942,
    0.7566778063774109,
    0.7782431840896606,
    0.764636754989624,
    0.7467795610427856,
    0.7538015842437744,
    0.7213562726974487,
    0.6927663087844849,
    0.6940678358078003,
    0.7049548029899597,
    0.6993149518966675,
    0.698777973651886,
    0.7148102521896362,
    0.7153357267379761,
    0.7243830561637878,
    0.6782404184341431,
    0.6503810286521912,
    0.6734691262245178,
    0.7152395844459534,
    0.7369291186332703,
    0.8066838979721069,
    0.7372592687606812,
    0.6847847700119019,
    0.7466477155685425,
    0.7437143325805664,
    0.73033607006073,
    0.7508998513221741,
    0.7338101863861084,
    0.7193173170089722,
    0.5704820156097412,
    0.5632793307304382,
    0.5606569051742554,
    0.5975468754768372,
    0.5973362922668457
  ]
}