{
  "n_frames": 100,
  "scenewise_psnr": 15.39633619282007,
  "scenewise_ssim": 0.3486316379925114,
  "scenewise_lpips": 0.8711787641048432,
  "all_framewise_psnrs": [
    14.36193768266908,
    14.29256740718164,
    15.125721901871136,
    15.258289403888943,
    15.296390158157307,
    15.588039918407917,
    16.045315426096074,
    16.450175585606463,
    16.984591476384686,
    17.43484251620315,
    17.377232286133058,
    16.792238607069457,
    16.32869190025323,
    16.32677036561765,
    16.225341809829537,
    16.347980668994524,
    16.624787185726603,
    17.13513935983692,
    16.907903104891904,
    16.508840685027,
    15.257078485001166,
    15.124850394539685,
    14.531696182689569,
    13.558280051724914,
    14.099082337152606,
    14.610475868622114,
    14.486029603121654,
    14.290563849191138,
    14.578721820005235,
    14.737601331006081,
    14.919191757686644,
    14.879584308993643,
    14.619276166983754,
    14.39879986391543,
    14.326446299101125,
    14.40018462441074,
    14.303676310946683,
    14.571952681417342,
    14.86539978492996,
    15.180785911433697,
    15.742109692952976,
    14.45634470202419,
    14.706072652502309,
    15.203827144311804,
    16.319386987714935,
    15.752155761565751,
    15.944958349694058,
    16.152348076943802,
    13.514091051002872,
    14.432570058188649,
    15.074948615623459,
    14.991695436087792,
    15.739639487999423,
    13.206841435908043,
    14.995270358728352,
    15.417868805965103,
    15.681719934321674,
    15.872843002509452,
    16.33240088948763,
    16.590054544703275,
    16.952195631022185,
    15.921630893343131,
    16.591471019414875,
    15.628055675802322,
    15.963299440170701,
    15.921629311922311,
    16.068518332834227,
    15.919042562165135,
    16.394831749065638,
    15.81856600238977,
    15.632782991960436,
    15.432597004152226,
    15.139729217954534,
    15.299567456273335,
    15.60715994522077,
    16.26400791531605,
    16.383984107528278,
    15.93985160953412,
    15.786954851790295,
    16.21650664926917,
    16.16267342964011,
    15.342098137779054,
    14.969673885426447,
    15.427098521876399,
    15.859956781021882,
    15.700412807425653,
    16.360747513679136,
    15.959910399853516,
    15.617017721087006,
    15.528419552525474,
    15.532169725104396,
    15.1035778015113,
    14.79185959661542,
    14.678510157583492,
    15.050533826293226,
    14.879521608599092,
    15.8099553110548,
    15.168273917950671,
    15.422802921821436,
    14.595458374203464
  ],
  "all_framewise_ssim": [
    0.24977196753025055,
    0.26537951827049255,
    0.2852037847042084,
    0.28710293769836426,
    0.2928938567638397,
    0.3010837435722351,
    0.30589452385902405,
    0.31742560863494873,
    0.3283284604549408,
    0.34763216972351074,
    0.3585532009601593,
    0.34250274300575256,
    0.3042357563972473,
    0.3196069300174713,
    0.32008466124534607,
    0.33133888244628906,
    0.3492991626262665,
    0.37406468391418457,
    0.3519577980041504,
    0.34488630294799805,
    0.31169235706329346,
    0.296811580657959,
    0.27973902225494385,
    0.28709331154823303,
    0.26744934916496277,
    0.26462408900260925,
    0.2846137583255768,
    0.29338178038597107,
    0.3012476861476898,
    0.2964278757572174,
    0.3047240972518921,
    0.30678409337997437,
    0.3442462682723999,
    0.307477205991745,
    0.32411423325538635,
    0.3645751476287842,
    0.32934150099754333,
    0.32695725560188293,
    0.3530900478363037,
    0.3548696041107178,
    0.39174166321754456,
    0.36500284075737,
    0.36614152789115906,
    0.3686206340789795,
    0.38618943095207214,
    0.3900822699069977,
    0.3974166810512543,
    0.4009736478328705,
    0.33650192618370056,
    0.3529408276081085,
    0.33793187141418457,
    0.3225134313106537,
    0.3468424379825592,
    0.3273678123950958,
    0.3092082440853119,
    0.3490700423717499,
    0.4152602255344391,
    0.453592449426651,
    0.4628835618495941,
    0.4952944219112396,
    0.5268732905387878,
    0.5216469764709473,
    0.4876152276992798,
    0.41308626532554626,
    0.37288448214530945,
    0.3720320165157318,
    0.35619378089904785,
    0.34629127383232117,
    0.35900256037712097,
    0.3386850357055664,
    0.3489110469818115,
    0.3630605638027191,
    0.32104960083961487,
    0.3528691828250885,
    0.34793010354042053,
    0.33514752984046936,
    0.3681216239929199,
    0.3972420394420624,
    0.36323389410972595,
    0.3836634159088135,
    0.3494075834751129,
    0.33138391375541687,
    0.33544158935546875,
    0.3297590911388397,
    0.3193124532699585,
    0.3525359332561493,
    0.3784167766571045,
    0.36564648151397705,
    0.3671834170818329,
    0.33905574679374695,
    0.3424874544143677,
    0.33262234926223755,
    0.3093635141849518,
    0.31644997000694275,
    0.35067710280418396,
    0.34790074825286865,
    0.36211690306663513,
    0.36665281653404236,
    0.3707153797149658,
    0.3680456876754761
  ],
  "all_framewise_lpips": [
    0.9215060472488403,
    0.900955080986023,
    0.8860734105110168,
    0.8836137056350708,
    0.8650314807891846,
    0.8611114621162415,
    0.8619497418403625,
    0.8609634637832642,
    0.8547194004058838,
    0.8518308997154236,
    0.848473310470581,
    0.8459128737449646,
    0.8669558167457581,
    0.8514403104782104,
    0.8527993559837341,
    0.8563131093978882,
    0.8849868774414062,
    0.8905164003372192,
    0.9111924767494202,
    0.9278799891471863,
    0.9359399080276489,
    0.9288790225982666,
    0.930654764175415,
    0.9238156676292419,
    0.9326293468475342,
    0.9179222583770752,
    0.90638667345047,
    0.9031086564064026,
    0.8966254591941833,
    0.9118032455444336,
    0.9018218517303467,
    0.9110310077667236,
    0.8571009635925293,
    0.8845310211181641,
    0.8743581771850586,
    0.87696373462677,
    0.9025552868843079,
    0.9277844429016113,
    0.9133000373840332,
    0.9170562624931335,
    0.9000452160835266,
    0.9389400482177734,
    0.9336377382278442,
    0.8838323354721069,
    0.8665190935134888,
    0.8694763779640198,
    0.859322726726532,
    0.8099379539489746,
    0.8760381937026978,
    0.8353627920150757,
    0.8412766456604004,
    0.838085412979126,
    0.842671275138855,
    0.9405447244644165,
    0.8700487017631531,
    0.833518385887146,
    0.808944582939148,
    0.7683459520339966,
    0.788392186164856,
    0.7965718507766724,
    0.7811435461044312,
    0.7883973121643066,
    0.8494955897331238,
    0.8594647645950317,
    0.8915950655937195,
    0.8901975154876709,
    0.8949019312858582,
    0.8817805051803589,
    0.8635223507881165,
    0.8700970411300659,
    0.8557111024856567,
    0.8502838015556335,
    0.9001060128211975,
    0.8604490756988525,
    0.8807778358459473,
    0.8997678756713867,
    0.8712977766990662,
    0.8042213916778564,
    0.8274768590927124,
    0.8005244731903076,
    0.8811734318733215,
    0.9017429947853088,
    0.8958472609519958,
    0.8898217082023621,
    0.8933089971542358,
    0.8681440353393555,
    0.8652359247207642,
    0.8713749051094055,
    0.8680199384689331,
    0.8726643323898315,
    0.8646329045295715,
    0.8438937664031982,
    0.8644630908966064,
    0.8643131256103516,
    0.8322722911834717,
    0.8280887007713318,
    0.8462072610855103,
    0.8436862230300903,
    0.8356800079345703,
    0.8260884881019592
  ]
}