{
  "n_frames": 100,
  "scenewise_psnr": 16.222191158986373,
  "scenewise_ssim": 0.4687756688399496,
  "scenewise_lpips": 0.6705957537889481,
  "all_framewise_psnrs": [
    16.531894977147186,
    16.62010932842843,
    16.328877743464496,
    16.49637172234116,
    16.40882375361486,
    16.233364037997113,
    16.046754352026262,
    15.407313776781857,
    15.407676793377014,
    15.282814293693754,
    16.092645894358597,
    16.409145398594966,
    17.19008496988729,
    17.55309919023115,
    16.874301049743433,
    16.78264262008357,
    16.626232147722618,
    16.512163994100757,
    16.619598213874276,
    16.099000652657182,
    16.231462813147818,
    16.159129922158936,
    15.63466819548001,
    15.687537459904062,
    16.097984359842556,
    16.471177413009332,
    17.91375717168014,
    17.751309123003033,
    17.5589112935316,
    16.714464312768182,
    16.063595334336632,
    15.72942348974951,
    15.348552857939195,
    15.210475754053416,
    15.552130240360725,
    15.98071691584872,
    13.43790852384915,
    15.883855781676164,
    15.117880681971387,
    14.93562718797251,
    15.182149401712955,
    15.920374161697755,
    16.428361998374463,
    16.798194248806567,
    17.30787813033889,
    17.477138350074597,
    17.267495003295387,
    17.452360030698152,
    17.258967206154242,
    16.676915390059108,
    16.115132382908083,
    15.957887238349954,
    15.799318449711595,
    15.737091570583985,
    15.813808047762128,
    16.761917883194357,
    17.15728185318821,
    17.530366160925198,
    15.444466921554314,
    15.553092441569971,
    16.13117854248558,
    16.119055205082404,
    16.218100284710587,
    16.40376513754652,
    16.205320951301697,
    15.82852167587289,
    15.46926742882272,
    15.703349234710565,
    15.454197851956106,
    15.433633144066732,
    14.987525007886473,
    14.958189736948082,
    15.312736752575134,
    16.004365106288674,
    17.110811944749567,
    17.322056128298414,
    17.294403957230717,
    16.988267345747886,
    17.22533420242887,
    17.105047981084425,
    17.06441797569558,
    17.15877277853377,
    16.213574155123943,
    16.356209110389482,
    16.357163543980782,
    16.534214289961927,
    16.11611763516921,
    16.206457239285083,
    16.39633413105622,
    16.053213093052097,
    16.405740143316272,
    16.44819205598374,
    16.47705270646788,
    16.635380962089343,
    16.002790949840332,
    15.839451049344909,
    16.259336965855386,
    17.14452775638774,
    16.716252739668974,
    16.439045407306484
  ],
  "all_framewise_ssim": [
    0.3994938135147095,
    0.40664851665496826,
    0.40393805503845215,
    0.4038723409175873,
    0.3996654450893402,
    0.39560559391975403,
    0.3877372741699219,
    0.36847981810569763,
    0.3655582666397095,
    0.3636932671070099,
    0.4042193591594696,
    0.4013352394104004,
    0.4641334116458893,
    0.49757859110832214,
    0.4843815267086029,
    0.48097410798072815,
    0.4923771321773529,
    0.5170809626579285,
    0.5324041247367859,
    0.48359131813049316,
    0.47273945808410645,
    0.4359513521194458,
    0.4191582202911377,
    0.40514934062957764,
    0.41296279430389404,
    0.43391069769859314,
    0.5106106400489807,
    0.49963676929473877,
    0.4917429983615875,
    0.46518269181251526,
    0.44732511043548584,
    0.4534419775009155,
    0.4424354135990143,
    0.43181848526000977,
    0.45602139830589294,
    0.464912086725235,
    0.48172080516815186,
    0.43693646788597107,
    0.44372498989105225,
    0.444809228181839,
    0.47942519187927246,
    0.5076695084571838,
    0.5491106510162354,
    0.5723665356636047,
    0.5527812838554382,
    0.5335332751274109,
    0.528489887714386,
    0.5228057503700256,
    0.5201792120933533,
    0.4956996440887451,
    0.4869726002216339,
    0.4923582971096039,
    0.5091260075569153,
    0.5080143809318542,
    0.5334826111793518,
    0.5581254363059998,
    0.5538691878318787,
    0.5443742275238037,
    0.4568299353122711,
    0.42926284670829773,
    0.443013995885849,
    0.4410276412963867,
    0.4486040771007538,
    0.467081218957901,
    0.46054115891456604,
    0.4303068220615387,
    0.4256720542907715,
    0.42473307251930237,
    0.4203214943408966,
    0.4099244177341461,
    0.4090016782283783,
    0.40866780281066895,
    0.42106199264526367,
    0.4497745931148529,
    0.47412657737731934,
    0.46996745467185974,
    0.4635064899921417,
    0.44343653321266174,
    0.43803396821022034,
    0.44338539242744446,
    0.44591227173805237,
    0.4554411470890045,
    0.4150853157043457,
    0.42993220686912537,
    0.43689918518066406,
    0.45665231347084045,
    0.40433645248413086,
    0.4293332099914551,
    0.5184594392776489,
    0.5051853656768799,
    0.5267451405525208,
    0.5487174987792969,
    0.5475060343742371,
    0.523746907711029,
    0.5206072330474854,
    0.5229897499084473,
    0.5439903140068054,
    0.5746176838874817,
    0.5679259896278381,
    0.544327437877655
  ],
  "all_framewise_lpips": [
    0.7238224744796753,
    0.7130467891693115,
    0.7141134738922119,
    0.7072317600250244,
    0.7126646041870117,
    0.7130904793739319,
    0.7086062431335449,
    0.7098848223686218,
    0.7164998650550842,
    0.7101792693138123,
    0.6912285089492798,
    0.7224951386451721,
    0.6850467324256897,
    0.6747606992721558,
    0.6719928979873657,
    0.6656932234764099,
    0.6603888869285583,
    0.6498770713806152,
    0.6402370929718018,
    0.6505067944526672,
    0.6501648426055908,
    0.6708698272705078,
    0.671718418598175,
    0.6920024156570435,
    0.6916651129722595,
    0.6715243458747864,
    0.6206138134002686,
    0.6588208675384521,
    0.6599045991897583,
    0.6439118385314941,
    0.6610496044158936,
    0.6494252681732178,
    0.666237473487854,
    0.6701400279998779,
    0.6507821083068848,
    0.6670418977737427,
    0.7227773666381836,
    0.6996741890907288,
    0.6831984519958496,
    0.6825882196426392,
    0.6574152112007141,
    0.6438049077987671,
    0.6422668695449829,
    0.6259791254997253,
    0.6372750401496887,
    0.6625174283981323,
    0.6606101989746094,
    0.6623877882957458,
    0.6532618999481201,
    0.6675332188606262,
    0.6701852679252625,
    0.6755247116088867,
    0.6649718284606934,
    0.6474830508232117,
    0.625804603099823,
    0.6330191493034363,
    0.651518702507019,
    0.6760952472686768,
    0.6829838752746582,
    0.6968898773193359,
    0.6738713383674622,
    0.682300865650177,
    0.6721745729446411,
    0.6573507189750671,
    0.6681321859359741,
    0.687864363193512,
    0.6802490949630737,
    0.6984655857086182,
    0.7053953409194946,
    0.7103186249732971,
    0.7019463777542114,
    0.6990581750869751,
    0.7117162942886353,
    0.6880660653114319,
    0.6817317008972168,
    0.6989679336547852,
    0.6916726231575012,
    0.6904033422470093,
    0.6910820603370667,
    0.6819837689399719,
    0.6846193075180054,
    0.6663452982902527,
    0.688408613204956,
    0.6796103715896606,
    0.670589804649353,
    0.6751543879508972,
    0.7032657861709595,
    0.708195686340332,
    0.6605172157287598,
    0.6438623666763306,
    0.622575044631958,
    0.5980310440063477,
    0.5864465236663818,
    0.6187111735343933,
    0.6377116441726685,
    0.6260619163513184,
    0.6200883984565735,
    0.6057725548744202,
    0.6008791923522949,
    0.626972496509552
  ]
}