{
  "n_frames": 100,
  "scenewise_psnr": 21.747068996563797,
  "scenewise_ssim": 0.5777483372441985,
  "scenewise_lpips": 0.4550706169009209,
  "all_framewise_psnrs": [
    21.035027108135267,
    21.0474646486156,
    21.20191868720955,
    21.343166963492163,
    22.248695157970047,
    22.75802487333706,
    22.56298279755198,
    22.831774855197015,
    22.96429365178417,
    22.908904054444136,
    23.067873421455836,
    22.103890940062424,
    21.704595915530312,
    22.11433653722684,
    22.063749549881887,
    22.09034266853372,
    21.935021717658742,
    22.444707755435182,
    21.958954548579683,
    21.86245222666742,
    21.582069194075686,
    22.0633309616466,
    21.823013231238445,
    22.072248748705196,
    22.2368053035381,
    22.320128089295515,
    22.435969885791557,
    22.76317093769345,
    21.685502647412203,
    20.958868321998576,
    21.143443083490048,
    20.55761688569952,
    20.108733882579813,
    21.39733198175433,
    22.157925299251353,
    21.50702441245077,
    20.373248196488873,
    21.181930509874725,
    21.904212704302786,
    21.494970085449058,
    21.529309740307756,
    21.713518292272987,
    21.944467511942367,
    21.54627890271992,
    21.063133258244463,
    20.373474315944932,
    21.440801362267273,
    21.052884144283254,
    20.442145106394825,
    20.931551107787136,
    21.463890705573373,
    21.757116188283945,
    21.526480987910432,
    19.169685778037405,
    17.571792148097856,
    18.188897763611283,
    20.689971896780538,
    21.643710180022598,
    22.936243930446658,
    22.686912584772596,
    22.50233749837213,
    22.530515731966297,
    22.335273699567026,
    21.39354217036795,
    20.38740488548983,
    20.829323332383417,
    21.193929678085443,
    22.00127867590961,
    22.183281032630422,
    22.176570087959536,
    21.991560209166323,
    22.426571304477,
    22.357066849104484,
    21.353310089705264,
    22.00828910296302,
    21.534696621288738,
    23.7445417963306,
    25.181150813842287,
    24.236640062400365,
    23.360905566846544,
    22.757141078830784,
    23.08100239726308,
    23.798722775479696,
    25.33252120731798,
    24.93664506277422,
    22.8947146700953,
    23.229082495263654,
    21.499649492810214,
    21.24294125039864,
    20.823304787061335,
    22.158422914472894,
    22.20696496347731,
    20.872801785085834,
    22.662608738662115,
    23.195031798972238,
    23.183511787548042,
    22.378251593011175,
    22.09350610308882,
    21.762816431357944,
    21.415781623087184
  ],
  "all_framewise_ssim": [
    0.5284378528594971,
    0.5339598655700684,
    0.5534070134162903,
    0.5549852252006531,
    0.5805468559265137,
    0.5742409825325012,
    0.554201602935791,
    0.5699202418327332,
    0.5881256461143494,
    0.587151050567627,
    0.6090105175971985,
    0.6042079925537109,
    0.560849130153656,
    0.5682501196861267,
    0.5513386726379395,
    0.5517379641532898,
    0.553149402141571,
    0.5730418562889099,
    0.579235315322876,
    0.5950656533241272,
    0.5824111104011536,
    0.5638307929039001,
    0.5508031249046326,
    0.5587462782859802,
    0.5624160766601562,
    0.5752356052398682,
    0.5844963192939758,
    0.5750927329063416,
    0.5373279452323914,
    0.5189864635467529,
    0.5119652152061462,
    0.5037460923194885,
    0.5001091957092285,
    0.5294723510742188,
    0.5691859722137451,
    0.5501177310943604,
    0.5232072472572327,
    0.5523737072944641,
    0.5624085068702698,
    0.5768381953239441,
    0.6113178133964539,
    0.633683443069458,
    0.6253018975257874,
    0.6050755381584167,
    0.6002866625785828,
    0.5902669429779053,
    0.6251214146614075,
    0.6159298419952393,
    0.5927730798721313,
    0.5782946944236755,
    0.5793700814247131,
    0.5515033602714539,
    0.5413830876350403,
    0.47162529826164246,
    0.4307824671268463,
    0.46566998958587646,
    0.5408146381378174,
    0.565481424331665,
    0.5868697762489319,
    0.565934419631958,
    0.5380534529685974,
    0.5435164570808411,
    0.5676140785217285,
    0.5531959533691406,
    0.49288126826286316,
    0.5187696814537048,
    0.5326630473136902,
    0.5625452995300293,
    0.5642480254173279,
    0.5688764452934265,
    0.6049777865409851,
    0.6303420662879944,
    0.6450393199920654,
    0.5893438458442688,
    0.5845339298248291,
    0.5674843192100525,
    0.6008945107460022,
    0.6176100373268127,
    0.5984180569648743,
    0.5966253876686096,
    0.6198717951774597,
    0.5834622383117676,
    0.6272514462471008,
    0.6861743927001953,
    0.6780020594596863,
    0.6811787486076355,
    0.7363648414611816,
    0.7657224535942078,
    0.6749745011329651,
    0.5962775349617004,
    0.6101792454719543,
    0.5984232425689697,
    0.5853951573371887,
    0.5684197545051575,
    0.5703685879707336,
    0.5762717127799988,
    0.573688805103302,
    0.5708611011505127,
    0.5598199367523193,
    0.5463624596595764
  ],
  "all_framewise_lpips": [
    0.49171900749206543,
    0.4886941611766815,
    0.4688812494277954,
    0.48273786902427673,
    0.47455793619155884,
    0.47018682956695557,
    0.49023860692977905,
    0.4672282934188843,
    0.4600432217121124,
    0.46088409423828125,
    0.4388943910598755,
    0.42903953790664673,
    0.44879746437072754,
    0.47051802277565,
    0.4766467809677124,
    0.4869675040245056,
    0.4791008532047272,
    0.46124404668807983,
    0.47262346744537354,
    0.45577478408813477,
    0.46722227334976196,
    0.4998776316642761,
    0.5082870721817017,
    0.4798283576965332,
    0.5046180486679077,
    0.4612295627593994,
    0.4560334384441376,
    0.490518718957901,
    0.4799264669418335,
    0.5108863115310669,
    0.49653467535972595,
    0.4988658130168915,
    0.4723176658153534,
    0.46667546033859253,
    0.46940603852272034,
    0.4819028377532959,
    0.5173537135124207,
    0.48632922768592834,
    0.4520454406738281,
    0.43125835061073303,
    0.4028722643852234,
    0.3603636920452118,
    0.3842529058456421,
    0.4296780526638031,
    0.4328981935977936,
    0.36857277154922485,
    0.3806283473968506,
    0.34913891553878784,
    0.3729340136051178,
    0.42474687099456787,
    0.4676852822303772,
    0.5052387714385986,
    0.4917181432247162,
    0.5241513848304749,
    0.551664412021637,
    0.49867966771125793,
    0.4739879071712494,
    0.4824086129665375,
    0.47645074129104614,
    0.48739898204803467,
    0.5119537711143494,
    0.468089759349823,
    0.45897191762924194,
    0.47464847564697266,
    0.4879128336906433,
    0.4843180775642395,
    0.4829373061656952,
    0.477743923664093,
    0.4708179831504822,
    0.44954946637153625,
    0.3989070653915405,
    0.3960742950439453,
    0.4011717736721039,
    0.427171915769577,
    0.44279181957244873,
    0.38534611463546753,
    0.42088431119918823,
    0.41356444358825684,
    0.4285314977169037,
    0.4456091821193695,
    0.44382861256599426,
    0.48992452025413513,
    0.4281710982322693,
    0.4474181532859802,
    0.4495464563369751,
    0.3738042414188385,
    0.31587204337120056,
    0.3312263786792755,
    0.36305367946624756,
    0.37491700053215027,
    0.432236909866333,
    0.4502220153808594,
    0.4581509232521057,
    0.48334869742393494,
    0.4826052188873291,
    0.4667221009731293,
    0.47042542695999146,
    0.4619923233985901,
    0.47374099493026733,
    0.5114938020706177
  ]
}