{
  "n_frames": 100,
  "scenewise_psnr": 9.375282856168571,
  "scenewise_ssim": 0.4511254222956609,
  "scenewise_lpips": 0.8523950237035751,
  "all_framewise_psnrs": [
    10.35496466173569,
    8.98811010856335,
    8.724546767275871,
    8.753103999175783,
    8.778153071355941,
    10.46727662070207,
    9.382252249996863,
    9.51858199591696,
    9.227283247119257,
    9.381681119290745,
    11.084715149154373,
    10.722952442374185,
    9.125589157965008,
    10.621128909168448,
    10.889897452118674,
    9.73989989939128,
    9.448257138410145,
    9.232606766350735,
    11.501287491441207,
    9.678815694217914,
    11.705659846728738,
    8.812384826656771,
    9.483976226596281,
    10.378038362326144,
    10.831695957818779,
    8.93710543153804,
    9.032712006855782,
    10.64690195362804,
    10.451720901298746,
    8.922766891061997,
    8.99098904304885,
    9.532715968429397,
    8.693848674102783,
    8.22836040728666,
    8.811405230658359,
    10.867352967600183,
    9.713762256723298,
    8.666415935436119,
    6.348745545457747,
    7.836826686996947,
    9.712037682520844,
    10.259995591455942,
    9.499069988162098,
    9.756556706150588,
    10.065881190261027,
    9.245463042360633,
    8.309897780652378,
    10.283270669215693,
    8.896848608510508,
    8.247305173121905,
    8.306604830750892,
    9.173404432289518,
    8.462382787125073,
    7.92107281615019,
    8.452035834593035,
    10.03350850545975,
    8.960231490666313,
    9.346154133253696,
    9.229742842921503,
    8.89853409353301,
    8.82713844076631,
    8.088431117985929,
    9.705959584290001,
    9.36548249845541,
    10.011517299931377,
    10.413489303687255,
    8.767495002358492,
    8.208318842252485,
    11.295135264012659,
    10.657926229218635,
    11.16605974427059,
    9.675490944941332,
    10.80563138482185,
    10.097719554742223,
    9.128767753519458,
    10.916078676711713,
    9.898849483204973,
    9.710799343419666,
    8.275069398835113,
    9.887575607321327,
    9.998697419290524,
    10.265268998574735,
    9.890437635184938,
    9.170653320333273,
    10.05215694124568,
    10.801698553848215,
    13.52589091370483,
    11.838932480518537,
    10.21321305210874,
    8.70196385123591,
    8.044652394076598,
    6.935448997477756,
    9.370224427781945,
    10.268278613464297,
    9.000363666067033,
    9.574263180747797,
    9.311806480506972,
    7.770231695783937,
    7.138641546629407,
    8.832062360652976
  ],
  "all_framewise_ssim": [
    0.4654226005077362,
    0.4285156726837158,
    0.41457629203796387,
    0.42708203196525574,
    0.45749831199645996,
    0.4506300687789917,
    0.4107109010219574,
    0.39856043457984924,
    0.38999494910240173,
    0.39557650685310364,
    0.49512314796447754,
    0.4837510883808136,
    0.441507488489151,
    0.5571526885032654,
    0.5361037254333496,
    0.47713184356689453,
    0.4164658486843109,
    0.40743914246559143,
    0.4638882577419281,
    0.4025794565677643,
    0.5216007232666016,
    0.425991415977478,
    0.4843200743198395,
    0.4947640597820282,
    0.5074484944343567,
    0.4728868901729584,
    0.49701306223869324,
    0.47956618666648865,
    0.4467877149581909,
    0.38225841522216797,
    0.3788994252681732,
    0.43666955828666687,
    0.45857107639312744,
    0.3994302749633789,
    0.4042947590351105,
    0.4240736663341522,
    0.4102993905544281,
    0.4184475839138031,
    0.3842858076095581,
    0.4131106436252594,
    0.4326288402080536,
    0.43617525696754456,
    0.41380810737609863,
    0.3958057165145874,
    0.45730653405189514,
    0.49579980969429016,
    0.46618127822875977,
    0.47926366329193115,
    0.37548497319221497,
    0.3835091292858124,
    0.41676464676856995,
    0.4302244484424591,
    0.47173190116882324,
    0.4704618453979492,
    0.48040398955345154,
    0.4684036672115326,
    0.4182492792606354,
    0.4347928464412689,
    0.4092182219028473,
    0.4530682861804962,
    0.4642212390899658,
    0.4982268512248993,
    0.48563358187675476,
    0.452559232711792,
    0.4392813742160797,
    0.43006405234336853,
    0.41702187061309814,
    0.4232383668422699,
    0.48693370819091797,
    0.44896364212036133,
    0.4693881571292877,
    0.4895242750644684,
    0.5006054043769836,
    0.4703822433948517,
    0.4808710515499115,
    0.49582943320274353,
    0.3947815001010895,
    0.3976795971393585,
    0.3955118656158447,
    0.49036669731140137,
    0.44978296756744385,
    0.4288088083267212,
    0.44128119945526123,
    0.40171054005622864,
    0.42688658833503723,
    0.5090892910957336,
    0.5685765147209167,
    0.5719236731529236,
    0.5332942008972168,
    0.5080170035362244,
    0.4975125789642334,
    0.44869065284729004,
    0.43941545486450195,
    0.42370057106018066,
    0.4633762538433075,
    0.49236151576042175,
    0.485922247171402,
    0.4508696496486664,
    0.42635658383369446,
    0.3758540153503418
  ],
  "all_framewise_lpips": [
    0.8448377251625061,
    0.8726477026939392,
    0.8574538230895996,
    0.8552537560462952,
    0.8691526651382446,
    0.8184325695037842,
    0.8589751124382019,
    0.8563404679298401,
    0.8709269762039185,
    0.8806744813919067,
    0.8248093128204346,
    0.8680978417396545,
    0.8949268460273743,
    0.7906091213226318,
    0.7743644714355469,
    0.7955319881439209,
    0.8386303186416626,
    0.8515846133232117,
    0.8125401735305786,
    0.8602126240730286,
    0.8062494993209839,
    0.8490481376647949,
    0.8143552541732788,
    0.8063159584999084,
    0.8239551186561584,
    0.8646854162216187,
    0.8431466817855835,
    0.8215723633766174,
    0.8228694200515747,
    0.8743778467178345,
    0.8757214546203613,
    0.838982880115509,
    0.8518297672271729,
    0.875368058681488,
    0.8648222088813782,
    0.8378555178642273,
    0.878513514995575,
    0.8889895677566528,
    0.9211775064468384,
    0.8975622653961182,
    0.871175229549408,
    0.8366336822509766,
    0.857201874256134,
    0.8635497689247131,
    0.8472649455070496,
    0.841963529586792,
    0.8643587827682495,
    0.8457624912261963,
    0.9463093280792236,
    0.9524549245834351,
    0.9341022372245789,
    0.9026219844818115,
    0.9189999103546143,
    0.9159164428710938,
    0.8956030607223511,
    0.8881892561912537,
    0.9471037983894348,
    0.9084869623184204,
    0.8579374551773071,
    0.8165460228919983,
    0.8379782438278198,
    0.8236314058303833,
    0.8059619069099426,
    0.8218923807144165,
    0.8367705345153809,
    0.8393078446388245,
    0.8820118308067322,
    0.8695167899131775,
    0.7966247797012329,
    0.8187546730041504,
    0.7952312231063843,
    0.8562654256820679,
    0.8295788168907166,
    0.824734628200531,
    0.8535810112953186,
    0.8223484754562378,
    0.8465778827667236,
    0.8471139669418335,
    0.8890501856803894,
    0.8488802909851074,
    0.8455424904823303,
    0.8577790856361389,
    0.8449812531471252,
    0.8557013869285583,
    0.8496009707450867,
    0.7884113192558289,
    0.7525022029876709,
    0.7731698155403137,
    0.802918553352356,
    0.803217887878418,
    0.8395205140113831,
    0.8938352465629578,
    0.8560194969177246,
    0.855452299118042,
    0.8327393531799316,
    0.8124204277992249,
    0.8513177633285522,
    0.899080753326416,
    0.9065775871276855,
    0.9073189496994019
  ]
}