{
  "n_frames": 100,
  "scenewise_psnr": 8.04936289323025,
  "scenewise_ssim": 0.43142987643750175,
  "scenewise_lpips": 0.8575636065006256,
  "all_framewise_psnrs": [
    7.339749176537888,
    7.368215691823373,
    8.307939770151387,
    8.895325356305515,
    7.755179363940923,
    9.087669121147275,
    7.79959845484388,
    7.998943048683689,
    9.069274792206347,
    9.97317256049578,
    8.704290337742963,
    8.072654752080846,
    9.293964815418478,
    9.728962883484236,
    8.884589423277788,
    9.41049645472049,
    7.188256727864582,
    7.873959912755364,
    8.659869570503938,
    8.302813492136366,
    8.602447445879376,
    8.428789044477995,
    6.371898404597399,
    6.633372664526248,
    10.534579616547095,
    8.171180571692545,
    5.377512416025516,
    6.279036193744291,
    8.66385843451762,
    7.574364117456174,
    7.663479920729528,
    8.111782351650588,
    7.596440965808776,
    6.968440826245078,
    7.5234834061993086,
    8.355046681699012,
    7.666028326491482,
    7.318007251988088,
    6.719870270681487,
    7.204050744567807,
    7.604285759874513,
    8.95130694538274,
    8.561713971965093,
    7.745670514937631,
    7.357157336099441,
    7.683321106643558,
    8.924152799419607,
    9.157098922841703,
    9.525080196394445,
    8.81333805274576,
    5.855125006478792,
    7.659829635422404,
    8.128308173695675,
    7.614952793459786,
    7.022699892500782,
    8.829229016081166,
    9.834216678947136,
    9.387358716535251,
    9.116643097951679,
    9.645476416469382,
    8.490887409857416,
    9.769682192193526,
    10.72640108848757,
    8.899009682303527,
    8.0123170412654,
    8.898838424169286,
    9.78871920629153,
    9.361536471399695,
    8.326392163306808,
    5.959129160234386,
    8.224038646137524,
    4.57217808765268,
    6.1627024500108405,
    8.965242949429435,
    8.386699482526735,
    8.40586731930563,
    8.27734080830682,
    9.017415597654267,
    7.616488141727977,
    8.215440615246962,
    7.60340910937588,
    8.873535935958321,
    9.483841186370022,
    8.202127068256566,
    7.9536621150937306,
    8.4600166197489,
    8.455608299291637,
    8.134205160908584,
    8.073531353081083,
    8.15681122780113,
    7.923482511329514,
    8.970762088344939,
    8.675188738341953,
    8.70432635382957,
    7.5632655342650175,
    7.205763728573928,
    8.264757270843635,
    7.077725013530247,
    7.996563753565722,
    7.4688445243785395
  ],
  "all_framewise_ssim": [
    0.3553451597690582,
    0.36628976464271545,
    0.38709911704063416,
    0.4338266849517822,
    0.4241807758808136,
    0.4464434087276459,
    0.3803272545337677,
    0.3903273642063141,
    0.40893927216529846,
    0.4429781138896942,
    0.444688081741333,
    0.45438897609710693,
    0.4438204765319824,
    0.44975951313972473,
    0.399621844291687,
    0.4216080605983734,
    0.41822490096092224,
    0.4667985439300537,
    0.43422773480415344,
    0.4441988468170166,
    0.5349568128585815,
    0.43265727162361145,
    0.37713614106178284,
    0.375484824180603,
    0.48391327261924744,
    0.506931722164154,
    0.46211472153663635,
    0.42195773124694824,
    0.3851461410522461,
    0.4318695068359375,
    0.4595149755477905,
    0.42694082856178284,
    0.3879888951778412,
    0.40341341495513916,
    0.42039725184440613,
    0.4841579496860504,
    0.4776664674282074,
    0.5150513052940369,
    0.4755929410457611,
    0.4619497060775757,
    0.441656231880188,
    0.45240476727485657,
    0.4707808494567871,
    0.41971567273139954,
    0.3828582763671875,
    0.4487786591053009,
    0.40851929783821106,
    0.3705155551433563,
    0.36381375789642334,
    0.36656299233436584,
    0.34013351798057556,
    0.37803688645362854,
    0.412667840719223,
    0.4063192903995514,
    0.42541512846946716,
    0.3839636743068695,
    0.37696096301078796,
    0.42321452498435974,
    0.436194509267807,
    0.49193429946899414,
    0.4410533607006073,
    0.47811460494995117,
    0.5338934659957886,
    0.4664626121520996,
    0.4172767102718353,
    0.43968677520751953,
    0.493731826543808,
    0.4603826105594635,
    0.4620347321033478,
    0.40867218375205994,
    0.5671088695526123,
    0.37878933548927307,
    0.3771374225616455,
    0.42174041271209717,
    0.4233537018299103,
    0.4617904722690582,
    0.4603482782840729,
    0.4649790823459625,
    0.4044301509857178,
    0.405078649520874,
    0.3809258043766022,
    0.46809640526771545,
    0.49199891090393066,
    0.47348594665527344,
    0.4022130072116852,
    0.38031232357025146,
    0.40079376101493835,
    0.3849870264530182,
    0.4198315143585205,
    0.410041481256485,
    0.4194720685482025,
    0.45770809054374695,
    0.39959847927093506,
    0.4286251962184906,
    0.4146865904331207,
    0.40982672572135925,
    0.4778846204280853,
    0.44226470589637756,
    0.45098891854286194,
    0.44488462805747986
  ],
  "all_framewise_lpips": [
    0.8752884268760681,
    0.8660829663276672,
    0.8719176054000854,
    0.8497462868690491,
    0.8632006645202637,
    0.8422213792800903,
    0.9193432331085205,
    0.8993929028511047,
    0.892108142375946,
    0.845737099647522,
    0.8123733997344971,
    0.8410905599594116,
    0.8392525911331177,
    0.8095029592514038,
    0.8518743515014648,
    0.8415586352348328,
    0.8784067630767822,
    0.7891315817832947,
    0.8367843627929688,
    0.8124315738677979,
    0.7733873724937439,
    0.8171231746673584,
    0.901854395866394,
    0.8765742778778076,
    0.7163597345352173,
    0.7665367126464844,
    0.9009977579116821,
    0.8905495405197144,
    0.8873858451843262,
    0.8373854756355286,
    0.7878318428993225,
    0.841583788394928,
    0.9054356813430786,
    0.9018738269805908,
    0.90303635597229,
    0.8511428833007812,
    0.8546335101127625,
    0.8576125502586365,
    0.8721896409988403,
    0.8762910962104797,
    0.9012454748153687,
    0.8969514966011047,
    0.8949627876281738,
    0.9214529395103455,
    0.8939017057418823,
    0.8032150864601135,
    0.8392812609672546,
    0.8868495225906372,
    0.914726972579956,
    0.8955973386764526,
    0.903913140296936,
    0.8828325867652893,
    0.8650941252708435,
    0.8551650047302246,
    0.8558956980705261,
    0.8643920421600342,
    0.8558356165885925,
    0.8494968414306641,
    0.8900405764579773,
    0.8169318437576294,
    0.8841778039932251,
    0.8610783815383911,
    0.7847843766212463,
    0.834365963935852,
    0.8829406499862671,
    0.8773605823516846,
    0.8045756816864014,
    0.8597811460494995,
    0.8578227758407593,
    0.9167150855064392,
    0.7952114939689636,
    0.8970029950141907,
    0.8963826894760132,
    0.82208651304245,
    0.8193172216415405,
    0.7736773490905762,
    0.8315970301628113,
    0.8308802843093872,
    0.8516783714294434,
    0.8882558345794678,
    0.8968969583511353,
    0.792491614818573,
    0.7780857086181641,
    0.8103967905044556,
    0.8682584166526794,
    0.8820096254348755,
    0.8661680221557617,
    0.8641915321350098,
    0.8440005779266357,
    0.8484587073326111,
    0.8481791019439697,
    0.8229405283927917,
    0.9013322591781616,
    0.8525599241256714,
    0.8776455521583557,
    0.897117555141449,
    0.8648301362991333,
    0.8894113302230835,
    0.8981788158416748,
    0.9385022521018982
  ]
}