{
  "n_frames": 100,
  "scenewise_psnr": 17.770634391173353,
  "scenewise_ssim": 0.6131029017617742,
  "scenewise_lpips": 0.5216011047363281,
  "all_framewise_psnrs": [
    17.128615076073544,
    17.495811899015532,
    17.33174803947336,
    18.21898752739642,
    19.26373120801688,
    17.86079070768611,
    17.502498059086125,
    18.956975461158404,
    18.84805555414735,
    18.628002102263093,
    19.567152241036865,
    18.11171117974887,
    20.099158545226523,
    18.676373602500465,
    18.78370100453901,
    17.524969089826207,
    16.893658350458452,
    18.7930229698701,
    18.37919308611596,
    19.391633252852778,
    20.848636755047004,
    17.38281402544419,
    17.969996924282643,
    16.56966673042664,
    18.80362259107836,
    21.694178822253217,
    20.847072274865965,
    21.018451378292234,
    16.63689284787487,
    17.40181215813758,
    17.62498553289369,
    17.887518202105998,
    16.326962376660088,
    16.866605105302856,
    16.734650922297043,
    18.379801342669012,
    17.68371753146544,
    18.36657734200277,
    17.28923319394304,
    18.323118632710088,
    17.536413037194663,
    16.477402450276458,
    16.833775193820074,
    16.636558360723107,
    17.024370856448915,
    17.02685696896922,
    16.55126626440318,
    16.018124561268035,
    16.381306926359795,
    17.140734449115058,
    17.07494586750714,
    18.012962434800244,
    17.990903171862918,
    18.536604944033538,
    18.349928871238053,
    17.52206937285749,
    17.38043601948909,
    18.74665620511502,
    18.568841338303724,
    18.867277653734163,
    18.61854266231863,
    18.765356125970825,
    20.67774043450231,
    18.347061310015064,
    18.642306195123684,
    19.706682210238547,
    19.164971434584217,
    17.87370031729929,
    19.178204196408753,
    16.95093790620306,
    20.114785168432437,
    18.43960703261849,
    17.51554614498551,
    17.555022180036413,
    18.368292900582077,
    19.724806028941778,
    19.656284904707725,
    19.832041940005084,
    16.268915495271546,
    16.343212302371896,
    16.455282859754472,
    18.078264098382427,
    17.446652299445287,
    17.19336547044344,
    16.52400584855886,
    16.047655835773757,
    16.138651156657698,
    16.259024175331056,
    16.224852040796097,
    16.20336716364495,
    17.01836780588974,
    16.93200944216063,
    17.930937242872627,
    18.235557394373323,
    18.35079089230135,
    17.86902668481437,
    18.267699800336466,
    16.791085087528582,
    16.887272962785293,
    16.33670809646235
  ],
  "all_framewise_ssim": [
    0.5153480768203735,
    0.5328214764595032,
    0.5412085056304932,
    0.5683602094650269,
    0.5899081230163574,
    0.5857159495353699,
    0.5518598556518555,
    0.5929359793663025,
    0.5937793254852295,
    0.6384456753730774,
    0.6728480458259583,
    0.6597164273262024,
    0.6573649048805237,
    0.6349329948425293,
    0.6085341572761536,
    0.6239228844642639,
    0.6128484606742859,
    0.7089414000511169,
    0.6412697434425354,
    0.7077450156211853,
    0.7395355701446533,
    0.6241154670715332,
    0.5906643271446228,
    0.5563481450080872,
    0.6329550743103027,
    0.7287326455116272,
    0.7653481364250183,
    0.7098209857940674,
    0.5522614121437073,
    0.5695851445198059,
    0.6259709000587463,
    0.6141356825828552,
    0.6018953323364258,
    0.628889799118042,
    0.6097206473350525,
    0.6711038947105408,
    0.666215717792511,
    0.7181918025016785,
    0.6699197292327881,
    0.6833478808403015,
    0.6227796673774719,
    0.5615330338478088,
    0.5887396931648254,
    0.5757246613502502,
    0.5561689734458923,
    0.5604221820831299,
    0.5255297422409058,
    0.5054728388786316,
    0.48928987979888916,
    0.5276475548744202,
    0.5169464945793152,
    0.5500547289848328,
    0.5908361673355103,
    0.6090664267539978,
    0.609814465045929,
    0.5337607860565186,
    0.5123203992843628,
    0.5536630749702454,
    0.5683286786079407,
    0.6436847448348999,
    0.6362392902374268,
    0.6724240183830261,
    0.7231051921844482,
    0.642805278301239,
    0.6074526309967041,
    0.6344690322875977,
    0.6844989657402039,
    0.6283077597618103,
    0.6293839812278748,
    0.6181740164756775,
    0.7322953343391418,
    0.6280126571655273,
    0.5945173501968384,
    0.5995863080024719,
    0.6346880793571472,
    0.6707281470298767,
    0.6277729868888855,
    0.6353781223297119,
    0.5741724371910095,
    0.5636721253395081,
    0.5493583083152771,
    0.6398162841796875,
    0.6343547701835632,
    0.6003645062446594,
    0.5630080103874207,
    0.5082979202270508,
    0.570972204208374,
    0.5596999526023865,
    0.5892631411552429,
    0.561489999294281,
    0.6091156601905823,
    0.6291369795799255,
    0.5839586853981018,
    0.6493228077888489,
    0.6345129013061523,
    0.6146789193153381,
    0.6688215732574463,
    0.6248219013214111,
    0.586926281452179,
    0.5779961943626404
  ],
  "all_framewise_lpips": [
    0.572385311126709,
    0.5549748539924622,
    0.5334199666976929,
    0.5136978626251221,
    0.522038996219635,
    0.5075459480285645,
    0.5828469395637512,
    0.5589098930358887,
    0.5739296674728394,
    0.49891650676727295,
    0.4958239197731018,
    0.5416804552078247,
    0.5081563591957092,
    0.49549007415771484,
    0.5334672927856445,
    0.557450532913208,
    0.5581840872764587,
    0.44809985160827637,
    0.567605197429657,
    0.5474143028259277,
    0.4597538411617279,
    0.5186289548873901,
    0.5573534369468689,
    0.558742880821228,
    0.4169996678829193,
    0.38213610649108887,
    0.39490577578544617,
    0.413286030292511,
    0.5401557087898254,
    0.5316905975341797,
    0.5355988144874573,
    0.5487281680107117,
    0.5299460887908936,
    0.4907885193824768,
    0.5073210000991821,
    0.48550426959991455,
    0.4734651446342468,
    0.4348824620246887,
    0.4739408493041992,
    0.45383936166763306,
    0.5263751149177551,
    0.5734718441963196,
    0.5498479008674622,
    0.5422523021697998,
    0.5461415648460388,
    0.5333765745162964,
    0.5851781368255615,
    0.5699255466461182,
    0.5937262177467346,
    0.5553129315376282,
    0.5734603404998779,
    0.5458465218544006,
    0.5271847248077393,
    0.5162287354469299,
    0.5351659059524536,
    0.5352647304534912,
    0.556865394115448,
    0.5692281723022461,
    0.5835831165313721,
    0.5233089923858643,
    0.5477390289306641,
    0.5490621328353882,
    0.4905528426170349,
    0.5372177362442017,
    0.5627079606056213,
    0.5533043742179871,
    0.4815152883529663,
    0.548919677734375,
    0.48646217584609985,
    0.5388445258140564,
    0.39535409212112427,
    0.5431976318359375,
    0.5720964670181274,
    0.5487512350082397,
    0.4922792911529541,
    0.3823019862174988,
    0.4837622046470642,
    0.49941280484199524,
    0.5188561677932739,
    0.5560564994812012,
    0.541008472442627,
    0.4684140980243683,
    0.498943567276001,
    0.5274533033370972,
    0.49258899688720703,
    0.5628269910812378,
    0.48154398798942566,
    0.5100719332695007,
    0.5074871182441711,
    0.5489569306373596,
    0.48646849393844604,
    0.46620386838912964,
    0.5752937197685242,
    0.5276244282722473,
    0.5258843302726746,
    0.5587633848190308,
    0.518498957157135,
    0.5257586240768433,
    0.5557081699371338,
    0.5707665085792542
  ]
}