{
  "n_frames": 100,
  "scenewise_psnr": 19.97316982704994,
  "scenewise_ssim": 0.5670633066296773,
  "scenewise_lpips": 0.49854285418987276,
  "all_framewise_psnrs": [
    21.736198840718046,
    22.854319308255402,
    23.367479775203385,
    22.144825008681075,
    21.95415177442341,
    21.802856413976723,
    22.634908505437895,
    22.491147058407265,
    23.408245671388627,
    23.384402884818392,
    22.232843154255306,
    23.259035604562644,
    23.22498007768327,
    22.398078932859626,
    23.088367450952095,
    22.229616831095687,
    22.150170605218406,
    22.04324588238599,
    23.353819015862204,
    23.518976177873235,
    21.068503553891688,
    20.47636322779557,
    20.633529232792295,
    21.431430495795624,
    21.834687188280924,
    21.803893959497913,
    22.016754354602305,
    22.196897106875394,
    22.175455274561607,
    22.418192014327495,
    22.705838243057308,
    22.160008882443165,
    19.52782100630833,
    20.55689906968752,
    21.915346846391,
    23.020936832354266,
    21.995234182843724,
    23.017961369236367,
    23.63375100933986,
    23.33545227732573,
    22.61593824212133,
    21.8568657103709,
    20.150711118176716,
    21.802022452423145,
    24.64103923378002,
    20.296354399533048,
    15.044764302783204,
    18.148725943777926,
    16.865394325623082,
    16.67042761442882,
    19.826153032166363,
    19.218801912260655,
    16.122347856041664,
    18.019350387091503,
    20.202511333784003,
    15.23528277192861,
    14.87176469482736,
    10.79784043619288,
    19.09998071468023,
    21.92477510003065,
    21.954358563483055,
    24.324800390351882,
    25.37508013793811,
    22.854230733939858,
    22.653423985032486,
    24.07901198374772,
    21.774223893506388,
    21.408500883853208,
    21.373663804414026,
    18.752025768486543,
    14.486564144638333,
    16.413736654726307,
    14.843812907121896,
    20.695950779247973,
    22.027842455778366,
    21.716768844483823,
    21.486527030323256,
    22.167789507827557,
    21.46584250075183,
    20.08869392411661,
    19.872787823555257,
    19.825402327127588,
    20.270306987370383,
    20.4742152968455,
    20.51132172710603,
    20.81806504736795,
    21.409494519519605,
    21.360730361680385,
    20.34325772420198,
    19.159964858079693,
    18.488732597065777,
    18.405512486035757,
    18.18358579468663,
    19.092028983017563,
    20.17185161151076,
    20.868708775724052,
    21.73505882949246,
    21.803670622742196,
    21.61914388658294,
    21.892602322397682
  ],
  "all_framewise_ssim": [
    0.5954167246818542,
    0.6666204333305359,
    0.6782145500183105,
    0.6218134760856628,
    0.645545482635498,
    0.6237965226173401,
    0.6445172429084778,
    0.6275532245635986,
    0.6445400714874268,
    0.6305249929428101,
    0.6000074744224548,
    0.64373379945755,
    0.6465683579444885,
    0.6408795714378357,
    0.6470525860786438,
    0.5779477953910828,
    0.5697432160377502,
    0.57648104429245,
    0.5872474312782288,
    0.610235333442688,
    0.5615788698196411,
    0.5587559938430786,
    0.5821313261985779,
    0.6273522973060608,
    0.6294654011726379,
    0.6209134459495544,
    0.6476020812988281,
    0.6555483341217041,
    0.6650140881538391,
    0.6634452939033508,
    0.6738152503967285,
    0.6457095146179199,
    0.5670916438102722,
    0.5946905612945557,
    0.6709371209144592,
    0.7074539065361023,
    0.6410398483276367,
    0.6808245778083801,
    0.6951651573181152,
    0.673490047454834,
    0.6535777449607849,
    0.6042124629020691,
    0.5313205122947693,
    0.6617075800895691,
    0.6827645301818848,
    0.5721318125724792,
    0.3820553719997406,
    0.45361682772636414,
    0.4059852659702301,
    0.44444236159324646,
    0.4480964243412018,
    0.4544728100299835,
    0.3622627258300781,
    0.40724340081214905,
    0.44650113582611084,
    0.36753877997398376,
    0.4417680501937866,
    0.4145148992538452,
    0.5331005454063416,
    0.6333181858062744,
    0.6191291809082031,
    0.6920387148857117,
    0.6845371127128601,
    0.6227195262908936,
    0.566378653049469,
    0.6471650004386902,
    0.5531482100486755,
    0.5259211659431458,
    0.5645246505737305,
    0.45192280411720276,
    0.36706867814064026,
    0.4078725278377533,
    0.304907888174057,
    0.5289530158042908,
    0.5648069381713867,
    0.5465672016143799,
    0.5854282975196838,
    0.6197622418403625,
    0.5754093527793884,
    0.5223681926727295,
    0.4706299304962158,
    0.4756494462490082,
    0.4905911386013031,
    0.4914512634277344,
    0.48112186789512634,
    0.5085706114768982,
    0.5376017093658447,
    0.5366888642311096,
    0.49366748332977295,
    0.4517481327056885,
    0.42937755584716797,
    0.4490951597690582,
    0.4397560656070709,
    0.47595444321632385,
    0.5327942967414856,
    0.5601842999458313,
    0.5659294724464417,
    0.5894196629524231,
    0.5722672939300537,
    0.5938325524330139
  ],
  "all_framewise_lpips": [
    0.38649672269821167,
    0.35369032621383667,
    0.34494736790657043,
    0.36152803897857666,
    0.35772162675857544,
    0.3767794370651245,
    0.37487363815307617,
    0.37579649686813354,
    0.36824852228164673,
    0.3892790377140045,
    0.3919861316680908,
    0.34598588943481445,
    0.370292991399765,
    0.3396752178668976,
    0.3659083843231201,
    0.42072054743766785,
    0.4596584141254425,
    0.5009589791297913,
    0.5169004201889038,
    0.4885997772216797,
    0.46883314847946167,
    0.43230730295181274,
    0.40126681327819824,
    0.39343518018722534,
    0.3966905176639557,
    0.3848189115524292,
    0.389010488986969,
    0.39311832189559937,
    0.3601827621459961,
    0.3459964990615845,
    0.346443772315979,
    0.37584173679351807,
    0.37249916791915894,
    0.44437167048454285,
    0.38979455828666687,
    0.3872128427028656,
    0.395668625831604,
    0.3590222895145416,
    0.36182478070259094,
    0.37953171133995056,
    0.38029319047927856,
    0.4647189974784851,
    0.6483748555183411,
    0.38786256313323975,
    0.4442310631275177,
    0.5624417662620544,
    0.6591297388076782,
    0.6229736804962158,
    0.6558190584182739,
    0.6248295903205872,
    0.6327309608459473,
    0.6348404288291931,
    0.6787531971931458,
    0.6977275013923645,
    0.6331419348716736,
    0.6820456981658936,
    0.6770299077033997,
    0.7410092949867249,
    0.5681704878807068,
    0.5346611142158508,
    0.47308504581451416,
    0.4021275043487549,
    0.4245033860206604,
    0.4825681447982788,
    0.5245583057403564,
    0.4854882061481476,
    0.5482912063598633,
    0.5417850017547607,
    0.5183350443840027,
    0.6652916073799133,
    0.8239254951477051,
    0.6619228720664978,
    0.6753746271133423,
    0.5233786702156067,
    0.48905104398727417,
    0.5031329393386841,
    0.47528988122940063,
    0.45005035400390625,
    0.49103572964668274,
    0.537352979183197,
    0.6004607677459717,
    0.5938526391983032,
    0.5624777674674988,
    0.558674693107605,
    0.5750490427017212,
    0.5725330710411072,
    0.5640043020248413,
    0.5693106651306152,
    0.626166582107544,
    0.6454185247421265,
    0.6574981212615967,
    0.6090340614318848,
    0.6096020936965942,
    0.5870245099067688,
    0.5443975925445557,
    0.5256931185722351,
    0.5521029233932495,
    0.5318081974983215,
    0.5477657318115234,
    0.52615886926651
  ]
}