{
  "n_frames": 100,
  "scenewise_psnr": 20.966962329737562,
  "scenewise_ssim": 0.5793291195749894,
  "scenewise_lpips": 0.6798505854606628,
  "all_framewise_psnrs": [
    21.88300895005217,
    22.302470128714575,
    21.582708524934304,
    21.424761329792553,
    21.849663999326122,
    21.888692324957134,
    21.425717412577,
    21.22497267578786,
    21.233224555046817,
    21.338160963925375,
    21.355681429149072,
    22.1146070410715,
    22.5839608379431,
    22.920615018111697,
    22.713260696080155,
    22.326818010509207,
    21.36224278278201,
    21.26742830439117,
    21.30640700076043,
    22.572497665497956,
    22.236924450671204,
    20.155414140419865,
    20.32550978393533,
    20.106317965376984,
    19.931435927864186,
    19.54494401983318,
    20.188387436485108,
    21.354201400127547,
    21.704301573122713,
    21.418420291748625,
    21.03934061398059,
    21.87696471559528,
    22.211326861510294,
    21.963502641304345,
    22.45850815161557,
    22.39716287243299,
    22.58203122623336,
    22.54067219182661,
    20.196221980222116,
    20.095860495897632,
    20.339364075875107,
    20.458240718580058,
    21.381681292726917,
    21.712572010120752,
    22.08506950934872,
    21.56774853668741,
    20.714613513592433,
    19.899206324397404,
    19.234093620200998,
    19.408047344325862,
    18.753466484169554,
    17.29309041202186,
    21.011075093616668,
    22.746734542403757,
    21.68871796971295,
    20.932841472896165,
    22.161190588946035,
    24.626279014666697,
    24.211685781353133,
    20.321429912915264,
    19.464588341125783,
    18.966187928279886,
    20.088710849500842,
    19.976616138716246,
    19.994078271725673,
    22.11181790888159,
    22.58524833347979,
    23.061040187468038,
    23.120427116308065,
    23.314193919684534,
    23.102110501848795,
    23.208025691682153,
    23.01569698998563,
    22.333000858608905,
    21.315725497719747,
    20.848943620536442,
    20.100300395309098,
    19.999215499517156,
    20.43749434843335,
    20.931591707840184,
    20.64918832389434,
    23.18816340407361,
    23.06101972644022,
    23.582620669553165,
    23.037021585568436,
    21.42459737080502,
    19.691268023164383,
    21.485425077466914,
    21.49422742808983,
    21.02421570994279,
    21.235425843242027,
    21.188726783065853,
    21.24039681750834,
    20.50177892427612,
    19.846438870316568,
    18.01219921406223,
    17.344965197035403,
    18.573845368168953,
    18.41825015638561,
    17.56950809396266
  ],
  "all_framewise_ssim": [
    0.5505871176719666,
    0.56633061170578,
    0.5717448592185974,
    0.5571368336677551,
    0.5553146004676819,
    0.5588328242301941,
    0.5727692246437073,
    0.5545749068260193,
    0.5504624843597412,
    0.5393109321594238,
    0.5419319868087769,
    0.5652387142181396,
    0.5602462887763977,
    0.567842423915863,
    0.5826551914215088,
    0.5635048747062683,
    0.5535604953765869,
    0.5480288863182068,
    0.5701664090156555,
    0.59612637758255,
    0.6033805012702942,
    0.5970659852027893,
    0.6169314980506897,
    0.6101028323173523,
    0.5793010592460632,
    0.5600156784057617,
    0.5448518395423889,
    0.5385701656341553,
    0.5203569531440735,
    0.5070981979370117,
    0.4999004602432251,
    0.5560669898986816,
    0.5858154296875,
    0.6041402816772461,
    0.6305968761444092,
    0.639370858669281,
    0.6436054110527039,
    0.6443033814430237,
    0.5697951912879944,
    0.5294052958488464,
    0.550421953201294,
    0.5637016296386719,
    0.5739138126373291,
    0.6124206185340881,
    0.641243040561676,
    0.6511834263801575,
    0.65656977891922,
    0.6274825930595398,
    0.5989255309104919,
    0.6012601852416992,
    0.5553180575370789,
    0.5563173890113831,
    0.5944436192512512,
    0.6628111004829407,
    0.6490910649299622,
    0.680682897567749,
    0.6860827803611755,
    0.7438554763793945,
    0.6946735978126526,
    0.5748115181922913,
    0.5289328694343567,
    0.4584963321685791,
    0.48685845732688904,
    0.48187077045440674,
    0.5692784786224365,
    0.6311920881271362,
    0.6408350467681885,
    0.6570598483085632,
    0.6357383131980896,
    0.6205320358276367,
    0.6045079231262207,
    0.6135421395301819,
    0.6020165085792542,
    0.5765615701675415,
    0.5238597393035889,
    0.4761416018009186,
    0.44709300994873047,
    0.4566265642642975,
    0.47936558723449707,
    0.5166208744049072,
    0.5585079193115234,
    0.6309011578559875,
    0.6513031125068665,
    0.6755445599555969,
    0.6551950573921204,
    0.5946753621101379,
    0.5324695706367493,
    0.5592823624610901,
    0.5803535580635071,
    0.5409939289093018,
    0.5126366019248962,
    0.4972012937068939,
    0.5060737729072571,
    0.5337954163551331,
    0.6085522770881653,
    0.5835258364677429,
    0.5457618236541748,
    0.5942959189414978,
    0.5501424074172974,
    0.543398916721344
  ],
  "all_framewise_lpips": [
    0.689259946346283,
    0.6734213829040527,
    0.6771062016487122,
    0.6873956918716431,
    0.6899781823158264,
    0.695193886756897,
    0.6921793222427368,
    0.6910043954849243,
    0.7012797594070435,
    0.719052255153656,
    0.7051767110824585,
    0.6891095638275146,
    0.7017684578895569,
    0.6865674257278442,
    0.676296055316925,
    0.6783294081687927,
    0.6761910915374756,
    0.7083157300949097,
    0.7032825946807861,
    0.6737995743751526,
    0.6780825853347778,
    0.6759278178215027,
    0.6588295698165894,
    0.6382502913475037,
    0.6210666298866272,
    0.6320654153823853,
    0.6477781534194946,
    0.6969153881072998,
    0.7200981974601746,
    0.7098751068115234,
    0.7140871286392212,
    0.6875795722007751,
    0.6887627243995667,
    0.6633011698722839,
    0.6626120805740356,
    0.6498109698295593,
    0.6454856991767883,
    0.601205587387085,
    0.6453903317451477,
    0.6590926051139832,
    0.6121506690979004,
    0.6572558879852295,
    0.6645570993423462,
    0.6363677978515625,
    0.6291333436965942,
    0.6490288376808167,
    0.6335894465446472,
    0.6607092618942261,
    0.6808678507804871,
    0.6556282043457031,
    0.628198504447937,
    0.6206711530685425,
    0.6773334741592407,
    0.6041057109832764,
    0.5984293818473816,
    0.5384713411331177,
    0.5143680572509766,
    0.5315681099891663,
    0.5765600800514221,
    0.6919845938682556,
    0.6996423006057739,
    0.6834444403648376,
    0.7078531384468079,
    0.7170661687850952,
    0.702271580696106,
    0.6554776430130005,
    0.7093244791030884,
    0.6981852650642395,
    0.7175648212432861,
    0.7315826416015625,
    0.7357949018478394,
    0.7239135503768921,
    0.7328311204910278,
    0.7412497997283936,
    0.7604818940162659,
    0.7902107238769531,
    0.7946214079856873,
    0.7558311223983765,
    0.7362531423568726,
    0.7167226076126099,
    0.70476895570755,
    0.6552636623382568,
    0.6337074041366577,
    0.5855697393417358,
    0.6005330681800842,
    0.6581543684005737,
    0.7296310663223267,
    0.736820638179779,
    0.7197838425636292,
    0.7059531807899475,
    0.7317020297050476,
    0.7430335283279419,
    0.7532134056091309,
    0.7593772411346436,
    0.7212240099906921,
    0.663043200969696,
    0.6713014841079712,
    0.6801269054412842,
    0.7365356683731079,
    0.7130889296531677
  ]
}