{
  "n_frames": 87,
  "scenewise_psnr": 17.068989945737,
  "scenewise_ssim": 0.21995851502423136,
  "scenewise_lpips": 0.7421253621578217,
  "all_framewise_psnrs": [
    17.401441714506962,
    16.76018805234345
  ],
  "all_framewise_ssim": [
    0.23196007311344147,
    0.20786400139331818
  ],
  "all_framewise_lpips": [
    0.7220533490180969,
    0.7621973752975464
  ]
}