{
  "n_frames": 100,
  "scenewise_psnr": 9.455863963734435,
  "scenewise_ssim": 0.35424886013191426,
  "scenewise_lpips": 0.9246792185306549,
  "all_framewise_psnrs": [
    10.693205031713973,
    10.01083928611585,
    9.449780003592586,
    10.756466506370561,
    10.239380138617229,
    9.920070264596418,
    10.822801352953713,
    11.496610144698145,
    9.98659359719436,
    9.62170418798895,
    9.798135660219064,
    10.288914100291882,
    10.803020391308822,
    10.477546306935269,
    8.843231792896596,
    6.576606646964497,
    7.3076704514741495,
    9.162404555468559,
    10.070347094422715,
    9.371056078764283,
    8.762411064877169,
    8.853446367613815,
    9.924011207766824,
    9.787567579223046,
    9.738661817603731,
    9.707865677291604,
    9.963230023619147,
    9.824428080617167,
    10.27595815413152,
    9.617669284787027,
    9.444496014962047,
    9.919641743726102,
    9.842759581123603,
    9.347711218942035,
    9.038376993259028,
    9.608393836264586,
    10.1149090129511,
    10.686722974633138,
    9.142465738837092,
    8.827625048300378,
    9.624903706981344,
    10.350914833902982,
    9.864044819520009,
    9.265930418882936,
    9.169668606258838,
    9.855964230859836,
    9.86639809965537,
    11.140558737720037,
    11.591943780423762,
    10.11784676638756,
    9.682014878090131,
    8.897321000503451,
    10.146284165259411,
    13.145503645399113,
    10.190274281560146,
    9.022508502973194,
    8.846053948593363,
    8.848322922410532,
    10.033991784150608,
    10.584481197284594,
    8.989165769772605,
    9.329273654791214,
    10.154291572229937,
    9.334416717260353,
    9.340621295264166,
    9.390380545272368,
    10.242954573931854,
    10.010292086127723,
    9.590037004275608,
    9.31577666179823,
    9.945255585011648,
    9.922353351152033,
    10.265774985506141,
    10.232684540591228,
    8.662714851886978,
    8.836218078090994,
    8.575631809558303,
    7.66435177440468,
    7.078843874872767,
    7.472772736571555,
    8.440849714464049,
    9.664140268362232,
    8.399967361274477,
    7.38239047510055,
    7.490237255032773,
    8.570848486903246,
    9.993689640055157,
    10.791645758039705,
    10.964030346583423,
    10.75371476719431,
    10.091435292480526,
    11.114578761549366,
    10.7423313230579,
    10.133433206178026,
    10.508621563225628,
    9.432859858404663,
    6.534242770228054,
    7.6626399776020815,
    8.798936920089117,
    8.880699747482572
  ],
  "all_framewise_ssim": [
    0.37139812111854553,
    0.3481783866882324,
    0.3564179241657257,
    0.37350380420684814,
    0.3871575891971588,
    0.36040613055229187,
    0.38285788893699646,
    0.3878408372402191,
    0.36516058444976807,
    0.33766913414001465,
    0.3443463146686554,
    0.363229364156723,
    0.35111236572265625,
    0.3498407304286957,
    0.3425261974334717,
    0.27449044585227966,
    0.2643568515777588,
    0.30801793932914734,
    0.33955737948417664,
    0.36585214734077454,
    0.3676043748855591,
    0.3870663344860077,
    0.41261935234069824,
    0.40823447704315186,
    0.37352630496025085,
    0.37122952938079834,
    0.34798893332481384,
    0.3400873839855194,
    0.34423455595970154,
    0.3389924466609955,
    0.3255113363265991,
    0.3628753125667572,
    0.38923677802085876,
    0.367479532957077,
    0.36237430572509766,
    0.36947381496429443,
    0.3474081754684448,
    0.3423272371292114,
    0.32588204741477966,
    0.3046743869781494,
    0.2872145473957062,
    0.3218490779399872,
    0.32891952991485596,
    0.3114743232727051,
    0.2837211489677429,
    0.4109879732131958,
    0.42009806632995605,
    0.4327859878540039,
    0.44883227348327637,
    0.39623451232910156,
    0.3329371213912964,
    0.33130642771720886,
    0.3772698938846588,
    0.4532968997955322,
    0.4026501178741455,
    0.38882991671562195,
    0.3760915994644165,
    0.33588525652885437,
    0.38061264157295227,
    0.3441492021083832,
    0.30639198422431946,
    0.2870542109012604,
    0.31559106707572937,
    0.3064917325973511,
    0.35897207260131836,
    0.4088509976863861,
    0.4391446113586426,
    0.43758758902549744,
    0.4206404983997345,
    0.39982151985168457,
    0.3745562732219696,
    0.38718947768211365,
    0.3941054344177246,
    0.36829888820648193,
    0.30728068947792053,
    0.28611549735069275,
    0.2739812731742859,
    0.24813459813594818,
    0.24312175810337067,
    0.2742460072040558,
    0.30809518694877625,
    0.3557874262332916,
    0.31313490867614746,
    0.29198428988456726,
    0.32911407947540283,
    0.3485145568847656,
    0.3486435115337372,
    0.3788321018218994,
    0.4216822385787964,
    0.3768371641635895,
    0.360037237405777,
    0.3598981201648712,
    0.3556807041168213,
    0.3676835298538208,
    0.4415014982223511,
    0.3876967430114746,
    0.2257397323846817,
    0.30443960428237915,
    0.361990362405777,
    0.3400804102420807
  ],
  "all_framewise_lpips": [
    0.9409255981445312,
    0.949861466884613,
    0.9482628107070923,
    0.9424390196800232,
    0.9342081546783447,
    0.9529964923858643,
    0.9530509114265442,
    0.9441643953323364,
    0.9591296911239624,
    0.9581267833709717,
    0.9443227648735046,
    0.9205031991004944,
    0.9271883964538574,
    0.9276066422462463,
    0.9408170580863953,
    0.961335301399231,
    0.9663146734237671,
    0.9654208421707153,
    0.9487755298614502,
    0.934078574180603,
    0.9586721658706665,
    1.011533498764038,
    1.0154759883880615,
    1.0024309158325195,
    1.014859914779663,
    1.014657735824585,
    1.0095957517623901,
    0.9780057072639465,
    0.9683144688606262,
    0.9649689197540283,
    0.9553040266036987,
    0.9167360067367554,
    0.9192581176757812,
    0.920427680015564,
    0.9194896221160889,
    0.8963636159896851,
    0.9046149253845215,
    0.9057359099388123,
    0.9302965402603149,
    0.9225608706474304,
    0.8987237215042114,
    0.888424277305603,
    0.8926791548728943,
    0.890049159526825,
    0.9153093695640564,
    0.8804539442062378,
    0.8698174953460693,
    0.8811185359954834,
    0.8859589099884033,
    0.9034422636032104,
    0.9298069477081299,
    0.9309736490249634,
    0.9356973767280579,
    0.8236106038093567,
    0.8545688390731812,
    0.8446222543716431,
    0.8305141925811768,
    0.8480260968208313,
    0.8359551429748535,
    0.9024081826210022,
    0.9236499667167664,
    0.9147812128067017,
    0.9295366406440735,
    0.9296361207962036,
    0.9094128608703613,
    0.8854873180389404,
    0.8851996660232544,
    0.8834728002548218,
    0.9007761478424072,
    0.933951199054718,
    0.9167120456695557,
    0.9399793744087219,
    0.9432933330535889,
    0.934294581413269,
    0.9613163471221924,
    0.996337354183197,
    0.9888063669204712,
    0.9685382843017578,
    0.9446690082550049,
    0.9421095848083496,
    0.9300569295883179,
    0.8757448792457581,
    0.9001598954200745,
    0.8895852565765381,
    0.8757404685020447,
    0.9034849405288696,
    0.9261058568954468,
    0.9114409685134888,
    0.8882263898849487,
    0.906934916973114,
    0.953513503074646,
    0.9484046697616577,
    0.9510404467582703,
    0.945728600025177,
    0.9085069298744202,
    0.8762783408164978,
    0.9347044825553894,
    0.8806425929069519,
    0.8757914304733276,
    0.8628793358802795
  ]
}