{
  "n_frames": 100,
  "scenewise_psnr": 16.43879600265584,
  "scenewise_ssim": 0.4154429265494741,
  "scenewise_lpips": 0.7592895823717117,
  "all_framewise_psnrs": [
    14.991971189899125,
    14.986802697149129,
    14.839608468924617,
    14.815537732884373,
    15.054657465847207,
    14.970012264088775,
    14.993291987010455,
    15.326443854040065,
    15.199218534956195,
    15.44824424875375,
    15.39220864795192,
    15.597041837691004,
    15.024831272409816,
    15.21083396244226,
    15.12032742232469,
    15.718932915129372,
    15.990676100357167,
    16.161665526727155,
    16.29132333068411,
    16.452122496815164,
    16.402673914121884,
    15.92193422050377,
    16.375191337321727,
    16.239006019375573,
    15.681688210119455,
    15.759353135142947,
    15.603788346349424,
    16.53310472472719,
    17.373261646088423,
    17.469733004412333,
    16.646277184459436,
    16.64426593486771,
    15.822351886414868,
    15.999068297327103,
    16.356780696522552,
    16.57492465027298,
    16.905196546119825,
    16.816765209097305,
    16.46398322641692,
    16.413599923228706,
    16.80020102615279,
    16.53653411326544,
    17.118001844747276,
    17.361545063811857,
    16.88568321536752,
    17.3094739157763,
    17.850676197582974,
    18.03087027346221,
    17.643792259273642,
    17.468119691834953,
    17.547312330245127,
    18.20464590613151,
    18.564595449583933,
    17.93283604622568,
    17.306942087214686,
    17.34498231595766,
    16.83895199566296,
    16.646937591546116,
    16.812777251806786,
    16.490929974296055,
    16.5579283854479,
    16.884463947621175,
    14.931170808647071,
    15.240701174917472,
    16.78801362136856,
    17.61691972912548,
    17.027503199723466,
    16.27042497529923,
    15.675452023147207,
    16.806685257113607,
    17.39640006419916,
    17.40122204257287,
    16.059609624390585,
    15.210897336717395,
    17.053723436648802,
    17.240632619487684,
    17.00350187724226,
    16.065801099777136,
    15.229670998414623,
    14.779683832864574,
    15.0431440700794,
    17.596222833262136,
    17.080717490177662,
    17.16785720046689,
    16.278842787259237,
    16.276380286258068,
    16.090748381680214,
    16.17825796383589,
    16.73578611401638,
    16.612253502906334,
    18.080401832262005,
    17.968694411105815,
    18.251580878307106,
    17.449064152933737,
    17.51402342883001,
    16.844099773523517,
    17.749548258875024,
    19.198800844394597,
    19.288679180321488,
    19.277800683684124
  ],
  "all_framewise_ssim": [
    0.3876223564147949,
    0.3664344847202301,
    0.3565925657749176,
    0.3440648317337036,
    0.3349360525608063,
    0.341926246881485,
    0.3367067277431488,
    0.33964744210243225,
    0.34220051765441895,
    0.3482804000377655,
    0.3626083433628082,
    0.36842021346092224,
    0.34035277366638184,
    0.34353482723236084,
    0.32621297240257263,
    0.35651883482933044,
    0.3832035958766937,
    0.3719230592250824,
    0.36005672812461853,
    0.36537525057792664,
    0.3660409450531006,
    0.34756121039390564,
    0.34000837802886963,
    0.3373531401157379,
    0.33451440930366516,
    0.34172800183296204,
    0.3581078052520752,
    0.37806329131126404,
    0.3853874206542969,
    0.38948678970336914,
    0.3746272027492523,
    0.365725040435791,
    0.3286904990673065,
    0.33738160133361816,
    0.3471774160861969,
    0.36191442608833313,
    0.36325037479400635,
    0.3546488285064697,
    0.36462557315826416,
    0.3505229651927948,
    0.3792964518070221,
    0.3998754918575287,
    0.45117488503456116,
    0.48750266432762146,
    0.4853115975856781,
    0.49035653471946716,
    0.5224859714508057,
    0.5231456160545349,
    0.5081997513771057,
    0.5298776626586914,
    0.525212287902832,
    0.5193895697593689,
    0.5198438167572021,
    0.47665736079216003,
    0.4689664840698242,
    0.5167981386184692,
    0.501789391040802,
    0.5069302916526794,
    0.504397451877594,
    0.48060524463653564,
    0.46148553490638733,
    0.47488775849342346,
    0.4345967471599579,
    0.4331717789173126,
    0.4943791329860687,
    0.4899313449859619,
    0.4689687192440033,
    0.40230894088745117,
    0.4279310703277588,
    0.4972706139087677,
    0.5048067569732666,
    0.4917120635509491,
    0.4079604148864746,
    0.3949485719203949,
    0.4599618911743164,
    0.43531012535095215,
    0.4471902847290039,
    0.4079926013946533,
    0.39291033148765564,
    0.41108831763267517,
    0.42249640822410583,
    0.4385550916194916,
    0.4366130828857422,
    0.4326484203338623,
    0.3909180164337158,
    0.41343238949775696,
    0.3856631815433502,
    0.3495565354824066,
    0.3756449222564697,
    0.4391251802444458,
    0.44711387157440186,
    0.45766592025756836,
    0.4655977785587311,
    0.42680981755256653,
    0.4124837815761566,
    0.3925064504146576,
    0.38277748227119446,
    0.4710264503955841,
    0.42275330424308777,
    0.4800151586532593
  ],
  "all_framewise_lpips": [
    0.7575052380561829,
    0.7628169059753418,
    0.7794042825698853,
    0.8037446141242981,
    0.8000718355178833,
    0.7922471165657043,
    0.7964620590209961,
    0.783434271812439,
    0.7700387239456177,
    0.7808772921562195,
    0.7748990654945374,
    0.7822993993759155,
    0.8131873607635498,
    0.8038696646690369,
    0.8080324530601501,
    0.7775680422782898,
    0.7627421021461487,
    0.7891252040863037,
    0.8687409162521362,
    0.868667721748352,
    0.826423704624176,
    0.8265942335128784,
    0.8353695273399353,
    0.8273383378982544,
    0.8228227496147156,
    0.7940535545349121,
    0.7912431955337524,
    0.7804337739944458,
    0.8265417218208313,
    0.8304862976074219,
    0.8104231357574463,
    0.7496234774589539,
    0.8056586980819702,
    0.798714280128479,
    0.7650032639503479,
    0.7613867521286011,
    0.7851994037628174,
    0.7749704122543335,
    0.7608262300491333,
    0.7985702753067017,
    0.7595385909080505,
    0.718762218952179,
    0.7145489454269409,
    0.696607768535614,
    0.6851671934127808,
    0.6921260356903076,
    0.6540919542312622,
    0.6822764873504639,
    0.6707640886306763,
    0.649313747882843,
    0.6766223311424255,
    0.6986004114151001,
    0.6652236580848694,
    0.7052788138389587,
    0.6878833174705505,
    0.6308718323707581,
    0.6670522689819336,
    0.6702679991722107,
    0.7090234160423279,
    0.7421523332595825,
    0.762523353099823,
    0.7271581292152405,
    0.7370791435241699,
    0.7445641756057739,
    0.706648588180542,
    0.7099747657775879,
    0.6969596743583679,
    0.7510818243026733,
    0.7335803508758545,
    0.7489112615585327,
    0.7289671897888184,
    0.721512496471405,
    0.7686079740524292,
    0.7581821084022522,
    0.6793501377105713,
    0.7302565574645996,
    0.7152988314628601,
    0.7532480955123901,
    0.7447509169578552,
    0.7414131164550781,
    0.7353354692459106,
    0.8051184415817261,
    0.7959847450256348,
    0.7824320197105408,
    0.7757848501205444,
    0.7606874704360962,
    0.7691403031349182,
    0.8199553489685059,
    0.7851244211196899,
    0.7627032399177551,
    0.8049061298370361,
    0.7889699935913086,
    0.783521831035614,
    0.8131129741668701,
    0.8004692196846008,
    0.7824914455413818,
    0.788927435874939,
    0.721881628036499,
    0.8047518730163574,
    0.7639999985694885
  ]
}