{
  "n_frames": 100,
  "scenewise_psnr": 15.787742033780516,
  "scenewise_ssim": 0.6447425586210898,
  "scenewise_lpips": 0.8107376629114151,
  "all_framewise_psnrs": [
    16.723495230367313,
    16.756152030295272,
    16.558140048813353,
    16.64023652467105,
    16.04359819200753,
    15.573237436054022,
    15.605306344681713,
    15.70615762568766,
    15.658489343601854,
    15.885922535564653,
    16.232074606876022,
    16.64057577395142,
    16.329794570565063,
    17.140107159163882,
    16.420307317593057,
    16.646900961923826,
    17.068619644972912,
    16.332232973031115,
    15.840812792690757,
    14.790643993262517,
    13.256345966790024,
    12.371805142436225,
    13.04338001301276,
    13.319679809396751,
    14.69430208023438,
    14.742262060197593,
    14.986147314317355,
    15.954736021230136,
    15.87541801940814,
    14.10323578145821,
    13.057806822662045,
    14.089131491995804,
    14.397357651762324,
    14.021148396152004,
    14.586771283096589,
    14.347519460437674,
    14.805206288050432,
    17.050861316383028,
    16.37297223615122,
    15.421258030118159,
    15.936568404798237,
    14.524884320697268,
    13.908749105439215,
    16.39581940351618,
    17.209561869430612,
    19.854974733677615,
    17.757672301588315,
    17.314238642116553,
    17.086309443664348,
    17.21425182199279,
    17.023948489273252,
    16.33731297094293,
    17.049178572789693,
    16.189886448574246,
    16.059827074935914,
    16.80152699888331,
    16.2613010530562,
    16.076243994124802,
    15.906177571948085,
    15.715928621387338,
    15.631798240087832,
    16.08402315139752,
    15.928836128465269,
    15.52973196134724,
    16.125897601905802,
    16.97864473625249,
    17.653352308253282,
    18.094397531795664,
    20.506496800302003,
    20.945453979519524,
    17.004615413614907,
    17.417517671383752,
    16.544460655814447,
    16.026206159789282,
    16.48537799435372,
    14.14342273203761,
    15.267040797260794,
    15.234826412948689,
    16.440802334401283,
    17.34575493243632,
    16.198766678441416,
    16.58806510235774,
    16.36020689550555,
    16.262133596188683,
    16.530856967106654,
    16.201168347440177,
    16.51615786354462,
    16.437985180227543,
    16.814680835783335,
    16.81169707393086,
    16.87784647055628,
    17.119249310953204,
    17.245389296606348,
    17.220866459614864,
    16.94517995839403,
    14.930674315105419,
    14.459284879856432,
    15.860827482062334,
    13.602506444338367,
    12.418525393341074
  ],
  "all_framewise_ssim": [
    0.6027328968048096,
    0.6202185153961182,
    0.6088684797286987,
    0.5777835249900818,
    0.5804533362388611,
    0.5694776177406311,
    0.565425455570221,
    0.5742188096046448,
    0.5561109185218811,
    0.5773845314979553,
    0.581292450428009,
    0.6128048300743103,
    0.6295604109764099,
    0.6784041523933411,
    0.6781304478645325,
    0.6770000457763672,
    0.6814399361610413,
    0.6292791962623596,
    0.5667950510978699,
    0.5681120753288269,
    0.5449321269989014,
    0.4798206090927124,
    0.4800003468990326,
    0.5006670355796814,
    0.5541256070137024,
    0.5488991141319275,
    0.5880696773529053,
    0.5874988436698914,
    0.5878839492797852,
    0.5982180237770081,
    0.6220645904541016,
    0.6397020220756531,
    0.623079240322113,
    0.6145449280738831,
    0.6949442028999329,
    0.6888275742530823,
    0.6813854575157166,
    0.6675397753715515,
    0.6698348522186279,
    0.6705805659294128,
    0.6662455201148987,
    0.6433438062667847,
    0.651146650314331,
    0.7165474891662598,
    0.7494056820869446,
    0.771824836730957,
    0.726989209651947,
    0.7061524987220764,
    0.686427116394043,
    0.7480830550193787,
    0.7375352382659912,
    0.676740825176239,
    0.6700960993766785,
    0.6551540493965149,
    0.6714456677436829,
    0.6646152138710022,
    0.6436285376548767,
    0.606884777545929,
    0.6109243035316467,
    0.6356887221336365,
    0.6386558413505554,
    0.648968517780304,
    0.6422563195228577,
    0.626984179019928,
    0.6377651691436768,
    0.654853343963623,
    0.6488936543464661,
    0.655934751033783,
    0.6949307322502136,
    0.7045037150382996,
    0.6179686188697815,
    0.6350326538085938,
    0.6129588484764099,
    0.6395083069801331,
    0.6410885453224182,
    0.6113365292549133,
    0.6407532095909119,
    0.6814663410186768,
    0.6915431618690491,
    0.7031968235969543,
    0.683239221572876,
    0.6739333271980286,
    0.6825783252716064,
    0.6708475947380066,
    0.6629714965820312,
    0.6740706562995911,
    0.6897304654121399,
    0.6920856833457947,
    0.7103121280670166,
    0.7053418755531311,
    0.6872749924659729,
    0.7173681259155273,
    0.7318235039710999,
    0.7037646770477295,
    0.7086322903633118,
    0.6314654350280762,
    0.594342052936554,
    0.6392814517021179,
    0.6108270287513733,
    0.5313423871994019
  ],
  "all_framewise_lpips": [
    0.8258004188537598,
    0.7977795600891113,
    0.8041135668754578,
    0.8400981426239014,
    0.8179774284362793,
    0.8331853151321411,
    0.8525023460388184,
    0.8394870758056641,
    0.8304898142814636,
    0.8098594546318054,
    0.8127827048301697,
    0.822998046875,
    0.8332275152206421,
    0.8117960691452026,
    0.8242385983467102,
    0.8412455916404724,
    0.8299249410629272,
    0.8573845624923706,
    0.8865969181060791,
    0.8627212047576904,
    0.8796156048774719,
    0.9241958856582642,
    0.8945924639701843,
    0.8843079805374146,
    0.926226019859314,
    0.897341251373291,
    0.8472398519515991,
    0.877627968788147,
    0.8747600317001343,
    0.8561935424804688,
    0.866418719291687,
    0.7991738319396973,
    0.8002260327339172,
    0.8184844851493835,
    0.7618988156318665,
    0.7960721254348755,
    0.8376145958900452,
    0.8200832009315491,
    0.8079597353935242,
    0.8015086054801941,
    0.7979341745376587,
    0.8047276735305786,
    0.8382056951522827,
    0.7853414416313171,
    0.7646071314811707,
    0.7487151622772217,
    0.7642796039581299,
    0.7947063446044922,
    0.8150907158851624,
    0.7696356177330017,
    0.8023759722709656,
    0.8140674829483032,
    0.7862422466278076,
    0.7964667677879333,
    0.8252810835838318,
    0.7756697535514832,
    0.7950296401977539,
    0.8456383347511292,
    0.8408373594284058,
    0.8265730142593384,
    0.8366512656211853,
    0.8117013573646545,
    0.8109786510467529,
    0.8392800688743591,
    0.817595899105072,
    0.807743489742279,
    0.807496190071106,
    0.8001334071159363,
    0.7623599767684937,
    0.7619194984436035,
    0.8095800280570984,
    0.778915286064148,
    0.8005647659301758,
    0.7762293815612793,
    0.7601288557052612,
    0.8163813948631287,
    0.7989541888237,
    0.7648786306381226,
    0.7648437023162842,
    0.753278911113739,
    0.7578976154327393,
    0.7867916822433472,
    0.760908305644989,
    0.7655171751976013,
    0.7926963567733765,
    0.7710726857185364,
    0.7451889514923096,
    0.7768799066543579,
    0.7475769519805908,
    0.7565155625343323,
    0.7841870188713074,
    0.7415832877159119,
    0.7417051792144775,
    0.7806446552276611,
    0.7508600354194641,
    0.799428403377533,
    0.8536781668663025,
    0.8204854130744934,
    0.8413873314857483,
    0.8219714164733887
  ]
}