{
  "n_frames": 100,
  "scenewise_psnr": 15.398154565382715,
  "scenewise_ssim": 0.2361688822600172,
  "scenewise_lpips": 0.7433210980892181,
  "all_framewise_psnrs": [
    15.833407047645203,
    16.027221023091553,
    17.233814118648937,
    16.332805584396468,
    16.883302644926502,
    17.155343490688185,
    15.32822105201893,
    15.66123401391659,
    14.529461713208644,
    15.443639262819921,
    15.701002278887916,
    15.484163550170793,
    15.5961593514888,
    15.572435945075442,
    15.467718458214236,
    15.631775458507509,
    15.737175537376075,
    15.238972939725748,
    14.673591739857129,
    14.888514421104963,
    14.759328492116289,
    15.000966784763657,
    14.956721019738112,
    15.46718715975823,
    15.251224366907659,
    16.300632438823207,
    16.382533469793078,
    16.427564493009,
    16.732697835944087,
    16.75726678619341,
    16.386912185044096,
    16.438289042778365,
    15.65295882056496,
    15.41260355642854,
    14.81433509294982,
    15.142884317430177,
    15.1009077112918,
    15.160909815980082,
    14.977886755013623,
    15.026488439451695,
    15.972291912244996,
    16.237468641916532,
    15.31933929717367,
    15.896454722372438,
    15.97473320258949,
    15.476477294135588,
    16.36193361027845,
    16.245858539934044,
    15.98685625359262,
    15.425954738704677,
    15.975744753999523,
    15.134704133929835,
    15.05387210343505,
    15.808672851848915,
    15.0124046765679,
    15.220237692534562,
    14.838618997679884,
    14.84755706345366,
    15.331979477011636,
    15.384490714163322,
    15.202023740592752,
    15.81104512880228,
    16.07970638315083,
    16.14033022693635,
    16.653354035196603,
    15.860853368755254,
    15.414154658357566,
    16.165082646753554,
    15.921323475960705,
    15.965900551046136,
    16.05067158262702,
    16.278917305428287,
    15.878864504653388,
    15.620530041817291,
    15.05566812954422,
    14.619111665075298,
    14.596299787840303,
    15.413288021237753,
    14.942023743784357,
    15.394846630944162,
    15.271465459630624,
    14.667697740041103,
    14.82526865602425,
    14.534117466648153,
    14.930324386720525,
    14.814915534731021,
    14.758194544814586,
    14.49541181162023,
    14.810406404910179,
    14.78258661194591,
    14.476196875400298,
    14.375807445976614,
    15.022664528518847,
    14.394360291566278,
    14.45126651077181,
    14.975323588064455,
    13.659587290481777,
    14.991213419627016,
    14.760375587283317,
    14.938949900616503
  ],
  "all_framewise_ssim": [
    0.39791396260261536,
    0.402721643447876,
    0.4844869375228882,
    0.39988264441490173,
    0.40491142868995667,
    0.4449057877063751,
    0.30690428614616394,
    0.30979758501052856,
    0.18178506195545197,
    0.23841197788715363,
    0.2584533393383026,
    0.24292437732219696,
    0.26834431290626526,
    0.2811700403690338,
    0.2819003164768219,
    0.3021644353866577,
    0.3118916451931,
    0.2820412814617157,
    0.22659875452518463,
    0.24380220472812653,
    0.2286931723356247,
    0.2268327921628952,
    0.19536294043064117,
    0.19346201419830322,
    0.1718345433473587,
    0.2623949348926544,
    0.28631293773651123,
    0.2968597412109375,
    0.32728898525238037,
    0.32648947834968567,
    0.280926376581192,
    0.28787097334861755,
    0.2583962082862854,
    0.2214263677597046,
    0.1681845337152481,
    0.18472795188426971,
    0.17492733895778656,
    0.18272560834884644,
    0.1872834712266922,
    0.19906401634216309,
    0.27820900082588196,
    0.28840407729148865,
    0.2060055136680603,
    0.25912928581237793,
    0.2592785060405731,
    0.2096669226884842,
    0.2956825792789459,
    0.281779408454895,
    0.2556801736354828,
    0.22996419668197632,
    0.2367367297410965,
    0.18556798994541168,
    0.19048528373241425,
    0.20344658195972443,
    0.15403567254543304,
    0.1503298580646515,
    0.16371510922908783,
    0.15900319814682007,
    0.17862260341644287,
    0.18476355075836182,
    0.18288534879684448,
    0.23942744731903076,
    0.2455861121416092,
    0.24693936109542847,
    0.2911679446697235,
    0.21484708786010742,
    0.19670094549655914,
    0.2576024830341339,
    0.22959177196025848,
    0.23828096687793732,
    0.2389259785413742,
    0.26440539956092834,
    0.23544953763484955,
    0.20903556048870087,
    0.17796273529529572,
    0.15233123302459717,
    0.1517101377248764,
    0.21149373054504395,
    0.186449334025383,
    0.22061149775981903,
    0.19408321380615234,
    0.17190957069396973,
    0.1774769276380539,
    0.15957027673721313,
    0.18981142342090607,
    0.18843024969100952,
    0.2052665799856186,
    0.18167169392108917,
    0.20247428119182587,
    0.19484330713748932,
    0.18275754153728485,
    0.16560398042201996,
    0.24828529357910156,
    0.1630765199661255,
    0.1799178123474121,
    0.21346639096736908,
    0.13511298596858978,
    0.2159210592508316,
    0.20121054351329803,
    0.19863440096378326
  ],
  "all_framewise_lpips": [
    0.5321062207221985,
    0.4626774191856384,
    0.44096067547798157,
    0.5324681401252747,
    0.48593035340309143,
    0.46548646688461304,
    0.5670806765556335,
    0.5932157039642334,
    0.7187203764915466,
    0.759844183921814,
    0.6718024611473083,
    0.6801015138626099,
    0.7117065191268921,
    0.6522290706634521,
    0.6653199195861816,
    0.7226512432098389,
    0.6928258538246155,
    0.7287700176239014,
    0.8273664116859436,
    0.8053614497184753,
    0.8046001195907593,
    0.8748865127563477,
    0.8387144804000854,
    0.8157225251197815,
    0.8933021426200867,
    0.7771909236907959,
    0.736550509929657,
    0.7763548493385315,
    0.716994047164917,
    0.709730863571167,
    0.7806844115257263,
    0.7761780023574829,
    0.7641339898109436,
    0.8474896550178528,
    0.7969598174095154,
    0.7672240138053894,
    0.8173644542694092,
    0.7651126384735107,
    0.7468634843826294,
    0.7906633615493774,
    0.7409719228744507,
    0.7419487237930298,
    0.7550759315490723,
    0.7130893468856812,
    0.7321282029151917,
    0.8044853806495667,
    0.7223436236381531,
    0.721396267414093,
    0.7610020041465759,
    0.7370424866676331,
    0.7479602098464966,
    0.8173727989196777,
    0.7812525629997253,
    0.7731953859329224,
    0.8892962336540222,
    0.8051546216011047,
    0.807707667350769,
    0.8877067565917969,
    0.8001880049705505,
    0.7489734292030334,
    0.8570436835289001,
    0.7706739902496338,
    0.7835903167724609,
    0.8281607031822205,
    0.7723734378814697,
    0.7658324241638184,
    0.7859660387039185,
    0.6962101459503174,
    0.710574209690094,
    0.7346827983856201,
    0.6854046583175659,
    0.6819964647293091,
    0.7444747090339661,
    0.7126268148422241,
    0.7481837868690491,
    0.8291805386543274,
    0.812142550945282,
    0.7989486455917358,
    0.8525737524032593,
    0.7682808041572571,
    0.7679540514945984,
    0.8104943037033081,
    0.7361075282096863,
    0.7663373947143555,
    0.7983768582344055,
    0.744072437286377,
    0.7012088894844055,
    0.7544614672660828,
    0.7044820785522461,
    0.7015203237533569,
    0.7467943429946899,
    0.6661725640296936,
    0.6727324724197388,
    0.7673295736312866,
    0.742747962474823,
    0.7761251926422119,
    0.8326504230499268,
    0.7545810341835022,
    0.7562029361724854,
    0.7912004590034485
  ]
}