{
  "n_frames": 100,
  "scenewise_psnr": 22.468542752871304,
  "scenewise_ssim": 0.5750060376514021,
  "scenewise_lpips": 0.43756949543952944,
  "all_framewise_psnrs": [
    20.338994537894777,
    21.42279619476912,
    22.284389492776228,
    21.862568675934256,
    21.10631689863702,
    22.112923412130048,
    22.216619890811348,
    21.628928839478686,
    22.030202776572317,
    21.670265187513046,
    21.57519709310407,
    20.97410506775717,
    21.436536222868867,
    21.43740029134124,
    21.266222741998494,
    21.95576955898246,
    22.266192296137504,
    22.967257389307633,
    23.279052463950517,
    23.261670937519114,
    22.216252672294946,
    22.710122900550893,
    23.447989795316712,
    22.886616097211355,
    22.541150305699528,
    22.914563298898393,
    22.762044285210372,
    22.25477314162709,
    22.540971324486776,
    23.406705986524546,
    23.330124332656673,
    23.244265216609886,
    22.793453765817738,
    23.276353672908602,
    23.332284782180466,
    22.900672912002314,
    23.112152408430603,
    22.975179284454438,
    22.328892618107176,
    22.50622640040021,
    22.002067778341,
    22.356640239852204,
    23.431994987695862,
    19.964713229811853,
    21.867185687397775,
    21.42108188398524,
    22.457122006230602,
    22.74068677213436,
    22.253229319350496,
    22.224789261918424,
    23.647515245236498,
    23.084087204862843,
    22.484426541640445,
    22.79279970815154,
    22.492844611399477,
    22.656217597081806,
    22.38208305568663,
    22.255756199759972,
    21.901077933317524,
    22.29327929106319,
    21.56584147982381,
    21.94734940282162,
    21.140204948941967,
    21.393624401219995,
    21.853815122235382,
    22.555430103332583,
    22.738535053913004,
    22.679700656373434,
    22.152716228563744,
    22.730068887484812,
    22.64449990370214,
    22.19674853368341,
    21.47576947346545,
    22.062005535772848,
    23.11689108088863,
    23.05358811321808,
    22.251634759838787,
    22.398715863276408,
    21.95522674094569,
    22.80472980428069,
    21.734634266871986,
    22.188377623973192,
    22.58569396698747,
    22.214808356130415,
    24.256520240205393,
    24.73904829847936,
    24.372562111567785,
    24.450720347637812,
    24.37444632727218,
    24.437982703019607,
    24.11082596791492,
    22.971383084754777,
    22.865320067985376,
    23.3075612196281,
    23.193601305773846,
    23.508075025327738,
    23.886204836592704,
    23.71182664118956,
    22.994441126757007,
    23.82181689327084
  ],
  "all_framewise_ssim": [
    0.4496009349822998,
    0.5082622170448303,
    0.541059672832489,
    0.5295557975769043,
    0.4953976571559906,
    0.5259560942649841,
    0.5223005414009094,
    0.5116470456123352,
    0.4869268834590912,
    0.5131654143333435,
    0.5099758505821228,
    0.5078391432762146,
    0.5021178722381592,
    0.5063701868057251,
    0.5133625268936157,
    0.5341442227363586,
    0.5608177781105042,
    0.621640145778656,
    0.6330128312110901,
    0.6363632678985596,
    0.5873664617538452,
    0.642450749874115,
    0.6459124684333801,
    0.6092066764831543,
    0.5599175691604614,
    0.5651266574859619,
    0.5661429762840271,
    0.570457935333252,
    0.5653756856918335,
    0.6277094483375549,
    0.6214409470558167,
    0.6221663951873779,
    0.5792582035064697,
    0.6263882517814636,
    0.6335727572441101,
    0.611119270324707,
    0.6056358218193054,
    0.6130288243293762,
    0.5838344693183899,
    0.5815116763114929,
    0.5383068919181824,
    0.5789849758148193,
    0.6074492335319519,
    0.5573137402534485,
    0.5053040385246277,
    0.5405125617980957,
    0.5815950632095337,
    0.5850501656532288,
    0.5437029004096985,
    0.5550234317779541,
    0.6131250858306885,
    0.5856583714485168,
    0.5547870397567749,
    0.5900824069976807,
    0.5950350761413574,
    0.5955272316932678,
    0.5479264259338379,
    0.5627393126487732,
    0.5261046290397644,
    0.510092556476593,
    0.46202078461647034,
    0.48194119334220886,
    0.4458085298538208,
    0.48578083515167236,
    0.4938224256038666,
    0.5562968254089355,
    0.5683310627937317,
    0.5716564655303955,
    0.5262560844421387,
    0.5676613450050354,
    0.563243567943573,
    0.5492460131645203,
    0.4765268862247467,
    0.5677638053894043,
    0.6128869652748108,
    0.6169076561927795,
    0.5700488686561584,
    0.6003108024597168,
    0.5834044218063354,
    0.6284341216087341,
    0.5536291599273682,
    0.5916843414306641,
    0.6147270798683167,
    0.6125597357749939,
    0.6773682236671448,
    0.6854718327522278,
    0.6599807739257812,
    0.6708924174308777,
    0.6562032103538513,
    0.6651325225830078,
    0.6618093848228455,
    0.6115707159042358,
    0.5584390759468079,
    0.6081886291503906,
    0.6285122036933899,
    0.6291443705558777,
    0.6159353852272034,
    0.6128003597259521,
    0.5823114514350891,
    0.6084265112876892
  ],
  "all_framewise_lpips": [
    0.49630007147789,
    0.47657445073127747,
    0.4627872407436371,
    0.48109230399131775,
    0.4951944351196289,
    0.5002342462539673,
    0.4977104067802429,
    0.4906926453113556,
    0.5273432731628418,
    0.4797246754169464,
    0.492067813873291,
    0.483851820230484,
    0.4878595471382141,
    0.47853684425354004,
    0.478411465883255,
    0.4432339072227478,
    0.42412784695625305,
    0.3835113048553467,
    0.37756744027137756,
    0.3790803551673889,
    0.41033613681793213,
    0.35792970657348633,
    0.37029317021369934,
    0.39115121960639954,
    0.44039085507392883,
    0.438826322555542,
    0.43212348222732544,
    0.41268303990364075,
    0.422267884016037,
    0.39244669675827026,
    0.3948299288749695,
    0.38706520199775696,
    0.4372740387916565,
    0.38625460863113403,
    0.3803465962409973,
    0.39852485060691833,
    0.4007197618484497,
    0.40301865339279175,
    0.4311619997024536,
    0.43026527762413025,
    0.4599530100822449,
    0.4315979778766632,
    0.4190482199192047,
    0.45527854561805725,
    0.5003527402877808,
    0.4564916491508484,
    0.4296075105667114,
    0.4319404363632202,
    0.46229636669158936,
    0.4373883605003357,
    0.42298322916030884,
    0.43571481108665466,
    0.4442007541656494,
    0.41585540771484375,
    0.4094495475292206,
    0.411842942237854,
    0.46254390478134155,
    0.45509976148605347,
    0.49847450852394104,
    0.5199947357177734,
    0.5331879258155823,
    0.5234774351119995,
    0.5381389260292053,
    0.5042709708213806,
    0.4959604740142822,
    0.4617640972137451,
    0.45949843525886536,
    0.450869619846344,
    0.48719334602355957,
    0.4566376507282257,
    0.46074196696281433,
    0.45373690128326416,
    0.5132781267166138,
    0.4370008707046509,
    0.40295305848121643,
    0.39160487055778503,
    0.42301109433174133,
    0.39588212966918945,
    0.41807180643081665,
    0.36778584122657776,
    0.44374582171440125,
    0.4030040204524994,
    0.3885256052017212,
    0.39995965361595154,
    0.3531109094619751,
    0.3431214392185211,
    0.3676658272743225,
    0.3561747670173645,
    0.3797071576118469,
    0.36814573407173157,
    0.38102269172668457,
    0.42566198110580444,
    0.4760747253894806,
    0.43403467535972595,
    0.4160482883453369,
    0.42170748114585876,
    0.4460475444793701,
    0.447863906621933,
    0.4683934450149536,
    0.4479423761367798
  ]
}