{
  "n_frames": 100,
  "scenewise_psnr": 17.866871433068138,
  "scenewise_ssim": 0.4686040554186093,
  "scenewise_lpips": 0.6949010372161866,
  "all_framewise_psnrs": [
    15.88414613414252,
    15.258459627355048,
    17.263954259881896,
    17.749569940052318,
    19.144296078698503,
    18.994840947792607,
    18.67054780981332,
    18.843826946510823,
    18.411576430466656,
    18.37549552780497,
    18.56165466460255,
    18.393586523010825,
    18.2061905480598,
    18.319063076325474,
    18.457637846263676,
    18.875053998430573,
    19.061875791926074,
    19.098613605889224,
    19.060840560439015,
    19.2214375130979,
    19.238055126351803,
    19.57934032013965,
    19.346252252424414,
    18.984500740425545,
    19.01443586584419,
    18.998701153955476,
    18.973337870608745,
    19.162111065748157,
    19.6037387200917,
    19.33813569135724,
    19.280822954911695,
    18.977500848510104,
    19.06874252128007,
    18.53657289120857,
    19.047006764307767,
    18.83755286782405,
    18.82424900420039,
    18.559555322412457,
    18.806411127352163,
    19.023861938942503,
    18.704805336153086,
    19.185109635365063,
    18.849010250419997,
    18.946663025346442,
    18.954698684102997,
    19.091456707448117,
    19.739590955339324,
    18.009589613435576,
    17.825333157945526,
    17.74863871055783,
    17.599754299492062,
    17.321057655380265,
    18.263651441284946,
    17.84572135371931,
    16.33200978977818,
    17.874481728715594,
    17.853998856634334,
    16.688309634618467,
    16.881230676575758,
    17.142104081809407,
    17.729293361678728,
    17.942154669813583,
    17.898399022108343,
    17.596792605516978,
    17.54368997735285,
    17.114171272148788,
    16.724668605815914,
    16.186994058212974,
    15.97105050783982,
    15.434891767568145,
    15.22434229261047,
    15.646618546477866,
    16.521917137208153,
    17.46583127954327,
    16.97019806440859,
    16.994147927926203,
    17.366318330742835,
    17.457515753270698,
    17.592582242170383,
    17.767668546980516,
    17.45838975328868,
    17.197983639956085,
    16.406871041364305,
    16.247682546675616,
    16.202414892667598,
    16.576204179236022,
    16.638853676943747,
    16.863736733925574,
    16.62250635173875,
    17.060452639305566,
    16.46765934799333,
    17.90352169125678,
    17.860426915696177,
    18.30547482462782,
    19.36785722188204,
    19.833729122627386,
    19.35900118304204,
    19.789884780740223,
    19.794558310647652,
    19.89339342640512
  ],
  "all_framewise_ssim": [
    0.5272496342658997,
    0.48783621191978455,
    0.5191260576248169,
    0.5048567652702332,
    0.509929895401001,
    0.4906116724014282,
    0.47108960151672363,
    0.4666536748409271,
    0.4360365867614746,
    0.40918800234794617,
    0.4456535279750824,
    0.4482695162296295,
    0.4188575744628906,
    0.40849146246910095,
    0.4208942651748657,
    0.4320232570171356,
    0.45560696721076965,
    0.44896045327186584,
    0.42118406295776367,
    0.4428233206272125,
    0.4635730981826782,
    0.47941502928733826,
    0.456384539604187,
    0.41991758346557617,
    0.4154125452041626,
    0.423421174287796,
    0.41850677132606506,
    0.4204704463481903,
    0.4434712827205658,
    0.46552422642707825,
    0.44892534613609314,
    0.4544316828250885,
    0.4827505052089691,
    0.5012283325195312,
    0.5336559414863586,
    0.5137340426445007,
    0.48966196179389954,
    0.4494738280773163,
    0.4321306049823761,
    0.47993651032447815,
    0.46228694915771484,
    0.4735848605632782,
    0.45839357376098633,
    0.42697015404701233,
    0.417596697807312,
    0.40822234749794006,
    0.4434916079044342,
    0.42070576548576355,
    0.5030947923660278,
    0.5387109518051147,
    0.5338571071624756,
    0.5190860629081726,
    0.5538026690483093,
    0.5448153614997864,
    0.508560836315155,
    0.5426383018493652,
    0.5344842076301575,
    0.5160451531410217,
    0.5199950337409973,
    0.5208802223205566,
    0.5144322514533997,
    0.5364346504211426,
    0.5251899361610413,
    0.5155940651893616,
    0.49950167536735535,
    0.4958747327327728,
    0.4845837652683258,
    0.481372594833374,
    0.4617379605770111,
    0.4333367347717285,
    0.39471495151519775,
    0.43273162841796875,
    0.5413611531257629,
    0.581242024898529,
    0.5394048690795898,
    0.5111991167068481,
    0.48811325430870056,
    0.4703533351421356,
    0.4646007716655731,
    0.45943522453308105,
    0.43927374482154846,
    0.40321531891822815,
    0.3615690767765045,
    0.3369697630405426,
    0.3327674865722656,
    0.3777780532836914,
    0.4278542995452881,
    0.4521709978580475,
    0.42409101128578186,
    0.4272937476634979,
    0.42427265644073486,
    0.5093527436256409,
    0.48893940448760986,
    0.5317174196243286,
    0.5701059699058533,
    0.4496036469936371,
    0.39582017064094543,
    0.427286833524704,
    0.43446457386016846,
    0.4929080009460449
  ],
  "all_framewise_lpips": [
    0.6326658725738525,
    0.6201791167259216,
    0.6269667148590088,
    0.6442821621894836,
    0.6502461433410645,
    0.6773934960365295,
    0.6897407174110413,
    0.7001858353614807,
    0.733034610748291,
    0.7869371771812439,
    0.7657172083854675,
    0.7623440027236938,
    0.7702298760414124,
    0.7652313709259033,
    0.7506338953971863,
    0.7463982701301575,
    0.7306537628173828,
    0.7496206164360046,
    0.7716754078865051,
    0.7433996200561523,
    0.7270073294639587,
    0.7429100871086121,
    0.7409245371818542,
    0.7483476996421814,
    0.7452260255813599,
    0.7342984080314636,
    0.7363914251327515,
    0.7458149194717407,
    0.7427355051040649,
    0.748668372631073,
    0.7641161680221558,
    0.7555627226829529,
    0.7258670330047607,
    0.713851809501648,
    0.693946123123169,
    0.7087126970291138,
    0.7231586575508118,
    0.7473610639572144,
    0.7531188726425171,
    0.7883237600326538,
    0.756345272064209,
    0.7164534330368042,
    0.7207403182983398,
    0.7436411380767822,
    0.7628620862960815,
    0.7665930986404419,
    0.7131356000900269,
    0.7205926179885864,
    0.6396151781082153,
    0.5955672264099121,
    0.5985872745513916,
    0.6129281520843506,
    0.609070897102356,
    0.627302885055542,
    0.6690533757209778,
    0.6529241800308228,
    0.6735336780548096,
    0.6617506742477417,
    0.6588464379310608,
    0.679521918296814,
    0.673737645149231,
    0.6417815089225769,
    0.6536828279495239,
    0.6636949777603149,
    0.6663874387741089,
    0.6550630331039429,
    0.6589108109474182,
    0.6371760368347168,
    0.6498583555221558,
    0.673750638961792,
    0.6949413418769836,
    0.6792490482330322,
    0.6352077126502991,
    0.617161750793457,
    0.6402335166931152,
    0.6633739471435547,
    0.6779376864433289,
    0.6777775287628174,
    0.6785238981246948,
    0.6761782169342041,
    0.6864088773727417,
    0.6908860802650452,
    0.7047148942947388,
    0.7095842361450195,
    0.7031127214431763,
    0.6737127304077148,
    0.6320927143096924,
    0.5931829214096069,
    0.6205387711524963,
    0.6335709095001221,
    0.6243948340415955,
    0.604331910610199,
    0.6471711993217468,
    0.6392337679862976,
    0.6196193099021912,
    0.7226995825767517,
    0.8176162242889404,
    0.7919047474861145,
    0.7795473337173462,
    0.6982074975967407
  ]
}