{
  "n_frames": 100,
  "scenewise_psnr": 18.143692606445473,
  "scenewise_ssim": 0.5259226250767561,
  "scenewise_lpips": 0.6533428859710694,
  "all_framewise_psnrs": [
    22.00243015297159,
    22.42056744818211,
    22.20748907446259,
    21.8876914815274,
    22.24924164160548,
    21.25547385013367,
    21.364540645219524,
    20.935288905698982,
    18.99144716140422,
    18.836845442532464,
    19.716659137805014,
    20.228391116770812,
    20.904732414431383,
    20.733312257743954,
    20.21845842188491,
    18.994239945314032,
    17.857073655112565,
    19.40605092256949,
    19.66536836831731,
    19.97931880154668,
    19.317692460082792,
    18.28740967791235,
    17.610057544494058,
    17.996183105689884,
    18.636820206822,
    19.246318471722894,
    19.510985684774617,
    19.74504432269266,
    19.971931913708676,
    19.461831391999993,
    19.06339144831345,
    19.128831230022527,
    18.259511488790064,
    18.522432682120034,
    18.581729139778503,
    18.919872822109614,
    14.542824560857358,
    19.183616597013497,
    18.024085550417766,
    18.43509231299538,
    18.64438169480315,
    18.91998510855555,
    19.397740954568924,
    18.314169248791554,
    17.79819315449813,
    18.933188894525447,
    18.844035536100453,
    20.670039072701645,
    20.547112564755004,
    19.83412931653962,
    18.65253287880224,
    18.900825886041442,
    19.148873976131192,
    19.18059052877103,
    19.301080567298,
    19.18741825131733,
    19.64886711902206,
    20.010628766519922,
    16.402815602192163,
    17.055587393385984,
    17.318340631467795,
    17.825202254080676,
    17.906069309998585,
    18.403987458964938,
    18.614401091317518,
    17.435148596022422,
    16.601265776638385,
    18.5284910056233,
    18.4692402463266,
    17.894683531231525,
    18.33714508547285,
    18.566962714049055,
    18.20145454840595,
    17.35894615523027,
    17.12216479562325,
    18.608864776206744,
    18.231542372376165,
    17.9001270230523,
    16.906127640563824,
    18.187053115306753,
    17.93996786315063,
    16.338432106429515,
    16.112498864885264,
    17.354864164364187,
    14.84555102269744,
    16.71927347372875,
    15.572920149359465,
    16.56989218588487,
    16.187377021123343,
    17.768440787864343,
    17.24108130992628,
    17.73830694444592,
    16.08015971453336,
    15.308216586549205,
    15.211347696655864,
    15.564200195476719,
    15.515694286299311,
    16.369338196167057,
    15.802139763465966,
    16.587996517149396
  ],
  "all_framewise_ssim": [
    0.619719922542572,
    0.6452674269676208,
    0.6372475624084473,
    0.625870943069458,
    0.6272339820861816,
    0.5823151469230652,
    0.5790718793869019,
    0.5647266507148743,
    0.4865148961544037,
    0.484332412481308,
    0.5063742995262146,
    0.4942598044872284,
    0.5281545519828796,
    0.5448606610298157,
    0.5430883169174194,
    0.5284548401832581,
    0.5124805569648743,
    0.5636255741119385,
    0.5934796929359436,
    0.5528213381767273,
    0.5311204195022583,
    0.4842146635055542,
    0.46028658747673035,
    0.45569494366645813,
    0.4669722020626068,
    0.49788689613342285,
    0.5380361080169678,
    0.5222339630126953,
    0.5317886471748352,
    0.517677366733551,
    0.5050877332687378,
    0.5249610543251038,
    0.5071860551834106,
    0.5021547675132751,
    0.511648952960968,
    0.5193987488746643,
    0.5051578879356384,
    0.4993557035923004,
    0.49462148547172546,
    0.5067684650421143,
    0.5354670286178589,
    0.5564343333244324,
    0.587556779384613,
    0.5856671333312988,
    0.5617809891700745,
    0.5569003224372864,
    0.5603013038635254,
    0.5834817886352539,
    0.5868532061576843,
    0.5676745772361755,
    0.5500404834747314,
    0.5527288317680359,
    0.5689429640769958,
    0.5647509694099426,
    0.5876671075820923,
    0.5877414345741272,
    0.5925408005714417,
    0.5838050842285156,
    0.4818432331085205,
    0.4784359037876129,
    0.47772541642189026,
    0.48686885833740234,
    0.4902414083480835,
    0.507366418838501,
    0.5134363174438477,
    0.4700685441493988,
    0.4519018828868866,
    0.49961695075035095,
    0.509829580783844,
    0.4873620271682739,
    0.5015833377838135,
    0.5093019604682922,
    0.49726271629333496,
    0.4853774607181549,
    0.4840843975543976,
    0.4964883029460907,
    0.4918797016143799,
    0.4770435392856598,
    0.45156049728393555,
    0.47103071212768555,
    0.46592268347740173,
    0.4574298858642578,
    0.4354299008846283,
    0.4513414800167084,
    0.4239492416381836,
    0.46375465393066406,
    0.3985419273376465,
    0.44584473967552185,
    0.5161771774291992,
    0.5357341170310974,
    0.5531866550445557,
    0.5811851620674133,
    0.5715541243553162,
    0.5379805564880371,
    0.5351297855377197,
    0.5407997369766235,
    0.5529140830039978,
    0.5837276577949524,
    0.569780170917511,
    0.5474724173545837
  ],
  "all_framewise_lpips": [
    0.49602383375167847,
    0.47848427295684814,
    0.4808323383331299,
    0.4811331629753113,
    0.4895065426826477,
    0.5115493535995483,
    0.5188124179840088,
    0.512421727180481,
    0.5623789429664612,
    0.5812538862228394,
    0.582506537437439,
    0.6022366285324097,
    0.6081449389457703,
    0.6179983615875244,
    0.630092978477478,
    0.649257481098175,
    0.6791501045227051,
    0.6693733930587769,
    0.6571722626686096,
    0.6466001272201538,
    0.6439658403396606,
    0.6727291345596313,
    0.6719470620155334,
    0.6721692085266113,
    0.681970477104187,
    0.6721470355987549,
    0.6742036938667297,
    0.6882937550544739,
    0.6843573451042175,
    0.6730530858039856,
    0.6678322553634644,
    0.6444182395935059,
    0.6446233987808228,
    0.6527644395828247,
    0.6474577784538269,
    0.6595996022224426,
    0.6765323877334595,
    0.6519559621810913,
    0.6580402255058289,
    0.6592671275138855,
    0.6529427766799927,
    0.6565843820571899,
    0.6629953980445862,
    0.6666034460067749,
    0.6764920949935913,
    0.6825149059295654,
    0.675078272819519,
    0.6623282432556152,
    0.6515548825263977,
    0.6429898142814636,
    0.6437612771987915,
    0.6351529359817505,
    0.6300591230392456,
    0.6234048008918762,
    0.6208899617195129,
    0.6279314756393433,
    0.6354756951332092,
    0.6525719165802002,
    0.6459175944328308,
    0.6382955312728882,
    0.6367106437683105,
    0.6346230506896973,
    0.6409879326820374,
    0.6430769562721252,
    0.6417216658592224,
    0.6500674486160278,
    0.6478049755096436,
    0.6343717575073242,
    0.6445229649543762,
    0.6587406992912292,
    0.6494754552841187,
    0.646962583065033,
    0.6692496538162231,
    0.6807246208190918,
    0.6999199986457825,
    0.7063161134719849,
    0.7038959264755249,
    0.7138059139251709,
    0.7192678451538086,
    0.7115499973297119,
    0.7205591201782227,
    0.7188745737075806,
    0.7155288457870483,
    0.7038776874542236,
    0.7465925812721252,
    0.7353498339653015,
    0.7393398284912109,
    0.7421807050704956,
    0.7288838028907776,
    0.7095661163330078,
    0.6967965364456177,
    0.6774108409881592,
    0.682022213935852,
    0.7005594372749329,
    0.7122046947479248,
    0.704923152923584,
    0.7173082828521729,
    0.7031011581420898,
    0.6942299604415894,
    0.7153811454772949
  ]
}