{
  "n_frames": 100,
  "scenewise_psnr": 17.86833389709568,
  "scenewise_ssim": 0.487493499684998,
  "scenewise_lpips": 0.751851664185524,
  "all_framewise_psnrs": [
    17.182188378169002,
    16.69520515616076,
    15.922012665177705,
    15.242509353549012,
    14.993405392029564,
    14.94231554643701,
    15.531898794881771,
    16.53760336858498,
    17.082102202094553,
    16.891369885466588,
    16.70432901025913,
    17.3524952533258,
    17.49044667892356,
    17.823520465929505,
    17.843786394351664,
    17.833781118571167,
    18.011465809042576,
    18.637152663918187,
    18.538174377969682,
    18.258641933614822,
    17.89444341704353,
    18.43338739015492,
    18.48699906749384,
    18.05917621295238,
    17.98500447946898,
    18.289086603323376,
    18.21560619354223,
    18.082972664670052,
    17.49017797910288,
    17.210766546727598,
    17.553132806452677,
    18.08995482058168,
    18.052160156758156,
    18.73190486600256,
    18.427450065240336,
    17.929586126104848,
    18.307474017707488,
    18.898782364964177,
    18.66292193741559,
    18.14497585690731,
    17.637881956837603,
    17.25558562461527,
    18.125598674743227,
    17.640601162998212,
    17.304747028535882,
    16.1047767882409,
    16.079655542133587,
    16.75343534061085,
    17.678572137837953,
    17.84493081693698,
    18.020192295260085,
    17.462301932085797,
    17.349363026825127,
    18.190680264323234,
    19.5145407435874,
    18.632883190961632,
    19.333557289955326,
    19.48041070562144,
    18.56156608263589,
    18.031211613011436,
    18.11098486360095,
    18.481591339857307,
    18.012776608143184,
    18.388540503553177,
    19.13658942786906,
    19.147274686104552,
    19.13245238257765,
    19.14742591363773,
    18.95383395519714,
    18.843142049667712,
    17.59420574264302,
    17.73818728733969,
    18.0834325896145,
    18.96675572848277,
    19.461322586110903,
    18.764249226935622,
    18.3805364330162,
    17.240329233312163,
    17.30222795021287,
    16.686066485511198,
    17.604623030451208,
    18.270345127451886,
    18.810478878890837,
    18.993967869031984,
    19.531187637964063,
    20.02400924330983,
    19.389410309089108,
    19.026480407667425,
    17.99751990621312,
    17.847459070179905,
    17.862383645010187,
    17.62572016966945,
    17.75834910652938,
    17.63070624675639,
    18.22991200143345,
    18.95933300324279,
    19.604376001088596,
    19.947028092387033,
    18.75248642988604,
    18.36514808855286
  ],
  "all_framewise_ssim": [
    0.4841042459011078,
    0.5001747012138367,
    0.44292500615119934,
    0.3568327724933624,
    0.3644784986972809,
    0.3724423348903656,
    0.38113144040107727,
    0.4143331050872803,
    0.4319620430469513,
    0.4294663369655609,
    0.4415312707424164,
    0.4569913446903229,
    0.45364275574684143,
    0.4663552939891815,
    0.4488600790500641,
    0.43183669447898865,
    0.4472661018371582,
    0.46247658133506775,
    0.4568394124507904,
    0.47026944160461426,
    0.46057677268981934,
    0.4701280891895294,
    0.47385120391845703,
    0.48068395256996155,
    0.4869529902935028,
    0.5013394355773926,
    0.48514413833618164,
    0.4589041769504547,
    0.4525848925113678,
    0.4607809782028198,
    0.4602053463459015,
    0.48358654975891113,
    0.47942110896110535,
    0.4696942865848541,
    0.4825608432292938,
    0.483898401260376,
    0.5098900198936462,
    0.5588168501853943,
    0.6082549691200256,
    0.5854271650314331,
    0.5790932178497314,
    0.5740363597869873,
    0.591792643070221,
    0.5689517855644226,
    0.5304485559463501,
    0.49339139461517334,
    0.5038328170776367,
    0.5215166211128235,
    0.5195559859275818,
    0.4982592761516571,
    0.4777519702911377,
    0.4799637794494629,
    0.5007413029670715,
    0.5432350635528564,
    0.5926011800765991,
    0.5134486556053162,
    0.5697594881057739,
    0.4991915225982666,
    0.4777136743068695,
    0.47742369771003723,
    0.4806993305683136,
    0.4981096684932709,
    0.4937983453273773,
    0.4706738293170929,
    0.5050470232963562,
    0.5008652806282043,
    0.4893714189529419,
    0.5004474520683289,
    0.4984736144542694,
    0.49357232451438904,
    0.4850744307041168,
    0.4744606018066406,
    0.4624199867248535,
    0.504183292388916,
    0.4984756410121918,
    0.46612611413002014,
    0.47361302375793457,
    0.437635213136673,
    0.4017007052898407,
    0.38822615146636963,
    0.42838072776794434,
    0.4582494795322418,
    0.5023137927055359,
    0.5217590928077698,
    0.5442720055580139,
    0.5778374075889587,
    0.5466011166572571,
    0.517236053943634,
    0.48420336842536926,
    0.44068312644958496,
    0.3876199722290039,
    0.42063388228416443,
    0.4398774802684784,
    0.42999449372291565,
    0.4733816385269165,
    0.5006393194198608,
    0.534017026424408,
    0.6196433901786804,
    0.6021010875701904,
    0.5754668116569519
  ],
  "all_framewise_lpips": [
    0.7352007031440735,
    0.7056989073753357,
    0.7472907900810242,
    0.7860958576202393,
    0.7850844860076904,
    0.7838181853294373,
    0.7808566093444824,
    0.7607389092445374,
    0.7511029243469238,
    0.7648553252220154,
    0.7554188966751099,
    0.7465707063674927,
    0.7546312808990479,
    0.7333377599716187,
    0.734236478805542,
    0.7521495223045349,
    0.7455254793167114,
    0.7333493232727051,
    0.7376115322113037,
    0.7192412614822388,
    0.7210148572921753,
    0.7236722111701965,
    0.7140563130378723,
    0.7005001306533813,
    0.7071674466133118,
    0.6921066045761108,
    0.7034293413162231,
    0.72845858335495,
    0.7033814191818237,
    0.7053948044776917,
    0.7244079113006592,
    0.7232773900032043,
    0.7350174188613892,
    0.7597546577453613,
    0.7558804750442505,
    0.7527029514312744,
    0.7597296237945557,
    0.7273103594779968,
    0.7010254263877869,
    0.7174935936927795,
    0.7064563632011414,
    0.7015957832336426,
    0.7034243941307068,
    0.7045572400093079,
    0.7116243839263916,
    0.7286197543144226,
    0.710324227809906,
    0.7006716132164001,
    0.7285125255584717,
    0.7753832936286926,
    0.783764123916626,
    0.7640125751495361,
    0.7551635503768921,
    0.7196534872055054,
    0.7045369148254395,
    0.7454478740692139,
    0.7440510392189026,
    0.8237708210945129,
    0.827954113483429,
    0.8016358017921448,
    0.7540078163146973,
    0.7316648960113525,
    0.7137632369995117,
    0.7315826416015625,
    0.7269960641860962,
    0.7303279638290405,
    0.7445439100265503,
    0.7313509583473206,
    0.7263669371604919,
    0.7360520958900452,
    0.731234610080719,
    0.7417656183242798,
    0.7773025035858154,
    0.7651963233947754,
    0.7780376672744751,
    0.7890177965164185,
    0.7907323241233826,
    0.8110072612762451,
    0.8501845002174377,
    0.8553140163421631,
    0.814848780632019,
    0.8024930953979492,
    0.7701379656791687,
    0.7489859461784363,
    0.746536910533905,
    0.7383731603622437,
    0.7620710134506226,
    0.7915712594985962,
    0.7772485017776489,
    0.8042654395103455,
    0.8493598699569702,
    0.8165528774261475,
    0.7985514998435974,
    0.8158758878707886,
    0.7857641577720642,
    0.7935066819190979,
    0.8003531694412231,
    0.7465219497680664,
    0.7311049699783325,
    0.7648378014564514
  ]
}