{
  "n_frames": 100,
  "scenewise_psnr": 23.675709861543677,
  "scenewise_ssim": 0.7060061368299557,
  "scenewise_lpips": 0.37189128026366236,
  "all_framewise_psnrs": [
    25.425255508687524,
    25.912732582049067,
    25.749854112611086,
    25.097778763391414,
    25.916824768376912,
    26.29475417748794,
    25.19912379612944,
    25.24202660761395,
    22.886151070875997,
    24.74374307656088,
    24.191961002940538,
    23.805054965758504,
    24.30300176082993,
    24.796927055591865,
    24.770072294608283,
    24.793816223200743,
    24.456291999288755,
    24.290794037515955,
    25.69997932190972,
    26.46669251398762,
    25.325502658499666,
    23.86321412883358,
    22.13521049077027,
    23.080187248935992,
    23.958333768742914,
    24.433688321036517,
    24.909047240243662,
    24.377816812959587,
    23.617676270005244,
    22.339076080163046,
    24.63746941250998,
    25.25230101210908,
    25.270379221261287,
    23.511616272651416,
    23.507216920837784,
    24.69177257334358,
    22.773906550255365,
    23.400160223297178,
    22.318474635709627,
    23.67374252116433,
    23.659825994522464,
    24.93234441569585,
    25.242859731276997,
    25.09205408626162,
    24.79973323037024,
    25.418973626732686,
    26.438819339197906,
    26.11499398924075,
    25.465461030897924,
    24.895377963037966,
    24.98814992144784,
    24.00949167203777,
    23.657501982912986,
    23.144046740945157,
    22.27790568094896,
    21.72319275145723,
    20.72815934594115,
    21.318918310276697,
    22.57005559292878,
    23.18209728605583,
    22.51106403697974,
    21.32596712796677,
    21.201114351344405,
    19.47168947175829,
    19.720482253135838,
    20.613473533626994,
    20.598388552017436,
    20.453353148391674,
    19.955707315912584,
    20.373560270873167,
    21.625969188578573,
    24.439182507789692,
    23.42877636002624,
    22.680800147041687,
    22.641781812043163,
    23.628856856873153,
    23.893978484636854,
    22.49273582462603,
    22.305481443259158,
    24.710985710751302,
    25.234826952990144,
    24.84870458271107,
    25.784755056044478,
    25.3114630822622,
    24.916817700071455,
    24.939869718521727,
    24.77772268529082,
    24.77107108268376,
    25.58725758145064,
    25.951097941384408,
    25.868959277239227,
    25.476438398870776,
    24.94868076102632,
    24.36506186843593,
    26.856790026247246,
    26.54338925486178,
    26.698533718834568,
    25.205001514965083,
    26.019532345382434,
    26.08349013276108
  ],
  "all_framewise_ssim": [
    0.7842881083488464,
    0.7974366545677185,
    0.7931768298149109,
    0.7773140072822571,
    0.80635005235672,
    0.8064417243003845,
    0.7797368168830872,
    0.7859169840812683,
    0.7226729989051819,
    0.7647180557250977,
    0.7496646046638489,
    0.7316420078277588,
    0.7462894916534424,
    0.758542537689209,
    0.7589168548583984,
    0.7632431387901306,
    0.7607793211936951,
    0.7496070861816406,
    0.8020620346069336,
    0.8177073001861572,
    0.7933561205863953,
    0.7564886212348938,
    0.70640629529953,
    0.7279104590415955,
    0.7553820610046387,
    0.7720644474029541,
    0.7872079014778137,
    0.7702758312225342,
    0.7355557084083557,
    0.6795549392700195,
    0.7200784683227539,
    0.7452623248100281,
    0.7683681845664978,
    0.7365123629570007,
    0.7193648219108582,
    0.7288342118263245,
    0.7303256988525391,
    0.689929187297821,
    0.666211724281311,
    0.6751723885536194,
    0.6950869560241699,
    0.7493577003479004,
    0.747290313243866,
    0.7359951138496399,
    0.7412095069885254,
    0.7562939524650574,
    0.7697577476501465,
    0.7478778958320618,
    0.7238252758979797,
    0.6981416344642639,
    0.6875301003456116,
    0.6542539000511169,
    0.634096622467041,
    0.6336147785186768,
    0.6043656468391418,
    0.5704140067100525,
    0.5677607655525208,
    0.5986806154251099,
    0.6563239693641663,
    0.682569682598114,
    0.6746170520782471,
    0.6128464341163635,
    0.6105846762657166,
    0.5813093781471252,
    0.5395656228065491,
    0.5001650452613831,
    0.5177774429321289,
    0.508430004119873,
    0.504335880279541,
    0.5107909440994263,
    0.5695872902870178,
    0.6686763763427734,
    0.6243190169334412,
    0.6159328818321228,
    0.6429041624069214,
    0.6770408153533936,
    0.6732509732246399,
    0.6112275123596191,
    0.5879796147346497,
    0.6591386795043945,
    0.6775524020195007,
    0.6715090870857239,
    0.710463285446167,
    0.7106475830078125,
    0.7009832262992859,
    0.7092905640602112,
    0.705010712146759,
    0.6945721507072449,
    0.7159234881401062,
    0.7284660339355469,
    0.7228426337242126,
    0.7154541015625,
    0.6957307457923889,
    0.7405760288238525,
    0.7911807894706726,
    0.7799957394599915,
    0.7734367251396179,
    0.742053210735321,
    0.7468727231025696,
    0.7500494122505188
  ],
  "all_framewise_lpips": [
    0.28192248940467834,
    0.27446988224983215,
    0.27177053689956665,
    0.26760756969451904,
    0.2523655891418457,
    0.2520996034145355,
    0.2515052258968353,
    0.2571084797382355,
    0.27444300055503845,
    0.2860887944698334,
    0.292751669883728,
    0.2994626462459564,
    0.2933831512928009,
    0.2854951024055481,
    0.27283892035484314,
    0.29036372900009155,
    0.2897995114326477,
    0.2743341326713562,
    0.22977063059806824,
    0.2194616198539734,
    0.2387300580739975,
    0.2648470401763916,
    0.29334452748298645,
    0.2986353635787964,
    0.29499551653862,
    0.28324541449546814,
    0.2758110761642456,
    0.309986412525177,
    0.3468976318836212,
    0.40722689032554626,
    0.38207268714904785,
    0.34426045417785645,
    0.31179001927375793,
    0.3411816358566284,
    0.3715570867061615,
    0.36477768421173096,
    0.37632977962493896,
    0.41702818870544434,
    0.454032838344574,
    0.45326757431030273,
    0.4229370057582855,
    0.35261547565460205,
    0.33904796838760376,
    0.3508877158164978,
    0.3291754424571991,
    0.32967567443847656,
    0.3239027261734009,
    0.3515016734600067,
    0.37613946199417114,
    0.408346563577652,
    0.42048880457878113,
    0.43031632900238037,
    0.43896207213401794,
    0.43767714500427246,
    0.4547828435897827,
    0.4801816940307617,
    0.4853307604789734,
    0.4625164866447449,
    0.42480528354644775,
    0.411446750164032,
    0.4173479378223419,
    0.4291941225528717,
    0.4382379949092865,
    0.45397549867630005,
    0.4925853908061981,
    0.5862967371940613,
    0.5970920920372009,
    0.5744561553001404,
    0.5744153261184692,
    0.5838600993156433,
    0.5138964056968689,
    0.4270528554916382,
    0.4525100588798523,
    0.42029160261154175,
    0.41570961475372314,
    0.40903469920158386,
    0.42400649189949036,
    0.49323081970214844,
    0.4936215877532959,
    0.4497489631175995,
    0.4609164297580719,
    0.4687314033508301,
    0.40048331022262573,
    0.37063199281692505,
    0.37670832872390747,
    0.3572138249874115,
    0.3715001344680786,
    0.3892582058906555,
    0.38271617889404297,
    0.37795647978782654,
    0.37628060579299927,
    0.36922791600227356,
    0.37169840931892395,
    0.3221937417984009,
    0.28088846802711487,
    0.28749099373817444,
    0.31436434388160706,
    0.33099600672721863,
    0.32774853706359863,
    0.3277602195739746
  ]
}