{
  "n_frames": 100,
  "scenewise_psnr": 24.30404307310694,
  "scenewise_ssim": 0.6606384962000789,
  "scenewise_lpips": 0.4383674681186676,
  "all_framewise_psnrs": [
    22.879150641834357,
    23.34107701440078,
    23.1817480453924,
    23.38194802226913,
    23.398431447867615,
    23.825647461893,
    23.62209634355105,
    23.59333099877198,
    23.322433221451675,
    23.374613742379605,
    23.3761302092416,
    23.465437239258847,
    22.77667068645254,
    22.670720976616803,
    22.514486246732943,
    23.166116551951923,
    24.099777455503272,
    23.703027322421573,
    23.520747706191102,
    23.69532540843808,
    23.127451739473955,
    23.50896914011502,
    23.444376213931022,
    23.529898379855346,
    23.61776930722423,
    23.417619202045717,
    23.838531190703677,
    23.6021099340045,
    23.972705531789966,
    24.00547163840045,
    23.758226441966652,
    23.464593804324522,
    23.877321445933077,
    24.200751744536916,
    23.951271420058625,
    24.553891673838876,
    24.676125100124718,
    24.324301977176784,
    23.75276583546303,
    23.91992344257911,
    24.517380450092304,
    24.238665851416613,
    25.219402775649662,
    25.477937367440244,
    25.086148090745862,
    25.35052187209217,
    25.60501067120864,
    25.81912431477052,
    25.304783720800664,
    25.230455829967333,
    24.910895745974138,
    24.990549585699124,
    26.022534608417573,
    24.88947642360727,
    24.041641460310142,
    24.235621220477647,
    23.715057546183527,
    24.399425970033697,
    24.708750562977567,
    24.054888905696718,
    24.400704580540243,
    24.80327673435497,
    24.293861301462986,
    24.52667729594051,
    24.869139149839338,
    24.751379194947173,
    24.12183474163499,
    23.41746327706963,
    24.14106969683165,
    25.79583663023538,
    26.553041940721762,
    26.087485671310986,
    24.488216423397333,
    23.52560207503735,
    23.704396696086853,
    24.404052864105694,
    24.544678975554504,
    23.87598087624874,
    23.846289032022945,
    24.556853732958196,
    24.119226450671075,
    25.461782578393617,
    25.87195105000818,
    26.054897687603326,
    25.284511723175427,
    25.55722518329832,
    24.31469032296576,
    23.287687034444122,
    24.118631265390075,
    25.51970327512158,
    26.798074467643367,
    26.62897415477465,
    27.2930061600075,
    26.70546056478073,
    26.268445624635966,
    25.68925590651649,
    25.60634805199395,
    25.932838562026028,
    24.47885256575086,
    24.868581011801606
  ],
  "all_framewise_ssim": [
    0.6525248289108276,
    0.6527665257453918,
    0.6418045163154602,
    0.6255859732627869,
    0.6242857575416565,
    0.6430225968360901,
    0.6404942870140076,
    0.647881805896759,
    0.652971625328064,
    0.6549447178840637,
    0.6646618843078613,
    0.6568208932876587,
    0.6310608386993408,
    0.6282949447631836,
    0.6148049235343933,
    0.6316848397254944,
    0.6594042778015137,
    0.6357869505882263,
    0.5955274701118469,
    0.6000118255615234,
    0.611652672290802,
    0.6134310364723206,
    0.600968062877655,
    0.6040820479393005,
    0.6093544363975525,
    0.6127826571464539,
    0.6255450248718262,
    0.6061384081840515,
    0.575519859790802,
    0.5765823721885681,
    0.5969309210777283,
    0.6108686923980713,
    0.5922589302062988,
    0.6060391068458557,
    0.6264826655387878,
    0.6352934241294861,
    0.6256337761878967,
    0.6247761845588684,
    0.6227373480796814,
    0.5974134802818298,
    0.624789297580719,
    0.6491847038269043,
    0.6879457831382751,
    0.7152364253997803,
    0.7063317894935608,
    0.696723222732544,
    0.7088839411735535,
    0.7046940922737122,
    0.6948702335357666,
    0.7172392010688782,
    0.7122325897216797,
    0.7053632140159607,
    0.7275934219360352,
    0.6919617652893066,
    0.69917893409729,
    0.7368691563606262,
    0.7033252716064453,
    0.7080700993537903,
    0.6995145678520203,
    0.6860100626945496,
    0.6786314845085144,
    0.6973233819007874,
    0.6891365051269531,
    0.6854997277259827,
    0.7163576483726501,
    0.698395311832428,
    0.6883854866027832,
    0.651807963848114,
    0.6800525784492493,
    0.7021205425262451,
    0.7206717133522034,
    0.7192023396492004,
    0.6791960597038269,
    0.6667847633361816,
    0.6761443614959717,
    0.6518062949180603,
    0.6703903079032898,
    0.6603931188583374,
    0.6766996383666992,
    0.7079513072967529,
    0.6925593018531799,
    0.6368773579597473,
    0.6703029274940491,
    0.6904196739196777,
    0.6700928807258606,
    0.7063605189323425,
    0.679597795009613,
    0.6177091598510742,
    0.6494431495666504,
    0.6989235877990723,
    0.6887490749359131,
    0.70915287733078,
    0.7138099074363708,
    0.6779070496559143,
    0.6635568141937256,
    0.6579743027687073,
    0.6127123236656189,
    0.6584559082984924,
    0.5900384187698364,
    0.6398345828056335
  ],
  "all_framewise_lpips": [
    0.42742618918418884,
    0.4240989089012146,
    0.4410405158996582,
    0.46526357531547546,
    0.45862483978271484,
    0.4449942409992218,
    0.4484613835811615,
    0.4340938627719879,
    0.4090173840522766,
    0.4121493697166443,
    0.40771228075027466,
    0.4285530745983124,
    0.45216643810272217,
    0.44296595454216003,
    0.4412936568260193,
    0.40985122323036194,
    0.4003629982471466,
    0.4466777443885803,
    0.5430663824081421,
    0.5486509203910828,
    0.49017593264579773,
    0.4672516882419586,
    0.4945365786552429,
    0.49042680859565735,
    0.47333458065986633,
    0.44927969574928284,
    0.4546498954296112,
    0.47370409965515137,
    0.5798036456108093,
    0.5885818004608154,
    0.5221865177154541,
    0.4236277639865875,
    0.469326376914978,
    0.4509674906730652,
    0.43615978956222534,
    0.4410763382911682,
    0.4689710736274719,
    0.463986337184906,
    0.45296794176101685,
    0.4928855895996094,
    0.45030587911605835,
    0.41339796781539917,
    0.4087749421596527,
    0.40077418088912964,
    0.37501734495162964,
    0.40255263447761536,
    0.38808876276016235,
    0.4092152416706085,
    0.3994556963443756,
    0.3702920079231262,
    0.3769555687904358,
    0.4018886387348175,
    0.39436644315719604,
    0.433653861284256,
    0.3917204737663269,
    0.3252393305301666,
    0.39384910464286804,
    0.3852866291999817,
    0.42228999733924866,
    0.45490318536758423,
    0.4571903944015503,
    0.40119627118110657,
    0.39376452565193176,
    0.4086218774318695,
    0.4041503071784973,
    0.4418083131313324,
    0.4163965582847595,
    0.41040724515914917,
    0.3785824477672577,
    0.46423596143722534,
    0.45135200023651123,
    0.43060004711151123,
    0.403877317905426,
    0.37531378865242004,
    0.3441277742385864,
    0.4393364191055298,
    0.4080273509025574,
    0.3976483643054962,
    0.3663972020149231,
    0.35285961627960205,
    0.35922110080718994,
    0.5140650272369385,
    0.47881239652633667,
    0.4496293365955353,
    0.4302428662776947,
    0.3887576460838318,
    0.4064488410949707,
    0.48884880542755127,
    0.4482552409172058,
    0.39803946018218994,
    0.48089805245399475,
    0.4664425253868103,
    0.4692625105381012,
    0.4913880527019501,
    0.4831394851207733,
    0.44574201107025146,
    0.5082159042358398,
    0.4575338065624237,
    0.5586941242218018,
    0.4988170564174652
  ]
}