{
  "n_frames": 100,
  "scenewise_psnr": 23.011454155002383,
  "scenewise_ssim": 0.6719469544202639,
  "scenewise_lpips": 0.4683986988663673,
  "all_framewise_psnrs": [
    23.939321076682972,
    24.00614715100927,
    23.45824769842373,
    23.66693958744429,
    25.53488603339043,
    25.455248107340225,
    22.698825994213237,
    23.61644650527342,
    23.721976833941657,
    24.030649930545245,
    23.62299189005097,
    23.272898108024727,
    24.494645277656204,
    25.195021880127282,
    25.175485384005498,
    24.034243780523955,
    23.358765020206956,
    22.536473078018663,
    23.4349341129279,
    25.33575248852145,
    25.20098714923984,
    22.4205568548664,
    22.800671481380284,
    22.617500171316436,
    22.35826095145282,
    22.691649145998348,
    22.50563688346054,
    23.240813753640527,
    22.783557254261368,
    22.859162038165035,
    23.385137409607214,
    24.468219164644168,
    25.16040254415444,
    25.121531842557218,
    25.216591300109684,
    24.767050638430284,
    24.052585808506,
    23.54157302065782,
    21.670488007102033,
    21.067824404110777,
    21.47931275236975,
    23.042473855274103,
    23.369733584279537,
    23.599977353571767,
    24.804520089609376,
    25.01800720770334,
    22.90145505031019,
    22.38786918795205,
    21.79830786375986,
    21.741363098449614,
    20.92570966020237,
    18.292520743490776,
    23.4738702592688,
    24.45436715136834,
    24.402521350514323,
    24.896280792401665,
    25.453350518631744,
    27.106707069264505,
    26.907907768723362,
    21.645289593467222,
    22.66117568723104,
    22.471056280444817,
    22.642872115152073,
    22.041069363238503,
    22.117974940914383,
    26.704983247483767,
    26.864990479881534,
    26.18917771885,
    24.80675339895974,
    25.985315951459018,
    27.48045889384017,
    27.093807929471755,
    27.112274622006076,
    25.970502627054376,
    25.130057023151405,
    25.20473133935893,
    24.609971980966904,
    23.28108045656743,
    20.65126481159645,
    21.836548441887818,
    22.302963277555673,
    24.53912713480523,
    21.3399549041049,
    20.24359426348635,
    20.011482342324886,
    21.11323697270651,
    22.16466772816243,
    23.26259974753599,
    24.546648023885606,
    22.88768863856809,
    21.837326695325427,
    22.328365749489812,
    21.42500952606428,
    22.254792854991,
    20.5325485618489,
    19.60634603431403,
    20.337032358861528,
    21.22455816057213,
    21.274198987721032,
    20.453887907579947
  ],
  "all_framewise_ssim": [
    0.7005173563957214,
    0.6983957290649414,
    0.7011716961860657,
    0.694659411907196,
    0.7242932319641113,
    0.7226850986480713,
    0.6694894433021545,
    0.6644623875617981,
    0.6628745198249817,
    0.656606137752533,
    0.6512922644615173,
    0.6488216519355774,
    0.6527342796325684,
    0.666770875453949,
    0.6730632185935974,
    0.633145272731781,
    0.6150407195091248,
    0.6028391718864441,
    0.6686072945594788,
    0.7082633376121521,
    0.692152738571167,
    0.6530415415763855,
    0.6898220181465149,
    0.7004210948944092,
    0.6845948100090027,
    0.68492192029953,
    0.6600094437599182,
    0.6298489570617676,
    0.6019231081008911,
    0.5885437726974487,
    0.6123195290565491,
    0.6643567085266113,
    0.6984682083129883,
    0.7131032943725586,
    0.7494878172874451,
    0.7277896404266357,
    0.6775807738304138,
    0.6827566623687744,
    0.6300972104072571,
    0.5930469632148743,
    0.6293829083442688,
    0.6685121059417725,
    0.668951690196991,
    0.6876673698425293,
    0.720477283000946,
    0.7604034543037415,
    0.7447914481163025,
    0.7245532870292664,
    0.7018820643424988,
    0.694476842880249,
    0.6372948288917542,
    0.6207285523414612,
    0.687075138092041,
    0.7135774493217468,
    0.72515869140625,
    0.7756891250610352,
    0.7826221585273743,
    0.7941790223121643,
    0.7642657160758972,
    0.6458738446235657,
    0.6209288239479065,
    0.5879289507865906,
    0.6033677458763123,
    0.5964711308479309,
    0.6650128364562988,
    0.753929078578949,
    0.7421789169311523,
    0.7478594183921814,
    0.7184869647026062,
    0.7191279530525208,
    0.7421413064002991,
    0.7440316081047058,
    0.7402297854423523,
    0.7280129790306091,
    0.697820246219635,
    0.6607833504676819,
    0.6325907707214355,
    0.583665668964386,
    0.5661067962646484,
    0.579102635383606,
    0.60417240858078,
    0.6664292812347412,
    0.6311142444610596,
    0.6456865668296814,
    0.6178472638130188,
    0.6230140924453735,
    0.6081116199493408,
    0.6364207863807678,
    0.670891523361206,
    0.6252352595329285,
    0.5790906548500061,
    0.5714876055717468,
    0.5616084933280945,
    0.6070589423179626,
    0.6484017968177795,
    0.6402196288108826,
    0.6761525273323059,
    0.7060658931732178,
    0.6697081923484802,
    0.6576969623565674
  ],
  "all_framewise_lpips": [
    0.3890647292137146,
    0.36879220604896545,
    0.39488494396209717,
    0.4014055132865906,
    0.3883260488510132,
    0.3958474099636078,
    0.4452345371246338,
    0.4567728638648987,
    0.4715581238269806,
    0.4863571524620056,
    0.4767179787158966,
    0.4694916009902954,
    0.47767066955566406,
    0.4639844596385956,
    0.47776269912719727,
    0.5138001441955566,
    0.5090591311454773,
    0.5266790986061096,
    0.4755285382270813,
    0.45301246643066406,
    0.47861504554748535,
    0.5132753252983093,
    0.48871317505836487,
    0.4551210403442383,
    0.4266433119773865,
    0.4227849841117859,
    0.4352516829967499,
    0.47283220291137695,
    0.5195297002792358,
    0.5221675634384155,
    0.5014994144439697,
    0.4785879850387573,
    0.45881932973861694,
    0.4229131042957306,
    0.4205186367034912,
    0.451477974653244,
    0.5036622881889343,
    0.4671616852283478,
    0.5127444863319397,
    0.5232905149459839,
    0.46830233931541443,
    0.4583495259284973,
    0.4654427468776703,
    0.44873571395874023,
    0.4121197462081909,
    0.41347387433052063,
    0.43474799394607544,
    0.45507436990737915,
    0.4873664975166321,
    0.4703163504600525,
    0.4754927158355713,
    0.4729495644569397,
    0.4730847477912903,
    0.44502487778663635,
    0.41388818621635437,
    0.3735516667366028,
    0.3901523947715759,
    0.4114181697368622,
    0.4215275049209595,
    0.5138100981712341,
    0.49929118156433105,
    0.44191911816596985,
    0.45133957266807556,
    0.4614996910095215,
    0.46393874287605286,
    0.4232018291950226,
    0.47545528411865234,
    0.4589691162109375,
    0.4504573941230774,
    0.45374271273612976,
    0.3929838240146637,
    0.3614538311958313,
    0.36907851696014404,
    0.368662565946579,
    0.37933292984962463,
    0.39042049646377563,
    0.42927926778793335,
    0.4844461977481842,
    0.5294685363769531,
    0.5279722213745117,
    0.5277830362319946,
    0.4986165463924408,
    0.506701648235321,
    0.4981474280357361,
    0.510769248008728,
    0.5324268341064453,
    0.5567682981491089,
    0.5791640281677246,
    0.5546737909317017,
    0.5345816612243652,
    0.5751030445098877,
    0.5900307893753052,
    0.6120915412902832,
    0.6072030067443848,
    0.5916718244552612,
    0.49815982580184937,
    0.45007604360580444,
    0.43228939175605774,
    0.48519575595855713,
    0.46311426162719727
  ]
}