{
  "n_frames": 100,
  "scenewise_psnr": 17.306667535426065,
  "scenewise_ssim": 0.5206860173895471,
  "scenewise_lpips": 0.5116186022758484,
  "all_framewise_psnrs": [
    21.043293756616794,
    21.25681526482889,
    20.084112461010406,
    20.3172420438545,
    20.525636103033143,
    20.92457504082756,
    21.54246797965377,
    21.83630459108564,
    21.589130050557706,
    19.87780786281608,
    19.56382237450391,
    19.787773875828773,
    19.43315667995657,
    19.753261117737576,
    19.821087125142846,
    20.72902993918572,
    21.884726540604756,
    21.732819789783463,
    20.399462443506703,
    15.447571834679945,
    12.08165745405301,
    13.91011465773629,
    15.13935595846518,
    14.372294451510857,
    14.785110546243239,
    16.18379550209623,
    17.103209594531922,
    17.43165169784313,
    17.62497242386946,
    15.016209803450234,
    12.438841195310628,
    11.935041294800513,
    11.454862210418176,
    12.635289439846462,
    12.866601948252567,
    12.26090164420049,
    12.483836751591301,
    13.548957538110278,
    14.720677949604406,
    13.58174641847728,
    16.5830800105731,
    19.591148167962547,
    18.864517038283225,
    18.22753186559741,
    17.740758478207216,
    21.21506865414478,
    21.07137702037397,
    21.053452704929366,
    21.048738943156778,
    20.801141680961113,
    19.921700952276332,
    20.86885254149454,
    20.54354296081175,
    20.848738549368523,
    20.486413492273165,
    20.072902419250887,
    20.097497418420794,
    20.090840671707426,
    20.09254635608931,
    19.457626243493703,
    19.48694939637076,
    21.00901318118941,
    22.193203066615247,
    22.481389226461456,
    19.3257691374206,
    19.57088220418431,
    19.705272301517567,
    19.192947954036683,
    19.50039850194195,
    19.69402493437103,
    19.81095635301702,
    21.888189063054355,
    20.945148766349458,
    20.960789989856316,
    20.875001375023096,
    20.773589747169076,
    20.308632604376797,
    19.681205991284777,
    20.311524421610816,
    18.783288368003635,
    17.986681806306333,
    18.0088494886935,
    17.97320419052191,
    18.637694106301804,
    17.417984122156575,
    17.506087569624285,
    17.7768548161878,
    17.286320332613364,
    17.900594424550466,
    15.99942055154444,
    13.490225676140069,
    13.609606924600158,
    14.485098857917237,
    15.472329952430213,
    17.089556741067636,
    18.618756009731847,
    20.688919020008335,
    20.676931584387937,
    17.8960228347754,
    17.2755012969662
  ],
  "all_framewise_ssim": [
    0.6659035086631775,
    0.5800991654396057,
    0.4741717576980591,
    0.49550342559814453,
    0.4976094663143158,
    0.4979265630245209,
    0.5299927592277527,
    0.5358023047447205,
    0.49958372116088867,
    0.49347618222236633,
    0.5123273730278015,
    0.5162485241889954,
    0.506019651889801,
    0.5129074454307556,
    0.5114254355430603,
    0.5460656881332397,
    0.5549587607383728,
    0.5440971255302429,
    0.4636770486831665,
    0.4195845425128937,
    0.37374934554100037,
    0.3972841799259186,
    0.43199142813682556,
    0.4228266477584839,
    0.4444296658039093,
    0.48596227169036865,
    0.511154055595398,
    0.49991297721862793,
    0.49429070949554443,
    0.45924052596092224,
    0.45712995529174805,
    0.43105170130729675,
    0.41666746139526367,
    0.4582718312740326,
    0.4700874090194702,
    0.4733141362667084,
    0.4554825723171234,
    0.4495929777622223,
    0.44122493267059326,
    0.43976104259490967,
    0.5059005618095398,
    0.5578730702400208,
    0.5568764805793762,
    0.5863414406776428,
    0.565479576587677,
    0.5539864897727966,
    0.5589382648468018,
    0.5723239779472351,
    0.49066218733787537,
    0.4591768980026245,
    0.5140694975852966,
    0.6019279360771179,
    0.5723159313201904,
    0.5658397078514099,
    0.5619514584541321,
    0.5659739375114441,
    0.566474199295044,
    0.5780850052833557,
    0.5519499778747559,
    0.4775627851486206,
    0.5359207987785339,
    0.6671183705329895,
    0.7032709121704102,
    0.6583818793296814,
    0.5436415076255798,
    0.5692296028137207,
    0.5725708603858948,
    0.5602397918701172,
    0.5544466376304626,
    0.5730078816413879,
    0.5693852305412292,
    0.5496430397033691,
    0.5433661937713623,
    0.5733564496040344,
    0.589938223361969,
    0.5857653617858887,
    0.5548489689826965,
    0.5555828213691711,
    0.5752182602882385,
    0.5413224697113037,
    0.49786683917045593,
    0.4948980510234833,
    0.47911152243614197,
    0.4888744056224823,
    0.4388543367385864,
    0.47767624258995056,
    0.4959932565689087,
    0.474168062210083,
    0.45668748021125793,
    0.4323832094669342,
    0.41686132550239563,
    0.44495832920074463,
    0.4618474543094635,
    0.47871971130371094,
    0.5271214842796326,
    0.5692183971405029,
    0.6166317462921143,
    0.596681535243988,
    0.5564870238304138,
    0.5475661158561707
  ],
  "all_framewise_lpips": [
    0.3388454020023346,
    0.4373517334461212,
    0.5370680093765259,
    0.5149133205413818,
    0.5130586624145508,
    0.5283467769622803,
    0.5005727410316467,
    0.5167049765586853,
    0.5432729721069336,
    0.5204287171363831,
    0.49406537413597107,
    0.49132877588272095,
    0.5108282566070557,
    0.5002710819244385,
    0.4897434711456299,
    0.4712268114089966,
    0.46160897612571716,
    0.47071629762649536,
    0.5493957996368408,
    0.5987318754196167,
    0.648428201675415,
    0.6311472058296204,
    0.5994079113006592,
    0.6121049523353577,
    0.6170220375061035,
    0.5753718614578247,
    0.5553831458091736,
    0.5724983215332031,
    0.5656818747520447,
    0.5998196005821228,
    0.5793246626853943,
    0.6106669902801514,
    0.6408166289329529,
    0.5492870211601257,
    0.576732873916626,
    0.5702300071716309,
    0.5855690240859985,
    0.5881949067115784,
    0.6030046939849854,
    0.55152428150177,
    0.546999990940094,
    0.5067734718322754,
    0.5203335881233215,
    0.4458540678024292,
    0.4739902913570404,
    0.45802560448646545,
    0.4562678337097168,
    0.44933050870895386,
    0.5126618146896362,
    0.5763598084449768,
    0.48972052335739136,
    0.41320523619651794,
    0.44367802143096924,
    0.447675883769989,
    0.44799402356147766,
    0.4483393728733063,
    0.44125688076019287,
    0.42773714661598206,
    0.4662027955055237,
    0.5051534175872803,
    0.476520836353302,
    0.3141438663005829,
    0.3015991449356079,
    0.3463091254234314,
    0.45437800884246826,
    0.43862706422805786,
    0.44210901856422424,
    0.44815927743911743,
    0.4503384232521057,
    0.4311276078224182,
    0.4338790774345398,
    0.45200100541114807,
    0.4716622233390808,
    0.4486728608608246,
    0.4365471601486206,
    0.4441940486431122,
    0.4729287028312683,
    0.46875447034835815,
    0.4537707269191742,
    0.48104748129844666,
    0.5437054634094238,
    0.5601416826248169,
    0.5628238320350647,
    0.5709747076034546,
    0.6074456572532654,
    0.5808476805686951,
    0.5965249538421631,
    0.6097167730331421,
    0.6254395246505737,
    0.6170032620429993,
    0.6315463781356812,
    0.6131721138954163,
    0.5871790647506714,
    0.5750412940979004,
    0.5086992383003235,
    0.44495654106140137,
    0.5005377531051636,
    0.48375266790390015,
    0.4896090030670166,
    0.4877159893512726
  ]
}