{
  "n_frames": 100,
  "scenewise_psnr": 20.52410844067143,
  "scenewise_ssim": 0.5229261070734275,
  "scenewise_lpips": 0.6820383358001709,
  "all_framewise_psnrs": [
    20.452202135401233,
    20.802729599258477,
    22.137178666400565,
    20.97237128126695,
    21.490119572289462,
    21.667379369975674,
    21.720913832004452,
    22.169558868551455,
    21.655475652505906,
    21.36281346707404,
    21.315768483894235,
    21.499032268105932,
    21.265642686046014,
    21.443728798517768,
    21.384536589088903,
    21.945778117351473,
    21.914366240059277,
    21.745958173329505,
    21.677908781169073,
    21.871028445419466,
    22.084483162604926,
    22.0158815118058,
    21.990001629712808,
    21.589421646872132,
    21.609771742323915,
    21.54247403753621,
    21.589666019662374,
    21.640005184140847,
    21.898783294075944,
    22.028896132909992,
    21.484631958366457,
    21.282287175622937,
    22.969640494996582,
    23.114773409514303,
    23.389085955191533,
    23.3935779233055,
    23.13067285518705,
    22.434194168974404,
    21.716134391996693,
    21.328268937109986,
    21.754899981879813,
    21.78276162009461,
    19.544636618377442,
    20.905534007228226,
    21.13963648593661,
    21.308866578922107,
    21.488279340923434,
    19.753543520611203,
    21.43004192799181,
    21.87732645950164,
    21.987477041726677,
    21.151245824495554,
    21.532104651177665,
    20.661840693599004,
    19.466276688048268,
    20.605291871925196,
    20.89593309611059,
    19.489780242905432,
    19.102914268340196,
    18.549665490522777,
    20.17826293116494,
    21.04283451386182,
    20.41915878130601,
    20.25341445367787,
    20.411204072670458,
    20.055492254662397,
    19.449603691005898,
    18.752736506338465,
    18.35273134230252,
    17.681966303551754,
    17.80039306644492,
    18.26851931836059,
    19.748454678803864,
    20.71519001572531,
    20.078452548680225,
    19.897843530667593,
    19.96953385780422,
    19.866155482204103,
    19.744136668439168,
    19.85529004003097,
    19.4984535942964,
    19.11013852968533,
    18.120511239855947,
    18.219593617839266,
    18.216265458363402,
    18.385205029138213,
    18.239647326672838,
    18.558658402623042,
    18.661194446137603,
    19.202347537917078,
    19.12779017369338,
    20.281551777063022,
    20.44506584422946,
    20.676875807173904,
    21.42272238971153,
    21.64086378413742,
    20.528539548941495,
    20.451812996816273,
    21.081935067747803,
    22.322129082028734
  ],
  "all_framewise_ssim": [
    0.6205571293830872,
    0.612462043762207,
    0.6001701951026917,
    0.5732374787330627,
    0.5629087090492249,
    0.5475391149520874,
    0.5353551506996155,
    0.5319283604621887,
    0.49958696961402893,
    0.46067366003990173,
    0.4943959712982178,
    0.5051026940345764,
    0.47606465220451355,
    0.469449520111084,
    0.4798106849193573,
    0.4873634874820709,
    0.5047717690467834,
    0.4956430494785309,
    0.4667436182498932,
    0.4869283139705658,
    0.5111464858055115,
    0.5220759510993958,
    0.5004120469093323,
    0.4664595425128937,
    0.46186363697052,
    0.46949467062950134,
    0.463342547416687,
    0.4572552740573883,
    0.4727177619934082,
    0.49573659896850586,
    0.4775042235851288,
    0.4862307608127594,
    0.524882972240448,
    0.5509955883026123,
    0.5807464718818665,
    0.5617777705192566,
    0.5386635661125183,
    0.4896114766597748,
    0.4734449088573456,
    0.5199155211448669,
    0.5044729709625244,
    0.5146552920341492,
    0.4959834814071655,
    0.46881231665611267,
    0.4612596035003662,
    0.453176349401474,
    0.4801279604434967,
    0.4487583339214325,
    0.5882432460784912,
    0.6263234615325928,
    0.6279225945472717,
    0.6135776042938232,
    0.634309709072113,
    0.6178626418113708,
    0.5850422978401184,
    0.6088094711303711,
    0.5996208786964417,
    0.5834582448005676,
    0.5771852135658264,
    0.5645079016685486,
    0.5753035545349121,
    0.5997301340103149,
    0.584299623966217,
    0.5772284865379333,
    0.5724501609802246,
    0.5772667527198792,
    0.5654552578926086,
    0.5615153312683105,
    0.5355333685874939,
    0.48510897159576416,
    0.44619885087013245,
    0.4868283271789551,
    0.5949187278747559,
    0.6325843334197998,
    0.5976369380950928,
    0.5687980055809021,
    0.5428367257118225,
    0.5273420214653015,
    0.5109802484512329,
    0.5022066235542297,
    0.4829554557800293,
    0.45405998826026917,
    0.40342530608177185,
    0.3859342634677887,
    0.38921108841896057,
    0.42020389437675476,
    0.4620831310749054,
    0.4890860617160797,
    0.4785632789134979,
    0.4891270697116852,
    0.5089866518974304,
    0.5746972560882568,
    0.554980993270874,
    0.5885036587715149,
    0.6060395836830139,
    0.47044360637664795,
    0.40762558579444885,
    0.4346378743648529,
    0.45269861817359924,
    0.5149921774864197
  ],
  "all_framewise_lpips": [
    0.6094929575920105,
    0.5754578113555908,
    0.6019457578659058,
    0.6216522455215454,
    0.6353389620780945,
    0.6473063230514526,
    0.65016108751297,
    0.6542689204216003,
    0.6838908791542053,
    0.739656925201416,
    0.7253869771957397,
    0.716168224811554,
    0.7135446071624756,
    0.7059710621833801,
    0.6919832825660706,
    0.6982594728469849,
    0.6890067458152771,
    0.6995909214019775,
    0.7174288630485535,
    0.6962429881095886,
    0.6762873530387878,
    0.696688175201416,
    0.7051898241043091,
    0.7119776010513306,
    0.7095463871955872,
    0.7036324739456177,
    0.704840362071991,
    0.7241235971450806,
    0.7324556708335876,
    0.7292973399162292,
    0.7543754577636719,
    0.7337918281555176,
    0.6919960975646973,
    0.6827046275138855,
    0.6594282388687134,
    0.6748626828193665,
    0.6914879083633423,
    0.7250059247016907,
    0.7343171238899231,
    0.7620223760604858,
    0.7243953943252563,
    0.6955510377883911,
    0.7008093595504761,
    0.7188676595687866,
    0.7295154333114624,
    0.7343416810035706,
    0.694749653339386,
    0.7098005414009094,
    0.6127824783325195,
    0.5673061013221741,
    0.565770149230957,
    0.590760350227356,
    0.5932928323745728,
    0.6131903529167175,
    0.6530553102493286,
    0.6401660442352295,
    0.6645042300224304,
    0.6649765968322754,
    0.6679835915565491,
    0.6800450086593628,
    0.6689635515213013,
    0.6452736854553223,
    0.6575735807418823,
    0.6603310108184814,
    0.65416419506073,
    0.6382526159286499,
    0.6413663029670715,
    0.6264031529426575,
    0.6418673992156982,
    0.6929231882095337,
    0.7237493991851807,
    0.6983134150505066,
    0.6532179117202759,
    0.6361621022224426,
    0.6593630313873291,
    0.6793760061264038,
    0.7013165354728699,
    0.7013065218925476,
    0.7081105709075928,
    0.7045536041259766,
    0.7105296850204468,
    0.714108943939209,
    0.727181613445282,
    0.7410199642181396,
    0.7366561889648438,
    0.7030631303787231,
    0.6737203598022461,
    0.6313578486442566,
    0.6533804535865784,
    0.6698774099349976,
    0.6415880918502808,
    0.628564715385437,
    0.659479022026062,
    0.6482093334197998,
    0.6232529878616333,
    0.7147923707962036,
    0.8025503158569336,
    0.7809879779815674,
    0.7611019611358643,
    0.6911735534667969
  ]
}