{
  "n_frames": 100,
  "scenewise_psnr": 11.212054875108437,
  "scenewise_ssim": 0.31454646718489343,
  "scenewise_lpips": 0.8970129638910294,
  "all_framewise_psnrs": [
    8.826879103693479,
    9.185110507068577,
    9.612935404381348,
    11.126869999734266,
    11.39136214331032,
    11.035421970889754,
    10.08801374338828,
    9.68405339971997,
    9.963777101514726,
    10.61978216064212,
    11.490891402152194,
    12.134085945421326,
    12.572001462653459,
    13.093161030151707,
    12.416006943750698,
    11.997460753246731,
    10.951468891400694,
    10.778336317020628,
    10.644347856647878,
    10.440727285845686,
    8.55576891039018,
    8.290934889308891,
    7.80573138705695,
    9.195935794317142,
    9.509012406528258,
    8.328498119411618,
    8.014678353949975,
    8.685901648644348,
    8.878610747769848,
    10.115278490956698,
    10.689478468266216,
    12.405922948983111,
    12.824468800384441,
    13.182174122770858,
    12.614880970893037,
    12.132534131856712,
    10.360189844724284,
    10.364015394039237,
    8.227604745966406,
    7.910894905190446,
    7.931640793639065,
    18.180609128271563,
    17.201748308153732,
    16.26806486629269,
    9.8641821793956,
    11.367855351181074,
    11.103742976672565,
    10.77821864430936,
    11.616903584632967,
    12.132238586002204,
    12.047802658958005,
    12.950181960852296,
    12.991002773390736,
    13.027326716588625,
    12.754914988619442,
    11.691944034262052,
    11.959177315458104,
    12.019478958211018,
    11.381088611897974,
    11.512893381120715,
    11.755176264201129,
    11.332909424134881,
    11.560526796003563,
    11.67005782701895,
    11.58630660314814,
    11.71537887489254,
    12.250697796122722,
    12.857412894565734,
    13.026234722687937,
    11.907424664751487,
    11.892861050218645,
    11.155412392293982,
    10.761114577719859,
    10.827898421405003,
    11.133310955685811,
    10.991613343227344,
    11.33221194105091,
    10.365518117188778,
    9.835195694130224,
    9.812713538340534,
    10.168299879181241,
    10.180074975330491,
    10.63152987457187,
    10.686849564668776,
    10.532695702507073,
    11.239495789510155,
    12.662272662642984,
    11.996571089813589,
    21.69965043828347,
    23.953392738552978,
    22.884694991806462,
    21.83664228179413,
    20.494693122072484,
    20.34926408341378,
    21.69292077258814,
    21.186324992216598,
    19.77096567734509,
    11.230643117722614,
    12.230091637089966,
    12.061391931649387
  ],
  "all_framewise_ssim": [
    0.2743571996688843,
    0.2602708637714386,
    0.2639387845993042,
    0.284160315990448,
    0.29942968487739563,
    0.3002653419971466,
    0.26414164900779724,
    0.25519105792045593,
    0.27308881282806396,
    0.28504666686058044,
    0.2824172377586365,
    0.3025834262371063,
    0.3159249722957611,
    0.3266385793685913,
    0.30904412269592285,
    0.2800905406475067,
    0.2785143554210663,
    0.28284505009651184,
    0.28744232654571533,
    0.2871095836162567,
    0.2790940999984741,
    0.26237356662750244,
    0.27661678194999695,
    0.2777356207370758,
    0.2539350688457489,
    0.24048809707164764,
    0.23696355521678925,
    0.22578735649585724,
    0.26869693398475647,
    0.28573572635650635,
    0.2849677503108978,
    0.3202933371067047,
    0.3174673318862915,
    0.3150576055049896,
    0.32142624258995056,
    0.3151758015155792,
    0.3259454667568207,
    0.368938684463501,
    0.3686326742172241,
    0.33790430426597595,
    0.33027297258377075,
    0.5044133067131042,
    0.5276031494140625,
    0.42250749468803406,
    0.289171427488327,
    0.21778275072574615,
    0.22200095653533936,
    0.23727546632289886,
    0.23747925460338593,
    0.2522646486759186,
    0.27714478969573975,
    0.3120358884334564,
    0.3094263970851898,
    0.31520816683769226,
    0.29320967197418213,
    0.27244195342063904,
    0.2644839882850647,
    0.2672240436077118,
    0.24878758192062378,
    0.24851886928081512,
    0.241136834025383,
    0.23078863322734833,
    0.21705996990203857,
    0.2425035983324051,
    0.25063470005989075,
    0.2638075053691864,
    0.2774824798107147,
    0.28333184123039246,
    0.295554518699646,
    0.2788829505443573,
    0.2550027072429657,
    0.23345661163330078,
    0.2383524775505066,
    0.2468675822019577,
    0.24758797883987427,
    0.24577778577804565,
    0.2553260028362274,
    0.2690865099430084,
    0.22387856245040894,
    0.25176408886909485,
    0.3143426775932312,
    0.27384018898010254,
    0.2781020998954773,
    0.2954714000225067,
    0.29028424620628357,
    0.32725176215171814,
    0.3394133746623993,
    0.33752360939979553,
    0.5901349782943726,
    0.6209636330604553,
    0.6167297959327698,
    0.6037238240242004,
    0.5739353895187378,
    0.5402501821517944,
    0.5646823644638062,
    0.5032481551170349,
    0.4566480815410614,
    0.2829989194869995,
    0.31477394700050354,
    0.25577354431152344
  ],
  "all_framewise_lpips": [
    0.8973721265792847,
    0.8819838762283325,
    0.8536909818649292,
    0.8453707695007324,
    0.8389886021614075,
    0.8418236970901489,
    0.8941061496734619,
    0.9305945634841919,
    0.962548017501831,
    1.006372094154358,
    1.0007725954055786,
    0.9843804836273193,
    0.9786391258239746,
    0.9744199514389038,
    0.9913510084152222,
    1.0043230056762695,
    1.0049431324005127,
    1.0018377304077148,
    1.0056015253067017,
    0.9983978867530823,
    0.981069803237915,
    0.991352915763855,
    0.9769918918609619,
    0.9974021315574646,
    1.012459635734558,
    1.0011699199676514,
    0.9954877495765686,
    1.000844955444336,
    0.9715018272399902,
    0.9549880027770996,
    0.9549620151519775,
    0.9308487176895142,
    0.9272091388702393,
    0.9356595277786255,
    0.9358384013175964,
    0.9298460483551025,
    0.9152493476867676,
    0.8868787288665771,
    0.8683333992958069,
    0.9152815937995911,
    0.9208858609199524,
    0.5972213745117188,
    0.5819469690322876,
    0.6493535041809082,
    0.7794740200042725,
    0.9573730230331421,
    0.9691295623779297,
    0.9608246088027954,
    0.9502284526824951,
    0.9486508965492249,
    0.9624409675598145,
    0.9401156306266785,
    0.9425213932991028,
    0.9382253289222717,
    0.9355490207672119,
    0.9478133916854858,
    0.9365156888961792,
    0.9299591779708862,
    0.939590573310852,
    0.9381207227706909,
    0.9416700601577759,
    0.9330464005470276,
    0.9403126239776611,
    0.9364830851554871,
    0.9437606930732727,
    0.940288782119751,
    0.9457715749740601,
    0.9495246410369873,
    0.9440445899963379,
    0.9334448575973511,
    0.945736289024353,
    0.9588720798492432,
    0.9627351760864258,
    0.9503719210624695,
    0.9494459629058838,
    0.9596734642982483,
    0.9628489017486572,
    0.911026120185852,
    0.9446499347686768,
    0.9213355183601379,
    0.9340640306472778,
    0.9689024686813354,
    0.9710240364074707,
    0.9830329418182373,
    0.9825177788734436,
    0.9503124952316284,
    0.9432406425476074,
    0.9420020580291748,
    0.5074167251586914,
    0.505551815032959,
    0.49427321553230286,
    0.4913371801376343,
    0.49218475818634033,
    0.5107494592666626,
    0.48755183815956116,
    0.5486135482788086,
    0.573010265827179,
    1.056436538696289,
    0.9560998678207397,
    0.821098804473877
  ]
}