{
  "n_frames": 100,
  "scenewise_psnr": 13.157816846884643,
  "scenewise_ssim": 0.12975261672123395,
  "scenewise_lpips": 1.0012078434228897,
  "all_framewise_psnrs": [
    12.845957044964653,
    13.22656361336148,
    13.328209786369117,
    13.187817467367184,
    13.648573650555804,
    13.703087098953093,
    13.04993756138204,
    12.473044347293655,
    13.388448457265126,
    13.14188969121209,
    13.122865576350634,
    12.526053259988977,
    13.02099100216218,
    13.131300729253724,
    12.324136937270204,
    12.729261886185366,
    11.900848728112642,
    11.001390568359993,
    11.354296314610576,
    11.559713935441227,
    12.35654678113728,
    12.388625691765302,
    12.712532646375612,
    13.18420283444279,
    12.786321933183428,
    12.932328486553198,
    13.188382104222615,
    12.712555608519695,
    12.52663766683882,
    13.41438528266064,
    13.537048163363114,
    13.480193010847223,
    12.909244278496976,
    12.733001956565925,
    13.113124247506223,
    13.413741486214692,
    13.150987207228473,
    13.11698559205576,
    12.243938631896176,
    12.256175324838194,
    12.447252501204773,
    12.69998147679594,
    12.925026741418062,
    12.941767735250362,
    13.10651565945506,
    12.960438656131021,
    13.818095313458251,
    13.651074299102198,
    13.382288535026035,
    12.845672912558697,
    13.512783465781137,
    12.896673469244833,
    12.890533886090727,
    13.167127632861707,
    13.28579816876423,
    13.601569414400466,
    13.507585358887122,
    13.293250812577206,
    13.072756685025544,
    13.390672295136534,
    13.237707521553316,
    14.02478854356194,
    14.31908518323813,
    14.579646377879643,
    14.86280844585885,
    14.268457536960595,
    13.659756007129838,
    13.927496746901834,
    13.966334500193447,
    13.905748866448874,
    14.056702515482666,
    14.232615594989948,
    14.003561849139157,
    13.641112135860052,
    13.697346235901469,
    13.491058742471473,
    12.87553317695653,
    13.736687658169032,
    13.906874807061856,
    14.349762657742142,
    14.142521427914996,
    13.355206850102972,
    13.142365662957914,
    12.745454827317925,
    12.955720417837354,
    13.06739521625197,
    13.021060093975505,
    13.416284914051992,
    13.66561555421588,
    13.287341270081576,
    12.996376170681785,
    13.414886750090302,
    13.12896468875959,
    12.98187454878914,
    13.217500011845793,
    13.077809928681969,
    13.09010940425718,
    13.790644168499199,
    13.70479572720923,
    13.301455284081998
  ],
  "all_framewise_ssim": [
    0.14718036353588104,
    0.15740257501602173,
    0.15455125272274017,
    0.14604811370372772,
    0.16815626621246338,
    0.16795744001865387,
    0.12415873259305954,
    0.10309401154518127,
    0.1274939775466919,
    0.1046273484826088,
    0.10786527395248413,
    0.12024176120758057,
    0.10721618682146072,
    0.1241675540804863,
    0.12087792903184891,
    0.16864146292209625,
    0.1565563827753067,
    0.1454840898513794,
    0.12466581910848618,
    0.1418028473854065,
    0.17286300659179688,
    0.15727198123931885,
    0.13504819571971893,
    0.11063998937606812,
    0.08208513259887695,
    0.11889544874429703,
    0.14090709388256073,
    0.15687814354896545,
    0.16767697036266327,
    0.21240191161632538,
    0.17743273079395294,
    0.1811821013689041,
    0.17871205508708954,
    0.13947853446006775,
    0.12448349595069885,
    0.11519322544336319,
    0.09699026495218277,
    0.10855142027139664,
    0.09968646615743637,
    0.10668385028839111,
    0.1345929354429245,
    0.14861463010311127,
    0.10742499679327011,
    0.10526470094919205,
    0.1201760545372963,
    0.0966481938958168,
    0.15281495451927185,
    0.1354973167181015,
    0.12752318382263184,
    0.13871030509471893,
    0.13731251657009125,
    0.09904885292053223,
    0.11912050098180771,
    0.09341287612915039,
    0.07495389133691788,
    0.09031172841787338,
    0.1107122078537941,
    0.09126213937997818,
    0.09241753071546555,
    0.12576597929000854,
    0.1129358634352684,
    0.17406852543354034,
    0.18026654422283173,
    0.18335841596126556,
    0.22184903919696808,
    0.1751328855752945,
    0.11840400099754333,
    0.127250075340271,
    0.09814754128456116,
    0.09584671258926392,
    0.10441046953201294,
    0.12923608720302582,
    0.1173347756266594,
    0.11085771769285202,
    0.12743143737316132,
    0.10764870792627335,
    0.12312906980514526,
    0.16338658332824707,
    0.1599319726228714,
    0.18750475347042084,
    0.15235282480716705,
    0.1177554652094841,
    0.09683703631162643,
    0.10811730474233627,
    0.09962134808301926,
    0.1154729351401329,
    0.13350355625152588,
    0.12601062655448914,
    0.1335330456495285,
    0.10595643520355225,
    0.07903990149497986,
    0.0979388952255249,
    0.09955235570669174,
    0.0792701467871666,
    0.10713211447000504,
    0.13772012293338776,
    0.11960206180810928,
    0.1519486904144287,
    0.14885269105434418,
    0.11819708347320557
  ],
  "all_framewise_lpips": [
    1.0206719636917114,
    0.9599393010139465,
    0.9565631747245789,
    1.0346263647079468,
    0.9669182300567627,
    0.952062726020813,
    1.0543967485427856,
    0.9976294040679932,
    0.9551630020141602,
    1.055699348449707,
    1.0118300914764404,
    0.9550542831420898,
    1.0262413024902344,
    0.9761557579040527,
    1.0124677419662476,
    1.0071475505828857,
    1.0150792598724365,
    1.020334243774414,
    1.0763022899627686,
    0.9992913603782654,
    0.949684202671051,
    1.0673036575317383,
    1.0071145296096802,
    0.9834474325180054,
    1.0972683429718018,
    0.983657717704773,
    1.0203171968460083,
    1.069199562072754,
    0.9441944360733032,
    0.9758879542350769,
    1.031473994255066,
    1.0211416482925415,
    1.004251480102539,
    1.0936614274978638,
    1.0543417930603027,
    1.025938868522644,
    1.085409164428711,
    1.0221493244171143,
    1.020339012145996,
    1.0766969919204712,
    1.0323783159255981,
    0.9759728312492371,
    1.0427701473236084,
    0.9950405359268188,
    0.9629586935043335,
    1.032434344291687,
    0.9637249708175659,
    0.9608322978019714,
    1.0093169212341309,
    0.966890811920166,
    0.9698913097381592,
    1.0426512956619263,
    0.9936627149581909,
    0.9979069232940674,
    1.1193913221359253,
    1.0196175575256348,
    1.0153175592422485,
    1.1079126596450806,
    1.020720362663269,
    0.9664457440376282,
    1.0831232070922852,
    0.9451605081558228,
    0.954532265663147,
    1.0040419101715088,
    0.9295270442962646,
    0.9314324855804443,
    1.0226364135742188,
    0.9236016273498535,
    0.9455798864364624,
    0.9842981100082397,
    0.9240480065345764,
    0.9065595865249634,
    0.9735723733901978,
    0.9204549789428711,
    0.9207239747047424,
    0.9996347427368164,
    0.9928537607192993,
    0.976176917552948,
    1.023822546005249,
    0.967155396938324,
    0.9736225605010986,
    1.0362379550933838,
    0.9688162207603455,
    0.9544544816017151,
    1.0200008153915405,
    0.9791346788406372,
    0.9594027996063232,
    1.0134007930755615,
    0.9577999114990234,
    0.9805237650871277,
    1.0487810373306274,
    0.9739811420440674,
    0.9899437427520752,
    1.0658037662506104,
    1.0025554895401,
    1.0084775686264038,
    1.0434157848358154,
    0.9842209219932556,
    0.9904428124427795,
    1.0579421520233154
  ]
}