{
  "n_frames": 120,
  "scenewise_psnr": 18.211544455415073,
  "scenewise_ssim": 0.40207552121676926,
  "scenewise_lpips": 0.6396025609638956,
  "all_framewise_psnrs": [
    17.501267480368586,
    20.026580821469185,
    21.41932394530537,
    20.260567532953047,
    20.129063821487886,
    19.904478976665946,
    19.860453209426726,
    19.888346283124847,
    19.355747934092683,
    19.570779975739576,
    19.237284795495807,
    19.89106081940911,
    18.973452825241125,
    19.319337784928074,
    19.083363347032392,
    19.503025653930017,
    16.208635420931444,
    17.685065950402613,
    17.518677241147643,
    17.121403429374077,
    17.167953281974327,
    17.403946048301034,
    17.679071280831053,
    17.739997873982635,
    18.327497739982377,
    17.4978156206854,
    17.294019135834134,
    17.062895740199806,
    17.309837032319177,
    16.88845034335695,
    16.365989574740617,
    16.86156293899828,
    17.490969601906535,
    17.608828296955828,
    17.20889307949988,
    18.098669874242365,
    18.477435271986575,
    19.13709539606157,
    18.062551792330005,
    19.001487359350275,
    17.280467163761802,
    18.732732252309027,
    19.08535177052037,
    20.21884251563321,
    20.294470253512884,
    20.07750253515303,
    19.529125465982915,
    19.726922624274437,
    19.027641984059635,
    19.312279976426222,
    18.605436177320836,
    20.050757418166082,
    20.15375524618465,
    19.626271208498625,
    18.642779036505384,
    19.18597002481356,
    18.635323430836817,
    18.607083515757385,
    18.49283774709932,
    18.352972990690134,
    18.045582985452825,
    17.047238669714414,
    16.83845938921454,
    17.518415925675725,
    18.985618799246144,
    17.989461988869518,
    17.63618478399817,
    17.752406289314806,
    18.13694463572656,
    18.872197966600673,
    18.869945548045585,
    19.10964986043509,
    19.258803232388274,
    19.90897373086969,
    19.039491113604655,
    19.187476955257313,
    19.697885137939934,
    18.694004011864504,
    18.399051322093413,
    18.54168729752513,
    17.93777410675502,
    18.035981348804317,
    18.410813065091297,
    20.863111540303755,
    20.989150631526634,
    19.930419613573722,
    19.85731073476552,
    19.345096535408352,
    18.667783226609142,
    18.325448325905562,
    17.675725796645754,
    17.7014274287025,
    17.454334347250587,
    17.651414025919276,
    17.712735515461226,
    18.014583508060777,
    17.080743924457412,
    16.418668241254505,
    16.308228744270437,
    16.721441825376427,
    17.028385394649582,
    16.612431861394153,
    16.73030362486223,
    16.628188168331217,
    16.338766336555096,
    17.144525241501544,
    15.286986144742416,
    16.484128183309448
  ],
  "all_framewise_ssim": [
    0.38096556067466736,
    0.5521835088729858,
    0.6295399069786072,
    0.557816207408905,
    0.5438748598098755,
    0.4980602264404297,
    0.5192797780036926,
    0.5284101366996765,
    0.4757519066333771,
    0.4921870231628418,
    0.4661688804626465,
    0.5619599223136902,
    0.4673593044281006,
    0.5237917900085449,
    0.48746761679649353,
    0.5412924885749817,
    0.26478874683380127,
    0.3659874200820923,
    0.3530706465244293,
    0.3245163559913635,
    0.36839985847473145,
    0.39103949069976807,
    0.369476318359375,
    0.3775876760482788,
    0.41276928782463074,
    0.3602108061313629,
    0.365687757730484,
    0.364774614572525,
    0.361527681350708,
    0.33887556195259094,
    0.2644111216068268,
    0.28848162293434143,
    0.3309536874294281,
    0.41438305377960205,
    0.3953682482242584,
    0.4022221565246582,
    0.3833286464214325,
    0.3813745975494385,
    0.3207988739013672,
    0.39111196994781494,
    0.34334561228752136,
    0.3530636727809906,
    0.3680812120437622,
    0.42716774344444275,
    0.4133893549442291,
    0.40017226338386536,
    0.3573943078517914,
    0.35591039061546326,
    0.3178144693374634,
    0.34509918093681335,
    0.3000810444355011,
    0.4057842195034027,
    0.3937929570674896,
    0.37332025170326233,
    0.3092896640300751,
    0.36156371235847473,
    0.33085721731185913,
    0.34023916721343994,
    0.3482004702091217,
    0.3292677402496338,
    0.32878929376602173,
    0.2668937146663666,
    0.2656213343143463,
    0.2949365973472595,
    0.4063568115234375,
    0.3328358232975006,
    0.317816823720932,
    0.3478456437587738,
    0.3788948953151703,
    0.3980657160282135,
    0.36641010642051697,
    0.42482927441596985,
    0.44811758399009705,
    0.46700677275657654,
    0.4110430181026459,
    0.4391508102416992,
    0.5059311985969543,
    0.4176628887653351,
    0.4231952726840973,
    0.46463367342948914,
    0.4543985426425934,
    0.4771580398082733,
    0.48607274889945984,
    0.5817530155181885,
    0.5552352070808411,
    0.5151985287666321,
    0.4993181526660919,
    0.4567389488220215,
    0.40670251846313477,
    0.42404016852378845,
    0.3936897814273834,
    0.41751304268836975,
    0.3411783277988434,
    0.3347853124141693,
    0.3319791555404663,
    0.36625489592552185,
    0.3307332992553711,
    0.3140159547328949,
    0.31232425570487976,
    0.33503618836402893,
    0.3575418293476105,
    0.36633002758026123,
    0.38202133774757385,
    0.4065587818622589,
    0.419423371553421,
    0.5102751851081848,
    0.3037136495113373,
    0.3596353530883789
  ],