{
  "n_frames": 100,
  "scenewise_psnr": 16.79185638524769,
  "scenewise_ssim": 0.3724436677531706,
  "scenewise_lpips": 0.7026674968004226,
  "all_framewise_psnrs": [
    14.843995522176808,
    14.845563859992541,
    15.499366344861382,
    16.01882443411227,
    15.931929923469095,
    16.431401608801377,
    16.860106625930342,
    17.478605635638782,
    17.48655397168307,
    16.773182072706824,
    16.843631612604966,
    16.213249760058062,
    16.54540990735866,
    17.21473528099735,
    17.732332923010954,
    17.564335963107396,
    18.054500339527266,
    18.021572413731334,
    18.205390733289832,
    17.627529432337536,
    17.0421638479803,
    17.153398852852213,
    17.06483894741066,
    16.97989961580317,
    17.31281712798873,
    17.960020621589724,
    17.86761844608618,
    18.63328561946876,
    17.572719058409795,
    16.642997940256464,
    16.48185956659904,
    15.613565984929371,
    15.113963142474468,
    15.384292561535577,
    15.649541094410209,
    15.917866845034812,
    15.48315131029647,
    15.372431903128144,
    15.475258503522992,
    15.43708363813691,
    15.725866167917166,
    16.609360372363493,
    16.08784862137034,
    15.869349102887874,
    16.038203312602327,
    15.452726643365926,
    15.876634574010156,
    16.32891769210912,
    15.976041956013914,
    17.025114991219073,
    18.245061025067752,
    18.666690799356132,
    17.71781538592476,
    15.158737537579485,
    14.969573291448658,
    15.24534943758634,
    16.614984933261432,
    17.418270266513726,
    17.736948621547395,
    17.68255455386179,
    18.019497017093457,
    17.09987740086932,
    16.60901614215757,
    16.33538935847042,
    15.685973074862458,
    15.240771746294294,
    15.501265704349894,
    16.47530117617419,
    15.700706781662221,
    15.604004414828118,
    15.791226114567756,
    16.30284940376644,
    16.600272068161132,
    16.431361773268705,
    16.295406580157376,
    16.056418337425775,
    18.328765179431223,
    19.99639939578171,
    19.768481224961214,
    19.41517320680493,
    18.629938006398163,
    19.75747002011787,
    19.694810197972224,
    19.77063955269323,
    18.554374900829927,
    17.02833601637869,
    17.43359959671378,
    18.05365795582569,
    17.075312995404268,
    16.10013054868274,
    17.857455935376436,
    18.483281066351317,
    18.37543876532999,
    18.6654052951238,
    18.71652409827761,
    18.48289058843954,
    18.098290821980562,
    17.36474429672517,
    17.06611857334545,
    17.273502117489585
  ],
  "all_framewise_ssim": [
    0.2741716206073761,
    0.27415791153907776,
    0.3130996525287628,
    0.3495147228240967,
    0.3507317006587982,
    0.3193013370037079,
    0.29949912428855896,
    0.3234800100326538,
    0.3446411192417145,
    0.3499140739440918,
    0.3710080087184906,
    0.3813444674015045,
    0.3479486405849457,
    0.3542744219303131,
    0.3571532964706421,
    0.3493588864803314,
    0.3708706796169281,
    0.3818199634552002,
    0.3997701406478882,
    0.41089555621147156,
    0.39988625049591064,
    0.37170204520225525,
    0.36079391837120056,
    0.36782756447792053,
    0.35699304938316345,
    0.37290671467781067,
    0.39150214195251465,
    0.3812202513217926,
    0.3394171893596649,
    0.3096074163913727,
    0.2877558767795563,
    0.267962783575058,
    0.26294609904289246,
    0.2837912142276764,
    0.31343695521354675,
    0.3132108747959137,
    0.2999652922153473,
    0.3113936185836792,
    0.30364057421684265,
    0.3185379207134247,
    0.36238348484039307,
    0.414169043302536,
    0.39187952876091003,
    0.39628300070762634,
    0.40482592582702637,
    0.3828589916229248,
    0.40332964062690735,
    0.42343637347221375,
    0.3757030665874481,
    0.375522643327713,
    0.40593421459198,
    0.38775643706321716,
    0.3700582683086395,
    0.2769729793071747,
    0.26995205879211426,
    0.3016987144947052,
    0.3543102741241455,
    0.376300185918808,
    0.38768139481544495,
    0.36039212346076965,
    0.3392373025417328,
    0.3416861593723297,
    0.3664994537830353,
    0.33659663796424866,
    0.2902856171131134,
    0.2698453664779663,
    0.2964445948600769,
    0.34391698241233826,
    0.3271101713180542,
    0.3118918836116791,
    0.350306898355484,
    0.3732652962207794,
    0.4038158357143402,
    0.3774990141391754,
    0.3662954568862915,
    0.3733682632446289,
    0.39366960525512695,
    0.4203323423862457,
    0.4124106466770172,
    0.42522576451301575,
    0.4534345865249634,
    0.4309420585632324,
    0.4899124205112457,
    0.5494176745414734,
    0.5087462067604065,
    0.48504742980003357,
    0.5734897255897522,
    0.6728412508964539,
    0.5144054889678955,
    0.3790379464626312,
    0.4224488437175751,
    0.420985609292984,
    0.43250536918640137,
    0.4025612771511078,
    0.3904416561126709,
    0.3925400972366333,
    0.39365020394325256,
    0.3606591522693634,
    0.34681645035743713,
    0.35569772124290466
  ],
  "all_framewise_lpips": [
    0.7460634112358093,
    0.7417938709259033,
    0.7166808843612671,
    0.7059950828552246,
    0.7200235724449158,
    0.7307075262069702,
    0.7404997944831848,
    0.7256930470466614,
    0.7273068428039551,
    0.7339382767677307,
    0.7201817631721497,
    0.7107710838317871,
    0.726486325263977,
    0.7506169676780701,
    0.7486279010772705,
    0.7420234084129333,
    0.7250314354896545,
    0.7054125070571899,
    0.7039003372192383,
    0.6895813941955566,
    0.6906355619430542,
    0.7217308282852173,
    0.7257992029190063,
    0.723921537399292,
    0.731546938419342,
    0.7013775110244751,
    0.6917217969894409,
    0.7091357111930847,
    0.7112410664558411,
    0.7343483567237854,
    0.7334478497505188,
    0.7436415553092957,
    0.7178202867507935,
    0.72282874584198,
    0.7190528512001038,
    0.7213217616081238,
    0.7436257004737854,
    0.7347937226295471,
    0.723692774772644,
    0.7170417308807373,
    0.6868656873703003,
    0.6458414196968079,
    0.6770703196525574,
    0.7035497426986694,
    0.6962934732437134,
    0.6709059476852417,
    0.6725618839263916,
    0.608967661857605,
    0.6439492702484131,
    0.6617001891136169,
    0.6928551197052002,
    0.7304448485374451,
    0.7185527086257935,
    0.7535809278488159,
    0.7627688050270081,
    0.6969947814941406,
    0.6888741254806519,
    0.6964898705482483,
    0.6935602426528931,
    0.7086364030838013,
    0.7266399264335632,
    0.7063040137290955,
    0.699874758720398,
    0.710847020149231,
    0.731055498123169,
    0.7290285229682922,
    0.727072536945343,
    0.7091874480247498,
    0.720833420753479,
    0.7223411798477173,
    0.6845752000808716,
    0.6822641491889954,
    0.6749572157859802,
    0.7114917635917664,
    0.7232780456542969,
    0.6711276173591614,
    0.7124605178833008,
    0.7029942274093628,
    0.6948391199111938,
    0.6952539086341858,
    0.6931195855140686,
    0.7340796589851379,
    0.6609593033790588,
    0.6552133560180664,
    0.6856246590614319,
    0.6321772336959839,
    0.5565048456192017,
    0.5040019750595093,
    0.6218141913414001,
    0.6575272083282471,
    0.6694662570953369,
    0.6712903380393982,
    0.684135377407074,
    0.7124688029289246,
    0.7137970924377441,
    0.6996804475784302,
    0.7018921375274658,
    0.7020232081413269,
    0.7085024118423462,
    0.7255211472511292
  ]
}