{
  "n_frames": 87,
  "scenewise_psnr": 18.34204997632153,
  "scenewise_ssim": 0.36149799326608445,
  "scenewise_lpips": 0.6090448772770235,
  "all_framewise_psnrs": [
    17.583480413857064,
    19.244720288276188,
    18.78913281505175,
    19.04596013452024,
    18.28944530779417,
    19.31120298267813,
    18.15105164193836,
    19.923406247249517,
    17.480055304497412,
    17.504709334847718,
    16.953684763733968,
    18.324412844083135,
    18.432778067282435,
    18.447013585984248,
    18.694625957516486,
    18.941048133827405,
    18.949644048703313,
    19.855055318483544,
    18.482877183320095,
    19.650262563385642,
    18.083332952419564,
    17.123317522954405,
    16.579734029756654,
    16.59880170804193,
    17.400513298368303,
    17.416403302371688,
    17.049935583180968,
    17.62101717886623,
    19.028066863042547,
    18.104675948109346,
    19.97035770122742,
    19.239525921473472,
    18.894496261641887,
    18.36208904617316,
    17.75120115676494,
    19.286509330619847,
    18.982997641907662,
    18.893889860211747,
    18.997579722537697,
    19.25088406335931,
    16.53975907906952,
    18.645424998328156,
    19.478121421018706,
    20.37297404794833,
    19.59324700660504,
    20.136791980158655,
    20.3892979409969,
    18.795267096066755,
    19.036234619140494,
    19.25041775833014,
    19.791657824279206,
    19.63894367643755,
    19.643706752155914,
    19.154910108753626,
    19.236589918188816,
    18.528443160328184,
    19.252761362455487,
    19.160010525215892,
    19.027215206837834,
    18.449655539972692,
    18.8872002963152,
    18.582453401187323,
    18.61589390756293,
    18.412768457741134,
    18.88435722835245,
    18.20402879160379,
    17.737759624230442,
    17.592546460418713,
    17.5939672689635,
    17.420100518519206,
    17.622562440384254,
    17.575185307048308,
    17.145090289193718,
    17.002570767740956,
    17.956151507936838,
    17.60558587283295,
    16.824794570670353,
    17.67191811450109,
    17.476433396564623,
    17.634220365953315,
    18.01502753987392,
    18.09105966473314,
    18.523021323045988,
    18.19798746813102,
    17.917239632740433,
    17.9311110601532,
    18.235888801514598
  ],
  "all_framewise_ssim": [
    0.3691328763961792,
    0.4414485692977905,
    0.4250546395778656,
    0.45030853152275085,
    0.38537463545799255,
    0.41913631558418274,
    0.33893218636512756,
    0.45896103978157043,
    0.3390691578388214,
    0.3192276656627655,
    0.2580195367336273,
    0.30386707186698914,
    0.38086560368537903,
    0.37370216846466064,
    0.4011740982532501,
    0.41075456142425537,
    0.4377671182155609,
    0.49110424518585205,
    0.49339571595191956,
    0.5260877013206482,
    0.4558579921722412,
    0.33784833550453186,
    0.25830891728401184,
    0.2671772241592407,
    0.34479090571403503,
    0.3358163833618164,
    0.2941082715988159,
    0.2916041612625122,
    0.4167053997516632,
    0.33720123767852783,
    0.46494320034980774,
    0.43988749384880066,
    0.4114615023136139,
    0.36893901228904724,
    0.37063661217689514,
    0.43810972571372986,
    0.4373730421066284,
    0.42924895882606506,
    0.4501727521419525,
    0.43763628602027893,
    0.2661993205547333,
    0.39025190472602844,
    0.3889840543270111,
    0.44642624258995056,
    0.4026382863521576,
    0.4286588132381439,
    0.4615110456943512,
    0.3705510199069977,
    0.3636576235294342,
    0.3795987665653229,
    0.4027492105960846,
    0.3810258209705353,
    0.3970572054386139,
    0.3496370017528534,
    0.34304121136665344,
    0.3140665292739868,
    0.35135409235954285,
    0.3308906853199005,
    0.35306334495544434,
    0.35383081436157227,
    0.372823029756546,
    0.3785463571548462,
    0.37815359234809875,
    0.3275761902332306,
    0.35647284984588623,
    0.3008244037628174,
    0.25604236125946045,
    0.26203179359436035,
    0.2544773817062378,
    0.2619536817073822,
    0.26950815320014954,
    0.3170110881328583,
    0.28933951258659363,
    0.26791444420814514,
    0.3340275287628174,
    0.2803367078304291,
    0.24314063787460327,
    0.2763526439666748,
    0.25264647603034973,
    0.26973700523376465,
    0.29360172152519226,
    0.30404719710350037,
    0.3393392860889435,
    0.30831289291381836,
    0.2984102666378021,
    0.34278932213783264,
    0.37353840470314026
  ],
  "all_framewise_lpips": [
    0.5351920127868652,
    0.44876915216445923,
    0.43096357583999634,
    0.46780580282211304,
    0.4979410767555237,
    0.5029404163360596,
    0.5464432239532471,
    0.5444566607475281,
    0.6173939108848572,
    0.6234008073806763,
    0.7015601396560669,
    0.6838344931602478,
    0.6345918774604797,
    0.6549677848815918,
    0.6528183221817017,
    0.6748971939086914,
    0.6600532531738281,
    0.6073766946792603,
    0.6127285361289978,
    0.5924999713897705,
    0.6545526385307312,
    0.7069563269615173,
    0.7175530195236206,
    0.7104576826095581,
    0.6612311005592346,
    0.6587446331977844,
    0.6667460203170776,
    0.7208020687103271,
    0.6328850984573364,
    0.6386247873306274,
    0.5746005773544312,
    0.5525330901145935,
    0.5537348389625549,
    0.6105810403823853,
    0.60808265209198,
    0.6051681041717529,
    0.5885502696037292,
    0.5755215883255005,
    0.596470057964325,
    0.6441542506217957,
    0.6883600950241089,
    0.620333194732666,
    0.5766366124153137,
    0.5700144171714783,
    0.5722233653068542,
    0.5963960886001587,
    0.5426208972930908,
    0.5746929049491882,
    0.6113241314888,
    0.5692734122276306,
    0.5886990427970886,
    0.6295175552368164,
    0.5671335458755493,
    0.5708064436912537,
    0.5701867341995239,
    0.5290577411651611,
    0.5147765278816223,
    0.5660276412963867,
    0.5161521434783936,
    0.5163732171058655,
    0.5363926887512207,
    0.5076173543930054,
    0.5060527324676514,
    0.5752531290054321,
    0.577791690826416,
    0.6309118270874023,
    0.6759966611862183,
    0.6502581238746643,
    0.6697860360145569,
    0.7242929339408875,
    0.6470411419868469,
    0.6259239315986633,
    0.6659894585609436,
    0.665944516658783,
    0.6288020014762878,
    0.6951074004173279,
    0.6887646913528442,
    0.6727361083030701,
    0.7523207664489746,
    0.7186614871025085,
    0.6857845187187195,
    0.6239326000213623,
    0.5926356911659241,
    0.6223830580711365,
    0.6451735496520996,
    0.5805007815361023,
    0.5616589784622192
  ]
}