{
  "n_frames": 100,
  "scenewise_psnr": 13.012279001477365,
  "scenewise_ssim": 0.5795453505826202,
  "scenewise_lpips": 0.8133186477422715,
  "all_framewise_psnrs": [
    12.380484359461686,
    12.668703609585258,
    13.143425195910645,
    13.619612413164567,
    13.568182938043867,
    14.204154187462677,
    14.674892741037745,
    15.072890177782002,
    15.831798220513313,
    15.697583796765635,
    15.379320465998191,
    14.752321440453633,
    14.291079644426556,
    14.350414608825028,
    14.30357694400062,
    14.172896912656896,
    13.827896159097946,
    14.183613635401066,
    14.507156728856906,
    12.244091879751757,
    11.097892708749091,
    11.486245735262973,
    11.936701757551077,
    10.827927786201952,
    11.451633735420506,
    11.723879848766376,
    12.936582008394238,
    13.278392021394716,
    13.399418021887454,
    12.129858826798802,
    9.129359001252865,
    10.540945011867082,
    10.413317053339316,
    10.699193121129403,
    10.707475712456407,
    11.2026274583019,
    11.590046487057577,
    13.601319524458535,
    13.057955016698266,
    14.554646400118818,
    13.020725673864824,
    13.08712776661963,
    12.432442405345721,
    14.142673032158479,
    14.699862757099684,
    13.7274253665906,
    13.322231654915004,
    11.187521548049514,
    10.787587854980465,
    9.878270188393914,
    10.557305740886036,
    12.339759663119862,
    15.262059501745691,
    15.341937888973138,
    14.569406431445435,
    15.293507478146749,
    14.929906020148444,
    15.043651522933988,
    14.799722665276771,
    13.970941692018448,
    12.613703901679658,
    13.460448175145386,
    13.684777832061805,
    13.11598155750021,
    12.652473761589956,
    13.00393240752422,
    13.100950479228917,
    13.275574458494246,
    13.093664015724663,
    11.698644375294327,
    13.455604115812182,
    13.86329101721746,
    13.949866252892429,
    14.196097981988567,
    13.14738471857385,
    10.602122387859277,
    11.395658814309193,
    11.754829217656535,
    12.376103157436978,
    12.34084285849389,
    14.234378122634627,
    12.697289040289931,
    15.191468702999657,
    14.308519281840852,
    15.257184606737951,
    14.466446537371485,
    13.116766727223247,
    13.392690907017023,
    13.645091637832989,
    13.85474220554045,
    14.97353377957027,
    15.077808525499698,
    15.633489440411413,
    15.158303212254019,
    14.869363169824208,
    15.616507642833792,
    14.639879183523385,
    14.50017938265657,
    12.269339718725124,
    12.2110046395332
  ],
  "all_framewise_ssim": [
    0.4772360324859619,
    0.5191193222999573,
    0.5361902713775635,
    0.5182839035987854,
    0.5207507014274597,
    0.5477443933486938,
    0.5576117038726807,
    0.5687931180000305,
    0.5728743076324463,
    0.5685177445411682,
    0.5657035708427429,
    0.572899341583252,
    0.5847446322441101,
    0.6009159684181213,
    0.6053116321563721,
    0.5977365970611572,
    0.5944201350212097,
    0.5755710005760193,
    0.5536099076271057,
    0.5381247401237488,
    0.5035187602043152,
    0.4658634662628174,
    0.4541601836681366,
    0.4455512762069702,
    0.48855897784233093,
    0.48475781083106995,
    0.5319390892982483,
    0.5290965437889099,
    0.5251607298851013,
    0.5516323447227478,
    0.4925403594970703,
    0.5231303572654724,
    0.5012794733047485,
    0.5273856520652771,
    0.5822853446006775,
    0.5884379744529724,
    0.5951468348503113,
    0.6199148297309875,
    0.6246774196624756,
    0.6430668234825134,
    0.6107544302940369,
    0.6089739203453064,
    0.5977026224136353,
    0.6673285961151123,
    0.6837422251701355,
    0.6016911864280701,
    0.59316086769104,
    0.5020831227302551,
    0.48235324025154114,
    0.4956132471561432,
    0.5593905448913574,
    0.5493887066841125,
    0.6087833642959595,
    0.613791286945343,
    0.6432669162750244,
    0.6488103270530701,
    0.6217278838157654,
    0.5882146954536438,
    0.5623510479927063,
    0.5733774304389954,
    0.5643990635871887,
    0.6083313822746277,
    0.6022738814353943,
    0.5783699750900269,
    0.5535303950309753,
    0.5611865520477295,
    0.539976179599762,
    0.5436732172966003,
    0.5351443886756897,
    0.5036051869392395,
    0.5427181124687195,
    0.5667652487754822,
    0.5680822730064392,
    0.5914090871810913,
    0.5710414052009583,
    0.5430528521537781,
    0.5605013370513916,
    0.5978367328643799,
    0.624081552028656,
    0.633014976978302,
    0.6592250466346741,
    0.617195188999176,
    0.6454560160636902,
    0.6171259880065918,
    0.641568124294281,
    0.6569333076477051,
    0.6378157138824463,
    0.6231780052185059,
    0.6512433886528015,
    0.6525050401687622,
    0.6772705912590027,
    0.6817581057548523,
    0.6809096336364746,
    0.6456215977668762,
    0.6687644124031067,
    0.6614136099815369,
    0.6073166728019714,
    0.6213900446891785,
    0.5603618025779724,
    0.5068112015724182
  ],
  "all_framewise_lpips": [
    0.826514482498169,
    0.8202464580535889,
    0.8283582329750061,
    0.8339844346046448,
    0.8142330646514893,
    0.8225799798965454,
    0.831794023513794,
    0.8206188082695007,
    0.8044352531433105,
    0.7984004616737366,
    0.8000673055648804,
    0.8095059394836426,
    0.830747663974762,
    0.8087301850318909,
    0.8085899353027344,
    0.8333749771118164,
    0.8076901435852051,
    0.8376579880714417,
    0.857016921043396,
    0.8598222732543945,
    0.8742967844009399,
    0.8944375514984131,
    0.8745914101600647,
    0.8761162757873535,
    0.8992626667022705,
    0.8943182826042175,
    0.8338873982429504,
    0.8547824621200562,
    0.8510956168174744,
    0.8329980969429016,
    0.8619911074638367,
    0.8061049580574036,
    0.8143426179885864,
    0.8093977570533752,
    0.756315290927887,
    0.7781801223754883,
    0.8212181329727173,
    0.808996856212616,
    0.7840928435325623,
    0.7974746227264404,
    0.7945195436477661,
    0.8130716681480408,
    0.8410717248916626,
    0.787443220615387,
    0.7749878764152527,
    0.8270096182823181,
    0.8094824552536011,
    0.8255500793457031,
    0.8427575826644897,
    0.8160099387168884,
    0.8307170271873474,
    0.8539971113204956,
    0.8166524171829224,
    0.7916615009307861,
    0.7963740825653076,
    0.7885382175445557,
    0.8252648711204529,
    0.8520694971084595,
    0.8187252879142761,
    0.8206514120101929,
    0.846263587474823,
    0.8146333694458008,
    0.8123003840446472,
    0.8347666263580322,
    0.8292444944381714,
    0.8308026194572449,
    0.8557576537132263,
    0.8448575735092163,
    0.8458600044250488,
    0.8749711513519287,
    0.8421915173530579,
    0.781853973865509,
    0.7875822186470032,
    0.7524411082267761,
    0.7929928302764893,
    0.8404732942581177,
    0.8103668093681335,
    0.7847096920013428,
    0.7902929782867432,
    0.7685697078704834,
    0.7445666193962097,
    0.805343747138977,
    0.7669453620910645,
    0.7663391828536987,
    0.7757540941238403,
    0.7535949349403381,
    0.761448860168457,
    0.8038827180862427,
    0.7591519355773926,
    0.7447853088378906,
    0.7577255964279175,
    0.732919454574585,
    0.7402026653289795,
    0.7772947549819946,
    0.7413102984428406,
    0.7655677795410156,
    0.8384778499603271,
    0.792631983757019,
    0.8390679955482483,
    0.8190975189208984
  ]
}