{
  "n_frames": 100,
  "scenewise_psnr": 24.54890588158785,
  "scenewise_ssim": 0.7035109295179467,
  "scenewise_lpips": 0.33996666431427003,
  "all_framewise_psnrs": [
    25.567439084664294,
    25.147712177783262,
    25.364967760571083,
    24.45862897004529,
    25.724697388522245,
    26.251680587683598,
    25.99294857854099,
    24.879615286308375,
    24.90299014595504,
    24.70739472122436,
    24.834404192417306,
    25.10906357519061,
    24.531612070781875,
    24.825689042630266,
    24.184480311019556,
    25.64277739784703,
    25.259771073985572,
    25.449936237622342,
    25.43953468148464,
    25.11754523684385,
    24.457115623160277,
    25.762536498169382,
    25.36421972158307,
    24.595559172089988,
    24.19895600945061,
    24.976045518386233,
    24.718467298646132,
    25.128423105628336,
    26.005219060558566,
    26.154687079359075,
    26.086543112238022,
    25.747687382135265,
    26.93458330201961,
    27.523073020682073,
    27.405501196715015,
    26.73503367304098,
    26.65297897687221,
    25.99928917734379,
    25.252236962991166,
    25.401021442684602,
    24.644101712407892,
    25.19568179318,
    22.29359478133815,
    24.920563566698135,
    24.918513547229534,
    25.584432530737537,
    24.310532997576143,
    23.60317337163355,
    23.514685207707657,
    25.058723701866516,
    25.50684278459499,
    25.05946501219288,
    25.60403087293161,
    25.082253779282016,
    23.82040561018345,
    24.330692896689733,
    24.22923309588721,
    23.40132846527029,
    23.30931961906499,
    21.710456972025337,
    22.94997229991873,
    24.640321855814232,
    24.85518428642978,
    24.627453926193464,
    24.79601505006634,
    24.788031207863284,
    24.16873617722549,
    23.687341679494864,
    23.81154962099729,
    23.278664791357322,
    22.98770346061528,
    23.670375507490537,
    24.771711180017356,
    26.158175444113073,
    25.90814564547713,
    25.338860335844743,
    25.11249927452518,
    24.625125539668193,
    24.26510743948868,
    24.65748040376605,
    24.09686394181028,
    23.571575822448242,
    21.755034788492182,
    22.730245216224645,
    22.465994283003244,
    22.901541831773837,
    22.485629660669094,
    22.382096005548107,
    22.293863994966433,
    22.545134819306924,
    23.028946374316057,
    23.916521588315966,
    24.84221849803779,
    24.24491254760005,
    25.293877117545556,
    25.427643992121304,
    24.872960241524986,
    26.68772006384316,
    27.068656096984096,
    26.341528984783523
  ],
  "all_framewise_ssim": [
    0.7469892501831055,
    0.7492713928222656,
    0.743391215801239,
    0.7097248435020447,
    0.7277765870094299,
    0.725182056427002,
    0.7132623791694641,
    0.6839175224304199,
    0.6679201126098633,
    0.6433433890342712,
    0.6678876280784607,
    0.6743460297584534,
    0.6426095366477966,
    0.6445315480232239,
    0.6330096125602722,
    0.6647911071777344,
    0.6701407432556152,
    0.6716182827949524,
    0.6477009654045105,
    0.6482320427894592,
    0.6461136937141418,
    0.6911039352416992,
    0.6629979014396667,
    0.6224550604820251,
    0.6141529083251953,
    0.6486719250679016,
    0.6277337670326233,
    0.6203698515892029,
    0.6499399542808533,
    0.6602572798728943,
    0.6506561636924744,
    0.6381198763847351,
    0.659702479839325,
    0.7017483711242676,
    0.7226166725158691,
    0.7088527679443359,
    0.6773882508277893,
    0.6483727097511292,
    0.6413307785987854,
    0.6673911213874817,
    0.63114994764328,
    0.6656651496887207,
    0.634096086025238,
    0.6427952647209167,
    0.6288632750511169,
    0.6489453315734863,
    0.630717933177948,
    0.6177406907081604,
    0.6898230910301208,
    0.7587544918060303,
    0.776469886302948,
    0.7668221592903137,
    0.7774544358253479,
    0.7601403594017029,
    0.7240421772003174,
    0.7533339858055115,
    0.7334981560707092,
    0.7399482131004333,
    0.7477154731750488,
    0.6916905045509338,
    0.7237553596496582,
    0.7467148303985596,
    0.7488560676574707,
    0.7379186749458313,
    0.7502346038818359,
    0.766301155090332,
    0.7609013915061951,
    0.7757784724235535,
    0.7746898531913757,
    0.7461875081062317,
    0.7247529029846191,
    0.7562329173088074,
    0.8069093823432922,
    0.8236739635467529,
    0.8102149963378906,
    0.7915293574333191,
    0.770211935043335,
    0.7561731934547424,
    0.7414771914482117,
    0.7354851365089417,
    0.7254759669303894,
    0.7110999226570129,
    0.6556320190429688,
    0.7000679969787598,
    0.6970441341400146,
    0.7097333073616028,
    0.7168891429901123,
    0.7226430773735046,
    0.7188408374786377,
    0.7167167663574219,
    0.7761216163635254,
    0.757821798324585,
    0.7571918964385986,
    0.7201433777809143,
    0.7247069478034973,
    0.6041181087493896,
    0.5969144701957703,
    0.6588799357414246,
    0.6706265807151794,
    0.6627312898635864
  ],
  "all_framewise_lpips": [
    0.30641624331474304,
    0.27777406573295593,
    0.28737494349479675,
    0.2951640784740448,
    0.29445338249206543,
    0.3041972219944,
    0.31883591413497925,
    0.33636295795440674,
    0.361592561006546,
    0.4170989394187927,
    0.4029788374900818,
    0.39502671360969543,
    0.39473482966423035,
    0.37972164154052734,
    0.3623391091823578,
    0.373882532119751,
    0.35779866576194763,
    0.3645792305469513,
    0.3840286135673523,
    0.36915409564971924,
    0.3534446656703949,
    0.35895100235939026,
    0.37598809599876404,
    0.39204442501068115,
    0.3856920599937439,
    0.3544670343399048,
    0.36543598771095276,
    0.39426085352897644,
    0.3821890950202942,
    0.36911365389823914,
    0.3813326060771942,
    0.4041091203689575,
    0.4046321511268616,
    0.3763396739959717,
    0.34164270758628845,
    0.33828485012054443,
    0.3601909279823303,
    0.3913551867008209,
    0.40647661685943604,
    0.4581574499607086,
    0.4170950949192047,
    0.3762124180793762,
    0.3797270953655243,
    0.37189286947250366,
    0.3850644528865814,
    0.3774820864200592,
    0.32109731435775757,
    0.3344874978065491,
    0.32063400745391846,
    0.29920679330825806,
    0.30143555998802185,
    0.3009139597415924,
    0.2926599383354187,
    0.29881054162979126,
    0.35588717460632324,
    0.324087917804718,
    0.34720519185066223,
    0.33153846859931946,
    0.3409744203090668,
    0.39341720938682556,
    0.37111911177635193,
    0.3305184245109558,
    0.3390307128429413,
    0.356698215007782,
    0.33415934443473816,
    0.31905001401901245,
    0.32092010974884033,
    0.29142117500305176,
    0.28632569313049316,
    0.3059200644493103,
    0.312350869178772,
    0.3016531467437744,
    0.2865680456161499,
    0.29340407252311707,
    0.288921982049942,
    0.2979913353919983,
    0.2963157594203949,
    0.30340421199798584,
    0.3094240725040436,
    0.3045269250869751,
    0.31084275245666504,
    0.3098296821117401,
    0.31834352016448975,
    0.30073314905166626,
    0.3025500178337097,
    0.2978370487689972,
    0.29154855012893677,
    0.27647316455841064,
    0.27503132820129395,
    0.27754372358322144,
    0.2663915157318115,
    0.299408495426178,
    0.3102834224700928,
    0.3187900483608246,
    0.3068173825740814,
    0.3734012246131897,
    0.4041893482208252,
    0.36149120330810547,
    0.3509041965007782,
    0.34708061814308167
  ]
}