{
  "n_frames": 100,
  "scenewise_psnr": 16.31721214765397,
  "scenewise_ssim": 0.23164512200577292,
  "scenewise_lpips": 0.8940698158740997,
  "all_framewise_psnrs": [
    16.27980028853079,
    17.112460494768754,
    17.066457373086305,
    16.918986585697,
    14.72139139192532,
    16.27861992718568,
    16.47511902020556,
    16.298107540842164,
    16.819361582699234,
    15.957511229414681,
    15.68027252906489,
    16.494897136909962,
    16.634189348115502,
    16.731301242966033,
    15.892255934802591,
    15.997848185969763,
    16.361812850903856,
    16.65524291991019,
    16.677025665578043,
    16.444589449715867,
    16.10953401890007,
    16.769894834617048,
    17.408071338006792,
    16.819895201825457,
    16.889246638993672,
    17.42157858904729,
    15.846914993530545,
    16.140001278895756,
    16.43362906755006,
    16.220367660669094,
    15.782813687273814,
    16.352647394495317,
    16.103343576906383,
    15.161429625341178,
    16.06972639244367,
    15.88282308691399,
    16.310927315214595,
    15.933980039588569,
    15.568070621225038,
    14.726442575207674,
    15.310252840333956,
    15.142297996909647,
    16.028187826409063,
    14.927003736440819,
    16.263616766606862,
    16.53016885807729,
    17.986459957031002,
    17.632215567365726,
    16.075611488313882,
    15.16938877412761,
    17.13640765688982,
    16.324944775140356,
    16.34035044974757,
    16.65933051476046,
    16.69222377214786,
    16.477828794799386,
    14.959716736416304,
    15.37353351762598,
    15.916321198141627,
    15.713140133739936,
    15.899882387419142,
    15.713435272262604,
    17.02925144204062,
    18.245041313897076,
    17.102197090944497,
    15.707705514153345,
    15.483869290019632,
    15.956177441636758,
    16.516960560788082,
    16.773485304003653,
    16.034941029962376,
    16.20470042383094,
    16.201401098678375,
    15.04774380068078,
    16.38185158422569,
    16.40773797968185,
    16.039654833506727,
    16.570919000785807,
    16.66739220848561,
    17.328243743769985,
    17.103572060939403,
    17.245436486436187,
    16.507711519994,
    16.25288027428395,
    17.07682267097578,
    17.097749687354103,
    17.237759871012884,
    17.57178891073388,
    17.315609174694973,
    17.263027635035037,
    17.27631306497973,
    17.114514674040137,
    16.663973906891233,
    16.926992072734926,
    16.580228695507063,
    16.549826654608474,
    16.601256160208223,
    16.317848962235576,
    15.58658943010655,
    15.657830309275438
  ],
  "all_framewise_ssim": [
    0.20526908338069916,
    0.25146082043647766,
    0.23326261341571808,
    0.23447978496551514,
    0.2098865956068039,
    0.22208040952682495,
    0.20870612561702728,
    0.2109707146883011,
    0.19295702874660492,
    0.21593330800533295,
    0.20870018005371094,
    0.21236832439899445,
    0.19825005531311035,
    0.22292524576187134,
    0.22486774623394012,
    0.19849435985088348,
    0.20603854954242706,
    0.2293994426727295,
    0.23248271644115448,
    0.23306100070476532,
    0.2035464644432068,
    0.26610803604125977,
    0.26305726170539856,
    0.24278223514556885,
    0.22472624480724335,
    0.23966670036315918,
    0.23172008991241455,
    0.22986049950122833,
    0.2088044434785843,
    0.24157465994358063,
    0.2262347936630249,
    0.21958565711975098,
    0.19651348888874054,
    0.20690147578716278,
    0.21630065143108368,
    0.2122020274400711,
    0.22759617865085602,
    0.2339717149734497,
    0.21639235317707062,
    0.21838070452213287,
    0.21189476549625397,
    0.25952985882759094,
    0.28579390048980713,
    0.2563115656375885,
    0.2169659584760666,
    0.2527858316898346,
    0.26665353775024414,
    0.25924962759017944,
    0.2260676771402359,
    0.23661673069000244,
    0.2670785188674927,
    0.23599815368652344,
    0.23165448009967804,
    0.24800831079483032,
    0.2722134590148926,
    0.2678432762622833,
    0.2338947057723999,
    0.24556200206279755,
    0.23017902672290802,
    0.22912950813770294,
    0.20947831869125366,
    0.2184312343597412,
    0.231251522898674,
    0.24914544820785522,
    0.2241891622543335,
    0.24291884899139404,
    0.23755870759487152,
    0.24313123524188995,
    0.21576589345932007,
    0.2519705593585968,
    0.23525726795196533,
    0.22381137311458588,
    0.1696774959564209,
    0.2102067470550537,
    0.2335810661315918,
    0.22773484885692596,
    0.1920093148946762,
    0.21565091609954834,
    0.20804007351398468,
    0.24029338359832764,
    0.19314521551132202,
    0.21472911536693573,
    0.20547400414943695,
    0.21196161210536957,
    0.2652464807033539,
    0.2595691978931427,
    0.23602111637592316,
    0.2486754208803177,
    0.2333056926727295,
    0.24717289209365845,
    0.25710272789001465,
    0.23360787332057953,
    0.19173552095890045,
    0.2415790557861328,
    0.2677668631076813,
    0.2731938064098358,
    0.27318739891052246,
    0.2701944410800934,
    0.24851445853710175,
    0.2839692533016205
  ],
  "all_framewise_lpips": [
    0.9413878917694092,
    0.9017557501792908,
    0.8974864482879639,
    0.8964124917984009,
    0.9126782417297363,
    0.9314371347427368,
    0.9252627491950989,
    0.9113227725028992,
    0.9474877715110779,
    0.8947355151176453,
    0.9076759815216064,
    0.8894311189651489,
    0.9050361514091492,
    0.8790090680122375,
    0.9212883710861206,
    0.9001530408859253,
    0.8968310356140137,
    0.8583735227584839,
    0.8639653325080872,
    0.8650572299957275,
    0.9007903337478638,
    0.8462756872177124,
    0.8603790402412415,
    0.8622024655342102,
    0.8888446092605591,
    0.8563075065612793,
    0.9137153625488281,
    0.9000586867332458,
    0.9195287227630615,
    0.8759641647338867,
    0.901055634021759,
    0.88576340675354,
    0.9072765111923218,
    0.897254228591919,
    0.8673245906829834,
    0.8712459802627563,
    0.8726615905761719,
    0.8550736904144287,
    0.874057412147522,
    0.8529872894287109,
    0.8965933918952942,
    0.8236841559410095,
    0.8114808797836304,
    0.8919989466667175,
    0.904362678527832,
    0.8791035413742065,
    0.8466971516609192,
    0.836086094379425,
    0.933436393737793,
    0.8981028199195862,
    0.8929458856582642,
    0.9111683964729309,
    0.8938116431236267,
    0.8637288212776184,
    0.8421376943588257,
    0.8472797870635986,
    0.9461984038352966,
    0.9110912680625916,
    0.8884977102279663,
    0.9246329069137573,
    0.9445652365684509,
    0.9161993861198425,
    0.9206922054290771,
    0.90224289894104,
    0.9366544485092163,
    0.896401584148407,
    0.8979573845863342,
    0.8903043270111084,
    0.9450017213821411,
    0.8932379484176636,
    0.8771134614944458,
    0.8955500721931458,
    0.963508129119873,
    0.8855655789375305,
    0.8813273906707764,
    0.8585167527198792,
    0.902301549911499,
    0.8882806897163391,
    0.8957775831222534,
    0.869805097579956,
    0.9302310943603516,
    0.8847944736480713,
    0.9240952730178833,
    0.8902247548103333,
    0.8982924818992615,
    0.8892331123352051,
    0.9115382432937622,
    0.8902550339698792,
    0.9189985990524292,
    0.8963468670845032,
    0.8872777819633484,
    0.9087404012680054,
    0.9644138813018799,
    0.902999997138977,
    0.8834435939788818,
    0.9039455056190491,
    0.9031344652175903,
    0.9042418003082275,
    0.9139043092727661,
    0.8412733674049377
  ]
}