{
  "n_frames": 100,
  "scenewise_psnr": 16.0293273295404,
  "scenewise_ssim": 0.4866432322679515,
  "scenewise_lpips": 0.6276468044519424,
  "all_framewise_psnrs": [
    15.498391584456957,
    15.49512857604837,
    15.457415745439514,
    15.377373233355257,
    15.374061287736566,
    15.377113184665326,
    15.296706769972342,
    15.330915957440908,
    15.49099518663785,
    15.44086020909445,
    15.331952692558744,
    15.322471166334282,
    15.075719837802461,
    15.24270357604353,
    15.319938724816662,
    15.351642074460038,
    15.540999092641075,
    15.933057763968122,
    15.98354888437842,
    16.131375374993596,
    15.869856631754335,
    15.778054021426504,
    15.875208669926817,
    15.791283203621838,
    15.772148587879702,
    15.831099966794058,
    15.492906934725621,
    15.363190691696504,
    15.572827623934618,
    15.910995585348065,
    16.96483719038779,
    16.84095346656434,
    16.974060044721526,
    16.710144371043594,
    16.314622196290166,
    17.412771650002796,
    16.900727533284826,
    16.61286054501597,
    15.998484597068751,
    15.950734300962527,
    15.807199462172905,
    16.459321030347674,
    17.042540088135688,
    16.570171634707876,
    16.493026199059354,
    16.237556739799086,
    16.68500642922124,
    16.58446915827899,
    16.286877160292946,
    15.978950356596506,
    15.62369967398906,
    15.303419933823065,
    15.445098042947752,
    15.644356043906686,
    16.148027535242157,
    15.787273755232212,
    15.728884910199564,
    15.768085928232331,
    16.031503103356503,
    16.241231570879236,
    16.18862398597281,
    15.96211998266633,
    16.331172433371428,
    17.32041337583172,
    16.73536534134804,
    16.822790022234027,
    15.390344345749794,
    15.238589161009031,
    14.244570629360133,
    15.350678832783709,
    16.74188865606344,
    17.21135645409077,
    17.26632406191335,
    16.67786467921959,
    15.582026173658504,
    16.22696481886252,
    15.9572911883951,
    15.785402065348698,
    16.268042258210215,
    17.190172225729988,
    17.306109348143806,
    16.699913947901347,
    15.615344122036719,
    15.731931790071158,
    16.348691106366363,
    16.98193442097289,
    17.078385711215738,
    16.151905824077843,
    16.18702902445268,
    16.027864022179237,
    15.829748387297496,
    16.17589709724053,
    15.917580549216716,
    16.038886282603396,
    17.025099495606195,
    17.447671083467736,
    17.206467665722332,
    15.86513740230233,
    16.032611678543795,
    16.2291237771818
  ],
  "all_framewise_ssim": [
    0.4522092640399933,
    0.45471498370170593,
    0.45220717787742615,
    0.4512539803981781,
    0.4510749280452728,
    0.44990089535713196,
    0.45064613223075867,
    0.45528826117515564,
    0.4611104428768158,
    0.45133575797080994,
    0.445141464471817,
    0.45308423042297363,
    0.4458179473876953,
    0.4520995616912842,
    0.4688800871372223,
    0.4756720960140228,
    0.4999143183231354,
    0.5315154194831848,
    0.5596233010292053,
    0.5611942410469055,
    0.5411744117736816,
    0.5290902853012085,
    0.5133351683616638,
    0.5057858824729919,
    0.5032211542129517,
    0.5093358159065247,
    0.5056615471839905,
    0.49893173575401306,
    0.5044617652893066,
    0.4954480826854706,
    0.5201526284217834,
    0.547095775604248,
    0.5934435725212097,
    0.5868880748748779,
    0.5726484656333923,
    0.5666790008544922,
    0.5404356122016907,
    0.5171244740486145,
    0.47687283158302307,
    0.45866820216178894,
    0.4755500853061676,
    0.5328441262245178,
    0.5442685484886169,
    0.5209541916847229,
    0.5526989102363586,
    0.5497516989707947,
    0.5515742897987366,
    0.5220038890838623,
    0.4876764714717865,
    0.4653790295124054,
    0.43201637268066406,
    0.4049251079559326,
    0.3904038667678833,
    0.3997996151447296,
    0.4143262207508087,
    0.39580345153808594,
    0.4125611484050751,
    0.4414733648300171,
    0.48079684376716614,
    0.5069207549095154,
    0.5280348658561707,
    0.4843900203704834,
    0.4718345105648041,
    0.5001525282859802,
    0.4835578501224518,
    0.40297046303749084,
    0.37746384739875793,
    0.36334002017974854,
    0.3571319580078125,
    0.36478614807128906,
    0.4118904769420624,
    0.4662182331085205,
    0.4626150131225586,
    0.48596489429473877,
    0.4890478551387787,
    0.5119941830635071,
    0.49569597840309143,
    0.45514535903930664,
    0.45688822865486145,
    0.49225330352783203,
    0.49146899580955505,
    0.4610256850719452,
    0.4625183641910553,
    0.46948155760765076,
    0.48933425545692444,
    0.5048649907112122,
    0.49983903765678406,
    0.47511979937553406,
    0.4772128164768219,
    0.47730422019958496,
    0.4686513841152191,
    0.47112616896629333,
    0.4568233788013458,
    0.5320211052894592,
    0.5875126719474792,
    0.596836507320404,
    0.5763006806373596,
    0.524488627910614,
    0.5235300660133362,
    0.5352396965026855
  ],
  "all_framewise_lpips": [
    0.6452308893203735,
    0.6432897448539734,
    0.6423852443695068,
    0.6404657959938049,
    0.6413486003875732,
    0.643179714679718,
    0.6402832269668579,
    0.6373162269592285,
    0.622974157333374,
    0.6374885439872742,
    0.6450099945068359,
    0.6362313032150269,
    0.6338120698928833,
    0.6140531897544861,
    0.5787874460220337,
    0.5712560415267944,
    0.5403765439987183,
    0.5043888092041016,
    0.48051947355270386,
    0.4834643602371216,
    0.5025001168251038,
    0.5165825486183167,
    0.5299378037452698,
    0.5503868460655212,
    0.5595056414604187,
    0.5579659938812256,
    0.5675441026687622,
    0.5932877063751221,
    0.5921040177345276,
    0.6059460639953613,
    0.6046524047851562,
    0.5658160448074341,
    0.5042844414710999,
    0.510888397693634,
    0.5349735617637634,
    0.5569045543670654,
    0.5935688018798828,
    0.620162844657898,
    0.6713712215423584,
    0.6899954676628113,
    0.6679181456565857,
    0.6200190186500549,
    0.6188027262687683,
    0.6378098726272583,
    0.603889524936676,
    0.6240125894546509,
    0.6242533922195435,
    0.6458113193511963,
    0.6695147156715393,
    0.6792194843292236,
    0.6772226095199585,
    0.6901048421859741,
    0.6989523768424988,
    0.683557391166687,
    0.6599687337875366,
    0.6635785102844238,
    0.6557032465934753,
    0.6400785446166992,
    0.6015447378158569,
    0.5892903208732605,
    0.5780164003372192,
    0.5876494646072388,
    0.5917559862136841,
    0.6075059175491333,
    0.6399348378181458,
    0.7629296779632568,
    0.798483669757843,
    0.7782161831855774,
    0.7738762497901917,
    0.7637965679168701,
    0.7074126601219177,
    0.6530951857566833,
    0.663230836391449,
    0.6154515743255615,
    0.6122153997421265,
    0.5946691036224365,
    0.6090226173400879,
    0.6591617465019226,
    0.6590822339057922,
    0.6489951610565186,
    0.6609202027320862,
    0.6951938271522522,
    0.6794509887695312,
    0.6670892834663391,
    0.6577852368354797,
    0.6501187086105347,
    0.6704540252685547,
    0.6903370022773743,
    0.6921355128288269,
    0.6923240423202515,
    0.6998370289802551,
    0.703140139579773,
    0.7102907299995422,
    0.6230089068412781,
    0.5629767775535583,
    0.5493724942207336,
    0.5759962797164917,
    0.6079788208007812,
    0.6089410185813904,
    0.601335883140564
  ]
}