{
  "n_frames": 100,
  "scenewise_psnr": 22.653596856559535,
  "scenewise_ssim": 0.6428607244335893,
  "scenewise_lpips": 0.5394016519188881,
  "all_framewise_psnrs": [
    23.044207603386837,
    23.274233326303175,
    23.148608654903487,
    22.888855446022262,
    24.623806107634294,
    24.803045096386622,
    23.104929238318995,
    22.30495293712547,
    23.597866194587986,
    23.8170106601233,
    23.51305828395692,
    24.198293966301932,
    24.442593224328526,
    25.596529111043537,
    25.271289279691878,
    23.847569947772985,
    22.517280333153803,
    21.88156868242261,
    22.447548252431616,
    24.257521358383123,
    23.960902548800487,
    21.76567012021269,
    22.305022392295946,
    21.943049743678976,
    21.854671178745452,
    21.732676930777668,
    21.926067170875697,
    22.884897359551438,
    22.757861533343156,
    23.18267885511835,
    22.86462693668195,
    23.605400295039964,
    24.220471686772388,
    24.365968398461234,
    23.97823820081492,
    24.523956101382968,
    24.941922904779045,
    24.812820684131328,
    22.69458480724479,
    22.3546855414264,
    22.230575958887737,
    22.559077030468117,
    23.17615938852694,
    24.34259786764241,
    24.849961013796072,
    23.907701849422054,
    22.625888334172714,
    22.012520791285386,
    21.323214245917885,
    21.073126714266806,
    20.52254573307406,
    19.03537229044691,
    22.50598006837873,
    22.810020762839947,
    22.863016185749956,
    22.427228695599602,
    23.564603279437776,
    25.380063153421037,
    26.83307210274025,
    22.230120701633986,
    21.344063910905096,
    20.896976716053327,
    21.059328752905387,
    21.1076151061837,
    21.102429555560978,
    23.577640881916583,
    24.17976319956072,
    24.037318467387827,
    23.559993414682626,
    23.635196791247573,
    24.052496856718015,
    24.104567148816095,
    24.780854233750205,
    24.540239006323862,
    23.024906072779675,
    22.19077292942906,
    21.71881545775537,
    21.578704069230852,
    21.78907114385479,
    22.14577685968838,
    22.485849031965834,
    23.410652466862256,
    22.275213577594407,
    21.85583403697134,
    21.65718286146135,
    21.344862639354837,
    20.317121082290473,
    22.600906273482416,
    24.358378012715967,
    23.53708889446443,
    22.941349314692587,
    23.007836327539827,
    22.995478960250626,
    22.699161447090837,
    21.832650321550965,
    20.46338984434581,
    20.054607049021644,
    21.157592903667407,
    21.476919272887894,
    20.507205423992268
  ],
  "all_framewise_ssim": [
    0.6719510555267334,
    0.6747527718544006,
    0.6779705882072449,
    0.6676945090293884,
    0.6860206723213196,
    0.6898390650749207,
    0.6558881402015686,
    0.6368315815925598,
    0.6486994624137878,
    0.6394832730293274,
    0.6351099014282227,
    0.6509615778923035,
    0.644158661365509,
    0.6660788655281067,
    0.6696217060089111,
    0.6165115833282471,
    0.6032467484474182,
    0.5938387513160706,
    0.6315467953681946,
    0.6601628065109253,
    0.6525977253913879,
    0.6334766745567322,
    0.6688960194587708,
    0.6776174902915955,
    0.6589486002922058,
    0.650490939617157,
    0.6288323998451233,
    0.6084064841270447,
    0.5866483449935913,
    0.5734832286834717,
    0.5677764415740967,
    0.6164806485176086,
    0.6479995846748352,
    0.6698781847953796,
    0.6850008964538574,
    0.6958562731742859,
    0.7014369964599609,
    0.7034013867378235,
    0.6419801115989685,
    0.6105385422706604,
    0.625587522983551,
    0.6425893306732178,
    0.6425150036811829,
    0.7036402821540833,
    0.7155584692955017,
    0.7298412322998047,
    0.72611403465271,
    0.709373414516449,
    0.6874117851257324,
    0.6801708340644836,
    0.6284646987915039,
    0.6278870105743408,
    0.6612879633903503,
    0.656538724899292,
    0.6815784573554993,
    0.7105197310447693,
    0.7429224848747253,
    0.7453382611274719,
    0.7311986088752747,
    0.624992311000824,
    0.577997624874115,
    0.5140963196754456,
    0.5300294756889343,
    0.5260929465293884,
    0.6115960478782654,
    0.6789014935493469,
    0.6830276846885681,
    0.6937300562858582,
    0.6762519478797913,
    0.6489005088806152,
    0.6382319927215576,
    0.6513605713844299,
    0.6623756289482117,
    0.6512930989265442,
    0.5992264151573181,
    0.5313213467597961,
    0.50588059425354,
    0.5043737888336182,
    0.5182446241378784,
    0.5420179963111877,
    0.574788510799408,
    0.6294424533843994,
    0.6301922798156738,
    0.6292039752006531,
    0.6178125739097595,
    0.5892241597175598,
    0.553956925868988,
    0.6179420948028564,
    0.6731736660003662,
    0.6365862488746643,
    0.5836749076843262,
    0.5665923953056335,
    0.579658567905426,
    0.6188003420829773,
    0.6808368563652039,
    0.6817173957824707,
    0.6516053080558777,
    0.7061114311218262,
    0.6829102039337158,
    0.6686107516288757
  ],
  "all_framewise_lpips": [
    0.46503400802612305,
    0.45215487480163574,
    0.4648807942867279,
    0.48053115606307983,
    0.474894642829895,
    0.48173028230667114,
    0.5096789598464966,
    0.5125371217727661,
    0.5130808353424072,
    0.515557587146759,
    0.5042638778686523,
    0.5022417306900024,
    0.5114672780036926,
    0.4910481870174408,
    0.5027827024459839,
    0.5477087497711182,
    0.5422645807266235,
    0.5569683313369751,
    0.5565925240516663,
    0.557207465171814,
    0.5649816989898682,
    0.5675894021987915,
    0.5357365012168884,
    0.5175154209136963,
    0.5113226175308228,
    0.5102713108062744,
    0.5211811661720276,
    0.5423568487167358,
    0.5466739535331726,
    0.5434092283248901,
    0.5557518601417542,
    0.5401592254638672,
    0.5259466171264648,
    0.5153681635856628,
    0.5148106217384338,
    0.5050634145736694,
    0.5034967064857483,
    0.49133068323135376,
    0.5290217399597168,
    0.5380496978759766,
    0.5275003910064697,
    0.5264260768890381,
    0.5474485754966736,
    0.5158944725990295,
    0.5126997828483582,
    0.5211292505264282,
    0.5182164907455444,
    0.5299262404441833,
    0.5473684668540955,
    0.536817193031311,
    0.5387787818908691,
    0.5452452898025513,
    0.5430247187614441,
    0.5280098915100098,
    0.5270387530326843,
    0.5179911851882935,
    0.5171716213226318,
    0.5461072325706482,
    0.5400862693786621,
    0.5729111433029175,
    0.5807176828384399,
    0.5675923824310303,
    0.5741527676582336,
    0.5883444547653198,
    0.595220685005188,
    0.5961064696311951,
    0.6207217574119568,
    0.6100181341171265,
    0.5940388441085815,
    0.60289466381073,
    0.5905480980873108,
    0.5867393612861633,
    0.5514832735061646,
    0.5436563491821289,
    0.5637556910514832,
    0.594380259513855,
    0.5843287110328674,
    0.564350426197052,
    0.5549232363700867,
    0.55328369140625,
    0.5572102069854736,
    0.5537813901901245,
    0.559730052947998,
    0.5592887997627258,
    0.5684065818786621,
    0.5716692209243774,
    0.6043336391448975,
    0.5657739639282227,
    0.5288454294204712,
    0.523116409778595,
    0.5594311952590942,
    0.5588881373405457,
    0.5657392144203186,
    0.5703912377357483,
    0.5438562631607056,
    0.5246716737747192,
    0.5364064574241638,
    0.4899864196777344,
    0.497396856546402,
    0.5015307068824768
  ]
}