{
  "n_frames": 100,
  "scenewise_psnr": 8.931806994848024,
  "scenewise_ssim": 0.3700640905891497,
  "scenewise_lpips": 0.9110059577226639,
  "all_framewise_psnrs": [
    8.264326339728822,
    7.9410206960177,
    7.658554420839482,
    7.658706536006283,
    7.90713703781819,
    8.161502634061895,
    8.067886999397585,
    8.243537588345157,
    8.225740683846084,
    7.778691590774929,
    7.649303912063009,
    7.934088132838186,
    7.974705142492507,
    7.7527621083834894,
    7.36873434103396,
    7.277499668425817,
    7.472308771640376,
    9.347663325990494,
    9.350343916020115,
    10.076721760686562,
    9.583419494454017,
    10.014552465633459,
    10.297824618418442,
    9.425616632907484,
    9.272078077748311,
    9.10415965445655,
    8.643268265516749,
    8.754506269423022,
    10.698770094454835,
    9.527032714791106,
    9.710279891119903,
    10.25633708570681,
    10.249752403062075,
    9.28298132331202,
    9.947468195385765,
    9.205514115514102,
    8.383862077594678,
    8.535476769224932,
    9.661967083079297,
    9.999845916506963,
    10.124404133311259,
    10.499065084260561,
    10.588624838759538,
    11.025806405236317,
    10.470699315564955,
    8.421703132845815,
    8.46283473503333,
    8.874598068250751,
    9.052910737464714,
    9.015075133461142,
    8.93639414185413,
    8.441449492153586,
    7.706754463443719,
    8.034565466752028,
    7.990371457163253,
    7.990230899788541,
    8.661623401434028,
    9.388289496799821,
    8.221455472525491,
    9.141826497089617,
    9.271115513023197,
    9.003072232738917,
    8.697830044245197,
    7.971392212357735,
    8.295263893434273,
    8.72297279356803,
    9.285286851886744,
    9.317321509716944,
    8.60004218825901,
    7.939105326517351,
    8.221874865120816,
    9.918375170153345,
    8.798895202907905,
    8.854368384924244,
    9.079995718068094,
    9.337028032358514,
    9.92551574770985,
    9.730722780403473,
    9.092663693315384,
    9.31250438374457,
    9.541131085847805,
    10.11003796658899,
    8.754074902889684,
    9.05416834513098,
    8.942859303917805,
    8.468480551025223,
    8.33162481331281,
    9.206775463037589,
    9.16634804544547,
    9.879625200644163,
    11.38320597873308,
    11.130866087350068,
    9.73741403718049,
    9.717719189088525,
    9.834641213632377,
    9.247524518931433,
    8.945652037429605,
    9.049967855062686,
    9.165291149633632,
    9.401331543118935
  ],
  "all_framewise_ssim": [
    0.37777653336524963,
    0.3780527114868164,
    0.371555894613266,
    0.3500913381576538,
    0.3555293083190918,
    0.358625203371048,
    0.3424471914768219,
    0.33959802985191345,
    0.3142346441745758,
    0.29457297921180725,
    0.2766270935535431,
    0.26096272468566895,
    0.27196285128593445,
    0.31728339195251465,
    0.3315628468990326,
    0.3497706353664398,
    0.38726091384887695,
    0.42679348587989807,
    0.4181891679763794,
    0.43597355484962463,
    0.41999974846839905,
    0.43351349234580994,
    0.4451651871204376,
    0.4611683785915375,
    0.46398547291755676,
    0.45007479190826416,
    0.4510028660297394,
    0.46959182620048523,
    0.5133086442947388,
    0.5004599690437317,
    0.5137208700180054,
    0.5278206467628479,
    0.5011736750602722,
    0.452777236700058,
    0.4179363250732422,
    0.37349212169647217,
    0.34967663884162903,
    0.34050145745277405,
    0.3329070806503296,
    0.2962277829647064,
    0.28057315945625305,
    0.2618248760700226,
    0.31247612833976746,
    0.28881946206092834,
    0.2837108075618744,
    0.31164345145225525,
    0.3211977183818817,
    0.31114205718040466,
    0.30017778277397156,
    0.29024213552474976,
    0.31143391132354736,
    0.29170408844947815,
    0.2589578926563263,
    0.26340964436531067,
    0.24716879427433014,
    0.24726201593875885,
    0.2579406797885895,
    0.2731710374355316,
    0.2944837808609009,
    0.35764285922050476,
    0.38187089562416077,
    0.40696871280670166,
    0.3844827115535736,
    0.350323885679245,
    0.30924370884895325,
    0.32193470001220703,
    0.3258253037929535,
    0.35900604724884033,
    0.37360382080078125,
    0.34443560242652893,
    0.3531477451324463,
    0.41791200637817383,
    0.40375056862831116,
    0.4196663796901703,
    0.42797598242759705,
    0.4899744987487793,
    0.4974736273288727,
    0.48941144347190857,
    0.4580885171890259,
    0.4461611807346344,
    0.458596795797348,
    0.4676470458507538,
    0.43363603949546814,
    0.4185906946659088,
    0.40106022357940674,
    0.3830638825893402,
    0.37597039341926575,
    0.3917447626590729,
    0.3641628324985504,
    0.3638669550418854,
    0.3899170458316803,
    0.3838318884372711,
    0.35554203391075134,
    0.33305245637893677,
    0.32914671301841736,
    0.31686314940452576,
    0.3033168315887451,
    0.3042586147785187,
    0.31201764941215515,
    0.3171761631965637
  ],
  "all_framewise_lpips": [
    0.9292869567871094,
    0.9334837198257446,
    0.9474141001701355,
    0.9636387825012207,
    0.9675678014755249,
    0.9650798439979553,
    0.9785323143005371,
    0.9658020734786987,
    0.9939700961112976,
    1.009301781654358,
    1.0180320739746094,
    1.0079081058502197,
    1.007570743560791,
    0.983397901058197,
    0.9644445776939392,
    0.9547029733657837,
    0.9140962958335876,
    0.8432538509368896,
    0.8458686470985413,
    0.8344310522079468,
    0.8574978113174438,
    0.8391604423522949,
    0.8150210380554199,
    0.7977864146232605,
    0.7885330319404602,
    0.8261911869049072,
    0.8390558362007141,
    0.8362623453140259,
    0.8133001327514648,
    0.8210924863815308,
    0.825527012348175,
    0.8000850677490234,
    0.8372164368629456,
    0.883211612701416,
    0.8990023136138916,
    0.925275444984436,
    0.9152293801307678,
    0.9078172445297241,
    0.9026049375534058,
    0.9352292418479919,
    0.9603267908096313,
    0.9697633385658264,
    0.9256110191345215,
    0.9728527069091797,
    0.9761239290237427,
    0.9106902480125427,
    0.8872047066688538,
    0.9034134149551392,
    0.9347006678581238,
    0.9561108350753784,
    0.9387785196304321,
    0.9466544389724731,
    0.9612303376197815,
    0.9468732476234436,
    0.9845349788665771,
    0.975632905960083,
    0.991466760635376,
    0.9920245409011841,
    0.9958983659744263,
    0.9399231672286987,
    0.9227174520492554,
    0.8936069011688232,
    0.9118913412094116,
    0.9399641752243042,
    0.9768664240837097,
    0.9605677723884583,
    0.9710285663604736,
    0.9499345421791077,
    0.9608058333396912,
    0.9806029796600342,
    0.9719538688659668,
    0.8634232878684998,
    0.8706980347633362,
    0.8398097157478333,
    0.8195688724517822,
    0.761148989200592,
    0.7485924363136292,
    0.7828491926193237,
    0.8400968909263611,
    0.8613938093185425,
    0.827092170715332,
    0.8018817901611328,
    0.8366530537605286,
    0.8592244386672974,
    0.8762955069541931,
    0.8977886438369751,
    0.9021102786064148,
    0.8870623707771301,
    0.9166383743286133,
    0.9121231436729431,
    0.8736385107040405,
    0.8658799529075623,
    0.9196470975875854,
    0.9480823874473572,
    0.9439414143562317,
    0.9526969194412231,
    0.9672559499740601,
    0.9743638038635254,
    0.9689756631851196,
    0.9790251851081848
  ]
}