{
  "n_frames": 100,
  "scenewise_psnr": 25.691966246974488,
  "scenewise_ssim": 0.768967347745785,
  "scenewise_lpips": 0.41595975756645204,
  "all_framewise_psnrs": [
    24.420580426187456,
    25.119180982029317,
    24.92845595690404,
    24.814146429309204,
    24.480393366587734,
    22.84105875344137,
    23.236500828630895,
    23.617096693014158,
    24.368409040119836,
    24.291897622681972,
    25.97058099432158,
    24.315981920997913,
    23.007592174121356,
    22.502401187403866,
    23.268051884000528,
    23.6382379594846,
    24.804700754171623,
    25.517115593818716,
    25.37968519822167,
    25.333168514175295,
    25.367863409424515,
    24.846222439449562,
    24.861589115228497,
    25.702633586999152,
    25.524789090016586,
    26.318657328068614,
    26.21646433634893,
    28.50701893227391,
    30.44365159449763,
    31.174028833990125,
    30.379837262514897,
    30.24990289542067,
    28.126408427913763,
    27.560243244224452,
    27.484174753064234,
    27.094306649105356,
    27.639848619412696,
    26.99622375148854,
    27.461222620657235,
    26.56829745010475,
    26.402077090622797,
    26.186379085058938,
    25.746397279600835,
    25.092501565406614,
    25.005495079168508,
    24.879074770096143,
    25.796831096112477,
    26.819149339527293,
    26.41695188240122,
    26.586540811914396,
    27.20564041952578,
    27.838462504905138,
    27.535813233736505,
    26.700817472250733,
    26.316282732278328,
    26.061202473280126,
    25.929810901949672,
    24.857648659155245,
    25.937247717520883,
    26.638862071210045,
    25.798029828084825,
    26.17654018711777,
    26.927168388157213,
    26.053510590671124,
    25.62330389709921,
    26.06391135555677,
    26.207728359969174,
    25.90653513659486,
    25.838666386178993,
    25.27759856447695,
    25.928011789460676,
    26.77754045925262,
    26.44020862379616,
    26.172617311344283,
    26.07266254014956,
    26.328067560039475,
    25.82593408600367,
    26.425261203733207,
    26.58014735150921,
    27.038900442010146,
    27.455536275553378,
    26.84435450633403,
    26.74828815927824,
    27.181427037943372,
    26.703917049517003,
    26.805190630842194,
    26.924552299269045,
    26.514752775126382,
    25.6669436853231,
    25.60626385617457,
    26.889738024268382,
    24.4178683948876,
    26.140758661741064,
    24.688873050775317,
    21.18974558606592,
    22.63330321994257,
    26.158433875682494,
    26.271305376292673,
    25.35964595914749,
    25.86795635964476
  ],
  "all_framewise_ssim": [
    0.7553626894950867,
    0.772566020488739,
    0.7567694783210754,
    0.758022129535675,
    0.7769343256950378,
    0.7287424206733704,
    0.7425854206085205,
    0.7583569884300232,
    0.7697145342826843,
    0.748633861541748,
    0.7736309170722961,
    0.7716126441955566,
    0.7475841045379639,
    0.7402822971343994,
    0.7628775238990784,
    0.756537914276123,
    0.7863230109214783,
    0.7949852347373962,
    0.7682962417602539,
    0.7667403817176819,
    0.7627875208854675,
    0.7403604984283447,
    0.7565617561340332,
    0.7801721692085266,
    0.7654115557670593,
    0.7793610095977783,
    0.7980060577392578,
    0.8259117007255554,
    0.8752685189247131,
    0.8748912811279297,
    0.8420988917350769,
    0.844404399394989,
    0.8250314593315125,
    0.8007173538208008,
    0.8033655285835266,
    0.7933995127677917,
    0.7744417190551758,
    0.767180860042572,
    0.7694244980812073,
    0.7481755614280701,
    0.737330436706543,
    0.7319676280021667,
    0.7073217034339905,
    0.6902816295623779,
    0.6991892457008362,
    0.7158179879188538,
    0.7711437344551086,
    0.7934391498565674,
    0.7894010543823242,
    0.8048226237297058,
    0.8176437020301819,
    0.8278941512107849,
    0.7796969413757324,
    0.7595460414886475,
    0.7373623847961426,
    0.7228714823722839,
    0.7017526030540466,
    0.6828598380088806,
    0.7305782437324524,
    0.7662099003791809,
    0.7933103442192078,
    0.7764057517051697,
    0.7846886515617371,
    0.7663691639900208,
    0.756955623626709,
    0.754960834980011,
    0.7743566632270813,
    0.7683537006378174,
    0.7663472294807434,
    0.7455013394355774,
    0.7587400078773499,
    0.7744793891906738,
    0.7632489800453186,
    0.7474870681762695,
    0.747721254825592,
    0.756492555141449,
    0.7642456889152527,
    0.7815437316894531,
    0.7956057190895081,
    0.8088667988777161,
    0.8227663040161133,
    0.8174635767936707,
    0.8103366494178772,
    0.799690306186676,
    0.7728104591369629,
    0.7527453303337097,
    0.7606166005134583,
    0.7529909014701843,
    0.7332372665405273,
    0.7204259037971497,
    0.7539036273956299,
    0.6960861682891846,
    0.7794654965400696,
    0.7713296413421631,
    0.7019104957580566,
    0.7048416137695312,
    0.7622564435005188,
    0.7782891392707825,
    0.7699382901191711,
    0.7739457488059998
  ],
  "all_framewise_lpips": [
    0.4561978280544281,
    0.4374363124370575,
    0.4492175281047821,
    0.45960646867752075,
    0.43281370401382446,
    0.46949729323387146,
    0.4616377651691437,
    0.4267248809337616,
    0.3998945653438568,
    0.45699232816696167,
    0.45186617970466614,
    0.439570814371109,
    0.4357635974884033,
    0.43521738052368164,
    0.4479578137397766,
    0.4699733853340149,
    0.4107005000114441,
    0.40618181228637695,
    0.45491552352905273,
    0.43954968452453613,
    0.43989408016204834,
    0.48705872893333435,
    0.4912804067134857,
    0.459939181804657,
    0.48364683985710144,
    0.4535863399505615,
    0.44023454189300537,
    0.42907145619392395,
    0.3382609486579895,
    0.32905855774879456,
    0.36875027418136597,
    0.3503178358078003,
    0.357628732919693,
    0.3784402310848236,
    0.35935238003730774,
    0.3504178524017334,
    0.3809944987297058,
    0.3830175995826721,
    0.383416086435318,
    0.4017798602581024,
    0.39695948362350464,
    0.40801775455474854,
    0.43301719427108765,
    0.4375239312648773,
    0.4182073473930359,
    0.4215810000896454,
    0.38204142451286316,
    0.3774109482765198,
    0.39346203207969666,
    0.3735435903072357,
    0.3691367208957672,
    0.3710072934627533,
    0.3943040370941162,
    0.4104272127151489,
    0.43071502447128296,
    0.4432407021522522,
    0.4816874563694,
    0.5057026743888855,
    0.45966875553131104,
    0.4123120605945587,
    0.3982577919960022,
    0.40089088678359985,
    0.40505391359329224,
    0.41848114132881165,
    0.4314688444137573,
    0.4307458996772766,
    0.4076901376247406,
    0.4050050675868988,
    0.40654727816581726,
    0.43786105513572693,
    0.4325743019580841,
    0.4250372052192688,
    0.4213453233242035,
    0.4230959713459015,
    0.41926202178001404,
    0.4060066342353821,
    0.37526261806488037,
    0.3641608953475952,
    0.3487437069416046,
    0.3381999135017395,
    0.3217495083808899,
    0.3197328746318817,
    0.33549511432647705,
    0.3627343475818634,
    0.3836976885795593,
    0.3997948169708252,
    0.39641836285591125,
    0.40905696153640747,
    0.44449448585510254,
    0.47871267795562744,
    0.4630868434906006,
    0.5026306509971619,
    0.428422749042511,
    0.4068416953086853,
    0.4477553367614746,
    0.48060595989227295,
    0.43974852561950684,
    0.41422808170318604,
    0.4120447337627411,
    0.4252052903175354
  ]
}