{
  "n_frames": 81,
  "scenewise_psnr": 20.620004785791384,
  "scenewise_ssim": 0.5604564655849913,
  "scenewise_lpips": 0.5979740730038395,
  "all_framewise_psnrs": [
    20.051670081658543,
    22.751309340622264,
    21.49718825709747,
    24.146243245631457,
    22.52346576613787,
    23.42806737070294,
    23.26816047293827,
    22.283320900702392,
    22.3635731331293,
    22.585531479679226,
    21.51925030298137,
    22.099240071746596,
    21.25379921623743,
    20.396157887664224,
    19.905296110608994,
    18.925978350397788,
    19.673497931705906,
    18.996474631583673,
    18.598495993214822,
    18.34018163435671,
    18.079789904035618,
    19.860429708778717,
    18.492506436685886,
    18.189087549405063,
    18.19402889627989,
    19.05834620042759,
    18.042490895135955,
    17.778641340222677,
    18.1392028959002,
    17.66325981196286,
    18.81363899510868,
    19.46043982070332,
    18.853576270739715,
    18.949561161934607,
    19.401367979896072,
    18.060569295226312,
    19.537477117509837,
    22.330076922928363,
    21.06632320307493,
    21.815070858863223,
    22.386195351924677,
    21.88170092879956,
    22.258044405123456,
    23.339607205958703,
    21.77325394953136,
    22.810329765315693,
    23.794520489589953,
    22.88202854791478,
    21.559273274755807,
    22.00218290116336,
    20.076257990127303,
    19.642761542123733,
    22.909816910861682,
    24.69808001480367,
    21.069828020408924,
    23.37700548724213,
    22.76593589407433,
    22.755945418663135,
    22.496911169759244,
    23.409800535786914,
    20.253261813714655,
    22.23629591870878,
    21.927768463835736,
    21.513613160511316,
    21.864883714239227,
    21.546431351474556,
    21.42554864375443,
    21.80188342336125,
    21.646790982133226,
    20.982199657642255,
    25.480365009227313,
    24.113456331601363,
    21.50887289175357,
    19.820883354193533,
    18.18838042619949,
    18.505440860794373,
    19.50696810040368,
    20.090058073962055,
    22.121024764268917,
    22.605953038041733,
    22.106520268436128
  ],
  "all_framewise_ssim": [
    0.4899831712245941,
    0.7093231081962585,
    0.5832052230834961,
    0.7342782616615295,
    0.6720554232597351,
    0.7399111390113831,
    0.689462423324585,
    0.6213086247444153,
    0.6057706475257874,
    0.636096179485321,
    0.5882483124732971,
    0.6523945927619934,
    0.5657011866569519,
    0.5335583090782166,
    0.48321548104286194,
    0.3902769386768341,
    0.5120078921318054,
    0.42074236273765564,
    0.43256744742393494,
    0.42485809326171875,
    0.408507376909256,
    0.5527029633522034,
    0.410768985748291,
    0.42281171679496765,
    0.4629603326320648,
    0.4657386243343353,
    0.42170068621635437,
    0.4230818450450897,
    0.4300100803375244,
    0.39775240421295166,
    0.49675461649894714,
    0.5015784502029419,
    0.4635082185268402,
    0.4792962074279785,
    0.548004150390625,
    0.5013101100921631,
    0.49963489174842834,
    0.6126153469085693,
    0.5309157371520996,
    0.5540475249290466,
    0.6119251847267151,
    0.5486900210380554,
    0.5511296391487122,
    0.5796043276786804,
    0.49874815344810486,
    0.5009055733680725,
    0.5563092827796936,
    0.4788234233856201,
    0.4324970543384552,
    0.47278308868408203,
    0.4014049768447876,
    0.4961440861225128,
    0.610375165939331,
    0.7422619462013245,
    0.6018381714820862,
    0.6548497080802917,
    0.658634603023529,
    0.6151112914085388,
    0.6050169467926025,
    0.6857988238334656,
    0.6450017094612122,
    0.6497846841812134,
    0.6074321269989014,
    0.6024498343467712,
    0.5951338410377502,
    0.5991896390914917,
    0.6351535320281982,
    0.6778928637504578,
    0.6334664821624756,
    0.614814043045044,
    0.8111764788627625,
    0.7436928749084473,
    0.6213998794555664,
    0.4881265163421631,
    0.5070626139640808,
    0.4850136339664459,
    0.4333721101284027,
    0.6107445359230042,
    0.5198214650154114,
    0.5365123748779297,
    0.5510903000831604
  ],
  "all_framewise_lpips": [
    0.6616414189338684,
    0.5183640718460083,
    0.5967308282852173,
    0.4785543978214264,
    0.5620638132095337,
    0.4845547676086426,
    0.5267439484596252,
    0.5863717794418335,
    0.5915700197219849,
    0.5882556438446045,
    0.644530713558197,
    0.5792741775512695,
    0.6591063141822815,
    0.6277757883071899,
    0.643744707107544,
    0.6770917773246765,
    0.635198175907135,
    0.6555780172348022,
    0.6671410799026489,
    0.6663649678230286,
    0.6789147853851318,
    0.6112803816795349,
    0.7040132284164429,
    0.674656331539154,
    0.6667919158935547,
    0.6423839330673218,
    0.6753142476081848,
    0.6786012053489685,
    0.6679877042770386,
    0.6948452591896057,
    0.648311197757721,
    0.6419258713722229,
    0.6722084879875183,
    0.6751530170440674,
    0.6331263780593872,
    0.6737017631530762,
    0.5785808563232422,
    0.5304709076881409,
    0.5734413266181946,
    0.5652359127998352,
    0.5489779114723206,
    0.5939915776252747,
    0.5991935729980469,
    0.580374002456665,
    0.6391589641571045,
    0.6381676197052002,
    0.5722910165786743,
    0.6296340823173523,
    0.6699241995811462,
    0.6560372114181519,
    0.7065931558609009,
    0.6341183185577393,
    0.533613920211792,
    0.49325934052467346,
    0.5596485137939453,
    0.5267443656921387,
    0.5121521949768066,
    0.5133791565895081,
    0.5133965015411377,
    0.47348737716674805,
    0.5087013244628906,
    0.4885427951812744,
    0.5208691358566284,
    0.5344418287277222,
    0.5192630887031555,
    0.5223426222801208,
    0.48424530029296875,
    0.44676804542541504,
    0.4983130693435669,
    0.54723060131073,
    0.37672072649002075,
    0.45393896102905273,
    0.5588175058364868,
    0.6612719893455505,
    0.6683328747749329,
    0.6826521158218384,
    0.7026905417442322,
    0.6348819732666016,
    0.7405820488929749,
    0.6632039546966553,
    0.690345287322998
  ]
}