{
  "n_frames": 100,
  "scenewise_psnr": 23.197025147648066,
  "scenewise_ssim": 0.7079511242898455,
  "scenewise_lpips": 0.5264534771442413,
  "all_framewise_psnrs": [
    26.551202919578344,
    26.749610716672105,
    23.668844539950538,
    22.464586841000866,
    22.61248906368308,
    23.132196328395985,
    23.83556027196338,
    20.286635488884677,
    19.948464765542695,
    19.97941823173141,
    22.542350723274048,
    23.681394891255575,
    23.8461027128149,
    23.75498199850093,
    22.20075675972545,
    22.947758234620274,
    22.16741373644087,
    22.363827202312123,
    22.480286088300076,
    22.59214481733807,
    24.71040625047587,
    24.036308697472727,
    24.89006562444587,
    23.33307676616869,
    23.100014475504025,
    22.645982878369544,
    23.270698278451093,
    21.208954171825877,
    20.905515572419134,
    23.50501710191049,
    22.296928376028,
    21.4722475328588,
    22.791344206283597,
    23.028672598368463,
    23.264653950244053,
    23.79062625750509,
    23.91644135985352,
    20.918931374940183,
    23.97620929276126,
    23.441893480103595,
    25.749026121467757,
    24.643258350851095,
    23.55961563836114,
    22.36295353152267,
    21.80931638587809,
    24.083394823752013,
    22.815529711115893,
    22.678724356072767,
    21.85274389458278,
    22.14914945634324,
    23.073331344999705,
    23.10461053556792,
    25.426892488847265,
    25.59832846990696,
    23.645547523747265,
    22.01706196651773,
    24.30118993340905,
    23.95014887705655,
    23.81206963269514,
    24.04875122391089,
    25.48212794403136,
    25.762378330291366,
    24.14212905577174,
    23.130283234649717,
    22.99682871628302,
    24.305673229477343,
    23.031542416630018,
    26.424942891147566,
    25.753591726411983,
    24.95727287035374,
    23.948462845414227,
    25.318427304333145,
    25.94489522960149,
    24.82174049954926,
    23.80118282205948,
    22.320040450461818,
    22.51957007340635,
    21.35627170273617,
    23.882501956959228,
    21.940021806942465,
    23.638816625289447,
    20.95847390256459,
    23.35294796027617,
    23.362359355324564,
    22.433277896844466,
    25.164208195800583,
    28.735918209724783,
    30.41624405753833,
    26.023618797008453,
    26.207235590827608,
    23.320291566513816,
    21.412195156659337,
    22.329987008168185,
    21.70020560729877,
    22.001880830509947,
    25.275212132246907,
    24.984848762653225,
    24.307683226445057,
    22.34358248779323,
    21.573892549705
  ],
  "all_framewise_ssim": [
    0.7881891131401062,
    0.7890437245368958,
    0.7391958832740784,
    0.7123048901557922,
    0.7155430912971497,
    0.7109079360961914,
    0.73545902967453,
    0.6538729071617126,
    0.6145628094673157,
    0.6285437941551208,
    0.707675039768219,
    0.7194187641143799,
    0.6992807388305664,
    0.7348020076751709,
    0.7068058848381042,
    0.688926637172699,
    0.6159870028495789,
    0.6532232761383057,
    0.7072575688362122,
    0.6537449359893799,
    0.7168534398078918,
    0.7058328986167908,
    0.7679266333580017,
    0.737176239490509,
    0.7233786582946777,
    0.7117932438850403,
    0.7212799191474915,
    0.6514565944671631,
    0.6190308332443237,
    0.7062847018241882,
    0.6709467768669128,
    0.638666570186615,
    0.6845526099205017,
    0.6783466339111328,
    0.6743389964103699,
    0.66768878698349,
    0.6643843650817871,
    0.6301078200340271,
    0.73764967918396,
    0.7121070027351379,
    0.7252181172370911,
    0.7118129134178162,
    0.6962788701057434,
    0.6609225869178772,
    0.661664605140686,
    0.7508182525634766,
    0.7026605010032654,
    0.6732029318809509,
    0.6136659383773804,
    0.6496787071228027,
    0.697934091091156,
    0.7056324481964111,
    0.7457705140113831,
    0.7576907277107239,
    0.7145746350288391,
    0.6744356751441956,
    0.7281730771064758,
    0.7293858528137207,
    0.7130768895149231,
    0.7244806289672852,
    0.755164623260498,
    0.7783263325691223,
    0.7264224886894226,
    0.7012843489646912,
    0.6902275085449219,
    0.7109024524688721,
    0.6912983059883118,
    0.773466169834137,
    0.7504246830940247,
    0.7238733172416687,
    0.7078667283058167,
    0.7438445687294006,
    0.7582454681396484,
    0.7508276104927063,
    0.7468547224998474,
    0.720247745513916,
    0.6801854968070984,
    0.6517095565795898,
    0.7024359703063965,
    0.6847435832023621,
    0.7202466130256653,
    0.6325049996376038,
    0.6565167903900146,
    0.6630734801292419,
    0.6397873163223267,
    0.7499319911003113,
    0.795880138874054,
    0.8393663763999939,
    0.8129338622093201,
    0.7974866032600403,
    0.7497524619102478,
    0.6807405352592468,
    0.6599271893501282,
    0.6522517204284668,
    0.703066349029541,
    0.7869255542755127,
    0.7774617075920105,
    0.7402791976928711,
    0.665498673915863,
    0.5866429209709167
  ],
  "all_framewise_lpips": [
    0.4037395417690277,
    0.40047550201416016,
    0.4153286814689636,
    0.413456529378891,
    0.4238218665122986,
    0.4372457265853882,
    0.43964684009552,
    0.4594685733318329,
    0.5336103439331055,
    0.4747752249240875,
    0.45424017310142517,
    0.4770965576171875,
    0.5129433274269104,
    0.5672826766967773,
    0.6210017204284668,
    0.5857359766960144,
    0.6063699722290039,
    0.5562950968742371,
    0.5391563177108765,
    0.6148398518562317,
    0.6081607341766357,
    0.6315736770629883,
    0.5689781904220581,
    0.5835162997245789,
    0.5965699553489685,
    0.5750082731246948,
    0.542057991027832,
    0.5696017742156982,
    0.5436356663703918,
    0.494443416595459,
    0.5211346745491028,
    0.5275925397872925,
    0.550238847732544,
    0.5390641689300537,
    0.5524103045463562,
    0.5641143321990967,
    0.5729750990867615,
    0.5803147554397583,
    0.500738799571991,
    0.5146141648292542,
    0.5273700952529907,
    0.5305330753326416,
    0.49664193391799927,
    0.5017107725143433,
    0.5416819453239441,
    0.5363336205482483,
    0.5578494668006897,
    0.5771472454071045,
    0.5790292024612427,
    0.5550037622451782,
    0.5054522752761841,
    0.5230305194854736,
    0.5187275409698486,
    0.5149082541465759,
    0.5725262761116028,
    0.5408251285552979,
    0.455735445022583,
    0.4364343583583832,
    0.4603951871395111,
    0.4663466811180115,
    0.47692111134529114,
    0.4827943444252014,
    0.5280999541282654,
    0.5338127613067627,
    0.5237933993339539,
    0.507078230381012,
    0.5003687143325806,
    0.4469834566116333,
    0.4664163291454315,
    0.4913812279701233,
    0.5055266618728638,
    0.4656025767326355,
    0.4517589509487152,
    0.4556770324707031,
    0.5020147562026978,
    0.5353752970695496,
    0.520214319229126,
    0.503722608089447,
    0.4924127459526062,
    0.5768170356750488,
    0.5273111462593079,
    0.591555118560791,
    0.5669026970863342,
    0.5550435781478882,
    0.5851361155509949,
    0.5743115544319153,
    0.6166056394577026,
    0.5635083317756653,
    0.5969430208206177,
    0.5478625893592834,
    0.5460823774337769,
    0.5588560104370117,
    0.5359547138214111,
    0.5326741337776184,
    0.5353085398674011,
    0.49417370557785034,
    0.5218122005462646,
    0.5434438586235046,
    0.593609631061554,
    0.6205242872238159
  ]
}