{
  "n_frames": 100,
  "scenewise_psnr": 14.325373923668064,
  "scenewise_ssim": 0.1637270368511139,
  "scenewise_lpips": 0.8521049427986145,
  "all_framewise_psnrs": [
    14.0969628455536,
    14.98103973849541,
    15.307122902906528,
    14.93721384560384,
    15.713958672427175,
    15.862046507280791,
    14.498185763658615,
    14.36800926693669,
    14.2230636548524,
    14.558834203222988,
    14.73715103959638,
    14.75750793192579,
    14.61646034158123,
    14.78490020292686,
    14.516082646580399,
    15.028682842700533,
    14.960656617327729,
    14.813185713788805,
    14.28038216454354,
    14.607593291312956,
    14.536043052185796,
    14.682890041822533,
    14.758987744439452,
    14.834925386154563,
    14.281898356152665,
    15.028496929330576,
    15.118209252757396,
    15.006991468338299,
    15.233317259410114,
    15.441773713182904,
    15.089841016345291,
    15.366235234776767,
    14.758774790717037,
    14.415310259911013,
    14.26095833716489,
    14.26486656801524,
    14.28332788507294,
    14.39155711938004,
    14.300512067522874,
    14.546453872970716,
    15.10827952506382,
    15.134422333265231,
    14.453172392151645,
    14.6445775784563,
    14.840272679957927,
    14.485321982266468,
    15.272860719489804,
    15.06507616883818,
    14.90344420547304,
    14.668072634856868,
    14.870969501963764,
    14.162874842232965,
    14.302685358131981,
    14.562034715251617,
    14.136542950989654,
    14.534891459528158,
    14.247869903717834,
    14.012016934147642,
    13.95203009193751,
    14.41854004879665,
    13.997440077340785,
    14.709410369713773,
    14.726942683925227,
    15.008448581539536,
    15.257490501547863,
    15.007004791815826,
    14.507144397148322,
    14.636505996005493,
    14.438152791006631,
    14.389546943123335,
    14.563825571041189,
    14.628102317668837,
    14.31243825145075,
    14.12855373157246,
    13.818409050307793,
    13.454091813025792,
    13.533114572246577,
    13.964492829864776,
    13.912022612624979,
    14.244531505568997,
    14.052154023748223,
    13.44811729369481,
    13.36999870664506,
    13.46671644709968,
    13.378187590533365,
    13.509316039075348,
    13.573161647700982,
    13.503265116830374,
    13.59739213548848,
    13.425067827687702,
    13.079137852575172,
    13.507025548562607,
    13.195262409880776,
    13.108322330031877,
    13.236073904302671,
    13.52622759758946,
    12.93525052644922,
    13.57019781063816,
    13.379934748702752,
    13.194387976525604
  ],
  "all_framewise_ssim": [
    0.20454706251621246,
    0.24581222236156464,
    0.26573672890663147,
    0.22979526221752167,
    0.2661280333995819,
    0.2808479368686676,
    0.18899424374103546,
    0.1651574969291687,
    0.14961330592632294,
    0.16679422557353973,
    0.17130057513713837,
    0.18256688117980957,
    0.17628775537014008,
    0.20253990590572357,
    0.18897652626037598,
    0.2535628378391266,
    0.24262714385986328,
    0.24876618385314941,
    0.20514748990535736,
    0.21803633868694305,
    0.21681702136993408,
    0.2091304510831833,
    0.1837756186723709,
    0.14823175966739655,
    0.10770533233880997,
    0.16710661351680756,
    0.18817472457885742,
    0.20188264548778534,
    0.2341698408126831,
    0.25657379627227783,
    0.21024449169635773,
    0.22412347793579102,
    0.2147831916809082,
    0.1711483597755432,
    0.1457023024559021,
    0.13591784238815308,
    0.12933437526226044,
    0.14097116887569427,
    0.14566093683242798,
    0.16443295776844025,
    0.212126687169075,
    0.21346412599086761,
    0.1467760056257248,
    0.15282461047172546,
    0.16815926134586334,
    0.1373954862356186,
    0.20084504783153534,
    0.18034236133098602,
    0.17131894826889038,
    0.1766786128282547,
    0.16995024681091309,
    0.1269339770078659,
    0.14849744737148285,
    0.12279891967773438,
    0.0997627004981041,
    0.11983799189329147,
    0.12942123413085938,
    0.11124619096517563,
    0.1102062463760376,
    0.14369095861911774,
    0.12813694775104523,
    0.1892898827791214,
    0.19052784144878387,
    0.1953391283750534,
    0.23108060657978058,
    0.18831181526184082,
    0.13374850153923035,
    0.14488789439201355,
    0.11446557193994522,
    0.11520608514547348,
    0.1269601434469223,
    0.14934663474559784,
    0.13124363124370575,
    0.12310836464166641,
    0.1310545951128006,
    0.1081901416182518,
    0.12601646780967712,
    0.1664077639579773,
    0.15972690284252167,
    0.18864206969738007,
    0.15389446914196014,
    0.1212661936879158,
    0.10293448716402054,
    0.1141594722867012,
    0.10505486279726028,
    0.12217142432928085,
    0.13901712000370026,
    0.12955467402935028,
    0.13261188566684723,
    0.10696276277303696,
    0.08249042183160782,
    0.10402604192495346,
    0.0977979227900505,
    0.08526573330163956,
    0.10972246527671814,
    0.14089345932006836,
    0.11771100759506226,
    0.14945079386234283,
    0.14585790038108826,
    0.11468123644590378
  ],
  "all_framewise_lpips": [
    0.6953346133232117,
    0.6270714402198792,
    0.6117972135543823,
    0.6770328283309937,
    0.6283406019210815,
    0.6212655305862427,
    0.7204412221908569,
    0.7431488037109375,
    0.7772866487503052,
    0.8349817991256714,
    0.7772502899169922,
    0.7769500613212585,
    0.819969892501831,
    0.7654190063476562,
    0.7796486020088196,
    0.8142772316932678,
    0.7927118539810181,
    0.8041585683822632,
    0.8992663621902466,
    0.850803554058075,
    0.8538249731063843,
    0.9248967170715332,
    0.8864383101463318,
    0.8827615976333618,
    0.96241694688797,
    0.8790034055709839,
    0.8647933602333069,
    0.9076542854309082,
    0.8468143939971924,
    0.8343477845191956,
    0.8961997032165527,
    0.8790766596794128,
    0.8711131811141968,
    0.9504413604736328,
    0.907845675945282,
    0.8753318190574646,
    0.9202112555503845,
    0.8623918294906616,
    0.8482046127319336,
    0.8916614651679993,
    0.8572252988815308,
    0.8560918569564819,
    0.8768132925033569,
    0.8499778509140015,
    0.8443263173103333,
    0.9124011993408203,
    0.8522171974182129,
    0.8516952991485596,
    0.8847260475158691,
    0.8511763215065002,
    0.8629299402236938,
    0.9275547862052917,
    0.8855441808700562,
    0.8893496990203857,
    1.0091633796691895,
    0.9104591012001038,
    0.9082025289535522,
    0.9938262104988098,
    0.9076929092407227,
    0.8476789593696594,
    0.96181321144104,
    0.8684555292129517,
    0.8761802315711975,
    0.9214650392532349,
    0.8542556762695312,
    0.8597738742828369,
    0.9230051636695862,
    0.845305323600769,
    0.8656032085418701,
    0.891327440738678,
    0.839610755443573,
    0.8259921073913574,
    0.8810442090034485,
    0.8315870761871338,
    0.8369772434234619,
    0.9154393672943115,
    0.8758313059806824,
    0.8689820170402527,
    0.9360219240188599,
    0.8745269179344177,
    0.8673499822616577,
    0.9274145364761353,
    0.8628500699996948,
    0.8487517833709717,
    0.9034678339958191,
    0.8541483879089355,
    0.8379956483840942,
    0.883021891117096,
    0.8329875469207764,
    0.8333412408828735,
    0.8885322213172913,
    0.8039200305938721,
    0.8212949633598328,
    0.8775818347930908,
    0.8217507600784302,
    0.8287729024887085,
    0.871550440788269,
    0.8284962177276611,
    0.8240374326705933,
    0.8983930945396423
  ]
}