{
  "n_frames": 100,
  "scenewise_psnr": 17.588517555297603,
  "scenewise_ssim": 0.3772079406148201,
  "scenewise_lpips": 0.664750669002533,
  "all_framewise_psnrs": [
    21.57402069087859,
    21.154433110036766,
    20.670772532028533,
    21.26956573103969,
    20.999239062012283,
    19.85179204749116,
    18.73190365781361,
    18.7213993900944,
    18.481249196813913,
    18.428105393048472,
    18.20519755823086,
    18.29224694959648,
    18.656744536784593,
    19.570204023882752,
    20.143183901087014,
    20.05909556360285,
    20.003247168451196,
    20.009393102229836,
    19.404469397578655,
    19.088812553002125,
    18.88819494890447,
    19.40511795067579,
    18.615571013523976,
    18.668287424912243,
    18.807481493944792,
    18.728685933169128,
    18.26323412307171,
    18.958669745554303,
    17.61068419809048,
    17.775736430520563,
    17.27729049846888,
    15.367507046159465,
    13.80989786592303,
    16.529182916194785,
    16.321555981567116,
    17.332993224155434,
    16.916628262248892,
    17.80856207719918,
    16.749891638583467,
    18.157850166512937,
    18.169537406821167,
    18.74513049070231,
    18.671449374143425,
    18.95997758052909,
    18.74349052886769,
    18.411895731490738,
    17.611555970894685,
    18.11253425793843,
    17.297178977811203,
    18.330806796046726,
    18.438423144093072,
    18.018843372548808,
    18.007668210190953,
    17.430696207622308,
    16.443455821642672,
    16.71429196403176,
    17.369814647165487,
    17.811892738424866,
    18.79630253041325,
    18.40547662326282,
    18.503144996334132,
    17.96446874846864,
    18.07232010410032,
    16.8918740668658,
    15.902675971658699,
    15.305177030290167,
    15.074921028032094,
    15.034251571742182,
    14.063489042237594,
    13.904512696358584,
    14.887711170147178,
    15.005987200773028,
    16.271067648721292,
    16.261376638922567,
    14.942424598827781,
    14.651058693313868,
    17.215719829547837,
    17.715230491761613,
    16.88425313745612,
    17.982586036763102,
    17.330667272276152,
    17.523528594080855,
    18.23970099337812,
    20.34458294698688,
    19.980411450857563,
    18.713377896010872,
    18.957956951950234,
    19.258048305951338,
    16.22695124603808,
    16.133608206234477,
    16.59540961564552,
    16.559235150339443,
    17.314805285713263,
    17.57028703412739,
    17.683678618162332,
    18.62808762605058,
    17.66763904972248,
    18.962415743599667,
    19.393596322683166,
    19.248749000800988
  ],
  "all_framewise_ssim": [
    0.5485775470733643,
    0.5273229479789734,
    0.49155640602111816,
    0.5129609107971191,
    0.4824889898300171,
    0.3971213400363922,
    0.32994675636291504,
    0.3385562598705292,
    0.33006298542022705,
    0.34293970465660095,
    0.3728612959384918,
    0.40462398529052734,
    0.3569772243499756,
    0.3838620185852051,
    0.3953584134578705,
    0.3788917362689972,
    0.38967564702033997,
    0.3942159414291382,
    0.40365901589393616,
    0.42593491077423096,
    0.4177882969379425,
    0.3884490430355072,
    0.3543342053890228,
    0.358838826417923,
    0.3448488414287567,
    0.3511928617954254,
    0.37574419379234314,
    0.36461111903190613,
    0.32205164432525635,
    0.31225910782814026,
    0.27780139446258545,
    0.23398275673389435,
    0.2098100334405899,
    0.26464664936065674,
    0.295623242855072,
    0.3184257447719574,
    0.308403342962265,
    0.33512750267982483,
    0.3014706075191498,
    0.3638080060482025,
    0.40124866366386414,
    0.4474732577800751,
    0.4356224238872528,
    0.4536789357662201,
    0.4552706182003021,
    0.4408174455165863,
    0.43078112602233887,
    0.45103421807289124,
    0.3818725347518921,
    0.3855966627597809,
    0.3966766893863678,
    0.35833504796028137,
    0.3476557731628418,
    0.31261396408081055,
    0.29510819911956787,
    0.3260359466075897,
    0.33193305134773254,
    0.34514132142066956,
    0.35967573523521423,
    0.33585628867149353,
    0.3146441876888275,
    0.320857971906662,
    0.34478142857551575,
    0.30886027216911316,
    0.25137871503829956,
    0.23039209842681885,
    0.24068403244018555,
    0.27627086639404297,
    0.26225903630256653,
    0.2559293210506439,
    0.3085818290710449,
    0.3243461847305298,
    0.3822602331638336,
    0.3683379888534546,
    0.3237159848213196,
    0.3388653099536896,
    0.3597361743450165,
    0.37094759941101074,
    0.34779950976371765,
    0.38242530822753906,
    0.42188942432403564,
    0.3911397457122803,
    0.4625106155872345,
    0.5504752993583679,
    0.5230710506439209,
    0.5125077366828918,
    0.5880041122436523,
    0.6813643574714661,
    0.5005347728729248,
    0.3749806880950928,
    0.39099785685539246,
    0.3785368502140045,
    0.401524156332016,
    0.3661220073699951,
    0.3528316915035248,
    0.35752734541893005,
    0.35301443934440613,
    0.36806222796440125,
    0.3795032501220703,
    0.3844817578792572
  ],
  "all_framewise_lpips": [
    0.47465384006500244,
    0.48480868339538574,
    0.49981415271759033,
    0.5042015910148621,
    0.5408472418785095,
    0.6000741720199585,
    0.635725200176239,
    0.6492297649383545,
    0.6661369204521179,
    0.670626163482666,
    0.6576403975486755,
    0.6474050283432007,
    0.6528924703598022,
    0.642428994178772,
    0.6440175175666809,
    0.6523549556732178,
    0.6550118923187256,
    0.6542006731033325,
    0.6466736793518066,
    0.6400114297866821,
    0.6413793563842773,
    0.6582612991333008,
    0.681714653968811,
    0.6944268345832825,
    0.7042220234870911,
    0.7041836977005005,
    0.6950701475143433,
    0.7026914358139038,
    0.6905210614204407,
    0.6826638579368591,
    0.6921817064285278,
    0.7099575996398926,
    0.7164415121078491,
    0.7069375514984131,
    0.7000600695610046,
    0.670380711555481,
    0.6672770380973816,
    0.6529431343078613,
    0.6646513938903809,
    0.6436783075332642,
    0.6232632398605347,
    0.6034359335899353,
    0.6061414480209351,
    0.6118888854980469,
    0.6064265966415405,
    0.579646646976471,
    0.5968359708786011,
    0.5759326815605164,
    0.608412504196167,
    0.6172298789024353,
    0.6442157626152039,
    0.7033824920654297,
    0.6780029535293579,
    0.6585421562194824,
    0.6599586606025696,
    0.6417251825332642,
    0.6726312637329102,
    0.6855487823486328,
    0.6896107196807861,
    0.7048146724700928,
    0.7108792066574097,
    0.70878005027771,
    0.6973631381988525,
    0.6987931132316589,
    0.700257420539856,
    0.7119448781013489,
    0.7278594374656677,
    0.7246116995811462,
    0.735187292098999,
    0.7190095782279968,
    0.7086963057518005,
    0.7007683515548706,
    0.6845645308494568,
    0.7022172808647156,
    0.7210526466369629,
    0.7085037231445312,
    0.7156367897987366,
    0.7283240556716919,
    0.730349063873291,
    0.712386965751648,
    0.6985200643539429,
    0.72029048204422,
    0.682305634021759,
    0.6513195633888245,
    0.6602240204811096,
    0.6319916248321533,
    0.610190212726593,
    0.5422520041465759,
    0.641309916973114,
    0.6523135900497437,
    0.6740302443504333,
    0.6859086155891418,
    0.6936149001121521,
    0.728631317615509,
    0.7457345724105835,
    0.7442721724510193,
    0.7373197674751282,
    0.6894840002059937,
    0.6787642240524292,
    0.6933598518371582
  ]
}