{
  "n_frames": 100,
  "scenewise_psnr": 17.02276925862836,
  "scenewise_ssim": 0.5166082442307207,
  "scenewise_lpips": 0.5485786575078965,
  "all_framewise_psnrs": [
    16.759136599731654,
    16.909024950252125,
    16.678357472969413,
    16.747337601711095,
    16.485984485754944,
    16.15883762750818,
    16.286436474298473,
    16.19872285239787,
    16.36973442539795,
    15.793395412198699,
    16.951810296321067,
    17.95222525931546,
    18.57231219682674,
    18.520899424045062,
    18.70229485303638,
    19.058788097377285,
    19.118247983060748,
    19.070897664710916,
    18.409987008609086,
    17.940032298533705,
    18.286755609835016,
    17.69379451642914,
    16.948933997032796,
    15.9163385725536,
    16.482681141916522,
    16.62002611963438,
    17.558092437439562,
    18.436607985799583,
    18.639987413867416,
    18.229070949987197,
    17.66378601326551,
    17.89395127426601,
    16.912357261030007,
    16.813200931936755,
    17.25049864176909,
    17.62529594742204,
    11.823807406162047,
    17.806421483926687,
    16.86712765314137,
    16.59064041257525,
    16.67779202604739,
    17.04330208453341,
    17.50255131315154,
    17.606943349167274,
    17.93232747343014,
    18.178422837847176,
    18.006760224886847,
    17.91945911214605,
    17.77745703126569,
    17.028480888105015,
    16.885306106039938,
    16.875354365569898,
    17.42313000974519,
    17.177595834895,
    16.68954714454484,
    17.127411259287584,
    17.554152468644503,
    18.207988729047972,
    15.404893130867992,
    15.485130545356023,
    15.717700891247784,
    15.76394288295862,
    15.812513038352662,
    16.161438906144134,
    16.084525204135637,
    15.895401108074969,
    15.206047581566708,
    15.353712671609795,
    16.276945923446103,
    16.191624154162984,
    16.159267892068428,
    16.250980042071113,
    16.065254784077876,
    16.375173782246396,
    17.176584420881596,
    17.320267160379814,
    17.32338108556855,
    16.942710943291036,
    16.58941674693611,
    16.656749374746,
    16.75123832589632,
    17.42380177881938,
    16.801190045716968,
    16.95549262246336,
    16.57262501971797,
    17.42790437209861,
    17.643491804230333,
    18.42841464523812,
    18.573524420278684,
    17.37092860524814,
    17.643760755187195,
    18.628965374392074,
    18.552678739261573,
    17.833878876167184,
    18.258188804550773,
    18.345605026428387,
    18.24660984669696,
    19.115789733391622,
    18.15378442258117,
    18.308040805741545
  ],
  "all_framewise_ssim": [
    0.4464452266693115,
    0.45584166049957275,
    0.4608713388442993,
    0.457018107175827,
    0.450341135263443,
    0.4444490373134613,
    0.4480263888835907,
    0.43908509612083435,
    0.44102397561073303,
    0.42589202523231506,
    0.45493635535240173,
    0.45632708072662354,
    0.5097516775131226,
    0.5380945205688477,
    0.5439217686653137,
    0.5440649390220642,
    0.5639544725418091,
    0.5880722403526306,
    0.5991442203521729,
    0.5444658994674683,
    0.5341461300849915,
    0.49926984310150146,
    0.4803673326969147,
    0.45639869570732117,
    0.4629018306732178,
    0.48636069893836975,
    0.5430809855461121,
    0.5314459800720215,
    0.5363264679908752,
    0.5267855525016785,
    0.510343611240387,
    0.5314581990242004,
    0.4957275390625,
    0.4779398441314697,
    0.5068548917770386,
    0.5149784684181213,
    0.4948548376560211,
    0.48533082008361816,
    0.4988994300365448,
    0.4956968128681183,
    0.5202124118804932,
    0.5421144962310791,
    0.5764852166175842,
    0.5988433361053467,
    0.582429826259613,
    0.568744957447052,
    0.5641945004463196,
    0.5528786778450012,
    0.5551583170890808,
    0.5388693809509277,
    0.5382115244865417,
    0.5382137894630432,
    0.5615970492362976,
    0.5622132420539856,
    0.5708789229393005,
    0.5775806307792664,
    0.5773599147796631,
    0.5710628628730774,
    0.49892592430114746,
    0.4732489585876465,
    0.4900936782360077,
    0.48572757840156555,
    0.4912494719028473,
    0.5084832310676575,
    0.5017022490501404,
    0.4758622646331787,
    0.45848503708839417,
    0.4550584852695465,
    0.4674592912197113,
    0.46760109066963196,
    0.4763760268688202,
    0.4821855127811432,
    0.4729406535625458,
    0.4874599277973175,
    0.5047601461410522,
    0.49906793236732483,
    0.5002169013023376,
    0.487829327583313,
    0.47898074984550476,
    0.48612844944000244,
    0.4872877597808838,
    0.5076538324356079,
    0.47246143221855164,
    0.4854840934276581,
    0.48141035437583923,
    0.4932347238063812,
    0.44222208857536316,
    0.49366259574890137,
    0.5767118334770203,
    0.5585687756538391,
    0.5784309506416321,
    0.6097394227981567,
    0.5941585898399353,
    0.5714629888534546,
    0.578587532043457,
    0.5802886486053467,
    0.5882928371429443,
    0.6105230450630188,
    0.6079616546630859,
    0.592332661151886
  ],
  "all_framewise_lpips": [
    0.5831124782562256,
    0.5675528645515442,
    0.5708951354026794,
    0.5570704936981201,
    0.5651195049285889,
    0.5749044418334961,
    0.5714007616043091,
    0.5628837943077087,
    0.5750851631164551,
    0.5637046694755554,
    0.554034411907196,
    0.6004042029380798,
    0.5653923749923706,
    0.5585010051727295,
    0.5530726313591003,
    0.54664146900177,
    0.5332632064819336,
    0.5301032066345215,
    0.5189753770828247,
    0.5249104499816895,
    0.5243471264839172,
    0.5399725437164307,
    0.5340173840522766,
    0.5602920055389404,
    0.5584867596626282,
    0.534159243106842,
    0.5049644708633423,
    0.5597918033599854,
    0.5567734241485596,
    0.5197353363037109,
    0.532295286655426,
    0.4978087246417999,
    0.5162454843521118,
    0.5205103158950806,
    0.5059626698493958,
    0.5326050519943237,
    0.6054173111915588,
    0.5693467259407043,
    0.5586961507797241,
    0.5544660687446594,
    0.5388679504394531,
    0.5304514765739441,
    0.5314927697181702,
    0.5184380412101746,
    0.5305086970329285,
    0.5536489486694336,
    0.5465757250785828,
    0.5590724945068359,
    0.5509744882583618,
    0.5591750144958496,
    0.5577683448791504,
    0.5574208498001099,
    0.5460602641105652,
    0.5236307382583618,
    0.5110979676246643,
    0.5226861834526062,
    0.5392240881919861,
    0.5716269016265869,
    0.5720788240432739,
    0.5891821384429932,
    0.5791690349578857,
    0.5784653425216675,
    0.5684260129928589,
    0.5547956824302673,
    0.562780499458313,
    0.5816612243652344,
    0.5859087109565735,
    0.5938381552696228,
    0.5793184041976929,
    0.5867446660995483,
    0.5800188779830933,
    0.5788027048110962,
    0.5972447395324707,
    0.5724267363548279,
    0.5670849084854126,
    0.588575541973114,
    0.5699835419654846,
    0.5550068616867065,
    0.5529139637947083,
    0.5466012954711914,
    0.5530344843864441,
    0.5317052006721497,
    0.5522205233573914,
    0.5428609848022461,
    0.5380258560180664,
    0.5606206059455872,
    0.5845499038696289,
    0.5815672874450684,
    0.5397891998291016,
    0.5271477699279785,
    0.5009180307388306,
    0.46149927377700806,
    0.46359169483184814,
    0.5042137503623962,
    0.5271504521369934,
    0.5169740915298462,
    0.5212027430534363,
    0.5019075274467468,
    0.48949822783470154,
    0.5067178010940552
  ]
}