{
  "n_frames": 100,
  "scenewise_psnr": 15.070472609852438,
  "scenewise_ssim": 0.22226876826328734,
  "scenewise_lpips": 0.7738008889555931,
  "all_framewise_psnrs": [
    15.943831547603901,
    16.086659165331515,
    17.393137045746965,
    16.433268953678667,
    16.83893988492172,
    17.20157672997481,
    15.28070080734472,
    15.707071481458811,
    14.472146864791547,
    14.581065871330454,
    14.65198886482916,
    14.641269514563852,
    14.150269255227174,
    14.322950227033424,
    14.043441951426214,
    14.379440365425273,
    14.330324480073147,
    14.161702058125057,
    13.848987437896875,
    14.120888389179314,
    14.103792649080166,
    13.8932277046158,
    15.3201725157632,
    15.752164582781663,
    15.203779958931467,
    16.243723949138197,
    16.534851316501975,
    16.412072790366928,
    16.720486765718288,
    16.762494390722928,
    16.354821535364845,
    16.43801759596962,
    15.563906579077884,
    15.306619675795147,
    14.534122062398293,
    14.948254808576333,
    14.902045404008376,
    14.832278817863909,
    14.641153636642168,
    14.886346333265287,
    15.627497007700676,
    16.25808252129061,
    15.455279782272786,
    16.15267362517476,
    15.919633701497046,
    15.598647912006353,
    16.640239137050507,
    16.485676547529067,
    16.14339073749063,
    15.568151091336844,
    16.00644390554939,
    15.147912264129925,
    14.988397960339972,
    15.806123236193324,
    14.938035384211934,
    15.091148033202465,
    14.849981648490672,
    14.791692815006414,
    15.105158105216855,
    15.26500240280114,
    14.636071710815896,
    15.981389621765214,
    16.26761854970978,
    16.285297984476205,
    17.07002316530764,
    16.801759395610205,
    15.972547276018776,
    16.432432836034682,
    16.129324506080415,
    16.195024179935267,
    16.11995626387849,
    16.40683178387174,
    15.941767561957597,
    15.440083060709608,
    15.257836864537511,
    14.517354698522002,
    14.546510100948177,
    15.53124857347929,
    14.945031058850136,
    15.398393165901513,
    14.974063677257782,
    14.588301996878448,
    14.689142852761218,
    14.083113336130308,
    13.928892994707397,
    14.007994563411891,
    14.04869512564952,
    13.947485467724425,
    14.02641840623354,
    13.942090560100464,
    13.53773096206993,
    13.922379278864081,
    13.608243159389005,
    13.583224830594746,
    13.6570152672791,
    14.010916369189271,
    13.011029937577304,
    13.93932167781218,
    13.835141610194219,
    13.700617400536068
  ],
  "all_framewise_ssim": [
    0.4203142821788788,
    0.420212060213089,
    0.5126873850822449,
    0.4204496145248413,
    0.40964069962501526,
    0.4612581729888916,
    0.30921655893325806,
    0.32403767108917236,
    0.17176610231399536,
    0.1606985628604889,
    0.153090700507164,
    0.1685609370470047,
    0.1399581879377365,
    0.1642785370349884,
    0.15469425916671753,
    0.2119024395942688,
    0.20651014149188995,
    0.21332049369812012,
    0.19087570905685425,
    0.19382159411907196,
    0.20486612617969513,
    0.18294011056423187,
    0.21613137423992157,
    0.2148669958114624,
    0.17849953472614288,
    0.26959237456321716,
    0.30371877551078796,
    0.297983318567276,
    0.32675686478614807,
    0.32707634568214417,
    0.27961111068725586,
    0.28641319274902344,
    0.25221529603004456,
    0.2178521305322647,
    0.15659718215465546,
    0.17651928961277008,
    0.16411787271499634,
    0.16820935904979706,
    0.16814939677715302,
    0.19526052474975586,
    0.2534768879413605,
    0.2969309985637665,
    0.21294386684894562,
    0.2896972596645355,
    0.27178725600242615,
    0.23920845985412598,
    0.3284659683704376,
    0.3118891417980194,
    0.2784937620162964,
    0.2477232664823532,
    0.2426513433456421,
    0.1894197016954422,
    0.18469856679439545,
    0.2079722285270691,
    0.15171752870082855,
    0.14968585968017578,
    0.16630832850933075,
    0.16239991784095764,
    0.17262987792491913,
    0.17933712899684906,
    0.1593126803636551,
    0.25676244497299194,
    0.2597194015979767,
    0.2633671462535858,
    0.33491814136505127,
    0.30586668848991394,
    0.24821579456329346,
    0.2970166504383087,
    0.25970688462257385,
    0.27608296275138855,
    0.25793132185935974,
    0.28892087936401367,
    0.25660526752471924,
    0.2048415094614029,
    0.20331545174121857,
    0.15193034708499908,
    0.15379825234413147,
    0.22258372604846954,
    0.19218343496322632,
    0.22646857798099518,
    0.19108574092388153,
    0.1640552282333374,
    0.15960365533828735,
    0.12118349224328995,
    0.11310877650976181,
    0.12910817563533783,
    0.14648352563381195,
    0.13502666354179382,
    0.14076194167137146,
    0.11590216308832169,
    0.0893326997756958,
    0.11012879759073257,
    0.10842398554086685,
    0.09059778600931168,
    0.11859982460737228,
    0.14869938790798187,
    0.1210874542593956,
    0.15532368421554565,
    0.15331779420375824,
    0.12178278714418411
  ],
  "all_framewise_lpips": [
    0.48928597569465637,
    0.4177674651145935,
    0.39012762904167175,
    0.4845193326473236,
    0.44748783111572266,
    0.42281585931777954,
    0.5228244662284851,
    0.5549980998039246,
    0.7708390951156616,
    0.9658244848251343,
    0.9173852205276489,
    0.9022707343101501,
    0.9554723501205444,
    0.8987005949020386,
    0.9109804630279541,
    0.9241033792495728,
    0.902729332447052,
    0.9033533930778503,
    0.9717875719070435,
    0.9270133972167969,
    0.9194285273551941,
    0.9973389506340027,
    0.7950873970985413,
    0.7511857748031616,
    0.8040817379951477,
    0.7101801037788391,
    0.6947039365768433,
    0.7423827052116394,
    0.6798123121261597,
    0.6803072690963745,
    0.7523819208145142,
    0.748131513595581,
    0.7480621933937073,
    0.8281206488609314,
    0.7849981188774109,
    0.7502869367599487,
    0.8029738664627075,
    0.7511321902275085,
    0.7285504341125488,
    0.774090051651001,
    0.7334927916526794,
    0.7180399298667908,
    0.7353768348693848,
    0.6527713537216187,
    0.6436493992805481,
    0.7198042869567871,
    0.6651241779327393,
    0.6650853157043457,
    0.7073779702186584,
    0.6861696243286133,
    0.70702064037323,
    0.7754393219947815,
    0.742169201374054,
    0.7283681631088257,
    0.8489709496498108,
    0.7580969333648682,
    0.7703444957733154,
    0.8479630947113037,
    0.763965368270874,
    0.7236531972885132,
    0.8382861614227295,
    0.7420820593833923,
    0.7483659982681274,
    0.7540398240089417,
    0.6650528907775879,
    0.6517234444618225,
    0.7056318521499634,
    0.6160949468612671,
    0.6333584189414978,
    0.662381112575531,
    0.6220458149909973,
    0.6167589426040649,
    0.6852650046348572,
    0.661518931388855,
    0.6823890209197998,
    0.7748178243637085,
    0.7591843605041504,
    0.7430010437965393,
    0.7964843511581421,
    0.705365002155304,
    0.7075579166412354,
    0.7955211400985718,
    0.784466564655304,
    0.9460217952728271,
    0.9953810572624207,
    0.9442994594573975,
    0.9243391752243042,
    0.9717900156974792,
    0.9245112538337708,
    0.9315006732940674,
    0.9952818155288696,
    0.9193629622459412,
    0.9355348944664001,
    1.007590413093567,
    0.9538301229476929,
    0.9651413559913635,
    1.003228783607483,
    0.9438146352767944,
    0.9467273950576782,
    1.0039341449737549
  ]
}