{
  "n_frames": 120,
  "scenewise_psnr": 12.849263008003021,
  "scenewise_ssim": 0.24409778772756852,
  "scenewise_lpips": 0.9442321315407753,
  "all_framewise_psnrs": [
    12.726402114137334,
    13.193557934165996,
    13.628262729102389,
    13.697044913709007,
    13.0665900750361,
    13.154033428891436,
    12.78286607156463,
    12.663437279746145,
    12.90674723524926,
    13.023973979358498,
    12.970196380526662,
    12.863331249966159,
    12.66030645597663,
    12.911816776441235,
    12.576971461835011,
    12.704329339055763,
    12.76218081274526,
    12.653785979930813,
    12.664687073970889,
    12.407190617195191,
    12.426075939905058,
    12.556163324071484,
    12.483924462562507,
    12.141129615361141,
    12.489956116206917,
    12.511090140598666,
    12.340554423708046,
    12.396311755716837,
    12.453578947171462,
    12.407618982340606,
    12.206817390077191,
    11.956475926789569,
    12.288346975541245,
    11.8725206229929,
    12.233933357503737,
    12.743417134999914,
    13.468631201047858,
    13.066244919730554,
    13.052323274582493,
    13.56519344919056,
    12.975703939094993,
    12.774669634678698,
    12.796850524373951,
    12.927210516211954,
    13.263538274566928,
    13.229707572933116,
    12.840959712726058,
    12.979606250726903,
    13.859637321291698,
    13.862301121803878,
    13.926583612606398,
    13.866491411302242,
    13.867923764468774,
    13.535983445424664,
    14.07737447104964,
    14.285876267695482,
    13.839040247636763,
    14.080539575194692,
    14.112749792670636,
    13.84655577659192,
    13.82361727383719,
    13.354048495860436,
    13.166986065685775,
    13.308761220858358,
    13.26012981693525,
    13.29507848625002,
    13.047385737466133,
    12.908152178750873,
    13.020877797764157,
    12.699411528821233,
    12.475072013587972,
    12.892624483589042,
    13.841024181087594,
    13.277947365641822,
    13.806608677337541,
    14.233980526549836,
    13.540430693779369,
    12.53537406185419,
    12.408273862799735,
    12.535842817631025,
    12.434155063191879,
    12.127897331905276,
    12.187638071674634,
    12.499601263493979,
    13.28514143946433,
    13.184311620359999,
    14.10221629110729,
    13.703440081912726,
    12.718564682487708,
    13.489711098085806,
    13.097464511131829,
    12.879183528146365,
    12.474427862399683,
    13.953862060706786,
    13.922904248713925,
    13.47030505523022,
    12.615229574572865,
    12.254519459011732,
    11.516520999706382,
    11.983942272074914,
    11.578105347957553,
    11.141675567693376,
    11.652377975390264,
    11.422242715466835,
    12.708233614083431,
    13.36795863922558,
    12.379758096465181,
    12.814350655275724,
    12.518510792075592,
    12.175645039649856,
    12.143425980810939,
    12.623563915487416,
    12.908575077994904,
    12.800841064550381,
    12.53417165618568,
    12.395443252027539,
    12.074010966314429,
    12.477393123073385,
    12.515220237704652,
    12.507540623356654
  ],
  "all_framewise_ssim": [
    0.21438629925251007,
    0.2767987847328186,
    0.32957813143730164,
    0.34205248951911926,
    0.2619704306125641,
    0.23000895977020264,
    0.2154514640569687,
    0.20772941410541534,
    0.19663739204406738,
    0.18175525963306427,
    0.188188835978508,
    0.20206792652606964,
    0.17153407633304596,
    0.19824427366256714,
    0.16434083878993988,
    0.16666142642498016,
    0.18547652661800385,
    0.15686726570129395,
    0.1478978544473648,
    0.14815370738506317,
    0.16506361961364746,
    0.15135782957077026,
    0.17418311536312103,
    0.14581818878650665,
    0.14828045666217804,
    0.16967082023620605,
    0.17270664870738983,
    0.1509775072336197,
    0.1470748782157898,
    0.16277508437633514,
    0.18308532238006592,
    0.18840599060058594,
    0.23319639265537262,
    0.2380894422531128,
    0.2181159406900406,
    0.2357727736234665,
    0.26475250720977783,
    0.22450493276119232,
    0.27059030532836914,
    0.282084196805954,
    0.2550027072429657,
    0.21529936790466309,
    0.18756915628910065,
    0.22413384914398193,
    0.23908714950084686,
    0.22175002098083496,
    0.20819054543972015,
    0.19556142389774323,
    0.23200631141662598,
    0.21485722064971924,
    0.2218376249074936,
    0.2138654589653015,
    0.22253714501857758,
    0.1986091136932373,
    0.22492730617523193,
    0.2663998603820801,
    0.26304444670677185,
    0.26289066672325134,
    0.27167513966560364,
    0.23031307756900787,
    0.2552523910999298,
    0.19963550567626953,
    0.20151068270206451,
    0.2238701581954956,
    0.23062747716903687,
    0.20896311104297638,
    0.21810854971408844,
    0.2359812706708908,
    0.244573712348938,
    0.24306444823741913,
    0.22579629719257355,
    0.2843768000602722,
    0.3305346965789795,
    0.33009734749794006,
    0.2985607087612152,
    0.3248511254787445,
    0.38685765862464905,
    0.2983696162700653,
    0.3028240501880646,
    0.3204149901866913,
    0.32254353165626526,
    0.32899290323257446,
    0.3368513286113739,
    0.39652004837989807,
    0.4274129569530487,
    0.3842550814151764,
    0.3766891062259674,
    0.3360588848590851,
    0.30132928490638733,
    0.32252037525177,
    0.3015974760055542,
    0.3090978264808655,
    0.24609768390655518,
    0.24514512717723846,
    0.2429361790418625,
    0.23903222382068634,
    0.19962744414806366,
    0.19656097888946533,
    0.2159816473722458,
    0.22459717094898224,
    0.2298244684934616,
    0.23916490375995636,
    0.27168765664100647,
    0.27656280994415283,
    0.31819120049476624,
    0.42025837302207947,
    0.23730994760990143,
    0.2440386414527893,
    0.23815590143203735,
    0.2367960661649704,
    0.26524806022644043,
    0.2880971133708954,
    0.3261740207672119,
    0.30113235116004944,
    0.26884958148002625,
    0.20220248401165009,
    0.18448050320148468,
    0.18031074106693268,
    0.18196682631969452,
    0.223765566945076
  ],