{
  "n_frames": 100,
  "scenewise_psnr": 23.63199159668857,
  "scenewise_ssim": 0.6940956318986728,
  "scenewise_lpips": 0.43590943068265914,
  "all_framewise_psnrs": [
    25.888065125840114,
    24.630855155646245,
    25.323160723248023,
    24.740127621017297,
    25.23061431046086,
    25.53212338818782,
    24.597598938292688,
    23.723994276907455,
    24.547541979023993,
    24.748492726745628,
    24.422479716307258,
    24.86958999407505,
    24.98739198860438,
    25.664977788841053,
    25.324064683949167,
    24.762719637883066,
    23.86219186913128,
    24.085325494027053,
    24.52190508151389,
    25.668579255646414,
    25.21942631876579,
    21.872610885838128,
    23.243532794190997,
    22.961076785419607,
    21.608510372098145,
    21.88483516109904,
    21.762964837668427,
    22.944772310733054,
    24.16987890319706,
    23.55341617378819,
    23.222954320402792,
    24.01481860265585,
    24.745153133429927,
    25.032462896903738,
    25.242840794873306,
    25.161424249057717,
    25.03086270409332,
    25.140396898846692,
    23.10273475561697,
    23.71742542220946,
    23.899025551298966,
    24.671174934352457,
    24.553798186251257,
    24.791572182739316,
    25.19470918391975,
    23.672052093435298,
    22.184632961633184,
    21.457956269207603,
    20.59524135658158,
    21.39330942368467,
    20.121861429445758,
    18.570908502060966,
    23.677584707310416,
    25.6304427961113,
    24.088439941765913,
    23.838932068045757,
    25.238439982943216,
    28.33615451415579,
    27.8236349009865,
    23.665854777979177,
    22.192668279543582,
    21.56509733401867,
    22.760654423998268,
    22.897437783893515,
    23.354134214697165,
    28.23009221910518,
    29.121797951446077,
    28.897730761222,
    27.46985350750435,
    26.428905036199083,
    26.176237076178435,
    26.126134559269328,
    26.40981733838656,
    25.748506380234897,
    24.579432460593743,
    23.75380249610993,
    22.23048233490122,
    21.658418748633487,
    21.937509352900722,
    22.575506812235275,
    23.311647918438986,
    25.71620381283364,
    25.983661335287394,
    26.46122629567043,
    25.798116287894256,
    24.485578862120562,
    23.50747587637013,
    24.107105728727415,
    24.659089459388657,
    23.21725727250771,
    23.137056047060888,
    22.972556560585325,
    23.135068798832034,
    23.74512617946685,
    23.057052109309964,
    21.0438574624854,
    20.307575749314765,
    21.064963106950213,
    21.53123649709372,
    20.448920460792067
  ],
  "all_framewise_ssim": [
    0.7262201309204102,
    0.7106435894966125,
    0.7292671203613281,
    0.7069759368896484,
    0.707224428653717,
    0.7073343396186829,
    0.6860437393188477,
    0.6758701801300049,
    0.6859710812568665,
    0.6866469383239746,
    0.6871564984321594,
    0.6945049166679382,
    0.6780216693878174,
    0.6851903796195984,
    0.691375195980072,
    0.6663625836372375,
    0.663621187210083,
    0.6647698879241943,
    0.6932151317596436,
    0.7173600196838379,
    0.6981931328773499,
    0.6303568482398987,
    0.6965047717094421,
    0.7031556963920593,
    0.6744834780693054,
    0.6655067801475525,
    0.6380239129066467,
    0.6237797737121582,
    0.6334086060523987,
    0.6027814149856567,
    0.6144188046455383,
    0.6590155959129333,
    0.6916182637214661,
    0.7202333807945251,
    0.7381106019020081,
    0.7381019592285156,
    0.7437092661857605,
    0.7583997845649719,
    0.6856977939605713,
    0.6659130454063416,
    0.6841945648193359,
    0.6942538619041443,
    0.6961070895195007,
    0.724040687084198,
    0.7546276450157166,
    0.7589005827903748,
    0.7657635807991028,
    0.7581622004508972,
    0.7348496317863464,
    0.7438499331474304,
    0.6830828189849854,
    0.6660130620002747,
    0.7171680331230164,
    0.7652493119239807,
    0.7414924502372742,
    0.7838651537895203,
    0.8179050087928772,
    0.8313302993774414,
    0.7868049144744873,
    0.6775907874107361,
    0.6379920840263367,
    0.5738861560821533,
    0.6077750325202942,
    0.6032193303108215,
    0.6914588809013367,
    0.792140781879425,
    0.7822346687316895,
    0.7875387072563171,
    0.7515224814414978,
    0.7163665294647217,
    0.7031871676445007,
    0.7164619565010071,
    0.7152159214019775,
    0.6963545680046082,
    0.6504485011100769,
    0.5979917645454407,
    0.5567440390586853,
    0.546478807926178,
    0.5601665377616882,
    0.5897462368011475,
    0.6307950615882874,
    0.7231709361076355,
    0.7353398203849792,
    0.757785975933075,
    0.7348849177360535,
    0.6788455843925476,
    0.6399831771850586,
    0.647722601890564,
    0.6781582832336426,
    0.6489109992980957,
    0.6151382923126221,
    0.5981152653694153,
    0.6118391752243042,
    0.6535664200782776,
    0.7275898456573486,
    0.7223911285400391,
    0.7139113545417786,
    0.7215468883514404,
    0.7000634670257568,
    0.6967554688453674
  ],
  "all_framewise_lpips": [
    0.3840687870979309,
    0.3684724271297455,
    0.3731732964515686,
    0.40041300654411316,
    0.4118252694606781,
    0.4277055561542511,
    0.44130003452301025,
    0.4418383836746216,
    0.4373233914375305,
    0.4410686492919922,
    0.44073164463043213,
    0.4420410394668579,
    0.4720642864704132,
    0.46146953105926514,
    0.45634782314300537,
    0.45596957206726074,
    0.4359816908836365,
    0.4456009566783905,
    0.43482765555381775,
    0.440922349691391,
    0.4519597291946411,
    0.48765912652015686,
    0.4505730867385864,
    0.4299635887145996,
    0.41667747497558594,
    0.4093271493911743,
    0.40538519620895386,
    0.44024595618247986,
    0.4674294888973236,
    0.4967699646949768,
    0.4897155165672302,
    0.46931007504463196,
    0.4578583836555481,
    0.4263454079627991,
    0.41075047850608826,
    0.3890312612056732,
    0.3864123225212097,
    0.34940212965011597,
    0.4032362997531891,
    0.3987623155117035,
    0.37765610218048096,
    0.38608697056770325,
    0.40739309787750244,
    0.4080793857574463,
    0.3891369700431824,
    0.41361624002456665,
    0.40219002962112427,
    0.40097787976264954,
    0.4081422686576843,
    0.3777236342430115,
    0.38286489248275757,
    0.38129952549934387,
    0.3831329643726349,
    0.3439338803291321,
    0.3515276312828064,
    0.33354055881500244,
    0.35496610403060913,
    0.4093143343925476,
    0.4320533573627472,
    0.49422377347946167,
    0.5083857774734497,
    0.4690589904785156,
    0.4582173228263855,
    0.4601093530654907,
    0.4284226894378662,
    0.35255980491638184,
    0.3824623227119446,
    0.3916041851043701,
    0.41537806391716003,
    0.4609437584877014,
    0.45784828066825867,
    0.440861314535141,
    0.4420134723186493,
    0.4364146590232849,
    0.47130781412124634,
    0.5049395561218262,
    0.5431689620018005,
    0.547307550907135,
    0.5525598526000977,
    0.5466364026069641,
    0.5242209434509277,
    0.4780341684818268,
    0.46278050541877747,
    0.4387739300727844,
    0.4536513090133667,
    0.45615026354789734,
    0.4607264995574951,
    0.48540937900543213,
    0.4665280282497406,
    0.45054662227630615,
    0.4905294179916382,
    0.5101225972175598,
    0.5050027966499329,
    0.48629677295684814,
    0.4414113759994507,
    0.4202570617198944,
    0.4303100109100342,
    0.41999638080596924,
    0.4332260191440582,
    0.4189489483833313
  ]
}