{
  "n_frames": 100,
  "scenewise_psnr": 22.057906950115253,
  "scenewise_ssim": 0.5482356696228976,
  "scenewise_lpips": 0.6280561852455139,
  "all_framewise_psnrs": [
    22.063412594569147,
    22.897708139797178,
    22.330708107777603,
    22.714212300087297,
    22.89483479464102,
    23.12449959016132,
    23.10372151571808,
    22.625096906178428,
    22.64637973806595,
    21.995337598324927,
    22.102170112501163,
    22.091221769333576,
    21.60005904038407,
    21.57845856723672,
    21.289004616461877,
    20.704925049601517,
    20.992752296266843,
    21.01083312547229,
    21.30875012747758,
    21.40840074962518,
    20.687769727381813,
    20.08892923415512,
    21.188481093444665,
    22.33715247768663,
    21.900549426132358,
    21.649452332731695,
    22.29955190271574,
    19.952459975635158,
    22.811973255367967,
    22.86361325534307,
    21.41370656707209,
    21.024695008173467,
    21.952047336038913,
    21.849992512397872,
    22.34469585411123,
    22.9176813458111,
    23.23130262202391,
    21.32934792685388,
    21.951738272095376,
    22.329814446208548,
    23.288164337961707,
    22.552382779215307,
    23.607502589994,
    23.841110374453653,
    22.9158153148142,
    23.653147517165138,
    24.617076762227995,
    25.77515243854519,
    24.746109410667707,
    23.653140013234605,
    21.462756528471466,
    21.39827646343816,
    23.810272475811196,
    23.644654803768233,
    21.45947605091147,
    21.30335250469221,
    21.46511019138503,
    21.495250005789444,
    23.38983274905238,
    22.754864495592663,
    22.627486806966704,
    21.869168531500005,
    21.953902815996056,
    22.771800336351923,
    21.90311612336764,
    21.90763934432111,
    20.558426812894695,
    20.554495870537277,
    19.24695029204244,
    22.82020469347453,
    23.998442982059387,
    22.728724853127865,
    21.24324927825714,
    20.4736500621917,
    21.262988896522558,
    23.679481124079516,
    22.65437933530474,
    20.819554632272705,
    20.218517118398324,
    21.096753965437745,
    20.26158293827701,
    22.555145634777773,
    23.323011288630397,
    23.293131924714814,
    22.317427279691895,
    22.862194420661197,
    21.270809616823595,
    21.372087211210097,
    21.216883910266453,
    21.210141534192672,
    23.861870524723415,
    24.179661015545122,
    25.031041762396615,
    23.751917493651675,
    22.70481533425138,
    21.860336499133915,
    21.5585056426709,
    21.42898512595346,
    23.36341787912717,
    22.149744267931766
  ],
  "all_framewise_ssim": [
    0.5859089493751526,
    0.6037307381629944,
    0.570486307144165,
    0.570621907711029,
    0.5591986179351807,
    0.5728833675384521,
    0.5710833072662354,
    0.5625174045562744,
    0.566650390625,
    0.546622633934021,
    0.5478361248970032,
    0.5475378632545471,
    0.5226393342018127,
    0.5267141461372375,
    0.5046998858451843,
    0.4802462160587311,
    0.4917205274105072,
    0.47538796067237854,
    0.47857335209846497,
    0.48005211353302,
    0.45836111903190613,
    0.4428638517856598,
    0.4703458547592163,
    0.5065683722496033,
    0.49461713433265686,
    0.49709901213645935,
    0.5149368643760681,
    0.4544415771961212,
    0.4950837194919586,
    0.5058937072753906,
    0.47626790404319763,
    0.4621396064758301,
    0.48307088017463684,
    0.483371376991272,
    0.5083178877830505,
    0.5218762755393982,
    0.525592029094696,
    0.5061202645301819,
    0.5035424828529358,
    0.502651035785675,
    0.5438623428344727,
    0.5450974702835083,
    0.60231614112854,
    0.6357090473175049,
    0.6038046479225159,
    0.6267635226249695,
    0.6596686840057373,
    0.6816578507423401,
    0.6580998301506042,
    0.653358519077301,
    0.6088218092918396,
    0.5842344164848328,
    0.6356236338615417,
    0.6181307435035706,
    0.5757932066917419,
    0.6046321988105774,
    0.6001527905464172,
    0.6104593276977539,
    0.6358765959739685,
    0.6115698218345642,
    0.5900787711143494,
    0.5718321204185486,
    0.5672134757041931,
    0.581155002117157,
    0.6049654483795166,
    0.5886402726173401,
    0.5529381632804871,
    0.49647417664527893,
    0.5037791728973389,
    0.5980610251426697,
    0.6225634217262268,
    0.597016453742981,
    0.5297043919563293,
    0.5251986384391785,
    0.5602607131004333,
    0.5943916440010071,
    0.5743598937988281,
    0.5143532156944275,
    0.4983581006526947,
    0.5378071665763855,
    0.5159851908683777,
    0.5286456942558289,
    0.5536665320396423,
    0.5578464865684509,
    0.5318273901939392,
    0.5678172707557678,
    0.5101204514503479,
    0.4792161285877228,
    0.4757208824157715,
    0.5262031555175781,
    0.5630864500999451,
    0.5958688855171204,
    0.6077125072479248,
    0.5518724322319031,
    0.5138389468193054,
    0.4818984568119049,
    0.45556139945983887,
    0.5158824920654297,
    0.5115702748298645,
    0.5320189595222473
  ],
  "all_framewise_lpips": [
    0.5329190492630005,
    0.5191540718078613,
    0.5445477366447449,
    0.5680570602416992,
    0.5692110657691956,
    0.5650243759155273,
    0.5846705436706543,
    0.5776879787445068,
    0.5826331973075867,
    0.6125577688217163,
    0.5946025848388672,
    0.6075285077095032,
    0.6242939233779907,
    0.6141286492347717,
    0.6300695538520813,
    0.6400644779205322,
    0.645634651184082,
    0.6808695197105408,
    0.7608147859573364,
    0.7689266204833984,
    0.7265071868896484,
    0.7313132286071777,
    0.7023734450340271,
    0.6590968370437622,
    0.6583669781684875,
    0.6456608772277832,
    0.64448082447052,
    0.6829782128334045,
    0.7307259440422058,
    0.7365795373916626,
    0.7076930403709412,
    0.634377121925354,
    0.644147515296936,
    0.6219302415847778,
    0.5918883085250854,
    0.5930891633033752,
    0.6264692544937134,
    0.6438801288604736,
    0.6439147591590881,
    0.6607474088668823,
    0.5768700242042542,
    0.5395037531852722,
    0.5341922640800476,
    0.5245913863182068,
    0.5300103425979614,
    0.5411423444747925,
    0.5278040766716003,
    0.5347368717193604,
    0.5325777530670166,
    0.5214158296585083,
    0.5620529651641846,
    0.5983394980430603,
    0.5380377769470215,
    0.5559631586074829,
    0.5712000131607056,
    0.5591403245925903,
    0.5884477496147156,
    0.577023446559906,
    0.6003987193107605,
    0.6224763989448547,
    0.6418699026107788,
    0.6124973297119141,
    0.6148297786712646,
    0.6201450824737549,
    0.6031033992767334,
    0.6261486411094666,
    0.6433212161064148,
    0.6810262203216553,
    0.6788796782493591,
    0.674321174621582,
    0.6298679113388062,
    0.6188756227493286,
    0.6684105396270752,
    0.6529211401939392,
    0.5563094019889832,
    0.5787844061851501,
    0.5731378197669983,
    0.6447359323501587,
    0.6565889716148376,
    0.612454354763031,
    0.6059869527816772,
    0.6926045417785645,
    0.6620954871177673,
    0.6490944623947144,
    0.6630821228027344,
    0.6342265605926514,
    0.6500083208084106,
    0.7062324285507202,
    0.6917984485626221,
    0.6682374477386475,
    0.6936193704605103,
    0.6505308151245117,
    0.6381657123565674,
    0.6953454613685608,
    0.7112135887145996,
    0.695948600769043,
    0.7475590109825134,
    0.6818090677261353,
    0.7259673476219177,
    0.7083234190940857
  ]
}