{
  "n_frames": 100,
  "scenewise_psnr": 20.00713065607374,
  "scenewise_ssim": 0.4478670733018042,
  "scenewise_lpips": 0.6064269298315048,
  "all_framewise_psnrs": [
    20.308209657802976,
    20.170295373138252,
    20.37299740719774,
    20.585191831633928,
    20.71201757971209,
    20.79488614763427,
    20.825574338138274,
    21.087036447477413,
    21.205363868495564,
    21.148235268661317,
    21.41645662213087,
    20.957946889027113,
    21.002724783012038,
    21.31464304350289,
    21.537776524325277,
    21.09938074237942,
    21.11631540674626,
    21.521381011147135,
    20.918476600306963,
    20.45401902567757,
    20.400080193414546,
    20.442629221742976,
    20.32087942602349,
    20.337599760701135,
    20.126736517442097,
    20.524672522305774,
    20.2841401726852,
    20.172038868905275,
    20.379730987995487,
    19.905412065072404,
    19.483044821756113,
    18.71271386540322,
    18.5093489136281,
    19.660102717375423,
    20.194669676375554,
    19.95121795176997,
    19.134325229596755,
    19.42668424165352,
    19.62425057213892,
    19.62530269953786,
    19.730929283612927,
    19.73033663966685,
    19.219431093504923,
    20.308249171600963,
    20.247815735917236,
    19.606292468912006,
    19.737810479333902,
    19.63700977281427,
    18.93304937501481,
    19.098118673327626,
    19.302857401333775,
    17.88885479993651,
    17.968545432550115,
    17.965334008487893,
    17.224214701216134,
    17.773432213472834,
    18.87806216445012,
    19.519707688089916,
    21.142497961593264,
    21.29649127676199,
    20.8559050604123,
    20.865814217402992,
    20.643864463035648,
    19.728626066768975,
    19.065892949066694,
    18.997997495758845,
    19.513215345855258,
    20.208570034769373,
    19.916962064972232,
    19.554515301179062,
    19.861097568401963,
    20.137132183252003,
    20.513785370343925,
    20.675046428039657,
    20.484425182463994,
    19.713812089954512,
    20.877648591948557,
    21.151668955862803,
    20.538412898122207,
    20.599291088327742,
    20.397997578923075,
    18.938271915063048,
    20.7707221327809,
    21.355798869513624,
    20.427224928410247,
    18.269481818357633,
    19.095784114732822,
    20.70122388069334,
    20.147590453117324,
    18.98477062345975,
    20.34833008186041,
    20.570042251852723,
    20.46219342909327,
    20.514843076598414,
    21.011014345072482,
    21.124234565357018,
    20.626158551139078,
    20.507297703577887,
    21.069809392298108,
    20.56334619033748
  ],
  "all_framewise_ssim": [
    0.4381777346134186,
    0.43794503808021545,
    0.4514930546283722,
    0.4619837701320648,
    0.46153876185417175,
    0.41709503531455994,
    0.39256587624549866,
    0.41360387206077576,
    0.4298100471496582,
    0.4433019459247589,
    0.4790590703487396,
    0.5085744261741638,
    0.4698773920536041,
    0.47204628586769104,
    0.4718981981277466,
    0.44312572479248047,
    0.4461096227169037,
    0.46163153648376465,
    0.4729665219783783,
    0.48858389258384705,
    0.47675228118896484,
    0.4393891394138336,
    0.4174594581127167,
    0.42064693570137024,
    0.4090384542942047,
    0.4242432415485382,
    0.4424353539943695,
    0.42187532782554626,
    0.41326916217803955,
    0.39965298771858215,
    0.3672546148300171,
    0.3431992828845978,
    0.3502376079559326,
    0.38093098998069763,
    0.4173153340816498,
    0.4202679395675659,
    0.39824676513671875,
    0.4091542959213257,
    0.40516114234924316,
    0.43753233551979065,
    0.4761802852153778,
    0.5000988245010376,
    0.4746764004230499,
    0.5177507996559143,
    0.5195902585983276,
    0.49187636375427246,
    0.5043134689331055,
    0.5000374913215637,
    0.4558439552783966,
    0.430551677942276,
    0.43595588207244873,
    0.39627015590667725,
    0.38926735520362854,
    0.35301247239112854,
    0.3391907513141632,
    0.3716285526752472,
    0.38750502467155457,
    0.40557923913002014,
    0.4479266107082367,
    0.430841326713562,
    0.39723870158195496,
    0.4134610891342163,
    0.439085990190506,
    0.40847769379615784,
    0.3643844425678253,
    0.3541441857814789,
    0.38521328568458557,
    0.42221832275390625,
    0.40282878279685974,
    0.39606142044067383,
    0.4475918114185333,
    0.4728534519672394,
    0.5238510966300964,
    0.500709593296051,
    0.46686509251594543,
    0.44174885749816895,
    0.4401693046092987,
    0.44930627942085266,
    0.4285919666290283,
    0.4490000009536743,
    0.4802931249141693,
    0.4329768717288971,
    0.5028669238090515,
    0.5654487013816833,
    0.5286911129951477,
    0.5059014558792114,
    0.5904592275619507,
    0.7213606834411621,
    0.5938741564750671,
    0.4674972593784332,
    0.4806990921497345,
    0.47410866618156433,
    0.4838205873966217,
    0.4447477161884308,
    0.4355742633342743,
    0.4348115622997284,
    0.4368980824947357,
    0.4421318769454956,
    0.46305716037750244,
    0.4581436216831207
  ],
  "all_framewise_lpips": [
    0.5670627355575562,
    0.567321240901947,
    0.5643025040626526,
    0.567352294921875,
    0.5766057372093201,
    0.6006589531898499,
    0.6118209958076477,
    0.6071459054946899,
    0.6073555946350098,
    0.6002927422523499,
    0.5799665451049805,
    0.5627819895744324,
    0.5747327208518982,
    0.5709582567214966,
    0.5812478065490723,
    0.6038628816604614,
    0.6061409711837769,
    0.6023359894752502,
    0.5971547961235046,
    0.5897170305252075,
    0.5922346115112305,
    0.6148596405982971,
    0.6334863901138306,
    0.643997311592102,
    0.6533934473991394,
    0.649315357208252,
    0.6414027810096741,
    0.6496098041534424,
    0.6242132782936096,
    0.6209361553192139,
    0.6341384053230286,
    0.6359630823135376,
    0.6133117079734802,
    0.6065081357955933,
    0.5987669825553894,
    0.5947503447532654,
    0.5987982749938965,
    0.5941961407661438,
    0.5967010855674744,
    0.5883408188819885,
    0.5721988677978516,
    0.5658556818962097,
    0.5758104920387268,
    0.5564123392105103,
    0.5532511472702026,
    0.5310394167900085,
    0.5407198667526245,
    0.5340624451637268,
    0.5616251230239868,
    0.592339277267456,
    0.6253044009208679,
    0.6746217608451843,
    0.6520431041717529,
    0.622358500957489,
    0.6233275532722473,
    0.6065084338188171,
    0.6354396343231201,
    0.648728609085083,
    0.6348138451576233,
    0.6450874209403992,
    0.6506602764129639,
    0.6342178583145142,
    0.622854471206665,
    0.6240987777709961,
    0.6165473461151123,
    0.6171252727508545,
    0.6093263030052185,
    0.6010454893112183,
    0.6045660972595215,
    0.6038914322853088,
    0.5869200825691223,
    0.5788766741752625,
    0.5465229153633118,
    0.5737406015396118,
    0.6018746495246887,
    0.6033326387405396,
    0.6342707872390747,
    0.650146484375,
    0.6542981863021851,
    0.6414871215820312,
    0.6347901821136475,
    0.6758811473846436,
    0.6418358087539673,
    0.6389513611793518,
    0.6505813598632812,
    0.6234742403030396,
    0.6139525771141052,
    0.4983672499656677,
    0.5612752437591553,
    0.5579737424850464,
    0.5825979113578796,
    0.5922592282295227,
    0.6085189580917358,
    0.6431068778038025,
    0.6490902304649353,
    0.6497737765312195,
    0.6490715742111206,
    0.6247965097427368,
    0.6039943099021912,
    0.6113078594207764
  ]
}