{
  "n_frames": 100,
  "scenewise_psnr": 20.35752763091086,
  "scenewise_ssim": 0.4748143535275311,
  "scenewise_lpips": 0.6470839726924896,
  "all_framewise_psnrs": [
    24.73112872812856,
    25.61369959986527,
    24.980880557773787,
    24.03611199641071,
    23.547492848828636,
    24.522313260113464,
    24.261306403516745,
    24.51951006106492,
    24.566148456924136,
    24.239744726171377,
    24.023625897769627,
    24.20503716757828,
    23.266035970715052,
    24.28000764225768,
    23.6089289809698,
    23.61734925999508,
    22.40143080342598,
    23.413857685657756,
    23.63213208077292,
    23.55644278835378,
    22.69687741629109,
    22.73054063030795,
    22.97219931247251,
    22.84005094650592,
    20.68031169675723,
    22.080688204466625,
    21.021748877842086,
    22.046192150539984,
    22.447504549336315,
    22.347174457210826,
    22.15173198733477,
    22.237686121796415,
    21.65116604853736,
    20.571209242931378,
    19.406116537966156,
    18.915490242030433,
    19.15154664646899,
    19.953567896623202,
    19.94930900771619,
    18.846508070301077,
    17.595145819076347,
    20.109526904821603,
    19.696677229861123,
    19.354998281216602,
    19.41886152883471,
    19.087816123507437,
    19.753324551695954,
    20.000476586825727,
    19.911565256649514,
    19.740710267682065,
    18.30669203192723,
    21.209864970528397,
    20.57757185878416,
    17.752261655750484,
    16.953807510618283,
    18.16090025283033,
    19.094623873015152,
    20.86946273441194,
    20.20124273602658,
    20.70414536866574,
    20.25627744675962,
    20.039126107833965,
    20.141881110858147,
    19.909177320246453,
    18.785481598658677,
    18.779842092027216,
    18.296520702383372,
    18.89795160591507,
    18.668131456492333,
    18.945655527566846,
    17.550934024862404,
    19.190690780856258,
    19.490716115113788,
    19.383429058142553,
    18.742460341326943,
    17.77170448942294,
    16.725736104963936,
    17.28422353701937,
    17.21158673549103,
    17.404294456385813,
    17.82001242425937,
    18.791592959753697,
    20.598490217258476,
    21.087884099389782,
    20.226590338571583,
    21.920243761391113,
    21.87442027342337,
    21.76041683784501,
    21.317795614484826,
    22.303588471455512,
    22.305974246346956,
    22.4033373717101,
    22.415633760495624,
    22.14377032834205,
    21.123209273618496,
    20.06826690464136,
    19.487383934018,
    19.93239513586743,
    20.590132834100253,
    21.564730238122163
  ],
  "all_framewise_ssim": [
    0.7286905646324158,
    0.7064161896705627,
    0.6654338240623474,
    0.5652849078178406,
    0.5329276919364929,
    0.5860279202461243,
    0.5775306820869446,
    0.5822505354881287,
    0.5794629454612732,
    0.5597780346870422,
    0.5379309058189392,
    0.5493765473365784,
    0.5225777626037598,
    0.5510060787200928,
    0.5131785273551941,
    0.515104353427887,
    0.4740634262561798,
    0.5055161714553833,
    0.5200228095054626,
    0.5401711463928223,
    0.47605475783348083,
    0.4480903148651123,
    0.4905726909637451,
    0.5040642619132996,
    0.4285297691822052,
    0.4753440320491791,
    0.4565201997756958,
    0.5058048367500305,
    0.5454434752464294,
    0.5544958710670471,
    0.5355322957038879,
    0.5479393601417542,
    0.5338249206542969,
    0.5038745403289795,
    0.4454357624053955,
    0.4285794794559479,
    0.43910083174705505,
    0.4679435193538666,
    0.44894227385520935,
    0.3987579643726349,
    0.3964195251464844,
    0.5032457709312439,
    0.4821140766143799,
    0.4569868743419647,
    0.4317161738872528,
    0.4426058828830719,
    0.4711705148220062,
    0.48085668683052063,
    0.4778231382369995,
    0.4788645803928375,
    0.4712742865085602,
    0.5999364256858826,
    0.5457478165626526,
    0.4471064507961273,
    0.4145772457122803,
    0.44982102513313293,
    0.49801504611968994,
    0.5284655094146729,
    0.5084471106529236,
    0.5086956024169922,
    0.4588010013103485,
    0.4580038785934448,
    0.4712788164615631,
    0.4733114540576935,
    0.45756444334983826,
    0.4447477161884308,
    0.4183594286441803,
    0.40831223130226135,
    0.40423426032066345,
    0.4380786418914795,
    0.3750191628932953,
    0.42735326290130615,
    0.44326767325401306,
    0.44538700580596924,
    0.40834012627601624,
    0.36120715737342834,
    0.32356739044189453,
    0.3298152983188629,
    0.3005000054836273,
    0.30315789580345154,
    0.3077954947948456,
    0.3253806531429291,
    0.42289304733276367,
    0.4432257413864136,
    0.39656296372413635,
    0.4167364835739136,
    0.401534765958786,
    0.40081414580345154,
    0.3975873291492462,
    0.4282863140106201,
    0.42797598242759705,
    0.4508073627948761,
    0.47869667410850525,
    0.4713628590106964,
    0.4175715744495392,
    0.4018360376358032,
    0.3950541019439697,
    0.39667367935180664,
    0.49918925762176514,
    0.6051597595214844
  ],
  "all_framewise_lpips": [
    0.3227546811103821,
    0.348501592874527,
    0.3922068774700165,
    0.5001862049102783,
    0.523926317691803,
    0.4935995638370514,
    0.4833276867866516,
    0.48248329758644104,
    0.49027568101882935,
    0.5099239945411682,
    0.530669629573822,
    0.5374301671981812,
    0.5533843636512756,
    0.5317906737327576,
    0.5518932938575745,
    0.5556629300117493,
    0.5675889253616333,
    0.5608190894126892,
    0.5592698454856873,
    0.5420734882354736,
    0.6204855442047119,
    0.6729771494865417,
    0.6234425902366638,
    0.582564115524292,
    0.6119660139083862,
    0.5969235897064209,
    0.597224235534668,
    0.5979065895080566,
    0.5743220448493958,
    0.5799393653869629,
    0.5863754153251648,
    0.5770679712295532,
    0.5803197622299194,
    0.618532121181488,
    0.6588146090507507,
    0.6927071809768677,
    0.7029457092285156,
    0.6892618536949158,
    0.7037127017974854,
    0.746261477470398,
    0.7183507084846497,
    0.6606563925743103,
    0.6595797538757324,
    0.7028146982192993,
    0.6916343569755554,
    0.6861194968223572,
    0.6645451188087463,
    0.6515689492225647,
    0.6631183624267578,
    0.6376450657844543,
    0.6091001033782959,
    0.6323391795158386,
    0.638801097869873,
    0.6978377103805542,
    0.7222808599472046,
    0.6949805021286011,
    0.6159524917602539,
    0.6413336396217346,
    0.6104072332382202,
    0.6136911511421204,
    0.605293333530426,
    0.6658427715301514,
    0.6585485935211182,
    0.6698688864707947,
    0.6799218654632568,
    0.6904110908508301,
    0.653185248374939,
    0.7188273668289185,
    0.7060246467590332,
    0.6712768077850342,
    0.7667313814163208,
    0.7440656423568726,
    0.7386194467544556,
    0.7203009128570557,
    0.744448184967041,
    0.7968442440032959,
    0.8215810060501099,
    0.8205100297927856,
    0.8462486863136292,
    0.8471105098724365,
    0.848209798336029,
    0.8293836116790771,
    0.7212974429130554,
    0.6991274952888489,
    0.7074280977249146,
    0.718514621257782,
    0.7318549752235413,
    0.7391877770423889,
    0.7214931845664978,
    0.6983937621116638,
    0.6980655789375305,
    0.7032193541526794,
    0.6853316426277161,
    0.6870696544647217,
    0.7289783954620361,
    0.7223122715950012,
    0.7242344617843628,
    0.7314878106117249,
    0.6500239968299866,
    0.5328474640846252
  ]
}