{
  "n_frames": 100,
  "scenewise_psnr": 20.65836948857672,
  "scenewise_ssim": 0.6567338914526566,
  "scenewise_lpips": 0.570938064455986,
  "all_framewise_psnrs": [
    22.535588273485757,
    22.936839620620507,
    21.86399706376101,
    22.337092552030157,
    22.33931381786276,
    20.030731673765338,
    20.844010828648955,
    21.851764620261775,
    21.809409332446478,
    20.94307871006802,
    20.635906809025954,
    22.034352176590613,
    22.221883960138452,
    19.940104760098844,
    20.153865456241142,
    18.764814054102377,
    18.986961042075613,
    19.623936764023203,
    19.9783503820536,
    18.987159323079304,
    19.355914269969013,
    18.165245976057903,
    19.59234622283056,
    18.1506883346267,
    18.973259320026592,
    20.393087414885443,
    21.697707606448727,
    20.358874348986177,
    16.43004527224219,
    20.950114286207135,
    20.552348458607494,
    21.546844837915753,
    21.251894002061764,
    21.740386878567893,
    21.187680571422305,
    20.661765325992206,
    18.960107780838847,
    20.06266903677428,
    20.93618095671124,
    18.305511513854388,
    19.47342787529613,
    19.553811568345697,
    20.547480514463757,
    20.34063123950938,
    20.927304233805092,
    19.562478196415586,
    20.163279244897918,
    20.059541266879425,
    20.732503525275035,
    21.487909565039974,
    21.31665020502941,
    21.48783606942412,
    21.269121475702622,
    21.333862322649807,
    21.468130629430824,
    21.365548921619357,
    20.75954469039724,
    21.251396247408817,
    22.206440579611417,
    21.434170135344388,
    21.56502860991427,
    22.90364049884503,
    21.981252566710804,
    21.15661381592362,
    21.593041403487334,
    22.414218213114495,
    20.25633064980978,
    20.44394345720983,
    20.950147006023876,
    21.52434892584869,
    21.32855506709019,
    21.134373980891286,
    22.40312423897885,
    21.898391891916084,
    21.946676558366548,
    21.030917369859708,
    21.456717012262448,
    21.497828061343277,
    19.703691329088013,
    20.83066007026875,
    20.002954933777364,
    21.966280791045328,
    22.1591815799289,
    19.634929099759955,
    19.568289862556107,
    20.033653695379947,
    19.032708640276756,
    20.85984500757756,
    20.66884899881472,
    21.52889619449454,
    21.936548999793054,
    21.329881067053837,
    21.03133586195726,
    20.47023405637041,
    21.453028490329974,
    21.141906838729135,
    21.30953500500443,
    21.10602651858358,
    22.055661712811553,
    22.3974294513736
  ],
  "all_framewise_ssim": [
    0.6436052918434143,
    0.6599006652832031,
    0.6362030506134033,
    0.6498734354972839,
    0.6506415605545044,
    0.6263070702552795,
    0.6205611824989319,
    0.6469140648841858,
    0.6397852301597595,
    0.6587823033332825,
    0.681520402431488,
    0.6932694315910339,
    0.6872749328613281,
    0.6684503555297852,
    0.6470281481742859,
    0.6436583399772644,
    0.6412964463233948,
    0.7073652148246765,
    0.6533327698707581,
    0.6903089880943298,
    0.723334789276123,
    0.63259357213974,
    0.6024866104125977,
    0.5654176473617554,
    0.6273379325866699,
    0.7117553353309631,
    0.779313325881958,
    0.6998698711395264,
    0.5265769362449646,
    0.6435281038284302,
    0.6515548825263977,
    0.6466777920722961,
    0.6545400023460388,
    0.6800694465637207,
    0.6540036201477051,
    0.6932616233825684,
    0.6889162063598633,
    0.7440917491912842,
    0.7309618592262268,
    0.6788134574890137,
    0.6478963494300842,
    0.6047797203063965,
    0.6448096632957458,
    0.6481923460960388,
    0.6329847574234009,
    0.6021666526794434,
    0.5892881751060486,
    0.5946261882781982,
    0.5842835307121277,
    0.6189109683036804,
    0.5930330157279968,
    0.6054627299308777,
    0.6269268989562988,
    0.6381860375404358,
    0.6330229640007019,
    0.5987202525138855,
    0.5702775716781616,
    0.6046572327613831,
    0.6330968737602234,
    0.6748857498168945,
    0.6530006527900696,
    0.7028038501739502,
    0.7451686859130859,
    0.6716864705085754,
    0.6666375994682312,
    0.6771178245544434,
    0.6942160725593567,
    0.6496763229370117,
    0.6564432978630066,
    0.6832327842712402,
    0.7388289570808411,
    0.6609272956848145,
    0.6592204570770264,
    0.6623298525810242,
    0.6695504188537598,
    0.6757124066352844,
    0.6719511151313782,
    0.663982093334198,
    0.6306605935096741,
    0.6401543021202087,
    0.6129167675971985,
    0.6913880705833435,
    0.6813990473747253,
    0.6237349510192871,
    0.6188859939575195,
    0.6015884280204773,
    0.6095564961433411,
    0.6395717859268188,
    0.6585288047790527,
    0.6505784392356873,
    0.6718552112579346,
    0.6753895878791809,
    0.6379963755607605,
    0.6815202236175537,
    0.6723120212554932,
    0.6669327616691589,
    0.719160795211792,
    0.7139057517051697,
    0.6999565958976746,
    0.7171804308891296
  ],
  "all_framewise_lpips": [
    0.5379816889762878,
    0.5271986722946167,
    0.5274935960769653,
    0.5176095962524414,
    0.5434790253639221,
    0.5808896422386169,
    0.6020978689193726,
    0.5914624333381653,
    0.6207448244094849,
    0.5936340093612671,
    0.5942213535308838,
    0.5653473138809204,
    0.5646551847457886,
    0.6016371250152588,
    0.6051144599914551,
    0.6140978932380676,
    0.5996990203857422,
    0.5872531533241272,
    0.6407413482666016,
    0.6307051181793213,
    0.5277224779129028,
    0.6463813781738281,
    0.6482068300247192,
    0.651523768901825,
    0.5780343413352966,
    0.48215386271476746,
    0.4396887719631195,
    0.5077190399169922,
    0.6676652431488037,
    0.5697690844535828,
    0.6062833070755005,
    0.5962921380996704,
    0.5698511600494385,
    0.5127633810043335,
    0.5346526503562927,
    0.5244186520576477,
    0.5312100648880005,
    0.4955233931541443,
    0.5079809427261353,
    0.5662514567375183,
    0.6183828115463257,
    0.608579695224762,
    0.5731390118598938,
    0.5528223514556885,
    0.5647950172424316,
    0.5818663835525513,
    0.6080056428909302,
    0.5513597726821899,
    0.5702487826347351,
    0.5478702187538147,
    0.5601459741592407,
    0.5583521127700806,
    0.5804042220115662,
    0.5821484923362732,
    0.5823042392730713,
    0.565010666847229,
    0.6074605584144592,
    0.5974620580673218,
    0.5899568796157837,
    0.5973637104034424,
    0.6257228851318359,
    0.6090922951698303,
    0.5962640047073364,
    0.5895139575004578,
    0.5983276963233948,
    0.6024742126464844,
    0.6013249158859253,
    0.6159588098526001,
    0.5656442642211914,
    0.5382649302482605,
    0.500601053237915,
    0.6058163046836853,
    0.6020048260688782,
    0.5974252820014954,
    0.5695958137512207,
    0.5067477226257324,
    0.5167385935783386,
    0.5384400486946106,
    0.5575159788131714,
    0.5576989650726318,
    0.5830569863319397,
    0.5616157650947571,
    0.5690197944641113,
    0.6035062074661255,
    0.5553951263427734,
    0.5754271149635315,
    0.5649324059486389,
    0.558555006980896,
    0.5655473470687866,
    0.5747310519218445,
    0.5560122728347778,
    0.5295587182044983,
    0.5847266316413879,
    0.5697788000106812,
    0.5585125088691711,
    0.5594269037246704,
    0.5695961713790894,
    0.5338706970214844,
    0.5258533954620361,
    0.49167710542678833
  ]
}