{
  "n_frames": 100,
  "scenewise_psnr": 9.49230712904126,
  "scenewise_ssim": 0.25471533012810355,
  "scenewise_lpips": 0.9307322192192078,
  "all_framewise_psnrs": [
    9.809837528787703,
    8.65067320427242,
    9.531760399281579,
    10.576196518884199,
    9.767627625638891,
    8.855494953142783,
    8.907360803834575,
    8.889577947750668,
    8.206771355666243,
    8.723123750683554,
    9.332918780015842,
    8.883273628491933,
    9.123484519681075,
    9.1243662434762,
    9.39995266752252,
    9.040919452168014,
    9.790394340999647,
    10.133343449754088,
    9.575846145852687,
    9.934290363612394,
    8.118073547144697,
    8.881304935092567,
    8.672884936399226,
    8.454969382501929,
    9.185370953092214,
    9.77988750436739,
    9.56914999531827,
    8.975802589802868,
    9.24413222592708,
    9.709940585490793,
    9.70140794584633,
    9.756378043401202,
    9.351164244220266,
    9.35127487778122,
    9.202307145632115,
    9.371634773387544,
    8.995691542131702,
    8.295132780507382,
    8.31553648383748,
    8.25007115661445,
    9.529491293029853,
    9.487735190102407,
    10.066945070114311,
    11.038217632034947,
    10.999047336866365,
    10.516710058092224,
    10.427313292649465,
    9.84908232686776,
    10.128975655296891,
    10.539984532752483,
    11.204727456840269,
    11.057584762823476,
    12.029614754410268,
    11.956910554604967,
    11.43665502560941,
    10.703967093993485,
    9.846069395717812,
    8.541036574566625,
    8.618818279725177,
    8.678932936265703,
    8.64948803948123,
    7.887507757669115,
    9.630834269130421,
    10.424761985595092,
    11.073729782925312,
    11.222147142147488,
    11.363454538471734,
    11.309982921713303,
    11.062321674439017,
    10.23599312661891,
    10.076437218856924,
    9.014624315896121,
    9.003806876147602,
    8.240895748188002,
    8.706005515215937,
    9.527224532522435,
    9.56242260943689,
    7.865575826139786,
    8.617460078375613,
    7.952592481255501,
    9.062396661740875,
    9.958942101331639,
    9.244976243645329,
    9.788655715550664,
    10.715572294570396,
    10.64096635581218,
    11.75894806345199,
    10.739421638907059,
    11.049957672948135,
    10.366287276211189,
    8.962905961478265,
    8.361796463342086,
    8.912614367365377,
    8.843515909380264,
    9.293119198334386,
    9.200865387106633,
    10.703303907969708,
    8.832905156505317,
    9.014586148136624,
    8.87170191005569
  ],
  "all_framewise_ssim": [
    0.20261819660663605,
    0.21448282897472382,
    0.22962261736392975,
    0.2340361326932907,
    0.2333020716905594,
    0.21507291495800018,
    0.21639196574687958,
    0.2152985781431198,
    0.20310699939727783,
    0.21227771043777466,
    0.23000620305538177,
    0.22697611153125763,
    0.21053819358348846,
    0.22165131568908691,
    0.22026033699512482,
    0.21727675199508667,
    0.24123696982860565,
    0.25224146246910095,
    0.24445176124572754,
    0.2554613947868347,
    0.21721379458904266,
    0.22138679027557373,
    0.20685507357120514,
    0.2029963731765747,
    0.19430144131183624,
    0.1927787810564041,
    0.20727889239788055,
    0.2067928910255432,
    0.2163572758436203,
    0.23448830842971802,
    0.21947817504405975,
    0.22812147438526154,
    0.24538178741931915,
    0.219564750790596,
    0.23164768517017365,
    0.2752644419670105,
    0.23499011993408203,
    0.21208810806274414,
    0.22877322137355804,
    0.2166350930929184,
    0.2797030508518219,
    0.29397693276405334,
    0.26209476590156555,
    0.31333619356155396,
    0.32649633288383484,
    0.28664395213127136,
    0.29641100764274597,
    0.293522447347641,
    0.2871793806552887,
    0.2941311299800873,
    0.2944556176662445,
    0.28592491149902344,
    0.2991257905960083,
    0.30662959814071655,
    0.2832936942577362,
    0.28540414571762085,
    0.3157385289669037,
    0.31080931425094604,
    0.31575238704681396,
    0.3266163170337677,
    0.33757248520851135,
    0.3380221128463745,
    0.34354016184806824,
    0.305945485830307,
    0.2944730818271637,
    0.29858916997909546,
    0.2953483760356903,
    0.30270716547966003,
    0.30916112661361694,
    0.26412323117256165,
    0.27244916558265686,
    0.2528424561023712,
    0.2212958186864853,
    0.22795182466506958,
    0.23670010268688202,
    0.2284344881772995,
    0.24981655180454254,
    0.24489015340805054,
    0.22909486293792725,
    0.22510410845279694,
    0.21947889029979706,
    0.2281605452299118,
    0.2331271916627884,
    0.23789341747760773,
    0.23372334241867065,
    0.26471856236457825,
    0.29693207144737244,
    0.2832965552806854,
    0.2777923047542572,
    0.2726231515407562,
    0.22834376990795135,
    0.2162313610315323,
    0.2255890965461731,
    0.2289312332868576,
    0.26910489797592163,
    0.27599766850471497,
    0.28747639060020447,
    0.2651468813419342,
    0.24886222183704376,
    0.28404173254966736
  ],
  "all_framewise_lpips": [
    0.9559019804000854,
    0.9489508271217346,
    0.9464821815490723,
    0.9333724975585938,
    0.916938066482544,
    0.9072425961494446,
    0.9006279110908508,
    0.896851658821106,
    0.8770265579223633,
    0.8816940188407898,
    0.8900501728057861,
    0.8977887630462646,
    0.9198443293571472,
    0.9088809490203857,
    0.9115594029426575,
    0.912600040435791,
    0.9044675827026367,
    0.9172868728637695,
    0.9105327725410461,
    0.9041566252708435,
    0.9217433929443359,
    0.9175130128860474,
    0.9231009483337402,
    0.9461750388145447,
    0.957846999168396,
    0.943269670009613,
    0.9388425350189209,
    0.952851414680481,
    0.9466158151626587,
    0.949524998664856,
    0.9435499310493469,
    0.9358482360839844,
    0.9053138494491577,
    0.9505735635757446,
    0.9264686703681946,
    0.925143301486969,
    0.9561331868171692,
    0.9527958631515503,
    0.9588836431503296,
    0.9788474440574646,
    0.9318402409553528,
    0.9555865526199341,
    0.9727368354797363,
    0.9684720635414124,
    0.9954204559326172,
    0.9485043287277222,
    0.9298509359359741,
    0.9170829653739929,
    0.9234014749526978,
    0.896382212638855,
    0.9066580533981323,
    0.929184079170227,
    0.9039558172225952,
    0.9074389338493347,
    0.9227217435836792,
    0.9091092348098755,
    0.9125092029571533,
    0.9309659004211426,
    0.9271194338798523,
    0.9135760068893433,
    0.9117459058761597,
    0.9139879941940308,
    0.9169210195541382,
    0.9201681613922119,
    0.9328722953796387,
    0.9191084504127502,
    0.9229353666305542,
    0.9137274026870728,
    0.9100834727287292,
    0.913149356842041,
    0.8996886014938354,
    0.9239313006401062,
    0.9644007682800293,
    0.9536658525466919,
    0.956247091293335,
    0.9692840576171875,
    0.9476315975189209,
    0.9351643323898315,
    0.9428881406784058,
    0.9279515147209167,
    0.9324883818626404,
    0.9313257932662964,
    0.9343022108078003,
    0.9285399913787842,
    0.9190269112586975,
    0.9212902188301086,
    0.8936387896537781,
    0.8966017365455627,
    0.9532673954963684,
    0.9666264057159424,
    0.986283004283905,
    0.9635516405105591,
    0.9672849178314209,
    0.9616532325744629,
    0.9709421396255493,
    0.9627962112426758,
    0.9544508457183838,
    0.9257261753082275,
    0.9109435081481934,
    0.9211159348487854
  ]
}