{
  "n_frames": 100,
  "scenewise_psnr": 9.26043574061052,
  "scenewise_ssim": 0.32499485645335824,
  "scenewise_lpips": 0.9511952912807464,
  "all_framewise_psnrs": [
    9.601154075707733,
    8.609018630598866,
    9.309685841208436,
    8.957331635545703,
    9.379710663560113,
    9.019541477015716,
    9.271679400131147,
    9.091237136404631,
    8.477834717827408,
    8.831077327740543,
    9.440116322188981,
    10.874307199261127,
    10.184332438353671,
    10.537223742899272,
    10.029001798757651,
    10.029222983640738,
    10.105175029522066,
    10.112905673759231,
    11.746975741794504,
    10.2476167042492,
    9.347192777983857,
    8.419095043065802,
    9.53995449622062,
    8.692205811416473,
    8.831002173760165,
    9.457556846627933,
    10.878186744931691,
    10.043073852306483,
    10.394183978242026,
    10.376850317102518,
    10.403107062970815,
    10.213740201717599,
    9.454436561713706,
    8.27177883318969,
    7.682927849493905,
    7.635855848638313,
    7.795977311974772,
    8.434961649073266,
    8.741161538957298,
    10.133021142719574,
    10.551525060318507,
    9.999005380854612,
    8.90568647751943,
    9.62708098838989,
    11.67122345229645,
    8.500099876042594,
    8.045569987569731,
    9.089515601225665,
    8.50129170615501,
    8.33637180277226,
    9.356656128824394,
    9.409621346565208,
    8.672788156733755,
    8.794481336127442,
    8.172324970222515,
    7.717179491251588,
    8.303091948284727,
    10.418487537935846,
    10.318685227231512,
    8.919414054900924,
    9.36601962535072,
    10.942066159470336,
    10.286246821584557,
    10.197252163285487,
    9.889599080788756,
    9.087334745371962,
    9.048607494826602,
    8.912442571918305,
    9.286906557577147,
    11.216528345019373,
    11.676153245912937,
    9.841243815314732,
    9.846049408131941,
    9.584908165482934,
    10.449565741687131,
    8.434000408421003,
    8.89927085140463,
    10.827578553744777,
    9.507142496637531,
    8.696114257396513,
    9.222522163314023,
    10.364409148731227,
    9.727740679547669,
    8.699098503513998,
    9.923503451751385,
    9.441958157709188,
    8.916565522374691,
    8.385181269307004,
    8.726540739518727,
    8.371406855256344,
    7.547896142697967,
    7.487368973657345,
    8.296041037305928,
    7.711598557020273,
    7.670404397110177,
    9.096710166023408,
    10.239681714151615,
    9.873085020554743,
    10.001561139729361,
    8.977909726206068
  ],
  "all_framewise_ssim": [
    0.31345275044441223,
    0.2779224216938019,
    0.2886314392089844,
    0.27217885851860046,
    0.27567794919013977,
    0.26907750964164734,
    0.2666667699813843,
    0.2635694444179535,
    0.2547167241573334,
    0.27003273367881775,
    0.29170510172843933,
    0.3226100206375122,
    0.29965201020240784,
    0.30362406373023987,
    0.27914872765541077,
    0.2995416820049286,
    0.3065344989299774,
    0.2980935573577881,
    0.32057487964630127,
    0.2856024205684662,
    0.27745065093040466,
    0.26027074456214905,
    0.2660650312900543,
    0.25300031900405884,
    0.25979146361351013,
    0.26989638805389404,
    0.3077503442764282,
    0.29476675391197205,
    0.2904670238494873,
    0.2907712459564209,
    0.2879032790660858,
    0.2935761511325836,
    0.26887762546539307,
    0.26399311423301697,
    0.2509617507457733,
    0.25368770956993103,
    0.25124141573905945,
    0.263021320104599,
    0.28029680252075195,
    0.2926892936229706,
    0.3251466453075409,
    0.3429148197174072,
    0.36994877457618713,
    0.4193529188632965,
    0.4530167579650879,
    0.3512324094772339,
    0.3594474494457245,
    0.38334307074546814,
    0.36741575598716736,
    0.37155696749687195,
    0.38874781131744385,
    0.3684898912906647,
    0.36313894391059875,
    0.3495464324951172,
    0.3448038101196289,
    0.3740074336528778,
    0.36528387665748596,
    0.4149148762226105,
    0.41346946358680725,
    0.38047733902931213,
    0.36766839027404785,
    0.395993709564209,
    0.3711530268192291,
    0.35536643862724304,
    0.3869237005710602,
    0.36317238211631775,
    0.3701120913028717,
    0.31850600242614746,
    0.35236212611198425,
    0.4147356450557709,
    0.41020631790161133,
    0.37393632531166077,
    0.34095168113708496,
    0.3413538634777069,
    0.38270148634910583,
    0.317863792181015,
    0.33944979310035706,
    0.3607874810695648,
    0.3322910964488983,
    0.3326428234577179,
    0.3440453112125397,
    0.3374001085758209,
    0.334174245595932,
    0.31680426001548767,
    0.3287414312362671,
    0.355546236038208,
    0.33176153898239136,
    0.2834259569644928,
    0.305569052696228,
    0.3521358072757721,
    0.3154545724391937,
    0.309236615896225,
    0.3353966772556305,
    0.29151666164398193,
    0.2937123477458954,
    0.31316861510276794,
    0.3086513876914978,
    0.3575958013534546,
    0.31498950719833374,
    0.32096362113952637
  ],
  "all_framewise_lpips": [
    0.9714954495429993,
    0.9971817135810852,
    0.9507546424865723,
    0.9648728966712952,
    0.9659957885742188,
    0.9681184887886047,
    0.9764783978462219,
    0.9833221435546875,
    0.9834522008895874,
    0.9893330335617065,
    0.9637535214424133,
    0.9490684270858765,
    0.9678111672401428,
    0.9499325752258301,
    0.9559134244918823,
    0.9376346468925476,
    0.9457868337631226,
    0.9609068632125854,
    1.005443811416626,
    1.0099248886108398,
    0.9740515947341919,
    0.9833393096923828,
    1.0186963081359863,
    1.0048099756240845,
    0.9923820495605469,
    0.96774822473526,
    0.9384422302246094,
    0.92729651927948,
    0.9792810678482056,
    0.9791092872619629,
    0.9577922224998474,
    0.9151111841201782,
    0.9809179306030273,
    0.9736691117286682,
    0.9463565945625305,
    0.9380884170532227,
    0.946413516998291,
    0.9402080774307251,
    0.9434750080108643,
    0.9525081515312195,
    0.9097673892974854,
    0.873426079750061,
    0.8831501603126526,
    0.8345094919204712,
    0.787712812423706,
    0.9401484727859497,
    0.9475301504135132,
    0.9546480178833008,
    0.9767419099807739,
    0.9627001285552979,
    0.9539374709129333,
    0.9560037851333618,
    0.9427263736724854,
    0.9597523212432861,
    0.9432641267776489,
    0.9191521406173706,
    0.9520577788352966,
    0.9363295435905457,
    0.9372594356536865,
    0.9581204652786255,
    0.9635797739028931,
    0.921849250793457,
    0.9280380606651306,
    0.9563556909561157,
    0.935143232345581,
    0.9445772171020508,
    0.9190995693206787,
    0.9576486349105835,
    0.9409165382385254,
    0.9434483647346497,
    0.9351098537445068,
    0.9398065805435181,
    0.9627522230148315,
    0.986078143119812,
    0.9454995393753052,
    1.0038175582885742,
    0.9674667716026306,
    0.9464946985244751,
    0.9543824195861816,
    0.9446980953216553,
    0.8979821801185608,
    0.9522696733474731,
    0.9494330286979675,
    0.9671413898468018,
    0.9708871245384216,
    0.9561411142349243,
    0.940624475479126,
    0.9841156005859375,
    0.9512733817100525,
    0.9258725643157959,
    0.9738261699676514,
    0.9613040685653687,
    0.9480324387550354,
    0.9745944738388062,
    0.9572384357452393,
    0.9307839870452881,
    0.9190561175346375,
    0.8806158304214478,
    0.955627977848053,
    0.9401311278343201
  ]
}