{
  "n_frames": 100,
  "scenewise_psnr": 16.039161515434376,
  "scenewise_ssim": 0.3374568666841604,
  "scenewise_lpips": 0.7814338898658753,
  "all_framewise_psnrs": [
    15.430443268655093,
    15.341925711412703,
    15.55890329705381,
    15.700570613207566,
    15.59416202045995,
    15.750285156067221,
    15.73147312326068,
    15.751507907447923,
    16.266836664300882,
    15.662279988100229,
    15.782331237351086,
    15.107432487716908,
    15.458106457151777,
    16.42843379525846,
    16.832474837865682,
    16.84026797029202,
    17.07049330390221,
    17.051463128285395,
    17.428133451631645,
    16.98673963309468,
    16.75921024299208,
    17.55557966081653,
    17.447619397006186,
    17.356810928363146,
    16.55114304905642,
    16.14812583311536,
    17.09242253519209,
    17.66623363991839,
    16.41044000397264,
    16.07778238362775,
    15.444192623471887,
    14.953363935816167,
    14.814656679488,
    15.586624273631468,
    15.809980279772287,
    15.52725224072508,
    15.106789059544647,
    14.997857090012854,
    14.941186813108821,
    14.747000678113897,
    14.787005556064747,
    15.103788178522707,
    15.067354333275722,
    15.062202830506832,
    14.96789909948629,
    15.239182681017931,
    15.415264656642824,
    15.364099963847085,
    15.057914401604762,
    15.869912888605267,
    16.756144747755304,
    16.642727582222694,
    16.589733605258417,
    14.888747795602855,
    13.512440557772607,
    14.40253723423477,
    15.699260247654827,
    16.233126849073642,
    17.02251087338832,
    17.306786317191737,
    17.449128895003817,
    16.889495634838706,
    16.35209556022034,
    15.582327452992754,
    15.281003996551004,
    15.407890627724058,
    15.626252825388171,
    15.847414310634527,
    15.55110523091402,
    14.923969157955398,
    14.552212262482096,
    14.956111690952651,
    15.223586507132046,
    15.577158876017883,
    15.610665477100685,
    15.511101285081494,
    17.297835885141048,
    18.112427927260157,
    18.360405882603995,
    17.64789114966903,
    17.067914966220673,
    17.865252603305287,
    18.203380474439484,
    18.771525169467104,
    18.367648202116488,
    16.261525078343812,
    16.893183630181973,
    16.505887881452065,
    15.970852171972131,
    15.295601467846446,
    16.67139352877544,
    16.851432663290062,
    16.302376365480363,
    17.528686210833055,
    18.0324774766893,
    18.059292631022956,
    17.629813279791378,
    16.409040657900057,
    16.020783642826096,
    16.096788173327504
  ],
  "all_framewise_ssim": [
    0.22982008755207062,
    0.23162764310836792,
    0.26998260617256165,
    0.2985500991344452,
    0.2983890473842621,
    0.2816866636276245,
    0.2587396204471588,
    0.28189918398857117,
    0.3117700517177582,
    0.3163548707962036,
    0.3410714864730835,
    0.3528081178665161,
    0.3163703680038452,
    0.3236861228942871,
    0.3311010003089905,
    0.31975996494293213,
    0.33528998494148254,
    0.34052911400794983,
    0.3649579584598541,
    0.38454902172088623,
    0.3712329864501953,
    0.34744957089424133,
    0.32527291774749756,
    0.32987645268440247,
    0.3139894902706146,
    0.3223334550857544,
    0.352034330368042,
    0.35461246967315674,
    0.30618417263031006,
    0.27787911891937256,
    0.25214383006095886,
    0.23118551075458527,
    0.22258228063583374,
    0.246900275349617,
    0.27129340171813965,
    0.2727159857749939,
    0.2655787169933319,
    0.2670242190361023,
    0.2640094459056854,
    0.286433607339859,
    0.3300068974494934,
    0.384639173746109,
    0.36929813027381897,
    0.3806053698062897,
    0.3777564764022827,
    0.355172723531723,
    0.3860532343387604,
    0.4005680978298187,
    0.34211528301239014,
    0.3413453996181488,
    0.36608898639678955,
    0.3520641326904297,
    0.3392449915409088,
    0.24362027645111084,
    0.21995674073696136,
    0.2549603283405304,
    0.29541850090026855,
    0.32074129581451416,
    0.34313949942588806,
    0.3297102749347687,
    0.3028557598590851,
    0.3009673058986664,
    0.32083773612976074,
    0.29025664925575256,
    0.2388925701379776,
    0.2252511978149414,
    0.25495919585227966,
    0.2925342321395874,
    0.2822502851486206,
    0.2710970938205719,
    0.3061554729938507,
    0.3295615017414093,
    0.36611437797546387,
    0.3496911823749542,
    0.3402298390865326,
    0.34816455841064453,
    0.35837748646736145,
    0.381940096616745,
    0.3825885057449341,
    0.3820684850215912,
    0.41527220606803894,
    0.3977130651473999,
    0.4693835973739624,
    0.5353631377220154,
    0.5047988891601562,
    0.471970796585083,
    0.5629896521568298,
    0.6691305041313171,
    0.5036924481391907,
    0.34738755226135254,
    0.3870202600955963,
    0.3813093602657318,
    0.39480748772621155,
    0.3700249195098877,
    0.3556654751300812,
    0.35178282856941223,
    0.35525622963905334,
    0.3111768662929535,
    0.2999877631664276,
    0.3091980516910553
  ],
  "all_framewise_lpips": [
    0.8392702341079712,
    0.8327730894088745,
    0.8031269311904907,
    0.7903900146484375,
    0.8038559556007385,
    0.8070359230041504,
    0.8164623379707336,
    0.7966541647911072,
    0.7787420153617859,
    0.779531717300415,
    0.7602115869522095,
    0.7507290840148926,
    0.7708993554115295,
    0.7752475142478943,
    0.7778341770172119,
    0.7839697599411011,
    0.7742649912834167,
    0.7717222571372986,
    0.7794514298439026,
    0.7729580402374268,
    0.7806958556175232,
    0.8046733736991882,
    0.8182201981544495,
    0.8101180791854858,
    0.8289905190467834,
    0.8179124593734741,
    0.7978861331939697,
    0.8124542236328125,
    0.8111572265625,
    0.8332198262214661,
    0.8333757519721985,
    0.8350632786750793,
    0.828323483467102,
    0.8160440325737,
    0.8040390014648438,
    0.8080517053604126,
    0.834050714969635,
    0.822453498840332,
    0.7993593811988831,
    0.7908342480659485,
    0.7562964558601379,
    0.7010930776596069,
    0.72925865650177,
    0.7541954517364502,
    0.7560292482376099,
    0.7167824506759644,
    0.708953857421875,
    0.6665158867835999,
    0.7337335348129272,
    0.7586949467658997,
    0.7951745390892029,
    0.8256965279579163,
    0.8132163286209106,
    0.8622335195541382,
    0.8886233568191528,
    0.8381692171096802,
    0.8198187351226807,
    0.8087102770805359,
    0.7956653833389282,
    0.7932582497596741,
    0.8095217943191528,
    0.7886977791786194,
    0.7801803350448608,
    0.7957756519317627,
    0.8306671380996704,
    0.8335496783256531,
    0.8246154189109802,
    0.7981210947036743,
    0.8001301884651184,
    0.801780104637146,
    0.7547863125801086,
    0.7535432577133179,
    0.7468620538711548,
    0.7737833261489868,
    0.7829004526138306,
    0.7222716212272644,
    0.748066782951355,
    0.7467632293701172,
    0.7537952661514282,
    0.767497718334198,
    0.7708224058151245,
    0.8064017295837402,
    0.7285730838775635,
    0.7212165594100952,
    0.7444239854812622,
    0.7010983228683472,
    0.5946492552757263,
    0.501521646976471,
    0.639944851398468,
    0.7399502396583557,
    0.7627138495445251,
    0.7684180736541748,
    0.7737047672271729,
    0.7957525849342346,
    0.8129186630249023,
    0.8056092262268066,
    0.806725025177002,
    0.8165628910064697,
    0.8240570425987244,
    0.8408423066139221
  ]
}