{
  "n_frames": 100,
  "scenewise_psnr": 21.64951235310855,
  "scenewise_ssim": 0.6120534956975803,
  "scenewise_lpips": 0.5166190585494042,
  "all_framewise_psnrs": [
    24.145965325154634,
    24.262143236375803,
    24.26465497282761,
    24.45397376826373,
    24.848988081863222,
    25.32435651326714,
    24.298323975878976,
    24.831484177481936,
    22.60751064227959,
    23.066996396989083,
    22.4629798110786,
    21.373878573874066,
    21.938606753096078,
    22.092097119446983,
    21.641612763567313,
    20.912647210666293,
    18.98115116894428,
    19.894483615834147,
    21.175861412655678,
    21.87611235298345,
    20.503374143013104,
    19.16583985954476,
    17.322449992292313,
    18.990818735892834,
    20.409596121125308,
    21.38616696307345,
    21.700255863169385,
    21.753218431741303,
    21.262157215348772,
    21.877634012256767,
    24.041769170139418,
    24.162046688796735,
    23.805679123379253,
    22.755660095966977,
    21.838249913751298,
    23.998162173827655,
    24.065599579663093,
    23.61448722908679,
    21.724230988258316,
    22.74078028317834,
    22.17372687833205,
    23.51969425335256,
    24.11748028316786,
    22.619549854831483,
    22.013074354662095,
    21.90180673335943,
    23.3040889670282,
    22.942788675406625,
    22.647922888703086,
    22.062026018914715,
    21.82267413700172,
    21.18523711373055,
    21.17361643644299,
    21.236931272410054,
    21.263821278081487,
    20.593740953872086,
    20.270038399558995,
    20.819667959315396,
    21.77087077908798,
    22.645316072088008,
    21.734763922929197,
    20.899864260689107,
    21.03331193551112,
    21.39270489806142,
    20.100850941356356,
    20.706619042717875,
    20.510512802727604,
    20.155370962579013,
    19.02840899520462,
    19.582325001398875,
    20.105638665984674,
    21.893742541603544,
    21.303148565778812,
    22.49251431014812,
    22.417483060199327,
    22.495811986565872,
    22.317255216047947,
    21.088488441397168,
    21.86415052149249,
    23.141080792329987,
    22.928956326310434,
    21.100711794229884,
    20.683505074868233,
    21.551293172412848,
    21.535612125634497,
    21.124855254283084,
    21.589371199309156,
    21.622857861848384,
    21.714347733819107,
    21.25568420366445,
    21.084485138379037,
    21.202901107114897,
    21.170395452163895,
    21.066681520486394,
    22.643219999508606,
    22.660041974308108,
    22.263949863391122,
    21.659786869917767,
    21.869894173345617,
    21.860901420147115
  ],
  "all_framewise_ssim": [
    0.7099411487579346,
    0.718853771686554,
    0.7206570506095886,
    0.7304487228393555,
    0.7528076767921448,
    0.7584071159362793,
    0.7300474047660828,
    0.750063955783844,
    0.6947543621063232,
    0.6890829205513,
    0.6569576263427734,
    0.6189368367195129,
    0.6384679675102234,
    0.6434679627418518,
    0.6267721056938171,
    0.6067845225334167,
    0.5646575093269348,
    0.6013953685760498,
    0.6481401324272156,
    0.6678525805473328,
    0.6292235851287842,
    0.5936776995658875,
    0.5606827139854431,
    0.579680323600769,
    0.6055201888084412,
    0.6242228150367737,
    0.6345424056053162,
    0.6315569877624512,
    0.6160092949867249,
    0.6255208849906921,
    0.693653404712677,
    0.711435854434967,
    0.7210816740989685,
    0.6929965019226074,
    0.6584194302558899,
    0.6936925053596497,
    0.714611291885376,
    0.6777722835540771,
    0.6306450963020325,
    0.6271520256996155,
    0.6239151358604431,
    0.6832693219184875,
    0.6850025057792664,
    0.6286797523498535,
    0.635134220123291,
    0.6343372464179993,
    0.6501300930976868,
    0.6245555281639099,
    0.5910899043083191,
    0.5730361342430115,
    0.556955873966217,
    0.5322746634483337,
    0.5171422362327576,
    0.5142309665679932,
    0.5243998169898987,
    0.5088227391242981,
    0.5137167572975159,
    0.5522586703300476,
    0.6047915816307068,
    0.6428148150444031,
    0.6318626999855042,
    0.5879295468330383,
    0.5751041769981384,
    0.5773694515228271,
    0.556521475315094,
    0.5129905343055725,
    0.5039777159690857,
    0.49175724387168884,
    0.47220954298973083,
    0.4617786407470703,
    0.4720422327518463,
    0.5420834422111511,
    0.5321662425994873,
    0.5945805907249451,
    0.6169747710227966,
    0.6179743409156799,
    0.6023978590965271,
    0.5485609769821167,
    0.5477294325828552,
    0.5803773999214172,
    0.5709919333457947,
    0.5230016112327576,
    0.5376725792884827,
    0.555987536907196,
    0.5675110220909119,
    0.5893612504005432,
    0.5853502750396729,
    0.5602988600730896,
    0.5597003102302551,
    0.5546424984931946,
    0.5520741939544678,
    0.5556221008300781,
    0.5445155501365662,
    0.6135573983192444,
    0.6608436107635498,
    0.655676543712616,
    0.6308433413505554,
    0.6019349694252014,
    0.6003105640411377,
    0.6099047660827637
  ],
  "all_framewise_lpips": [
    0.40466737747192383,
    0.3982771039009094,
    0.39506086707115173,
    0.3820948898792267,
    0.36510419845581055,
    0.36537179350852966,
    0.37037527561187744,
    0.3724363446235657,
    0.4045839309692383,
    0.42886489629745483,
    0.44880563020706177,
    0.46995067596435547,
    0.45402243733406067,
    0.45651257038116455,
    0.4785599112510681,
    0.49365729093551636,
    0.5034737586975098,
    0.4686352014541626,
    0.4590393900871277,
    0.45182567834854126,
    0.4709059000015259,
    0.48803356289863586,
    0.5030277371406555,
    0.5020063519477844,
    0.49447107315063477,
    0.4823174476623535,
    0.4849778711795807,
    0.5012961626052856,
    0.5081897974014282,
    0.5161219239234924,
    0.4889947772026062,
    0.4627267122268677,
    0.46120744943618774,
    0.45697176456451416,
    0.47747111320495605,
    0.4869033992290497,
    0.4832010865211487,
    0.4951109290122986,
    0.5091179609298706,
    0.5097415447235107,
    0.5101168155670166,
    0.5031840801239014,
    0.5055263042449951,
    0.526315450668335,
    0.5107490420341492,
    0.5240969657897949,
    0.5130994915962219,
    0.5307813286781311,
    0.5448757410049438,
    0.5532534718513489,
    0.5578463077545166,
    0.5598285794258118,
    0.5593554973602295,
    0.5556502938270569,
    0.54638671875,
    0.5606712102890015,
    0.5535063743591309,
    0.5328531861305237,
    0.509148120880127,
    0.49044376611709595,
    0.5013277530670166,
    0.5051705241203308,
    0.5228763818740845,
    0.5393869876861572,
    0.5583570003509521,
    0.5947462320327759,
    0.5749055743217468,
    0.5440131425857544,
    0.5405640602111816,
    0.5664507150650024,
    0.5682712197303772,
    0.5467617511749268,
    0.5537726283073425,
    0.5176573395729065,
    0.5146081447601318,
    0.5228983759880066,
    0.5389014482498169,
    0.582459568977356,
    0.5743885040283203,
    0.5812104940414429,
    0.6018460988998413,
    0.6206730008125305,
    0.5950910449028015,
    0.5809932947158813,
    0.5768139362335205,
    0.5711221694946289,
    0.5777291059494019,
    0.5894073843955994,
    0.5902726650238037,
    0.5926629900932312,
    0.5971596240997314,
    0.6017710566520691,
    0.6055353879928589,
    0.5692982077598572,
    0.5537712574005127,
    0.5574855208396912,
    0.5749439597129822,
    0.575660228729248,
    0.5805440545082092,
    0.5985944867134094
  ]
}