{
  "n_frames": 100,
  "scenewise_psnr": 21.897326830406293,
  "scenewise_ssim": 0.5929181088632589,
  "scenewise_lpips": 0.6178798842430114,
  "all_framewise_psnrs": [
    21.548912283043457,
    23.656553294661684,
    22.491103632155035,
    22.43321556761088,
    21.657517274648036,
    21.625458712304958,
    21.037505604977728,
    21.965099113059424,
    24.105674894843485,
    23.933970317160234,
    23.5743986508464,
    24.027016114498117,
    23.864905790834765,
    24.15966815529163,
    24.383805049362664,
    24.622290384722266,
    24.84927685002445,
    26.307297619812836,
    26.752546654654083,
    26.32148662356687,
    26.125247382393034,
    24.777868514744036,
    26.420654383839256,
    25.39649390725552,
    26.201803214265542,
    25.795855449607693,
    24.022066826803623,
    22.850440899689705,
    22.473463673399422,
    22.060132224485322,
    22.68859152145599,
    23.263086305527068,
    23.184977698821495,
    23.32379201876546,
    22.019164349988287,
    20.644320927055922,
    19.964851644373013,
    20.205927457833553,
    20.79797487584585,
    20.944015089758263,
    19.77245887361923,
    20.777025162566446,
    21.88548194626644,
    21.435597176242453,
    23.029237229392475,
    22.62761642864846,
    22.158177922432124,
    22.484360248970038,
    23.062468605455244,
    22.835069025869114,
    19.063485012610947,
    21.592458619632986,
    22.539428325890682,
    22.60688288931859,
    20.132173282492708,
    19.034206378172996,
    20.95523113575741,
    21.080693015142543,
    21.498462534174237,
    22.094264320864315,
    23.19764503676273,
    23.230802164749242,
    20.842832525995327,
    21.749067924050003,
    23.151951646361994,
    24.082548758855612,
    22.94615143128443,
    23.002539582949417,
    22.890325511196696,
    22.54715426013721,
    21.98799130310183,
    20.48415070801184,
    19.891153910298765,
    19.855247398006874,
    20.242017667682152,
    20.638772490203245,
    19.684880270870387,
    19.901800725926893,
    20.755524743298373,
    20.59284513363935,
    21.182101488536254,
    21.622355096771628,
    21.450185149646053,
    22.201103870437016,
    23.64491834070751,
    24.6066066293714,
    23.331702430660556,
    22.833712300031316,
    20.1967678934844,
    20.65772753494153,
    19.957826559932702,
    20.45956957905545,
    20.014074510269495,
    19.77270068846992,
    19.859781532696953,
    21.075450633207815,
    21.742418375319104,
    21.622893125171867,
    21.061821161441394,
    19.417750706252587
  ],
  "all_framewise_ssim": [
    0.6371548771858215,
    0.7421808242797852,
    0.6878595352172852,
    0.6654024720191956,
    0.6436086297035217,
    0.6455503106117249,
    0.6022263765335083,
    0.6042150259017944,
    0.6732346415519714,
    0.6656444668769836,
    0.6727719306945801,
    0.6838116645812988,
    0.6395625472068787,
    0.6546781659126282,
    0.6544254422187805,
    0.6519022583961487,
    0.6691982746124268,
    0.7154505848884583,
    0.7218654751777649,
    0.7252500057220459,
    0.7207697033882141,
    0.6766406893730164,
    0.7132006287574768,
    0.6949605345726013,
    0.6971619129180908,
    0.6823955178260803,
    0.6027593612670898,
    0.5455848574638367,
    0.5502415895462036,
    0.566315233707428,
    0.572450578212738,
    0.6041944622993469,
    0.5945554375648499,
    0.5805949568748474,
    0.5606918334960938,
    0.5339774489402771,
    0.5367528200149536,
    0.5551906228065491,
    0.6072588562965393,
    0.5939305424690247,
    0.5921866297721863,
    0.6215481162071228,
    0.6644014716148376,
    0.6283958554267883,
    0.6489070057868958,
    0.6154006123542786,
    0.6058474183082581,
    0.604515552520752,
    0.6016631126403809,
    0.5780642628669739,
    0.48182177543640137,
    0.5535476803779602,
    0.5837062001228333,
    0.6098819375038147,
    0.5946949124336243,
    0.5263926982879639,
    0.577333927154541,
    0.516711413860321,
    0.5283699035644531,
    0.5603813529014587,
    0.5936198830604553,
    0.6080799698829651,
    0.5694220662117004,
    0.5621736645698547,
    0.5946148037910461,
    0.6022934317588806,
    0.5475557446479797,
    0.5545032024383545,
    0.5568781495094299,
    0.5491578578948975,
    0.549672544002533,
    0.5216230750083923,
    0.5038046836853027,
    0.5332775115966797,
    0.5075788497924805,
    0.4980003535747528,
    0.49589237570762634,
    0.49820300936698914,
    0.49736103415489197,
    0.49709010124206543,
    0.5322667956352234,
    0.5465234518051147,
    0.5495669841766357,
    0.586151659488678,
    0.627512514591217,
    0.664608895778656,
    0.6170856952667236,
    0.5804383158683777,
    0.5156604647636414,
    0.49472033977508545,
    0.4391688406467438,
    0.4826001226902008,
    0.4829889237880707,
    0.4658370018005371,
    0.48904430866241455,
    0.5227116942405701,
    0.5472800135612488,
    0.6043772101402283,
    0.6074255108833313,
    0.5690281987190247
  ],
  "all_framewise_lpips": [
    0.43697381019592285,
    0.3643956780433655,
    0.3951820433139801,
    0.38901376724243164,
    0.4079912304878235,
    0.43597427010536194,
    0.4764727056026459,
    0.44745153188705444,
    0.41713881492614746,
    0.43097183108329773,
    0.4335203170776367,
    0.42989581823349,
    0.46413692831993103,
    0.469998300075531,
    0.46201151609420776,
    0.47130367159843445,
    0.45731881260871887,
    0.4215713441371918,
    0.3954792022705078,
    0.3735819160938263,
    0.40510985255241394,
    0.4460163116455078,
    0.4257636070251465,
    0.44481247663497925,
    0.46834516525268555,
    0.5179453492164612,
    0.6097195744514465,
    0.6680427193641663,
    0.6339704990386963,
    0.6331313252449036,
    0.6321697235107422,
    0.6043375134468079,
    0.621044397354126,
    0.6409807801246643,
    0.6624638438224792,
    0.6908485293388367,
    0.7471885681152344,
    0.7382724285125732,
    0.6951869130134583,
    0.7177412509918213,
    0.6750002503395081,
    0.6194897890090942,
    0.579147458076477,
    0.6005731821060181,
    0.56435626745224,
    0.561528742313385,
    0.5896061658859253,
    0.6013736724853516,
    0.6271955370903015,
    0.6772117614746094,
    0.743687629699707,
    0.6402043104171753,
    0.619971752166748,
    0.6206775903701782,
    0.6902741193771362,
    0.7447020411491394,
    0.7559510469436646,
    0.803909182548523,
    0.7347191572189331,
    0.6941696405410767,
    0.623938798904419,
    0.6146770715713501,
    0.6437793970108032,
    0.6650530099868774,
    0.6510264873504639,
    0.6532008647918701,
    0.7253212928771973,
    0.7200302481651306,
    0.7136635184288025,
    0.7366750240325928,
    0.7212511301040649,
    0.7415951490402222,
    0.7670297622680664,
    0.7464075684547424,
    0.7478233575820923,
    0.7552589178085327,
    0.7799778580665588,
    0.696009635925293,
    0.6630079746246338,
    0.6614891290664673,
    0.6410253047943115,
    0.6889257431030273,
    0.7158918380737305,
    0.6922270059585571,
    0.6477091312408447,
    0.5880093574523926,
    0.6162287592887878,
    0.661088228225708,
    0.6918879151344299,
    0.7252923846244812,
    0.7343675494194031,
    0.7197657823562622,
    0.7253414392471313,
    0.7573180198669434,
    0.7352222204208374,
    0.7267559766769409,
    0.7518007755279541,
    0.7403439283370972,
    0.7069910168647766,
    0.7673562169075012
  ]
}