{
  "n_frames": 100,
  "scenewise_psnr": 19.646814690503188,
  "scenewise_ssim": 0.5356388010647741,
  "scenewise_lpips": 0.6399853444099426,
  "all_framewise_psnrs": [
    19.867562899205453,
    20.137690758518765,
    19.271553127927362,
    19.94849634172262,
    19.87001127529719,
    19.518536742602727,
    19.539041272559565,
    19.02814996828221,
    19.057962955547307,
    18.408556297138837,
    19.468817418853124,
    19.658204981055537,
    20.359438021315682,
    20.304755110267738,
    19.788166005055796,
    19.991886362788215,
    20.612831660906995,
    21.324844529339373,
    21.114840748596265,
    20.628730299018223,
    20.197940357767656,
    19.781059248364667,
    19.322510225721533,
    19.04262351468042,
    19.613831735873575,
    19.87460172543234,
    21.232876943818045,
    20.976110463351418,
    20.81781015976992,
    20.239528615791322,
    19.87338137363168,
    19.302819508160827,
    18.92475017947946,
    18.788883388398073,
    19.765394230117394,
    20.19872739851639,
    14.496314700715232,
    19.819971741818257,
    19.459860101139228,
    19.171465128910654,
    19.59813533968502,
    19.952793242475167,
    20.497880302473806,
    20.755408264613703,
    20.777643390640197,
    20.56720034922406,
    20.466137132116415,
    20.476047740289182,
    20.026824592186006,
    19.68391665617996,
    19.304159404894616,
    19.298118153575736,
    19.235136735437926,
    19.535330549156818,
    19.525068231584548,
    19.3177180392668,
    19.734296229762425,
    19.99559605355951,
    18.128288407089435,
    18.110376202634065,
    18.53301649731199,
    18.87774166890757,
    18.941352415434803,
    19.485164258726773,
    19.316043611941826,
    18.80363456708164,
    18.60871709286195,
    18.823461068392827,
    18.553268305684945,
    18.45228437503505,
    18.842333328674307,
    18.85883249810377,
    18.789218510950725,
    19.03654758767627,
    19.89823861385463,
    20.37109998781307,
    20.57945630205261,
    20.199362977681304,
    19.952487980267744,
    20.116823113133254,
    20.18045442433752,
    20.50315387441852,
    19.558887715237773,
    19.680937272735445,
    19.11546176393482,
    19.50524437358706,
    20.006764431378645,
    20.203788780203826,
    21.19436550885119,
    20.099485466914917,
    20.40681284284078,
    20.555475284853678,
    20.756927064546346,
    20.47036521817826,
    20.32449021953648,
    20.7878738525187,
    21.063913472218733,
    21.06993772090446,
    20.984898842434315,
    20.75590741220691
  ],
  "all_framewise_ssim": [
    0.4843837022781372,
    0.495983362197876,
    0.4792283773422241,
    0.49227118492126465,
    0.49099960923194885,
    0.48465147614479065,
    0.4777183532714844,
    0.46004152297973633,
    0.45214974880218506,
    0.4434768259525299,
    0.4839426279067993,
    0.46270933747291565,
    0.5084879398345947,
    0.5338053107261658,
    0.5313766002655029,
    0.5338017344474792,
    0.5571276545524597,
    0.5928491950035095,
    0.6060816645622253,
    0.5626934170722961,
    0.5453117489814758,
    0.5066674947738647,
    0.4995533525943756,
    0.48099634051322937,
    0.48857152462005615,
    0.5059000849723816,
    0.5669750571250916,
    0.5433357357978821,
    0.5420327186584473,
    0.5274204611778259,
    0.5219231247901917,
    0.5273776650428772,
    0.5135188102722168,
    0.49832484126091003,
    0.5382203459739685,
    0.5428621172904968,
    0.520786464214325,
    0.5065470933914185,
    0.5219604969024658,
    0.5189101696014404,
    0.5533326268196106,
    0.5746026635169983,
    0.6037150621414185,
    0.6259933114051819,
    0.6069779992103577,
    0.5879340767860413,
    0.5864126086235046,
    0.5775502324104309,
    0.569121778011322,
    0.5557261109352112,
    0.5557212233543396,
    0.5584003329277039,
    0.565850555896759,
    0.5684130787849426,
    0.5908221006393433,
    0.5920490622520447,
    0.59200519323349,
    0.5813565850257874,
    0.5160876512527466,
    0.496086984872818,
    0.5047951340675354,
    0.5073710083961487,
    0.5131465196609497,
    0.5298629403114319,
    0.5274438858032227,
    0.49999523162841797,
    0.49815019965171814,
    0.4965231418609619,
    0.4951198101043701,
    0.4913739264011383,
    0.5061612725257874,
    0.5048044323921204,
    0.5032447576522827,
    0.5126543641090393,
    0.5270733833312988,
    0.5226613283157349,
    0.5262964367866516,
    0.5145681500434875,
    0.5066470503807068,
    0.51953125,
    0.5198073983192444,
    0.5286929607391357,
    0.4854559004306793,
    0.49436435103416443,
    0.49350735545158386,
    0.5081532001495361,
    0.47526660561561584,
    0.49906125664711,
    0.5887932777404785,
    0.5729034543037415,
    0.5984105467796326,
    0.6107197403907776,
    0.6145910024642944,
    0.5903675556182861,
    0.590476930141449,
    0.5975139737129211,
    0.6071875691413879,
    0.6240125298500061,
    0.6292925477027893,
    0.6094907522201538
  ],
  "all_framewise_lpips": [
    0.6851498484611511,
    0.6733667850494385,
    0.6770070195198059,
    0.667035698890686,
    0.6729001998901367,
    0.6750478744506836,
    0.6717172265052795,
    0.6693931221961975,
    0.6832586526870728,
    0.6816474199295044,
    0.6635022163391113,
    0.6954410672187805,
    0.6669287085533142,
    0.659792423248291,
    0.6648163795471191,
    0.6585882902145386,
    0.6369145512580872,
    0.6128935217857361,
    0.6074900031089783,
    0.6167311668395996,
    0.6230291128158569,
    0.6550382375717163,
    0.6474260091781616,
    0.6680091619491577,
    0.6696115732192993,
    0.6524093151092529,
    0.6139975786209106,
    0.6577491760253906,
    0.6549695134162903,
    0.6387542486190796,
    0.6433731317520142,
    0.6272742748260498,
    0.6319381594657898,
    0.6318762898445129,
    0.6070280075073242,
    0.6187763810157776,
    0.6995768547058105,
    0.660121500492096,
    0.6352182030677795,
    0.6290122866630554,
    0.6068398356437683,
    0.6025542616844177,
    0.6100066304206848,
    0.599425733089447,
    0.6161454916000366,
    0.639784038066864,
    0.6295367479324341,
    0.6315267086029053,
    0.6209061741828918,
    0.6290827989578247,
    0.6354020833969116,
    0.6367930173873901,
    0.6301801800727844,
    0.6077858805656433,
    0.5911073684692383,
    0.6091377139091492,
    0.6348499059677124,
    0.6721359491348267,
    0.6502388715744019,
    0.6556860208511353,
    0.6389915347099304,
    0.6443443894386292,
    0.6320778131484985,
    0.6182549595832825,
    0.6250287294387817,
    0.6431336402893066,
    0.6411234736442566,
    0.6574953198432922,
    0.6580774188041687,
    0.6604160666465759,
    0.6511865854263306,
    0.6517618298530579,
    0.6744073629379272,
    0.6606703400611877,
    0.664607584476471,
    0.6812964677810669,
    0.6636120080947876,
    0.6589674949645996,
    0.6626282930374146,
    0.6532351970672607,
    0.6553730368614197,
    0.6450382471084595,
    0.6649320125579834,
    0.6620751619338989,
    0.6593176126480103,
    0.6684333086013794,
    0.6701772809028625,
    0.6772671341896057,
    0.6220961213111877,
    0.6156979203224182,
    0.5997286438941956,
    0.5748909711837769,
    0.5552520751953125,
    0.572557270526886,
    0.6006203293800354,
    0.5807337760925293,
    0.5839329957962036,
    0.5763255953788757,
    0.5665803551673889,
    0.5922514796257019
  ]
}