{
  "n_frames": 81,
  "scenewise_psnr": 18.345726618063882,
  "scenewise_ssim": 0.45413291715681225,
  "scenewise_lpips": 0.7687534417635129,
  "all_framewise_psnrs": [
    21.494746961056535,
    22.59771433178833,
    21.591377889531348,
    23.715938211011025,
    21.344056745614196,
    22.362136823973078,
    22.578738497259152,
    21.637620877830443,
    21.53033658550722,
    21.335323058806107,
    19.776293800703474,
    21.329621767612142,
    19.652386812723076,
    18.254935410238073,
    18.880200968738087,
    18.127632637846865,
    18.522878832960153,
    18.007504595213966,
    17.421790357481743,
    17.55975059680876,
    17.542176195960757,
    18.824786820077925,
    17.47980988617503,
    17.535636020597735,
    17.743474566414584,
    17.79406243724716,
    17.174379974603397,
    17.343319461922842,
    17.327033579329164,
    17.226224202561088,
    17.83437801457494,
    17.543710654803,
    17.218083486592537,
    16.659153218422894,
    17.37819068103713,
    17.780952691138495,
    18.925672617377266,
    20.966636905219474,
    19.794047567298346,
    20.360107669495168,
    20.78379127459857,
    20.198232888265977,
    20.36188291254333,
    20.848649540676174,
    19.95025337830505,
    20.326958247145825,
    20.949047251912035,
    20.39947175566706,
    19.699789350425867,
    19.671880852096457,
    18.10636954719463,
    18.149906864518822,
    17.26458547740716,
    15.813222191719836,
    16.77326172659361,
    19.820147141507803,
    19.805201523306852,
    19.212434134567882,
    17.940721011404868,
    18.77702111489708,
    17.52599909247165,
    18.2007806893821,
    16.501329783069203,
    16.63741644470566,
    16.32144327537919,
    16.531720623622867,
    16.265955627930353,
    17.114304467234703,
    16.54351745134317,
    16.40465231200531,
    14.355304717802873,
    17.267052198576376,
    15.909043959656277,
    17.098874383804755,
    17.9373454496669,
    18.25920861461099,
    18.278237732976198,
    18.547547906359554,
    19.22197848564164,
    19.011128844520076,
    19.32566351504934
  ],
  "all_framewise_ssim": [
    0.49381956458091736,
    0.7087849974632263,
    0.5687944293022156,
    0.7158937454223633,
    0.6222264170646667,
    0.7056636810302734,
    0.657975971698761,
    0.5878759026527405,
    0.565448522567749,
    0.5991691946983337,
    0.5227017998695374,
    0.6097279191017151,
    0.5047780871391296,
    0.4623505771160126,
    0.4211861193180084,
    0.32446661591529846,
    0.44158509373664856,
    0.34429728984832764,
    0.3442476689815521,
    0.34412574768066406,
    0.3268032968044281,
    0.4769164025783539,
    0.3134998381137848,
    0.32086876034736633,
    0.3674783408641815,
    0.3362415134906769,
    0.28933659195899963,
    0.3039761781692505,
    0.30980661511421204,
    0.2800697982311249,
    0.36662909388542175,
    0.35421594977378845,
    0.3232945501804352,
    0.32453325390815735,
    0.3987594544887543,
    0.39654409885406494,
    0.38026463985443115,
    0.4909172058105469,
    0.39881253242492676,
    0.42285433411598206,
    0.4763074815273285,
    0.40837720036506653,
    0.40479791164398193,
    0.4281489849090576,
    0.3443875312805176,
    0.352690726518631,
    0.41128265857696533,
    0.3476382791996002,
    0.32378920912742615,
    0.3695197105407715,
    0.29107892513275146,
    0.3963358700275421,
    0.4703187048435211,
    0.5752701163291931,
    0.4740252196788788,
    0.5317254662513733,
    0.5329765677452087,
    0.48014548420906067,
    0.4455111026763916,
    0.5248062014579773,
    0.4852931499481201,
    0.47501006722450256,
    0.416860431432724,
    0.4177320897579193,
    0.4009932279586792,
    0.4157750606536865,
    0.4588639736175537,
    0.5138522982597351,
    0.46463751792907715,
    0.47871169447898865,
    0.6062187552452087,
    0.590982973575592,
    0.5073671936988831,
    0.4258081912994385,
    0.4913569986820221,
    0.44496631622314453,
    0.38889017701148987,
    0.5800573825836182,
    0.48587849736213684,
    0.48262307047843933,
    0.5041312575340271
  ],
  "all_framewise_lpips": [
    0.7192803025245667,
    0.5392237901687622,
    0.6268974542617798,
    0.5101784467697144,
    0.596081018447876,
    0.5233229994773865,
    0.5553054213523865,
    0.6261306405067444,
    0.6305533051490784,
    0.6154384613037109,
    0.7070661187171936,
    0.6372020840644836,
    0.7432013154029846,
    0.7618514895439148,
    0.7589776515960693,
    0.799250602722168,
    0.7588531970977783,
    0.7928982973098755,
    0.8265571594238281,
    0.8215698599815369,
    0.8129279017448425,
    0.7634010910987854,
    0.8591083884239197,
    0.844386637210846,
    0.8324066996574402,
    0.8375932574272156,
    0.8553858399391174,
    0.8594648241996765,
    0.8641399145126343,
    0.8901028633117676,
    0.8740198016166687,
    0.8715709447860718,
    0.8859938383102417,
    0.8872205018997192,
    0.8368544578552246,
    0.8243212699890137,
    0.7966128587722778,
    0.7354488372802734,
    0.7795501947402954,
    0.7683582305908203,
    0.7430542707443237,
    0.7748609781265259,
    0.7805764675140381,
    0.7672743201255798,
    0.8183923959732056,
    0.8170739412307739,
    0.7816503643989563,
    0.8164873123168945,
    0.8454058170318604,
    0.8373165130615234,
    0.8921791911125183,
    0.8423576354980469,
    0.8104621767997742,
    0.8071844577789307,
    0.7743733525276184,
    0.7142614126205444,
    0.7112057209014893,
    0.7303785085678101,
    0.7350949048995972,
    0.7004331350326538,
    0.738364040851593,
    0.7401885986328125,
    0.7764716148376465,
    0.7833013534545898,
    0.7929080724716187,
    0.7949497699737549,
    0.7607507705688477,
    0.7261603474617004,
    0.7628055810928345,
    0.7876484394073486,
    0.7126381397247314,
    0.7529886960983276,
    0.8290957808494568,
    0.8524092435836792,
    0.7966952919960022,
    0.8318918943405151,
    0.8313384056091309,
    0.7453480958938599,
    0.7841228246688843,
    0.7519712448120117,
    0.7882497310638428
  ]
}