{
  "n_frames": 100,
  "scenewise_psnr": 18.505947490217288,
  "scenewise_ssim": 0.652625283283669,
  "scenewise_lpips": 0.41032936692237854,
  "all_framewise_psnrs": [
    21.724687024699072,
    22.759787275124918,
    23.691360097742987,
    18.341700153158214,
    16.811574008166524,
    15.523576146940874,
    13.635927897535119,
    13.288738982681348,
    14.195565712041248,
    15.3092929654522,
    16.58248669149639,
    19.523193064456244,
    19.536803769675508,
    19.60896156833418,
    22.438030655662192,
    22.307715152058197,
    19.483496565505042,
    17.481197904831678,
    14.425238104482268,
    12.374974513210189,
    12.14458509030299,
    13.838745770505177,
    14.383195284162149,
    21.917659691174833,
    17.70062604021106,
    16.74509090872927,
    19.156356339503,
    19.014308539357074,
    22.577258901206598,
    22.6336058346679,
    20.998290191804134,
    21.06079397333952,
    20.77804639888594,
    20.825373791353083,
    20.93173356038791,
    20.809855619082278,
    21.92408968034208,
    21.420098775374292,
    21.454163804062254,
    19.914739317483594,
    16.78952204545005,
    15.104148960832065,
    19.316146581823844,
    19.040635420263563,
    16.46773179748852,
    23.674255244671308,
    24.101842832624513,
    23.99723000037511,
    24.259209095003477,
    24.856385980685435,
    23.556867994681483,
    23.52878527958788,
    23.624936369241574,
    23.49556087818786,
    22.854322039650672,
    22.747290329609164,
    22.95133511734056,
    22.83445800010996,
    18.211075584285854,
    16.70935635507913,
    17.438828619866463,
    21.412505347686732,
    20.94070825503758,
    19.732447566132336,
    19.83152715873121,
    19.27037950563285,
    19.812353739290906,
    19.409347734907143,
    19.831277766616907,
    22.15367977278916,
    21.68715847522334,
    22.48257502753126,
    21.844614651565823,
    21.723357553472987,
    22.386643794019328,
    21.48420272100058,
    21.582013882987795,
    21.461101682561534,
    21.463324996303363,
    20.571844992933592,
    19.80984937529191,
    21.3274872558111,
    20.15046741210325,
    21.35697648835748,
    20.258321942262615,
    19.527449878395515,
    15.103904767930231,
    11.91273873374135,
    16.675235634173447,
    20.094683021152882,
    14.833740016536424,
    19.006329235752073,
    21.190475728954677,
    21.73150138563718,
    21.308020600165996,
    21.035469098093937,
    17.448976932504177,
    16.606697282652974,
    19.17617080514801,
    20.053993532470425
  ],
  "all_framewise_ssim": [
    0.7197539210319519,
    0.7388534545898438,
    0.7422547340393066,
    0.614774763584137,
    0.584245502948761,
    0.5519766211509705,
    0.4971626102924347,
    0.523663341999054,
    0.5486072897911072,
    0.5552914142608643,
    0.6171671748161316,
    0.663339376449585,
    0.6744690537452698,
    0.6884060502052307,
    0.7445544600486755,
    0.7251901030540466,
    0.6755955815315247,
    0.6499634385108948,
    0.5794616341590881,
    0.5324512720108032,
    0.4907360374927521,
    0.49507269263267517,
    0.5617691874504089,
    0.6717137694358826,
    0.5789129137992859,
    0.5770328640937805,
    0.63688063621521,
    0.6193639636039734,
    0.7219707369804382,
    0.7494965195655823,
    0.7407039999961853,
    0.748022735118866,
    0.7417316436767578,
    0.7179582715034485,
    0.7153860926628113,
    0.7019204497337341,
    0.6589999198913574,
    0.6502068638801575,
    0.6261115670204163,
    0.5946698784828186,
    0.5518025159835815,
    0.5327997803688049,
    0.5588613152503967,
    0.6249083280563354,
    0.5825064778327942,
    0.7380816340446472,
    0.7226716876029968,
    0.73708575963974,
    0.7325029373168945,
    0.712756335735321,
    0.727813184261322,
    0.7332040667533875,
    0.7148287296295166,
    0.7158634662628174,
    0.6997356414794922,
    0.676912248134613,
    0.6899500489234924,
    0.6977307200431824,
    0.600866436958313,
    0.5649123787879944,
    0.5664265751838684,
    0.6783351898193359,
    0.6563489437103271,
    0.635168194770813,
    0.6068965792655945,
    0.6277849674224854,
    0.6554690003395081,
    0.6452159881591797,
    0.6553105711936951,
    0.6904125213623047,
    0.6713223457336426,
    0.7067384719848633,
    0.6644513607025146,
    0.6714045405387878,
    0.6971419453620911,
    0.6699623465538025,
    0.6839237213134766,
    0.6702582836151123,
    0.6289495825767517,
    0.6362144351005554,
    0.6298059821128845,
    0.6646184921264648,
    0.6777786612510681,
    0.7550194263458252,
    0.7312581539154053,
    0.7175902724266052,
    0.6257632970809937,
    0.46724703907966614,
    0.652705192565918,
    0.6845702528953552,
    0.5921953320503235,
    0.6451305747032166,
    0.6644645929336548,
    0.6505115032196045,
    0.6304895281791687,
    0.6089543700218201,
    0.5912464261054993,
    0.5906251072883606,
    0.6323172450065613,
    0.6729481816291809
  ],
  "all_framewise_lpips": [
    0.3933197855949402,
    0.3762587606906891,
    0.40746524930000305,
    0.47779226303100586,
    0.4689951241016388,
    0.4820992052555084,
    0.5117585062980652,
    0.4745590090751648,
    0.44259142875671387,
    0.44385191798210144,
    0.41651451587677,
    0.4060550332069397,
    0.43155431747436523,
    0.40263882279396057,
    0.3729844093322754,
    0.384666383266449,
    0.37787890434265137,
    0.3970973491668701,
    0.4280818700790405,
    0.43114548921585083,
    0.4433414340019226,
    0.4464619755744934,
    0.42138174176216125,
    0.3876955211162567,
    0.44182637333869934,
    0.47613903880119324,
    0.4251413941383362,
    0.4026575982570648,
    0.3355976343154907,
    0.3170758783817291,
    0.3306844234466553,
    0.31018123030662537,
    0.317120760679245,
    0.3395492434501648,
    0.3401276767253876,
    0.36052629351615906,
    0.3971019983291626,
    0.39986297488212585,
    0.463678240776062,
    0.48932188749313354,
    0.5500158667564392,
    0.5762882232666016,
    0.5526925325393677,
    0.48954254388809204,
    0.5008917450904846,
    0.36977168917655945,
    0.3632304072380066,
    0.3327920138835907,
    0.3310028910636902,
    0.33829572796821594,
    0.33699366450309753,
    0.3235201835632324,
    0.34306788444519043,
    0.3372630476951599,
    0.34276318550109863,
    0.36318308115005493,
    0.36207813024520874,
    0.3797401785850525,
    0.4014173150062561,
    0.40287846326828003,
    0.4089457392692566,
    0.39720427989959717,
    0.48139235377311707,
    0.4059569239616394,
    0.4082966446876526,
    0.40521007776260376,
    0.3977665305137634,
    0.4120885133743286,
    0.38171979784965515,
    0.36265748739242554,
    0.3999345004558563,
    0.3880915343761444,
    0.41886621713638306,
    0.37876635789871216,
    0.35583317279815674,
    0.3711671531200409,
    0.35876235365867615,
    0.3673560321331024,
    0.40087682008743286,
    0.40941885113716125,
    0.40344175696372986,
    0.40598949790000916,
    0.37860000133514404,
    0.34247201681137085,
    0.36621004343032837,
    0.32955989241600037,
    0.3689502477645874,
    0.45685192942619324,
    0.390198677778244,
    0.42736345529556274,
    0.487121045589447,
    0.43834012746810913,
    0.430253803730011,
    0.4703366458415985,
    0.5225203633308411,
    0.5327442288398743,
    0.515985369682312,
    0.5367442965507507,
    0.498835951089859,
    0.44989556074142456
  ]
}