{
  "n_frames": 120,
  "scenewise_psnr": 12.141832677102325,
  "scenewise_ssim": 0.24038653029923296,
  "scenewise_lpips": 0.9082941378156344,
  "all_framewise_psnrs": [
    13.594281798778393,
    15.30956629115945,
    16.000355097423455,
    16.013960645116708,
    15.55628649037037,
    15.540939405801668,
    15.037520069362419,
    14.050123493842266,
    14.678312990829404,
    14.125260175739617,
    14.434689187057971,
    13.873709617018875,
    13.65296179869504,
    13.760009780533096,
    13.308191111787096,
    13.260187396658758,
    13.958908089359419,
    13.959927099102119,
    13.560419978796663,
    13.502786684021853,
    13.388411744188387,
    12.828030543319693,
    13.512104577775423,
    13.2121355909992,
    13.299526009074718,
    13.084569144318339,
    12.606051726248268,
    12.447376711424571,
    12.152008813754767,
    11.967253913384425,
    11.812849140644342,
    11.682891223469742,
    11.916185629060369,
    11.595063397151346,
    10.821649022388097,
    10.827089597188237,
    10.650918410762475,
    10.431736300283221,
    12.311339202856477,
    13.189490017065422,
    10.734825073143675,
    9.717622162340822,
    9.578537483630322,
    10.862117066582119,
    11.4771784246516,
    11.223998386515008,
    11.529451873420555,
    12.02373968101452,
    13.309842034220367,
    12.379187806267055,
    14.313168920534498,
    12.745172323861084,
    12.45728346299128,
    12.604997300935487,
    12.326772671939548,
    11.654305069776568,
    12.1186965313216,
    13.090599511191009,
    13.838714444325797,
    13.320961105822036,
    13.720140836649538,
    13.604119558626708,
    13.64913738921816,
    14.17769901933035,
    13.915780054727575,
    13.936635460987464,
    13.840332345404857,
    13.095629681213046,
    12.521294965434118,
    12.513612114916125,
    12.530709566795263,
    12.594756144937321,
    12.41996593001887,
    12.079081189893945,
    12.387817319834491,
    12.836250689779439,
    12.75146237420139,
    12.083134212015574,
    11.865349418044463,
    11.52597161151386,
    10.971515978910952,
    10.4789461222957,
    10.656668142461243,
    10.513193021677223,
    10.852454347034344,
    10.747400485527603,
    9.879342268367978,
    12.83820708247023,
    12.11105852772581,
    11.265512123236974,
    10.683026959815876,
    10.333412000380065,
    9.301006740575634,
    10.658192047620842,
    10.991070605650613,
    11.078919062833709,
    10.997290742562395,
    10.493574875951161,
    10.245747416488575,
    11.639160440210441,
    11.691570954911935,
    11.015336349860437,
    11.470755566269524,
    11.305319983195815,
    11.293407733814815,
    11.069108722890109,
    11.009696974341301,
    10.72331361891967,
    11.203700597611109,
    11.423377362215357,
    11.75706466394723,
    12.371510174970624,
    12.12133147947386,
    12.272334693028634,
    12.90047761633516,
    12.733554167418657,
    12.605653154631609,
    12.53038042937279,
    11.707303423801589,
    13.068504496844849
  ],
  "all_framewise_ssim": [
    0.2219165712594986,
    0.29771292209625244,
    0.3493158519268036,
    0.36230769753456116,
    0.28976356983184814,
    0.2507651150226593,
    0.23773987591266632,
    0.2312561273574829,
    0.22095365822315216,
    0.19997860491275787,
    0.21482278406620026,
    0.22515423595905304,
    0.1950702667236328,
    0.2211218625307083,
    0.18360523879528046,
    0.18244659900665283,
    0.20203734934329987,
    0.17041201889514923,
    0.15569466352462769,
    0.15663599967956543,
    0.17187607288360596,
    0.1521652489900589,
    0.1865607053041458,
    0.1630258858203888,
    0.1606125831604004,
    0.18321938812732697,
    0.18546158075332642,
    0.1577630639076233,
    0.15122829377651215,
    0.1687047928571701,
    0.19504453241825104,
    0.1993541717529297,
    0.2367323786020279,
    0.23540131747722626,
    0.21079374849796295,
    0.2226562350988388,
    0.24738790094852448,
    0.23197855055332184,
    0.279131680727005,
    0.2886511981487274,
    0.26013439893722534,
    0.20230118930339813,
    0.16144903004169464,
    0.19803738594055176,
    0.2210344523191452,
    0.20331346988677979,
    0.18880529701709747,
    0.18583159148693085,
    0.22789710760116577,
    0.20213186740875244,
    0.2375539392232895,
    0.21250933408737183,
    0.20944254100322723,
    0.19779233634471893,
    0.2169588804244995,
    0.2427620142698288,
    0.251039057970047,
    0.26316943764686584,
    0.28556784987449646,
    0.24058963358402252,
    0.26339390873908997,
    0.21122635900974274,
    0.2178739756345749,
    0.2420169562101364,
    0.24679915606975555,
    0.22342772781848907,
    0.22993719577789307,
    0.2323855310678482,
    0.23600274324417114,
    0.24000771343708038,
    0.22999072074890137,
    0.29043856263160706,
    0.309460312128067,
    0.30672135949134827,
    0.28015807271003723,
    0.3054494857788086,
    0.37759390473365784,
    0.2810584306716919,
    0.2802838087081909,
    0.28492867946624756,
    0.2748580276966095,
    0.280010849237442,
    0.29651305079460144,
    0.3686842918395996,
    0.3805156648159027,
    0.3479888439178467,
    0.30877768993377686,
    0.3257560729980469,
    0.3086005449295044,
    0.31326934695243835,
    0.28034913539886475,
    0.28709790110588074,
    0.23099128901958466,
    0.23041856288909912,
    0.23572508990764618,
    0.2321126013994217,
    0.2003604620695114,
    0.18597841262817383,
    0.2069074660539627,
    0.22311104834079742,
    0.23127257823944092,
    0.24731917679309845,
    0.27281808853149414,
    0.2839113175868988,
    0.2896880805492401,
    0.3796915113925934,
    0.2114303559064865,
    0.21545778214931488,
    0.22133804857730865,
    0.23102302849292755,
    0.2656609117984772,
    0.27796927094459534,
    0.3026946783065796,
    0.2860300540924072,
    0.263322114944458,
    0.19344432651996613,
    0.17884059250354767,
    0.17669643461704254,
    0.1716909408569336,
    0.22144818305969238
  ],