{
  "n_frames": 100,
  "scenewise_psnr": 9.562386039444174,
  "scenewise_ssim": 0.3761516714002937,
  "scenewise_lpips": 0.8839575546979904,
  "all_framewise_psnrs": [
    10.240664202365648,
    9.915332838016951,
    8.932070649858783,
    9.140693780419264,
    8.777283229788068,
    7.914316119510123,
    7.632679675185137,
    8.23058942724492,
    8.613352280991224,
    9.230550730782166,
    9.34935577119575,
    11.35182899109786,
    12.0819386030295,
    11.853097925146251,
    10.253304518062741,
    9.635499642070508,
    9.108293539464462,
    8.938352496084626,
    9.215620030092476,
    10.636319916289313,
    10.824593996946126,
    10.420883644303167,
    9.993172703162488,
    9.410937465319563,
    10.041522157179985,
    11.190910627938015,
    10.983003404071228,
    9.87383395605839,
    9.87163308847687,
    10.331376557729817,
    10.256415003723585,
    10.305821173727832,
    9.602078684074252,
    8.923790117409565,
    8.919851563710461,
    8.629908797715107,
    8.48334262188006,
    8.630946505025465,
    8.606508783654174,
    9.20978369196414,
    8.415462162521056,
    8.259223080571767,
    9.995476777183324,
    9.979313970988402,
    9.007197208552686,
    10.776924067912725,
    9.71667202118797,
    8.763571957248331,
    8.795668489152202,
    9.245681711610322,
    9.842528656332236,
    9.609805911347847,
    8.632062860131999,
    8.91597809047079,
    9.774131817095773,
    10.029954048875853,
    10.190637041830076,
    10.485756199980415,
    9.378209362916033,
    9.8630059801428,
    8.573548417739708,
    9.733707234668397,
    10.34852931282722,
    8.769676979079664,
    9.452521537464532,
    9.423281878863264,
    8.795757256712983,
    9.130773768342278,
    9.774355754342958,
    9.813625720665097,
    9.730641884915652,
    9.081844699958268,
    9.399308196142508,
    10.01290350253644,
    11.825320944422778,
    10.683433685634414,
    9.916063069985645,
    9.720285423638659,
    10.554304517578617,
    10.82126315578681,
    9.722507118740847,
    8.567170692633258,
    8.950271625914564,
    9.381612364148182,
    9.377618576690969,
    9.440646545087482,
    9.929007359499424,
    9.7172947130701,
    9.381999652214828,
    9.264876330594484,
    10.190817249948411,
    10.198505878058482,
    10.398367649999276,
    9.550624444263573,
    9.083622936951748,
    9.372963795139299,
    9.896680456396785,
    9.75971755960556,
    10.262350147674336,
    10.796439711786178
  ],
  "all_framewise_ssim": [
    0.32835716009140015,
    0.34278354048728943,
    0.3396270275115967,
    0.3441471755504608,
    0.3370988667011261,
    0.3136082589626312,
    0.2914421558380127,
    0.2909233868122101,
    0.296566367149353,
    0.29790616035461426,
    0.3173106610774994,
    0.34467729926109314,
    0.3806133270263672,
    0.3961687386035919,
    0.36606454849243164,
    0.354496568441391,
    0.3788370192050934,
    0.3776578903198242,
    0.4102030098438263,
    0.4150744378566742,
    0.41417375206947327,
    0.3791646659374237,
    0.3630392253398895,
    0.33670082688331604,
    0.35325345396995544,
    0.39840710163116455,
    0.4335838854312897,
    0.3995174467563629,
    0.3980088233947754,
    0.39239728450775146,
    0.37995216250419617,
    0.39658215641975403,
    0.37261343002319336,
    0.36036768555641174,
    0.3771422803401947,
    0.3740653991699219,
    0.3922330439090729,
    0.3642476499080658,
    0.3594190776348114,
    0.3625255525112152,
    0.3625979721546173,
    0.3573075532913208,
    0.4229424297809601,
    0.410756915807724,
    0.38104644417762756,
    0.4258865416049957,
    0.4013785421848297,
    0.37306705117225647,
    0.3741067945957184,
    0.3989599645137787,
    0.40755581855773926,
    0.39525914192199707,
    0.3756105601787567,
    0.36587825417518616,
    0.39996254444122314,
    0.39921459555625916,
    0.4074399471282959,
    0.4257030487060547,
    0.34566596150398254,
    0.34955498576164246,
    0.33657240867614746,
    0.3653287887573242,
    0.38323870301246643,
    0.3622443974018097,
    0.35656723380088806,
    0.3246532678604126,
    0.31433752179145813,
    0.31486785411834717,
    0.33597591519355774,
    0.3463185131549835,
    0.3638100326061249,
    0.3643384277820587,
    0.3682800829410553,
    0.39369556307792664,
    0.42149314284324646,
    0.3811170756816864,
    0.36365973949432373,
    0.3436689078807831,
    0.36389946937561035,
    0.3772019147872925,
    0.3620244562625885,
    0.35830220580101013,
    0.3298598825931549,
    0.34504255652427673,
    0.34078729152679443,
    0.3533160388469696,
    0.32609283924102783,
    0.33522582054138184,
    0.3890089988708496,
    0.4058753550052643,
    0.44832858443260193,
    0.4743712842464447,
    0.48487651348114014,
    0.43928849697113037,
    0.4289412498474121,
    0.4284251928329468,
    0.45771828293800354,
    0.46324679255485535,
    0.45280012488365173,
    0.4340933859348297
  ],
  "all_framewise_lpips": [
    0.9372746348381042,
    0.9173316955566406,
    0.9063857793807983,
    0.9076197147369385,
    0.9181963205337524,
    0.9163585305213928,
    0.9254962801933289,
    0.9059257507324219,
    0.9131117463111877,
    0.9019639492034912,
    0.8943808674812317,
    0.8941555023193359,
    0.8732725381851196,
    0.88841712474823,
    0.8965468406677246,
    0.9004690647125244,
    0.9013826251029968,
    0.9009599685668945,
    0.876441240310669,
    0.8616964817047119,
    0.8459949493408203,
    0.8807616233825684,
    0.8778935074806213,
    0.8950066566467285,
    0.8887256979942322,
    0.8654659986495972,
    0.8382484316825867,
    0.8838152885437012,
    0.8839788436889648,
    0.8764747381210327,
    0.9032395482063293,
    0.9038093090057373,
    0.9295995235443115,
    0.9255001544952393,
    0.9033223390579224,
    0.9048806428909302,
    0.8920515775680542,
    0.9220204949378967,
    0.909477710723877,
    0.9103356599807739,
    0.9200314283370972,
    0.9214828014373779,
    0.869329035282135,
    0.8662883043289185,
    0.8962910175323486,
    0.8639250993728638,
    0.8757548332214355,
    0.9052100777626038,
    0.8743192553520203,
    0.8783397674560547,
    0.8767081499099731,
    0.8950017094612122,
    0.9040536880493164,
    0.9075742959976196,
    0.8806971311569214,
    0.869288444519043,
    0.8633753061294556,
    0.8491273522377014,
    0.89545738697052,
    0.8893168568611145,
    0.894976794719696,
    0.8870195746421814,
    0.8700360655784607,
    0.8769972920417786,
    0.891566276550293,
    0.9138752818107605,
    0.9150938987731934,
    0.912234365940094,
    0.908230721950531,
    0.900041401386261,
    0.8696753978729248,
    0.8551076650619507,
    0.870038628578186,
    0.850674033164978,
    0.8223219513893127,
    0.8619052767753601,
    0.875438928604126,
    0.8879127502441406,
    0.8847423195838928,
    0.8755381107330322,
    0.8888970017433167,
    0.8662418127059937,
    0.8903869390487671,
    0.8810328245162964,
    0.8849207162857056,
    0.8892509937286377,
    0.8875423669815063,
    0.9003067016601562,
    0.8706657886505127,
    0.859355092048645,
    0.827350378036499,
    0.8063873648643494,
    0.8034639358520508,
    0.8375368118286133,
    0.8687532544136047,
    0.8551445007324219,
    0.8484753370285034,
    0.8575318455696106,
    0.8359771370887756,
    0.8335466384887695
  ]
}