{
  "n_frames": 73,
  "scenewise_psnr": 15.755436055632595,
  "scenewise_ssim": 0.38623877349073155,
  "scenewise_lpips": 0.8722176706954224,
  "all_framewise_psnrs": [
    14.046547086868998,
    15.020949698886596,
    15.179721982238906,
    16.424626288717857,
    16.20756882670072,
    15.27767662360429,
    15.806669016381765,
    16.56949379125667,
    16.54422666067715,
    16.189312862253303,
    15.362496279520137,
    15.885217407921564,
    15.877462601912406,
    16.34584203294142,
    15.479830018795852,
    15.476443608675034,
    16.342308667459996,
    16.144001900056338,
    15.838863585988241,
    16.033357376432736,
    13.827601264881274,
    18.980956040924667,
    13.711865907411818,
    16.6625047064545,
    17.048322071722264,
    17.399834452996828,
    18.20999148015846,
    15.317805998024365,
    17.26030792045756,
    14.43774733291095,
    14.303882461028739,
    14.575111846268573,
    15.466649944943827,
    15.657200539748274,
    16.38255597841381,
    16.1130349601583,
    14.555637895489886,
    15.364626588733387,
    15.25901160994165,
    15.079524333706,
    15.593193023918397,
    15.151805725015045,
    15.613054544349183,
    14.627878780142733,
    15.080106148398043,
    14.897849701897503,
    14.059405142006305,
    14.837795349772582,
    16.114618513225217,
    12.620116515742732,
    18.415591005426283,
    17.874193641266654,
    17.94181371131129,
    18.12200708009177,
    18.091080513551102,
    17.984171907212154,
    17.586362970481197,
    17.789126996563436,
    17.94119884495771,
    16.790997764856076,
    14.360059933553979,
    15.44357268295701,
    14.830434805605776,
    15.65358262289513,
    16.079007125362313,
    16.515707431481395,
    16.52966458087,
    14.795357145864209,
    15.00475882593623,
    16.489039839479194,
    16.23077265294365,
    16.196556374503984,
    16.116333302607416
  ],
  "all_framewise_ssim": [
    0.24432791769504547,
    0.2915508449077606,
    0.3559371531009674,
    0.3514742851257324,
    0.303850382566452,
    0.3344672620296478,
    0.33688533306121826,
    0.3714265525341034,
    0.35173937678337097,
    0.3596130609512329,
    0.31726518273353577,
    0.31017377972602844,
    0.2802544832229614,
    0.3202219307422638,
    0.3293001651763916,
    0.35717225074768066,
    0.3587280213832855,
    0.37130141258239746,
    0.38750651478767395,
    0.4570061266422272,
    0.4926633834838867,
    0.5967271327972412,
    0.5434326529502869,
    0.6345537304878235,
    0.6350259184837341,
    0.6407566070556641,
    0.6176725029945374,
    0.5627145767211914,
    0.5309547781944275,
    0.43874263763427734,
    0.40605735778808594,
    0.3474740982055664,
    0.3457021415233612,
    0.3368912637233734,
    0.3132684528827667,
    0.28468701243400574,
    0.27984103560447693,
    0.3009223937988281,
    0.34457746148109436,
    0.3102385103702545,
    0.3007078170776367,
    0.3069736957550049,
    0.3370443284511566,
    0.3322151005268097,
    0.3548518419265747,
    0.36111199855804443,
    0.39141473174095154,
    0.39772215485572815,
    0.42110803723335266,
    0.43964266777038574,
    0.4892024099826813,
    0.4709213078022003,
    0.4529017210006714,
    0.49873459339141846,
    0.4809250831604004,
    0.4671822786331177,
    0.45925411581993103,
    0.41656064987182617,
    0.4157443940639496,
    0.3174777328968048,
    0.2770214080810547,
    0.29212912917137146,
    0.26056474447250366,
    0.2775176763534546,
    0.28612783551216125,
    0.27997955679893494,
    0.3020634353160858,
    0.3368488848209381,
    0.28484058380126953,
    0.3103279173374176,
    0.37114906311035156,
    0.37588629126548767,
    0.3638927638530731
  ],
  "all_framewise_lpips": [
    0.9621899724006653,
    0.9301062226295471,
    0.8984694480895996,
    0.8784854412078857,
    0.8905828595161438,
    0.8927152156829834,
    0.9036853909492493,
    0.8886657953262329,
    0.8893499374389648,
    0.8897911310195923,
    0.9418492317199707,
    0.9324159026145935,
    0.9437218308448792,
    0.9065293073654175,
    0.9288332462310791,
    0.9195353984832764,
    0.887302577495575,
    0.891005277633667,
    0.8663313388824463,
    0.8485406637191772,
    0.8280845284461975,
    0.7525017261505127,
    0.7379058599472046,
    0.6774156093597412,
    0.705396831035614,
    0.7147049307823181,
    0.7285313010215759,
    0.8057119846343994,
    0.7482281923294067,
    0.888416051864624,
    0.8738219738006592,
    0.9364345669746399,
    0.9494999647140503,
    0.9501460194587708,
    0.9324629306793213,
    0.9399865865707397,
    0.934674084186554,
    0.932165801525116,
    0.9203513860702515,
    0.9306617975234985,
    0.9301503896713257,
    0.9300925135612488,
    0.9132229089736938,
    0.9185711741447449,
    0.9432856440544128,
    0.9245882630348206,
    0.9063501358032227,
    0.9177913069725037,
    0.8569160103797913,
    0.9250347018241882,
    0.7935215830802917,
    0.7998322248458862,
    0.8182576298713684,
    0.784562349319458,
    0.8007681965827942,
    0.8075721859931946,
    0.8174916505813599,
    0.8378490209579468,
    0.8517007231712341,
    0.9225690960884094,
    0.9498980045318604,
    0.8974571228027344,
    0.8893852233886719,
    0.8530604839324951,
    0.8512246012687683,
    0.8413679599761963,
    0.8298270106315613,
    0.8631486892700195,
    0.8406766653060913,
    0.8799809217453003,
    0.84566330909729,
    0.8739312887191772,
    0.8789326548576355
  ]
}