{
  "n_frames": 100,
  "scenewise_psnr": 21.588052771968286,
  "scenewise_ssim": 0.5724220816882735,
  "scenewise_lpips": 0.593521871831682,
  "all_framewise_psnrs": [
    25.021626744310982,
    25.411962091678877,
    24.655900598046387,
    23.262597604229306,
    23.73658572739659,
    23.91257072730193,
    23.472084457382362,
    23.51001681775591,
    22.92049972505014,
    22.54079743296947,
    22.67813643310258,
    22.811135979029658,
    22.75175367114393,
    23.19626054256656,
    23.24982515321055,
    23.465722912504408,
    23.321893471793533,
    23.048702104644143,
    23.117361584477337,
    23.446575932653168,
    23.34874440037847,
    23.13763411438299,
    23.07434674707018,
    22.562227556987175,
    22.61544480700232,
    22.641260540239326,
    22.940587821067457,
    23.18680551843354,
    23.408742174369735,
    23.559170427774244,
    23.017614952092753,
    23.070111866043646,
    24.02993479090331,
    23.720428999712748,
    23.532296024088705,
    23.527918517020254,
    23.29406921545248,
    22.917114009731122,
    21.922139220162986,
    21.628647231349806,
    22.32114641657848,
    22.678034519560196,
    22.553686796969664,
    23.055680647854857,
    23.02975480461219,
    22.640507908881954,
    22.00456204098613,
    20.8214346804004,
    22.430510774109184,
    23.474912653850765,
    23.276192847977534,
    22.232629772417518,
    23.494230012431526,
    23.039140760083093,
    22.9807986628235,
    22.82966871905055,
    22.738786957339286,
    21.501427967428427,
    22.442521728041665,
    22.267204529705328,
    21.79978046268324,
    22.37743724812091,
    22.189761945384664,
    22.15672254910103,
    22.36331768486201,
    21.783687033045354,
    21.32943938829603,
    20.452256447019202,
    19.618145031124822,
    19.82423689320298,
    19.92664902853057,
    20.179505020901935,
    21.311257257062003,
    22.017786034532744,
    20.233023718620657,
    19.247701250801224,
    19.42239717973858,
    19.457126496587932,
    19.725028120481443,
    19.79532222322025,
    19.41364065767498,
    19.213751491709065,
    18.32064456487013,
    18.69115324512489,
    18.491414920534407,
    18.501722226935012,
    18.23263402413445,
    18.032490846836886,
    17.486857822094922,
    16.937349903123653
  ],
  "all_framewise_ssim": [
    0.6961274743080139,
    0.7080340385437012,
    0.6704327464103699,
    0.6329115629196167,
    0.6233753561973572,
    0.6167924404144287,
    0.5989999771118164,
    0.5909213423728943,
    0.5569629073143005,
    0.5229398608207703,
    0.5561256408691406,
    0.5635364055633545,
    0.5414806008338928,
    0.5461469292640686,
    0.5555415749549866,
    0.5566323399543762,
    0.5696097016334534,
    0.5573965907096863,
    0.5294283032417297,
    0.5466956496238708,
    0.5585858225822449,
    0.5702952742576599,
    0.548477053642273,
    0.5141233205795288,
    0.5167838931083679,
    0.5295951962471008,
    0.522797703742981,
    0.5137313604354858,
    0.5239452719688416,
    0.5458516478538513,
    0.5193048119544983,
    0.5229504704475403,
    0.5558598041534424,
    0.5793443322181702,
    0.6025548577308655,
    0.5870020389556885,
    0.5621218085289001,
    0.5249608755111694,
    0.49430206418037415,
    0.5301013588905334,
    0.5351005792617798,
    0.5577612519264221,
    0.5468240976333618,
    0.5349021553993225,
    0.521033763885498,
    0.5086554884910583,
    0.515755832195282,
    0.47711417078971863,
    0.63222736120224,
    0.6850746273994446,
    0.6764581203460693,
    0.6529037952423096,
    0.6877562403678894,
    0.6774532198905945,
    0.6523979902267456,
    0.6696972846984863,
    0.6508873105049133,
    0.6483497023582458,
    0.6831895709037781,
    0.6576690673828125,
    0.6276280283927917,
    0.6494803428649902,
    0.6382470726966858,
    0.6373646855354309,
    0.6509757041931152,
    0.6516689658164978,
    0.6403496861457825,
    0.6395304799079895,
    0.5930731296539307,
    0.568378210067749,
    0.542349636554718,
    0.5718114972114563,
    0.6653314828872681,
    0.6945040822029114,
    0.6416545510292053,
    0.5779234766960144,
    0.5513575077056885,
    0.5352054238319397,
    0.5269666314125061,
    0.5219403505325317,
    0.49820372462272644,
    0.4652744233608246,
    0.42083480954170227,
    0.4060738980770111,
    0.3992513120174408,
    0.4252683222293854,
    0.46276435256004333,
    0.47988346219062805,
    0.415713906288147,
    0.39761337637901306
  ],
  "all_framewise_lpips": [
    0.524188220500946,
    0.49949121475219727,
    0.5120558738708496,
    0.5224280953407288,
    0.5378608703613281,
    0.5499035716056824,
    0.5603361129760742,
    0.568220317363739,
    0.5895603895187378,
    0.6137940883636475,
    0.5930594801902771,
    0.5919561386108398,
    0.5924286246299744,
    0.5763342976570129,
    0.5709397792816162,
    0.5872408747673035,
    0.5826111435890198,
    0.5870496034622192,
    0.5972127914428711,
    0.5886783003807068,
    0.587689995765686,
    0.5931710004806519,
    0.5941484570503235,
    0.6050467491149902,
    0.603038489818573,
    0.588707447052002,
    0.5831945538520813,
    0.5979025363922119,
    0.5896487236022949,
    0.6075783371925354,
    0.6354425549507141,
    0.6304386854171753,
    0.6223576068878174,
    0.6187184453010559,
    0.6052433848381042,
    0.6073242425918579,
    0.614022433757782,
    0.6267102360725403,
    0.6423836350440979,
    0.6613690257072449,
    0.6242587566375732,
    0.5993529558181763,
    0.605781078338623,
    0.6011183857917786,
    0.6173973679542542,
    0.630679190158844,
    0.6221272945404053,
    0.6349545121192932,
    0.5676314234733582,
    0.532315194606781,
    0.5330588221549988,
    0.5425137281417847,
    0.5379541516304016,
    0.5435677766799927,
    0.571028470993042,
    0.5669971704483032,
    0.580372154712677,
    0.5773041248321533,
    0.537886381149292,
    0.5649341344833374,
    0.5953007936477661,
    0.5783644318580627,
    0.5793261528015137,
    0.5858573913574219,
    0.564980149269104,
    0.5572772026062012,
    0.5719896554946899,
    0.5669997334480286,
    0.5813069343566895,
    0.5939335823059082,
    0.5868862867355347,
    0.5798083543777466,
    0.5367520451545715,
    0.525422990322113,
    0.5559036731719971,
    0.6231914162635803,
    0.6216538548469543,
    0.6327539086341858,
    0.6409479379653931,
    0.6429829597473145,
    0.6535689830780029,
    0.660003662109375,
    0.6884734630584717,
    0.6812561750411987,
    0.6789964437484741,
    0.6543455123901367,
    0.632381021976471,
    0.6302774548530579,
    0.6297436952590942,
    0.6355631947517395
  ]
}