{
  "n_frames": 87,
  "scenewise_psnr": 17.156039386003464,
  "scenewise_ssim": 0.24533602972188362,
  "scenewise_lpips": 0.6730727255344391,
  "all_framewise_psnrs": [
    17.9887965579885,
    16.457560175338543
  ],
  "all_framewise_ssim": [
    0.2836119830608368,
    0.20606400072574615
  ],
  "all_framewise_lpips": [
    0.600834846496582,
    0.7453106045722961
  ]
}