{
  "n_frames": 100,
  "scenewise_psnr": 11.874452283829795,
  "scenewise_ssim": 0.11710951727705776,
  "scenewise_lpips": 0.984400880932808,
  "all_framewise_psnrs": [
    10.28344578214388,
    10.555935239982563,
    10.747460442828388,
    10.920325280965377,
    11.207092932011168,
    11.249721135326517,
    11.139108213345505,
    11.431468118974715,
    11.209448154222619,
    11.07392783764946,
    11.237458080802805,
    10.980732929997872,
    11.00814175611161,
    10.855279235990453,
    10.953568543638033,
    11.021956961085,
    11.266865576717631,
    11.0940604546151,
    11.01042089181026,
    11.24004809362467,
    11.719838825684077,
    11.871689048073438,
    12.508074119873564,
    12.983880302211135,
    13.753122303625663,
    14.17592802383017,
    12.484517561333684,
    12.324638148126684,
    12.373775457885332,
    12.34089638744136,
    12.85254247050153,
    12.800554318694333,
    12.402094315192787,
    11.729864831097,
    12.25468803530374,
    11.898214927095625,
    11.957956683046433,
    12.08050247809793,
    11.729838808336176,
    11.608674393950038,
    11.417936719471085,
    11.749692683065243,
    11.452561789220104,
    11.686297771503966,
    11.704741267552043,
    11.683280244572295,
    12.174097791582932,
    12.082649656707158,
    11.964816588283199,
    11.84598195685469,
    11.619697726516618,
    11.21143982846993,
    13.195719278483882,
    11.575534553838766,
    11.682706259972605,
    11.834785986571871,
    12.210342503997184,
    12.232116616805534,
    12.150481111272533,
    12.57424532135213,
    12.3458671917778,
    12.978734662668401,
    13.348846193152866,
    13.573786045724322,
    13.929295203743393,
    13.648126909654636,
    12.894862285905901,
    12.874662466668553,
    12.685267248310339,
    12.367091134707577,
    12.460114453911896,
    12.726738567168622,
    12.672155086356833,
    12.391416474094276,
    12.530683779600126,
    11.88192201381166,
    12.342794179163619,
    12.685521560562186,
    12.799512634748169,
    12.816563949211258,
    12.823276312780171,
    11.792074926067485,
    11.45556564904802,
    11.746601291444742,
    11.870782962081917,
    11.928638341073235,
    12.038986105123,
    11.953493096382108,
    12.103097823967355,
    11.373127482103255,
    11.287812256723914,
    10.992379796070047,
    11.011327898365037,
    11.562531791796617,
    11.704870154007274,
    11.564420347509905,
    11.43303722265297,
    11.225387874153864,
    11.417441148795927,
    10.617358841414191
  ],
  "all_framewise_ssim": [
    0.11260917037725449,
    0.12293648719787598,
    0.12335618585348129,
    0.11415310949087143,
    0.13713139295578003,
    0.13075993955135345,
    0.09744945168495178,
    0.09520407766103745,
    0.10167070478200912,
    0.08685430139303207,
    0.0934523344039917,
    0.10040148347616196,
    0.08835829049348831,
    0.09867405146360397,
    0.10363340377807617,
    0.13631407916545868,
    0.1383693665266037,
    0.14986777305603027,
    0.121803879737854,
    0.13620741665363312,
    0.16536502540111542,
    0.14575958251953125,
    0.13456670939922333,
    0.10865402221679688,
    0.09602975845336914,
    0.1429709643125534,
    0.13048870861530304,
    0.1464083045721054,
    0.17151254415512085,
    0.1940964311361313,
    0.1646794229745865,
    0.17207933962345123,
    0.16126912832260132,
    0.12204203009605408,
    0.11196819692850113,
    0.09585771709680557,
    0.08626063913106918,
    0.09922683984041214,
    0.0931159034371376,
    0.10267385095357895,
    0.12582944333553314,
    0.13853587210178375,
    0.09077474474906921,
    0.09299061447381973,
    0.10319866985082626,
    0.08513548225164413,
    0.1339530497789383,
    0.11470798403024673,
    0.11015504598617554,
    0.12626893818378448,
    0.11325294524431229,
    0.0846913531422615,
    0.1251099854707718,
    0.08050552010536194,
    0.06169170141220093,
    0.07554683089256287,
    0.10098245739936829,
    0.08514010161161423,
    0.0852089524269104,
    0.1201346218585968,
    0.10778039693832397,
    0.16375894844532013,
    0.17279277741909027,
    0.1785515397787094,
    0.21809782087802887,
    0.17271338403224945,
    0.11341742426156998,
    0.11796584725379944,
    0.08783209323883057,
    0.0844946876168251,
    0.09440573304891586,
    0.12115585803985596,
    0.10930847376585007,
    0.10236053913831711,
    0.12157965451478958,
    0.09600222110748291,
    0.12311315536499023,
    0.15744484961032867,
    0.15162505209445953,
    0.17823320627212524,
    0.14214260876178741,
    0.10250139236450195,
    0.08449360728263855,
    0.09999676793813705,
    0.09139525890350342,
    0.11009924858808517,
    0.12662333250045776,
    0.11676295846700668,
    0.12361720949411392,
    0.09231188148260117,
    0.07114259898662567,
    0.08038152009248734,
    0.08295584470033646,
    0.07144642621278763,
    0.09418024867773056,
    0.1158176138997078,
    0.09657146781682968,
    0.11596433073282242,
    0.1135348454117775,
    0.09281616657972336
  ],
  "all_framewise_lpips": [
    1.0592317581176758,
    0.9844998717308044,
    0.9746706485748291,
    1.0322898626327515,
    0.9701987504959106,
    0.9689876437187195,
    1.0488367080688477,
    0.9961984753608704,
    0.9608779549598694,
    1.0545051097869873,
    0.9898377060890198,
    0.9779890775680542,
    1.0288827419281006,
    0.9804067611694336,
    0.9894870519638062,
    1.0108656883239746,
    0.9724974632263184,
    0.9631816744804382,
    1.0183696746826172,
    0.9627596139907837,
    0.9455313682556152,
    1.016805648803711,
    0.9751678705215454,
    0.9711896777153015,
    1.039350986480713,
    0.9509299993515015,
    0.9574116468429565,
    1.0019677877426147,
    0.9482877254486084,
    0.9277307391166687,
    0.9699764251708984,
    0.952316403388977,
    0.948948085308075,
    1.0251758098602295,
    0.9855250716209412,
    0.9644476175308228,
    1.0216143131256104,
    0.9610259532928467,
    0.9439564943313599,
    0.9974838495254517,
    0.9599236249923706,
    0.9492346048355103,
    0.978412389755249,
    0.9572767019271851,
    0.9540002942085266,
    1.0220001935958862,
    0.955823540687561,
    0.9504251480102539,
    0.9916634559631348,
    0.9496831297874451,
    0.9513170719146729,
    1.0217353105545044,
    0.9424290657043457,
    0.9777490496635437,
    1.0931037664413452,
    0.994270920753479,
    0.9816641807556152,
    1.0768780708312988,
    0.9938737750053406,
    0.9363934993743896,
    1.046026349067688,
    0.9554088115692139,
    0.9655487537384033,
    1.0054457187652588,
    0.9279898405075073,
    0.9368047714233398,
    1.011465072631836,
    0.9298919439315796,
    0.9615110158920288,
    1.0025001764297485,
    0.9512431025505066,
    0.9378409385681152,
    0.9967772364616394,
    0.9553692936897278,
    0.9440088272094727,
    1.0238977670669556,
    0.9745621681213379,
    0.9598215818405151,
    1.0226560831069946,
    0.9544269442558289,
    0.9642767906188965,
    1.0260556936264038,
    0.9728459715843201,
    0.9579014182090759,
    1.010820984840393,
    0.9693642854690552,
    0.952667772769928,
    0.9990110397338867,
    0.9434587955474854,
    0.9722657203674316,
    1.036510944366455,
    0.9996878504753113,
    1.0070875883102417,
    1.0392948389053345,
    0.9854596257209778,
    0.9834821820259094,
    1.0188719034194946,
    0.9787346124649048,
    0.9873782992362976,
    1.0844398736953735
  ]
}