{
  "n_frames": 100,
  "scenewise_psnr": 19.24829142953216,
  "scenewise_ssim": 0.5383397120929061,
  "scenewise_lpips": 0.5364937829971314,
  "all_framewise_psnrs": [
    17.961340264894787,
    18.273364664167133,
    17.64432410155383,
    16.361330896931154,
    16.31381622544245,
    16.486026626368485,
    17.032669157586152,
    17.381991845963675,
    18.469868356151938,
    18.375045622080965,
    17.212260197749515,
    18.18379079002996,
    17.961182938718974,
    18.38445464935881,
    18.170782662258677,
    17.302290974564357,
    17.733374903653218,
    19.372810458032536,
    20.097045734909198,
    19.961804335188166,
    19.873435193897315,
    21.600552214291145,
    21.664037699058593,
    20.575730256777234,
    20.73292965919692,
    21.288119511623805,
    20.343795294740012,
    20.377501478112666,
    19.714072625579078,
    19.063946995501485,
    19.528335849150743,
    19.761116775806222,
    20.965491039076277,
    21.19726621530952,
    21.553144400039752,
    19.663604955424518,
    20.18988974818928,
    20.558590564402714,
    19.951199554086255,
    19.53266526481473,
    19.082432998896962,
    18.71517381339719,
    20.04251122115616,
    18.792208826281474,
    18.484744030591713,
    17.864844897848982,
    18.07843793676032,
    18.484383664286888,
    18.561163565703797,
    18.882250146759393,
    19.24718427251178,
    18.099485784222377,
    18.950412970339148,
    20.365269709687396,
    22.051270716848595,
    18.359594902218518,
    21.889858392253743,
    21.045019565217977,
    20.015009936604926,
    19.234886446323184,
    19.090343873635664,
    19.459722237143055,
    19.400901443105486,
    19.82331564479118,
    20.37675106332869,
    20.293458381977707,
    20.395693545313698,
    20.640938228325936,
    20.41946348074606,
    20.291235083720217,
    19.639159931236676,
    19.610797225739667,
    19.898461061503532,
    20.46632851216197,
    20.11792265448861,
    19.481100848963933,
    20.57826907218714,
    19.077339103204267,
    17.181875941433574,
    17.64480615458162,
    18.15032558608555,
    19.435599608074796,
    20.287881739992525,
    20.652659716376522,
    21.32115799358869,
    21.406025616179576,
    20.868986924799806,
    20.889863793042068,
    18.79520641219148,
    19.82138833552395,
    18.85003685287009,
    19.278519999765642,
    18.697376821754467,
    18.554855663231077,
    18.98752996305994,
    19.81879069473891,
    19.91151611381585,
    21.70832288351777,
    20.218820396356044,
    19.882115658089297
  ],
  "all_framewise_ssim": [
    0.5202614665031433,
    0.566143810749054,
    0.520477294921875,
    0.44009748101234436,
    0.4437316954135895,
    0.46121159195899963,
    0.4567039906978607,
    0.4630548059940338,
    0.4837978184223175,
    0.47248196601867676,
    0.4754285514354706,
    0.5101253390312195,
    0.5031816363334656,
    0.5180960297584534,
    0.4993085563182831,
    0.4721747934818268,
    0.4923678934574127,
    0.5240532755851746,
    0.5232328772544861,
    0.5387017130851746,
    0.5420171618461609,
    0.5841684341430664,
    0.5881937146186829,
    0.5857094526290894,
    0.5896381735801697,
    0.6010417342185974,
    0.5728393793106079,
    0.544904351234436,
    0.5431317687034607,
    0.5464690327644348,
    0.5462164878845215,
    0.5665066838264465,
    0.5711410641670227,
    0.5457642674446106,
    0.5611450672149658,
    0.549528181552887,
    0.5595732927322388,
    0.5757567286491394,
    0.623285710811615,
    0.6167786717414856,
    0.5994531512260437,
    0.6066337823867798,
    0.6374545097351074,
    0.6013076901435852,
    0.5523474812507629,
    0.5195249915122986,
    0.5285943746566772,
    0.5396113991737366,
    0.5293822288513184,
    0.5083900094032288,
    0.49546921253204346,
    0.4936996400356293,
    0.5377954840660095,
    0.5785481929779053,
    0.6326205134391785,
    0.5270339250564575,
    0.6230211853981018,
    0.530022144317627,
    0.5079027414321899,
    0.5152036547660828,
    0.5246264338493347,
    0.5430929064750671,
    0.5513775944709778,
    0.5353714823722839,
    0.5673198103904724,
    0.5611727237701416,
    0.5516558289527893,
    0.5635778903961182,
    0.5659114718437195,
    0.5596721768379211,
    0.5547706484794617,
    0.5382639765739441,
    0.5091215372085571,
    0.5429385900497437,
    0.5213379859924316,
    0.4972193241119385,
    0.5407169461250305,
    0.4892341196537018,
    0.39198610186576843,
    0.4004044830799103,
    0.45327362418174744,
    0.4948258697986603,
    0.535250186920166,
    0.5562694668769836,
    0.5748704075813293,
    0.6061596870422363,
    0.5789156556129456,
    0.5518476366996765,
    0.5289634466171265,
    0.5137905478477478,
    0.4512898921966553,
    0.48596033453941345,
    0.4957996904850006,
    0.4793151617050171,
    0.5170468091964722,
    0.5327433347702026,
    0.5530024170875549,
    0.6548694968223572,
    0.6474120020866394,
    0.6123985648155212
  ],
  "all_framewise_lpips": [
    0.6013856530189514,
    0.535297155380249,
    0.5462765693664551,
    0.5603496432304382,
    0.5468521118164062,
    0.5436452627182007,
    0.5538648366928101,
    0.5335990190505981,
    0.5239410996437073,
    0.5275223851203918,
    0.5190138816833496,
    0.5258057713508606,
    0.5555204749107361,
    0.5441052317619324,
    0.5402697324752808,
    0.5495675802230835,
    0.5465553998947144,
    0.534525990486145,
    0.5370001196861267,
    0.507753849029541,
    0.5141515731811523,
    0.4947110414505005,
    0.47858139872550964,
    0.46598416566848755,
    0.4671301245689392,
    0.4597388505935669,
    0.48560982942581177,
    0.5204121470451355,
    0.49129718542099,
    0.4731912612915039,
    0.48222070932388306,
    0.4796949028968811,
    0.49275487661361694,
    0.530249834060669,
    0.5311750769615173,
    0.5350284576416016,
    0.5447598099708557,
    0.5133038759231567,
    0.5028877258300781,
    0.516787588596344,
    0.504011869430542,
    0.5079784393310547,
    0.5166045427322388,
    0.5390426516532898,
    0.5623723268508911,
    0.5603606104850769,
    0.5516515970230103,
    0.5468345284461975,
    0.5843702554702759,
    0.635458767414093,
    0.6372532844543457,
    0.6098213791847229,
    0.6141372919082642,
    0.5878810286521912,
    0.537886917591095,
    0.5847309827804565,
    0.5795543193817139,
    0.6433528661727905,
    0.6517313122749329,
    0.6254339218139648,
    0.5670132040977478,
    0.5446305274963379,
    0.49798643589019775,
    0.49865251779556274,
    0.4703998565673828,
    0.4654197692871094,
    0.4758456349372864,
    0.45828384160995483,
    0.45144760608673096,
    0.46148481965065,
    0.4571291208267212,
    0.4734468460083008,
    0.5219440460205078,
    0.5283032655715942,
    0.5629458427429199,
    0.550277590751648,
    0.5244708061218262,
    0.5461865067481995,
    0.5952335596084595,
    0.5907716155052185,
    0.5547069907188416,
    0.5661695003509521,
    0.5388955473899841,
    0.521389901638031,
    0.5238521695137024,
    0.5193984508514404,
    0.5414466857910156,
    0.5635461211204529,
    0.5367175936698914,
    0.5366741418838501,
    0.5706032514572144,
    0.5441875457763672,
    0.5583750009536743,
    0.592968225479126,
    0.5663614273071289,
    0.5787470936775208,
    0.6032782793045044,
    0.5382758378982544,
    0.5141423940658569,
    0.5447776317596436
  ]
}