{
  "n_frames": 100,
  "scenewise_psnr": 14.018289894511247,
  "scenewise_ssim": 0.37196903837497075,
  "scenewise_lpips": 0.8034159219264985,
  "all_framewise_psnrs": [
    12.578795406416539,
    13.550073073259759,
    14.017560261534213,
    14.409581730485193,
    14.56207634391772,
    13.9200123133471,
    15.040552437966213,
    15.391409923211905,
    16.792110680752906,
    16.908574748193733,
    16.85353789045087,
    16.32439124416974,
    16.955965373649413,
    15.97687666440387,
    15.402164570417536,
    12.777534696167724,
    15.381202103752843,
    15.98391881231416,
    16.139950059703548,
    15.705784733863567,
    12.836800641837856,
    12.455816257423002,
    13.296589289716383,
    12.2424164826798,
    12.917551323096907,
    13.426190087822548,
    13.107564164832255,
    12.277969169278137,
    12.389210965068148,
    13.005099926666029,
    13.375884951814418,
    13.067511934776324,
    11.71455523901198,
    12.087118030002745,
    11.944626751070578,
    10.948281262821773,
    11.54967926140657,
    12.526850434772957,
    12.868278932728874,
    13.158614974383294,
    14.330402535083518,
    15.005242348210611,
    13.701052502802574,
    22.400729852470597,
    24.125896535719058,
    23.27210413358027,
    23.3060754311226,
    22.47024220680057,
    21.881431449874032,
    21.666969387246624,
    21.3042052205028,
    19.98730340587735,
    15.886511693506161,
    10.852093293878005,
    17.243961403275286,
    20.293303462665484,
    20.520292318011517,
    21.421635664245628,
    21.40429555623781,
    16.068571988155686,
    15.547814579025228,
    14.46417618765398,
    15.113545613134477,
    10.980814852495964,
    13.900413071333437,
    14.597342807622699,
    13.78924946201229,
    13.205599457093928,
    12.34783827294035,
    10.418714510813105,
    12.43792642400803,
    13.50514637619441,
    13.53131272952301,
    13.655891072550602,
    14.043745304384,
    14.505668498865262,
    13.13149803469585,
    11.7862819239841,
    13.839448319433178,
    13.81001923132023,
    14.607640968027212,
    14.063373990869415,
    13.135235221483317,
    14.087337774663078,
    13.457169665481523,
    13.957936407885772,
    15.492154797938028,
    14.351997318855364,
    14.470754370717053,
    14.312902493777575,
    13.969214279759052,
    10.699776988424468,
    11.43506840445424,
    11.80835599312989,
    13.522805496294534,
    12.934744250572138,
    14.315520299245353,
    13.817401275567649,
    13.752382909534456,
    13.091313841390726
  ],
  "all_framewise_ssim": [
    0.24547003209590912,
    0.27577945590019226,
    0.2884862720966339,
    0.2855311632156372,
    0.30446991324424744,
    0.2982671558856964,
    0.3081442415714264,
    0.3283511698246002,
    0.3627624809741974,
    0.370286226272583,
    0.3740808963775635,
    0.3625418245792389,
    0.33958515524864197,
    0.34127840399742126,
    0.3254188001155853,
    0.3094266653060913,
    0.34681496024131775,
    0.3731127977371216,
    0.37129712104797363,
    0.3721362352371216,
    0.3133052885532379,
    0.2810724079608917,
    0.28054437041282654,
    0.28510940074920654,
    0.26517999172210693,
    0.2549345791339874,
    0.27453169226646423,
    0.2705986499786377,
    0.27896714210510254,
    0.28844931721687317,
    0.28460612893104553,
    0.2856989800930023,
    0.30481359362602234,
    0.27012744545936584,
    0.2998482882976532,
    0.33515167236328125,
    0.29644620418548584,
    0.3034398853778839,
    0.3292061388492584,
    0.3373905122280121,
    0.38309502601623535,
    0.38932493329048157,
    0.3890562057495117,
    0.6094527244567871,
    0.6343280673027039,
    0.6291879415512085,
    0.6376816630363464,
    0.6094723343849182,
    0.5775240659713745,
    0.5668774247169495,
    0.5062045454978943,
    0.4689271152019501,
    0.4076317250728607,
    0.29048216342926025,
    0.3721272945404053,
    0.4869438707828522,
    0.5274818539619446,
    0.5789853930473328,
    0.6044971346855164,
    0.517756998538971,
    0.529460608959198,
    0.5124421119689941,
    0.48033154010772705,
    0.40376806259155273,
    0.3778165876865387,
    0.3745289742946625,
    0.3438688814640045,
    0.33440494537353516,
    0.31642934679985046,
    0.2717446982860565,
    0.31285786628723145,
    0.33833932876586914,
    0.30289238691329956,
    0.3328832685947418,
    0.33281970024108887,
    0.3198448121547699,
    0.32662320137023926,
    0.33592453598976135,
    0.3457874357700348,
    0.34890732169151306,
    0.33420220017433167,
    0.3326876163482666,
    0.3253623843193054,
    0.32919198274612427,
    0.3205219805240631,
    0.34851840138435364,
    0.3795677125453949,
    0.36971017718315125,
    0.36274978518486023,
    0.33633896708488464,
    0.32992079854011536,
    0.29527708888053894,
    0.2846771478652954,
    0.2830858528614044,
    0.36598432064056396,
    0.3610626459121704,
    0.37800630927085876,
    0.3844642639160156,
    0.3906953036785126,
    0.4157905876636505
  ],
  "all_framewise_lpips": [
    0.914492666721344,
    0.885255753993988,
    0.8640943765640259,
    0.8583061099052429,
    0.8443601131439209,
    0.8471405506134033,
    0.8236910700798035,
    0.7960807085037231,
    0.7816758155822754,
    0.7838653922080994,
    0.7779517769813538,
    0.76823490858078,
    0.7924681901931763,
    0.789851188659668,
    0.8033378720283508,
    0.8205114006996155,
    0.8128471970558167,
    0.8354375958442688,
    0.8445464372634888,
    0.8492307662963867,
    0.8605778217315674,
    0.866936206817627,
    0.8625832796096802,
    0.890833854675293,
    0.9000108242034912,
    0.8901801705360413,
    0.8826161026954651,
    0.8844057321548462,
    0.8678845167160034,
    0.8539057970046997,
    0.8520276546478271,
    0.8591926097869873,
    0.8361734747886658,
    0.8829284310340881,
    0.8603508472442627,
    0.8660508990287781,
    0.8981195688247681,
    0.8701446056365967,
    0.8507362604141235,
    0.8496555685997009,
    0.7976006865501404,
    0.8391579985618591,
    0.8304044008255005,
    0.5115283131599426,
    0.4981284737586975,
    0.48485466837882996,
    0.48521268367767334,
    0.4904673993587494,
    0.5133559107780457,
    0.5292696952819824,
    0.6080883145332336,
    0.6509719491004944,
    0.7473220229148865,
    0.9062981605529785,
    0.7462222576141357,
    0.6593122482299805,
    0.6417964100837708,
    0.5829257369041443,
    0.5998238325119019,
    0.7629711627960205,
    0.7625432014465332,
    0.7612640261650085,
    0.8190369606018066,
    0.8354631662368774,
    0.8464637398719788,
    0.8560175895690918,
    0.8789012432098389,
    0.8666883707046509,
    0.8529260754585266,
    0.8530915379524231,
    0.8147861361503601,
    0.8296829462051392,
    0.8850666284561157,
    0.8745381236076355,
    0.8867051601409912,
    0.8975642919540405,
    0.8766494393348694,
    0.8634469509124756,
    0.8164688944816589,
    0.8047671914100647,
    0.8627530336380005,
    0.8710698485374451,
    0.8747979998588562,
    0.8732370138168335,
    0.883757472038269,
    0.874397873878479,
    0.838964581489563,
    0.8612595796585083,
    0.8422741293907166,
    0.8263087868690491,
    0.8199465870857239,
    0.8256064653396606,
    0.8060671091079712,
    0.8247910737991333,
    0.8014318346977234,
    0.7998736500740051,
    0.8217147588729858,
    0.8083316087722778,
    0.8037662506103516,
    0.7747644186019897
  ]
}