{
  "n_frames": 100,
  "scenewise_psnr": 12.487475377636425,
  "scenewise_ssim": 0.419957605322665,
  "scenewise_lpips": 0.8956338661909103,
  "all_framewise_psnrs": [
    15.316777311860303,
    14.990037707695155,
    14.783165259178679,
    13.323760282565718,
    14.094627988565879,
    14.297559459563567,
    14.313705754578145,
    13.933894068427154,
    14.206607081117719,
    14.282495092564698,
    14.331035797249703,
    15.391364294232773,
    16.85199962611325,
    21.10515705992343,
    20.26816090098416,
    14.81721551347712,
    14.067054670957395,
    14.881566804862667,
    14.988879154093393,
    14.434272823925516,
    13.9642437321543,
    13.14579139614002,
    14.308975687336831,
    12.809305815399423,
    12.062116536050747,
    11.220384540728066,
    12.493050344331458,
    13.766710232616802,
    14.163579508725492,
    12.462904217569147,
    13.46394898799841,
    13.672714523248091,
    13.461284882060717,
    20.20160243101745,
    19.12025310715164,
    17.653305654935984,
    16.920655451434982,
    15.670956890565698,
    14.432210012342859,
    13.4779877349137,
    13.942828879351907,
    13.988536208455763,
    13.656158014291046,
    12.424704629903523,
    12.219567657792691,
    11.022535102029906,
    11.14809217164483,
    11.143499555246425,
    10.980810796890395,
    11.284183646987383,
    10.90562080135387,
    11.483236522886102,
    14.406739710475687,
    13.975993470704068,
    12.443881706754459,
    10.796171126005001,
    10.318682789752586,
    12.438600641424799,
    11.313894134342712,
    11.654030394737418,
    10.760419092916925,
    11.607624292596718,
    11.556709896267508,
    12.038370894065597,
    11.634997058694045,
    13.100990127358951,
    12.645875170879444,
    12.917407209898798,
    12.19324193841826,
    11.608692671054275,
    12.000093399925046,
    11.997424363667582,
    11.833663977518798,
    11.424621009715516,
    11.67401899496284,
    11.563032605730474,
    10.414935550754944,
    9.929679720780223,
    9.71314340290107,
    9.969602860242414,
    10.386000576894542,
    11.639754658360664,
    11.39929159869197,
    11.21112464013237,
    9.794780988861323,
    10.471304109826626,
    11.033325481797077,
    11.971228821527431,
    12.014645547366353,
    11.065839805794816,
    11.800139262447386,
    11.793158857497822,
    11.833243977426308,
    11.097521912641978,
    10.452912010402798,
    11.809197122700201,
    12.223194378424973,
    12.508810631444547,
    12.306250900863638,
    11.930824269824251
  ],
  "all_framewise_ssim": [
    0.43194302916526794,
    0.4303215444087982,
    0.4475770890712738,
    0.42287373542785645,
    0.42424294352531433,
    0.4262068569660187,
    0.4336272180080414,
    0.43061479926109314,
    0.4325680434703827,
    0.4302224814891815,
    0.436405748128891,
    0.4737916886806488,
    0.4890114963054657,
    0.5410912036895752,
    0.5348286032676697,
    0.4566245973110199,
    0.4209626615047455,
    0.4264780580997467,
    0.4480353593826294,
    0.4643290936946869,
    0.4560469090938568,
    0.4387392997741699,
    0.49560126662254333,
    0.43926143646240234,
    0.4044535458087921,
    0.38585007190704346,
    0.3901781737804413,
    0.400846928358078,
    0.39151135087013245,
    0.36787715554237366,
    0.3997478485107422,
    0.4359687864780426,
    0.446816086769104,
    0.5702993273735046,
    0.5775538086891174,
    0.5579766631126404,
    0.5306503772735596,
    0.4986738860607147,
    0.43988096714019775,
    0.3859218657016754,
    0.41228988766670227,
    0.4098903238773346,
    0.4314042031764984,
    0.4342442750930786,
    0.4315929710865021,
    0.4483729302883148,
    0.41839149594306946,
    0.42442187666893005,
    0.37460002303123474,
    0.38662052154541016,
    0.3311672508716583,
    0.41140565276145935,
    0.4847927987575531,
    0.46602460741996765,
    0.42521265149116516,
    0.41766414046287537,
    0.4437014162540436,
    0.49291348457336426,
    0.43684932589530945,
    0.3764681816101074,
    0.35128000378608704,
    0.3336127996444702,
    0.3450983464717865,
    0.3532821238040924,
    0.36394238471984863,
    0.4519008696079254,
    0.4434170722961426,
    0.4647263288497925,
    0.4345102608203888,
    0.4239138066768646,
    0.41058349609375,
    0.4162733852863312,
    0.38941478729248047,
    0.3467975854873657,
    0.37734243273735046,
    0.34123751521110535,
    0.2911229431629181,
    0.29384317994117737,
    0.3040938079357147,
    0.3268500864505768,
    0.36029985547065735,
    0.4085470139980316,
    0.42062512040138245,
    0.4164210259914398,
    0.41036441922187805,
    0.4071265757083893,
    0.3856351673603058,
    0.41959238052368164,
    0.4245622158050537,
    0.39033353328704834,
    0.37746191024780273,
    0.36346983909606934,
    0.3654256761074066,
    0.38215935230255127,
    0.3341573178768158,
    0.4216439723968506,
    0.42011991143226624,
    0.41447901725769043,
    0.3983628749847412,
    0.40879371762275696
  ],
  "all_framewise_lpips": [
    0.8941030502319336,
    0.8929062485694885,
    0.8885422945022583,
    0.9232583045959473,
    0.9101033210754395,
    0.9167383909225464,
    0.9102485179901123,
    0.9323996305465698,
    0.916857123374939,
    0.9242855906486511,
    0.9196943044662476,
    0.8761074542999268,
    0.8515806198120117,
    0.7921424508094788,
    0.8255407810211182,
    0.8757969737052917,
    0.8979553580284119,
    0.9181596040725708,
    0.9115390181541443,
    0.8617832660675049,
    0.8816747665405273,
    0.9316211938858032,
    0.8911350965499878,
    0.9497358202934265,
    0.9585857391357422,
    0.9617550373077393,
    0.9528906345367432,
    0.942789614200592,
    0.9288831353187561,
    0.9236464500427246,
    0.9069820642471313,
    0.8847836256027222,
    0.885941207408905,
    0.7580922842025757,
    0.7545182108879089,
    0.7646380662918091,
    0.7935601472854614,
    0.8073533773422241,
    0.8595976829528809,
    0.8974831104278564,
    0.8563145399093628,
    0.8696163892745972,
    0.8650957942008972,
    0.8705540895462036,
    0.882136881351471,
    0.920738697052002,
    0.8963617086410522,
    0.9005675911903381,
    0.9248584508895874,
    0.9314369559288025,
    0.9342072010040283,
    0.9039145112037659,
    0.8779852390289307,
    0.8547039031982422,
    0.8269686102867126,
    0.8076338768005371,
    0.8143786191940308,
    0.811501145362854,
    0.836355984210968,
    0.8823708891868591,
    0.8918453454971313,
    0.8642426133155823,
    0.9186336398124695,
    0.9060531854629517,
    0.8990687131881714,
    0.8503469824790955,
    0.8966578245162964,
    0.8911086916923523,
    0.9073566198348999,
    0.9322071671485901,
    0.9275583028793335,
    0.9318252205848694,
    0.9505070447921753,
    0.9616944789886475,
    0.9954882264137268,
    0.9911791086196899,
    0.9920400381088257,
    0.9733872413635254,
    0.9592415690422058,
    0.9578989744186401,
    0.9449281692504883,
    0.8983100056648254,
    0.8871195316314697,
    0.8659001588821411,
    0.9043222665786743,
    0.9277740120887756,
    0.9389990568161011,
    0.9335880279541016,
    0.909406304359436,
    0.9190068244934082,
    0.920606791973114,
    0.9212581515312195,
    0.9411680698394775,
    0.9645676016807556,
    0.9567198157310486,
    0.8434900641441345,
    0.8224713802337646,
    0.8208980560302734,
    0.8651551604270935,
    0.8362455368041992
  ]
}