{
  "n_frames": 100,
  "scenewise_psnr": 22.931942912054616,
  "scenewise_ssim": 0.7088484841735259,
  "scenewise_lpips": 0.5038850313425064,
  "all_framewise_psnrs": [
    25.481084743175195,
    25.400199146403924,
    24.02337563249003,
    24.43393643885438,
    24.46393718919916,
    21.24500631634063,
    22.63393332019153,
    23.736082323909926,
    23.51851874521003,
    23.16675594500566,
    22.777674241809144,
    24.79299755215987,
    23.15115273692319,
    20.816156683457727,
    22.714047199408952,
    22.228167726553217,
    21.399939641063103,
    23.37905201133987,
    23.932915261666245,
    22.87664997099658,
    22.0346752534237,
    21.202978472452063,
    22.44734892725117,
    21.044321957612727,
    22.90208780584413,
    23.91261155241649,
    25.994586232776268,
    23.92170070464929,
    22.074296837496167,
    23.158933312161626,
    22.32421975464486,
    22.468653791646314,
    21.52873026958786,
    22.819831113533443,
    23.234557852576092,
    23.082329241649504,
    22.506121239407015,
    24.076031199321505,
    24.53523380233538,
    21.26009154869651,
    22.952679603051614,
    23.140348061004744,
    23.52700227004306,
    21.167960109677274,
    21.531385253636458,
    22.00752327107233,
    22.19530901200503,
    22.052200658514394,
    23.1717527409863,
    23.46980434191838,
    23.714537604824557,
    23.98303656092167,
    22.816866067475125,
    23.74748942196721,
    23.535757568853043,
    23.660324393736513,
    22.82011448936453,
    23.305361082494315,
    23.69037418410654,
    23.070841044531004,
    23.642011425439378,
    25.514043508711918,
    23.83778582363824,
    22.882666727010648,
    24.338081527637616,
    24.982491417507667,
    23.597460569423806,
    23.479432590428463,
    22.652598469358015,
    23.518054086606476,
    22.912479121119965,
    23.678325720864137,
    23.281872198792207,
    24.35306576490151,
    23.78193072739121,
    23.08600310085586,
    24.148619167024393,
    23.6461023478115,
    21.66645585016294,
    23.575453480993804,
    22.43420196183546,
    24.92970138258661,
    25.169064287412684,
    22.24419997020824,
    18.587229195909263,
    22.130635970107733,
    20.343839073772536,
    22.87732501807977,
    23.05030362966714,
    22.91681117049658,
    22.925751635432015,
    22.450460651224525,
    23.46520637869844,
    22.83077463334658,
    23.149946712228214,
    23.304328298846457,
    23.461376064498012,
    22.304665500804845,
    22.737166747877858,
    23.215503521246568
  ],
  "all_framewise_ssim": [
    0.7582643032073975,
    0.7576243877410889,
    0.7245364785194397,
    0.7311029434204102,
    0.7178671360015869,
    0.6484703421592712,
    0.6601450443267822,
    0.6944864392280579,
    0.6851665377616882,
    0.7158047556877136,
    0.7116091847419739,
    0.7443060874938965,
    0.7082166075706482,
    0.689882755279541,
    0.6991391777992249,
    0.7045548558235168,
    0.6753618717193604,
    0.7508508563041687,
    0.7146832942962646,
    0.7352543473243713,
    0.7336876392364502,
    0.6716222763061523,
    0.671466052532196,
    0.6281837224960327,
    0.6928985714912415,
    0.7538988590240479,
    0.8135499954223633,
    0.7525454163551331,
    0.6536310911178589,
    0.7017948627471924,
    0.6912620663642883,
    0.6724462509155273,
    0.6696340441703796,
    0.7119014859199524,
    0.70895916223526,
    0.7449655532836914,
    0.7602996826171875,
    0.8112151026725769,
    0.7881907820701599,
    0.7397880554199219,
    0.712917149066925,
    0.6936368942260742,
    0.7141874432563782,
    0.6624693870544434,
    0.6470072865486145,
    0.660643458366394,
    0.6539151668548584,
    0.662114679813385,
    0.6835468411445618,
    0.7097749710083008,
    0.6925854682922363,
    0.6921311020851135,
    0.6744819283485413,
    0.7027330994606018,
    0.6777579188346863,
    0.6926739811897278,
    0.6531002521514893,
    0.6711466908454895,
    0.6778371334075928,
    0.7027401328086853,
    0.6891621947288513,
    0.7452651858329773,
    0.761925220489502,
    0.7194420695304871,
    0.7396623492240906,
    0.74078768491745,
    0.7452898025512695,
    0.7031752467155457,
    0.7003342509269714,
    0.7332451939582825,
    0.7608165740966797,
    0.7088068127632141,
    0.6917731761932373,
    0.7161586284637451,
    0.7141916155815125,
    0.7290115356445312,
    0.7244831919670105,
    0.7059987187385559,
    0.6887803077697754,
    0.7189038395881653,
    0.6852600574493408,
    0.7638578414916992,
    0.7536299824714661,
    0.688492476940155,
    0.5908346772193909,
    0.6722729802131653,
    0.6599035859107971,
    0.7003348469734192,
    0.7101840376853943,
    0.6899575591087341,
    0.7090020775794983,
    0.7055200934410095,
    0.6804582476615906,
    0.7062745690345764,
    0.7091984748840332,
    0.7220473289489746,
    0.7576066851615906,
    0.7415589690208435,
    0.7091272473335266,
    0.7361964583396912
  ],
  "all_framewise_lpips": [
    0.3994632661342621,
    0.386543333530426,
    0.3865736424922943,
    0.4019002318382263,
    0.456777960062027,
    0.47806891798973083,
    0.5621567964553833,
    0.5383188724517822,
    0.5573201775550842,
    0.4918200969696045,
    0.48047322034835815,
    0.5074245929718018,
    0.5464563965797424,
    0.5515726804733276,
    0.5314760208129883,
    0.5474132895469666,
    0.5481829643249512,
    0.4780799448490143,
    0.5663211941719055,
    0.5822345614433289,
    0.5275377035140991,
    0.5461993217468262,
    0.5807970762252808,
    0.598176121711731,
    0.456249475479126,
    0.41735848784446716,
    0.37341368198394775,
    0.4132212996482849,
    0.5387740731239319,
    0.5101468563079834,
    0.5595980882644653,
    0.569599449634552,
    0.5465303659439087,
    0.4584669768810272,
    0.48159000277519226,
    0.47261542081832886,
    0.4119621515274048,
    0.35519659519195557,
    0.3910997211933136,
    0.42712706327438354,
    0.5318682193756104,
    0.5203162431716919,
    0.49688661098480225,
    0.5072628259658813,
    0.5259101986885071,
    0.5068961381912231,
    0.5553721785545349,
    0.4527287185192108,
    0.453766793012619,
    0.45551782846450806,
    0.48050400614738464,
    0.493579238653183,
    0.5069418549537659,
    0.5053359270095825,
    0.5138588547706604,
    0.4683133065700531,
    0.5108460187911987,
    0.5433616638183594,
    0.5817445516586304,
    0.546633780002594,
    0.5867713689804077,
    0.5763357281684875,
    0.5746723413467407,
    0.5215533375740051,
    0.519402801990509,
    0.5589781999588013,
    0.5025128722190857,
    0.5873620510101318,
    0.5129125714302063,
    0.5079047083854675,
    0.41841238737106323,
    0.58054518699646,
    0.5951867699623108,
    0.5513412952423096,
    0.5079286098480225,
    0.3751216530799866,
    0.45682790875434875,
    0.4853307604789734,
    0.47366562485694885,
    0.4935000538825989,
    0.5237054228782654,
    0.4523070454597473,
    0.49799850583076477,
    0.5325260162353516,
    0.48389315605163574,
    0.5015611052513123,
    0.4531329274177551,
    0.5112862586975098,
    0.49600398540496826,
    0.5362086296081543,
    0.5142388939857483,
    0.47592028975486755,
    0.5814650058746338,
    0.5544771552085876,
    0.5475457906723022,
    0.5296229124069214,
    0.5228191614151001,
    0.48627331852912903,
    0.5136311054229736,
    0.4957371652126312
  ]
}