{
  "n_frames": 100,
  "scenewise_psnr": 19.532234889058092,
  "scenewise_ssim": 0.5129972402662446,
  "scenewise_lpips": 0.5963973051309586,
  "all_framewise_psnrs": [
    19.99561342810174,
    19.72054217602572,
    19.282663181291685,
    19.179962595681403,
    19.00859815961741,
    19.011584002588155,
    18.841258675464175,
    17.985747673580683,
    17.808216307753362,
    17.687826744971552,
    17.73050346242108,
    17.110789069956326,
    17.064032840838735,
    17.87995952080022,
    17.670561469848142,
    17.40203363893048,
    19.400838020523334,
    20.226184680482454,
    18.903052280199784,
    19.38487515328064,
    19.320259771218794,
    19.582605322309593,
    19.043822195666998,
    19.724802232603935,
    20.443182818470042,
    20.010004809407384,
    20.070617342344498,
    20.079495867522862,
    19.88917734092194,
    19.423381685313228,
    19.98510362637983,
    20.141745295425117,
    19.557025650654086,
    20.198977215340925,
    20.65165673082266,
    20.258262276052584,
    20.0548548556457,
    19.50253869041133,
    20.3744979512804,
    20.35095289642429,
    19.16554446876965,
    19.473654674893304,
    20.767466413000122,
    19.72781225152017,
    19.655905250990045,
    20.25898175925154,
    20.740954525472517,
    19.243912751092246,
    19.940199307150575,
    20.015484016984246,
    20.446008783900073,
    20.577464676192747,
    21.35015675598995,
    20.617376186007963,
    20.12910257184504,
    20.575543692064436,
    21.30497862534436,
    21.94983302205783,
    21.480117696683703,
    20.907231839813928,
    20.830298669776234,
    20.476184945201076,
    20.184089539018867,
    19.466040258502343,
    19.0775935580181,
    19.765834547579214,
    18.417897513155754,
    19.091122039939712,
    19.60905139212157,
    19.503232720148553,
    20.47715994704319,
    20.963802599601472,
    20.548104540344795,
    20.12927841114312,
    20.328329979874358,
    20.41779057017741,
    20.154425349759023,
    20.552006734878802,
    20.892767475297227,
    20.91262625037061,
    19.517118923595106,
    19.8235758427099,
    19.599907405989626,
    18.79309465122074,
    18.888308924276554,
    19.25713227291635,
    19.47532074301907,
    19.26144480273514,
    19.28089013277203,
    18.68401956761322,
    19.073527663374414,
    19.578479488386726,
    19.529173007239955,
    18.96503916491497,
    18.576467719347548,
    19.020514486186173,
    18.87877196196464,
    19.182111340262537,
    19.07971317677375,
    19.32440801765341
  ],
  "all_framewise_ssim": [
    0.5628901720046997,
    0.5706097483634949,
    0.5732898116111755,
    0.5369930267333984,
    0.543677568435669,
    0.5364992022514343,
    0.5159773230552673,
    0.5051144957542419,
    0.4681103229522705,
    0.4599498510360718,
    0.4341287612915039,
    0.3887465000152588,
    0.39563843607902527,
    0.46566978096961975,
    0.4936548173427582,
    0.5134566426277161,
    0.567575991153717,
    0.5719091892242432,
    0.5479722023010254,
    0.5625810623168945,
    0.5736649036407471,
    0.5845460295677185,
    0.5728880167007446,
    0.5911417603492737,
    0.612407922744751,
    0.6121521592140198,
    0.6337165236473083,
    0.6488834619522095,
    0.6570624709129333,
    0.6549769043922424,
    0.6624748110771179,
    0.6738249659538269,
    0.6568000912666321,
    0.6174257397651672,
    0.5795031189918518,
    0.5461845993995667,
    0.536130428314209,
    0.5093771815299988,
    0.4679909646511078,
    0.41112208366394043,
    0.39236685633659363,
    0.3808060586452484,
    0.4510776996612549,
    0.4071179926395416,
    0.41013702750205994,
    0.4342118501663208,
    0.4336221218109131,
    0.42491984367370605,
    0.4215582311153412,
    0.40395796298980713,
    0.43656110763549805,
    0.4296250343322754,
    0.4087844789028168,
    0.40879830718040466,
    0.39171817898750305,
    0.40940988063812256,
    0.40822935104370117,
    0.42918238043785095,
    0.4409794807434082,
    0.48182618618011475,
    0.499185711145401,
    0.5144817233085632,
    0.5023218989372253,
    0.47465944290161133,
    0.4529920518398285,
    0.46753811836242676,
    0.4470802843570709,
    0.4973324239253998,
    0.5538193583488464,
    0.5286896824836731,
    0.5493897795677185,
    0.5312387347221375,
    0.5179671049118042,
    0.5374725461006165,
    0.5579873919487,
    0.6063361167907715,
    0.604412853717804,
    0.6050158143043518,
    0.5946226119995117,
    0.5860745906829834,
    0.5815318822860718,
    0.5772632956504822,
    0.5700841546058655,
    0.5486688613891602,
    0.5397658348083496,
    0.5402846932411194,
    0.540211021900177,
    0.5286619067192078,
    0.5183315277099609,
    0.49405768513679504,
    0.48538756370544434,
    0.484365314245224,
    0.4690744876861572,
    0.44496405124664307,
    0.432111531496048,
    0.4284055233001709,
    0.4288668632507324,
    0.44341444969177246,
    0.4444516897201538,
    0.4496673047542572
  ],
  "all_framewise_lpips": [
    0.5241944193840027,
    0.501236617565155,
    0.4925169348716736,
    0.5214688777923584,
    0.5332439541816711,
    0.534700870513916,
    0.5592738389968872,
    0.5506641268730164,
    0.5796477794647217,
    0.604435384273529,
    0.6407591104507446,
    0.6832064986228943,
    0.691644012928009,
    0.6275141835212708,
    0.5882988572120667,
    0.5896927118301392,
    0.5492138266563416,
    0.5183785557746887,
    0.5278819799423218,
    0.515862762928009,
    0.5099958181381226,
    0.5014594197273254,
    0.5179219245910645,
    0.5012564659118652,
    0.49181026220321655,
    0.4961927533149719,
    0.4824438691139221,
    0.46648117899894714,
    0.46989232301712036,
    0.477785587310791,
    0.473598837852478,
    0.4498225152492523,
    0.45431673526763916,
    0.48619887232780457,
    0.5238689184188843,
    0.5260891318321228,
    0.5157301425933838,
    0.5370643734931946,
    0.5917879939079285,
    0.6705321669578552,
    0.6869720816612244,
    0.6906419396400452,
    0.6198629140853882,
    0.6991603374481201,
    0.6980643272399902,
    0.6511990427970886,
    0.6311627626419067,
    0.6342966556549072,
    0.661414623260498,
    0.7072703838348389,
    0.6849096417427063,
    0.7050746083259583,
    0.7476140856742859,
    0.7375823259353638,
    0.7642127275466919,
    0.7555185556411743,
    0.7651291489601135,
    0.7542117834091187,
    0.7565032243728638,
    0.6946349143981934,
    0.6892863512039185,
    0.6699119806289673,
    0.6877596378326416,
    0.704517662525177,
    0.6982792019844055,
    0.6806991696357727,
    0.7106666564941406,
    0.6403976082801819,
    0.5764699578285217,
    0.6001914739608765,
    0.590076208114624,
    0.6387028694152832,
    0.6370543837547302,
    0.5937239527702332,
    0.560099720954895,
    0.4513145685195923,
    0.4417194128036499,
    0.45176225900650024,
    0.49702876806259155,
    0.5177266001701355,
    0.4915787875652313,
    0.5034570097923279,
    0.5106076002120972,
    0.5355976819992065,
    0.5379166603088379,
    0.5397061109542847,
    0.5461128354072571,
    0.5582058429718018,
    0.5727498531341553,
    0.5989129543304443,
    0.6132433414459229,
    0.6142278909683228,
    0.6398398876190186,
    0.6774460077285767,
    0.6920069456100464,
    0.7032229900360107,
    0.7042163610458374,
    0.6855801343917847,
    0.6733547449111938,
    0.6808377504348755
  ]
}