{
  "n_frames": 100,
  "scenewise_psnr": 21.89021808658477,
  "scenewise_ssim": 0.6629261760124194,
  "scenewise_lpips": 0.3946821516752243,
  "all_framewise_psnrs": [
    22.88842714761932,
    22.38467659834507,
    21.413115436012614,
    21.957288287088076,
    22.876053067325742,
    22.519014863048312,
    22.6895197026214,
    22.837787636886446,
    21.177687935247885,
    20.192476496471393,
    20.338008528302435,
    21.086864755119375,
    23.006047130637768,
    25.085175245257183,
    22.62217416670524,
    22.832536917244717,
    22.839474606287602,
    20.38482714568427,
    19.653319556140964,
    20.320912087459895,
    20.3924724296647,
    19.49438349763417,
    19.934568372284403,
    19.037581256851862,
    20.388377406033978,
    21.85095342417727,
    22.137836356912356,
    23.279172516088295,
    24.564727061253997,
    24.488977616289255,
    24.635175634948165,
    24.002098699929277,
    24.347330213393427,
    24.07701405290233,
    22.723292294447294,
    22.369759706739725,
    21.87269585912742,
    20.95834226926815,
    21.99334688271108,
    22.919947470148845,
    22.3478456345791,
    21.961385408291115,
    22.20933186531576,
    21.213406316175902,
    22.56434548159855,
    22.16367378551861,
    20.783036541693356,
    21.755355614764973,
    22.239031728677343,
    23.300384252468504,
    24.44496110323208,
    23.787465397982793,
    23.640460026509558,
    23.35298997703768,
    22.425173043784422,
    21.938385860452826,
    20.121304886259203,
    20.21327159280604,
    19.120000434316427,
    20.038660866126218,
    21.126989958906258,
    23.824942848077907,
    22.51558114404744,
    23.467761799561103,
    23.91889323297169,
    23.17182032733352,
    22.168929679926105,
    22.268168245311877,
    23.185786645744052,
    23.339999048058374,
    22.243589369048067,
    23.114696347407545,
    21.636929779911046,
    20.613143735213285,
    19.128001607723824,
    19.839892615129507,
    20.060725247379303,
    20.02715059077213,
    20.18702161195741,
    21.80068654886355,
    22.623273247115186,
    25.57984793173697,
    25.816743685368557,
    25.755063550619273,
    23.638664238931682,
    23.745257916034635,
    22.89604646598924,
    25.483896241589843,
    22.53510859622271,
    24.475535969486497,
    24.146543777011438,
    20.736698694424888,
    21.08799425692757,
    21.2647801889287,
    19.83014576093815,
    20.14589062380218,
    21.476599616849676,
    22.14017745810757,
    21.218293504678172,
    21.52257195377476
  ],
  "all_framewise_ssim": [
    0.7107548117637634,
    0.696434736251831,
    0.6694626808166504,
    0.6945313811302185,
    0.741555392742157,
    0.7382754683494568,
    0.7357284426689148,
    0.7192087173461914,
    0.6439148187637329,
    0.5550398826599121,
    0.525322675704956,
    0.586965024471283,
    0.7029591202735901,
    0.7659525871276855,
    0.6925108432769775,
    0.6981198787689209,
    0.6804042458534241,
    0.5771428346633911,
    0.5021374821662903,
    0.5533108711242676,
    0.5606403946876526,
    0.590711772441864,
    0.57817542552948,
    0.5650998950004578,
    0.5886543393135071,
    0.6035621166229248,
    0.6153698563575745,
    0.6764046549797058,
    0.7036007046699524,
    0.705310583114624,
    0.7077863216400146,
    0.6873461604118347,
    0.690479576587677,
    0.6845290064811707,
    0.6350823044776917,
    0.6248989701271057,
    0.5851718783378601,
    0.5668985247612,
    0.6161837577819824,
    0.6682469844818115,
    0.6532068848609924,
    0.6224823594093323,
    0.6128624081611633,
    0.5963208675384521,
    0.6724575161933899,
    0.6404547691345215,
    0.6040859222412109,
    0.6368124485015869,
    0.668654203414917,
    0.6929087042808533,
    0.7145341038703918,
    0.6842965483665466,
    0.7009201049804688,
    0.6943255066871643,
    0.682177722454071,
    0.6399690508842468,
    0.5617775321006775,
    0.5338537096977234,
    0.5385221838951111,
    0.5444455146789551,
    0.6403272151947021,
    0.6961796879768372,
    0.6574713587760925,
    0.6816754937171936,
    0.6985335946083069,
    0.6866521835327148,
    0.6682563424110413,
    0.683923065662384,
    0.7093577980995178,
    0.7261686325073242,
    0.719862163066864,
    0.7165701985359192,
    0.6225147843360901,
    0.5758481621742249,
    0.5334447026252747,
    0.5310391187667847,
    0.5137417912483215,
    0.555865466594696,
    0.6363422870635986,
    0.7331416010856628,
    0.7621753215789795,
    0.8030082583427429,
    0.8135741353034973,
    0.8168918490409851,
    0.7655248641967773,
    0.7715263366699219,
    0.7660388946533203,
    0.8126049041748047,
    0.783206045627594,
    0.7981857657432556,
    0.7824034690856934,
    0.6668903827667236,
    0.6530649065971375,
    0.6362665295600891,
    0.5656465888023376,
    0.5613658428192139,
    0.608511745929718,
    0.6675348281860352,
    0.6586528420448303,
    0.6410093903541565
  ],
  "all_framewise_lpips": [
    0.3231414556503296,
    0.3208067715167999,
    0.3350805342197418,
    0.3229188323020935,
    0.30671557784080505,
    0.3097858428955078,
    0.30593517422676086,
    0.32404714822769165,
    0.37183159589767456,
    0.4723176956176758,
    0.5122271180152893,
    0.48418134450912476,
    0.38441938161849976,
    0.3420105576515198,
    0.36131179332733154,
    0.36080464720726013,
    0.38862061500549316,
    0.4677724242210388,
    0.5746593475341797,
    0.5493605136871338,
    0.5336263179779053,
    0.47606784105300903,
    0.4788629114627838,
    0.4672251343727112,
    0.4694843888282776,
    0.4632541537284851,
    0.4511617422103882,
    0.3965528905391693,
    0.36119475960731506,
    0.3528197705745697,
    0.35322895646095276,
    0.36347639560699463,
    0.36471059918403625,
    0.3728918433189392,
    0.404619038105011,
    0.41787147521972656,
    0.44647952914237976,
    0.45611798763275146,
    0.42461097240448,
    0.3821805715560913,
    0.3935874104499817,
    0.42098623514175415,
    0.4461534917354584,
    0.42638295888900757,
    0.38296404480934143,
    0.40208637714385986,
    0.4117013216018677,
    0.39978501200675964,
    0.38681650161743164,
    0.3901207447052002,
    0.39341890811920166,
    0.42320963740348816,
    0.3947238028049469,
    0.3904493451118469,
    0.39467647671699524,
    0.3964799642562866,
    0.4450308382511139,
    0.5402160286903381,
    0.5316802263259888,
    0.5072007775306702,
    0.3980500102043152,
    0.3747025430202484,
    0.3960694372653961,
    0.38154828548431396,
    0.373060017824173,
    0.3762095868587494,
    0.3810032904148102,
    0.35073569416999817,
    0.3395722210407257,
    0.3346603512763977,
    0.3730829060077667,
    0.37752681970596313,
    0.4474726915359497,
    0.5411398410797119,
    0.5599740147590637,
    0.5638760924339294,
    0.5724530816078186,
    0.5238090753555298,
    0.45779579877853394,
    0.33016571402549744,
    0.31963106989860535,
    0.2964555025100708,
    0.26614877581596375,
    0.24289360642433167,
    0.2861383259296417,
    0.2996949553489685,
    0.2561964690685272,
    0.21751056611537933,
    0.24231265485286713,
    0.22821438312530518,
    0.23862823843955994,
    0.30923447012901306,
    0.3440743386745453,
    0.4026988744735718,
    0.4090768098831177,
    0.42165079712867737,
    0.41622212529182434,
    0.36959877610206604,
    0.3510036766529083,
    0.3658675253391266
  ]
}