{
  "n_frames": 100,
  "scenewise_psnr": 23.86438335340214,
  "scenewise_ssim": 0.6217623048909182,
  "scenewise_lpips": 0.4900882941484451,
  "all_framewise_psnrs": [
    21.97240993933061,
    22.276769335334563,
    21.896400670907788,
    22.18812290333815,
    22.57894357880222,
    22.596675754929944,
    22.30582120660339,
    20.193933277088018,
    20.760064550331872,
    21.112235174705717,
    21.7943353783621,
    20.838667561766506,
    21.192711075008745,
    22.512241379694615,
    22.483996194828748,
    22.430184117919985,
    22.27546696929037,
    22.319466356329993,
    23.134292133122415,
    24.22360278222454,
    24.255178053025755,
    24.742691786234026,
    24.487641495703933,
    24.111603807916687,
    24.437123655381036,
    24.771550085027304,
    24.759671928935685,
    25.638221937417654,
    25.987841007410207,
    26.220126776222415,
    26.076932481444896,
    25.913202906416075,
    26.43428620998478,
    26.098461510174033,
    25.51332620969738,
    24.939910715969763,
    24.391199345769074,
    23.819567832102013,
    24.160325917222437,
    23.971519903009852,
    23.20974889920389,
    23.159072691686386,
    23.297780212620665,
    23.527155344103974,
    23.540602247586758,
    24.117862866088004,
    24.30387145594096,
    23.717832411940996,
    23.337379003546662,
    23.050104427219434,
    23.48504627116966,
    24.04940678477667,
    24.484726536163738,
    24.623650113275474,
    25.274370736047352,
    25.582770927395163,
    25.12192021369765,
    24.30886419954044,
    24.58538137156493,
    24.882528016408607,
    25.325897986795276,
    25.144495784818645,
    24.665450234705034,
    23.169027075312627,
    22.180755193581142,
    23.15165496304573,
    22.987929195635285,
    21.944395995473954,
    23.06393721420488,
    23.282432403781105,
    25.686245026450774,
    25.745557798456495,
    25.009548979839703,
    25.374125067786885,
    25.376151530415267,
    25.51308545700584,
    24.597427269617654,
    24.328102145364987,
    24.328347590792827,
    24.897964264923257,
    25.159624232029678,
    26.26318895596234,
    26.013539288052986,
    25.539969030263407,
    25.57421695319573,
    25.92818244148003,
    25.860570104994224,
    26.117194425214308,
    25.84106100687462,
    24.89181967149635,
    25.062036754692638,
    25.462055713538042,
    24.835511480613576,
    24.73470330660436,
    24.309720885481852,
    24.226486733800403,
    23.862457131510652,
    23.459309672734463,
    24.16014881767156,
    24.513632627931095
  ],
  "all_framewise_ssim": [
    0.621321976184845,
    0.652845025062561,
    0.6495546698570251,
    0.6240256428718567,
    0.6419041156768799,
    0.6367179751396179,
    0.6114433407783508,
    0.5619404315948486,
    0.555796205997467,
    0.5618555545806885,
    0.5502033829689026,
    0.5146546959877014,
    0.5261399745941162,
    0.6007927656173706,
    0.627292275428772,
    0.640614926815033,
    0.6386123895645142,
    0.6077194809913635,
    0.6384517550468445,
    0.6795069575309753,
    0.6965009570121765,
    0.705180823802948,
    0.7035586833953857,
    0.6907095909118652,
    0.6991737484931946,
    0.709817111492157,
    0.7300641536712646,
    0.7532702088356018,
    0.768465518951416,
    0.775437593460083,
    0.7688705325126648,
    0.7773628830909729,
    0.7743069529533386,
    0.7287638187408447,
    0.6831664443016052,
    0.6506806015968323,
    0.6435418725013733,
    0.6136114597320557,
    0.5715461373329163,
    0.5255658030509949,
    0.5058855414390564,
    0.49271729588508606,
    0.514308512210846,
    0.49775299429893494,
    0.5090162754058838,
    0.5502793192863464,
    0.5652324557304382,
    0.5491172671318054,
    0.5142266750335693,
    0.4878205358982086,
    0.5183617472648621,
    0.5232025980949402,
    0.4973277747631073,
    0.5011323690414429,
    0.506304919719696,
    0.5177286267280579,
    0.4979182183742523,
    0.47753235697746277,
    0.5071187615394592,
    0.5843818783760071,
    0.6085820198059082,
    0.6291751265525818,
    0.6198614239692688,
    0.5850553512573242,
    0.5425230264663696,
    0.5451989769935608,
    0.5387532711029053,
    0.5739259719848633,
    0.6125389337539673,
    0.6066091060638428,
    0.6642017960548401,
    0.6380327343940735,
    0.6274487376213074,
    0.6640004515647888,
    0.6730535626411438,
    0.7303046584129333,
    0.711933434009552,
    0.6935388445854187,
    0.666100025177002,
    0.6724019050598145,
    0.6943922638893127,
    0.7330759167671204,
    0.7362182140350342,
    0.7247676849365234,
    0.7118838429450989,
    0.7035760283470154,
    0.6821620464324951,
    0.6771758198738098,
    0.6569771766662598,
    0.6192377805709839,
    0.608542263507843,
    0.6079716086387634,
    0.5888603329658508,
    0.5740531086921692,
    0.562486469745636,
    0.5581766963005066,
    0.5600826144218445,
    0.5634579062461853,
    0.5709543228149414,
    0.5756694674491882
  ],
  "all_framewise_lpips": [
    0.46881192922592163,
    0.43932652473449707,
    0.4265469014644623,
    0.46199342608451843,
    0.4643927216529846,
    0.4704880118370056,
    0.4996015131473541,
    0.48915380239486694,
    0.5010530948638916,
    0.5124195218086243,
    0.542531430721283,
    0.5793235898017883,
    0.5934186577796936,
    0.533571183681488,
    0.4988492727279663,
    0.5092992782592773,
    0.48823872208595276,
    0.49291467666625977,
    0.4879066050052643,
    0.4359223246574402,
    0.3991571068763733,
    0.38764429092407227,
    0.3898264169692993,
    0.39063119888305664,
    0.37970590591430664,
    0.3759358525276184,
    0.35981589555740356,
    0.33531516790390015,
    0.31878113746643066,
    0.3073734641075134,
    0.3261738717556,
    0.32851502299308777,
    0.3319840431213379,
    0.3698578476905823,
    0.41067183017730713,
    0.42712825536727905,
    0.4271423816680908,
    0.4531509280204773,
    0.5135439038276672,
    0.58714359998703,
    0.5908035635948181,
    0.611912190914154,
    0.5729612112045288,
    0.6319040060043335,
    0.6126555800437927,
    0.5631635189056396,
    0.5267891883850098,
    0.5266546607017517,
    0.5669769644737244,
    0.6054679155349731,
    0.582085132598877,
    0.6014900803565979,
    0.6618797779083252,
    0.6709458827972412,
    0.7074970006942749,
    0.701196014881134,
    0.717854380607605,
    0.7155412435531616,
    0.6867802739143372,
    0.5985562801361084,
    0.5799890756607056,
    0.5498568415641785,
    0.5749080181121826,
    0.6065908670425415,
    0.6160072088241577,
    0.610356330871582,
    0.6057602763175964,
    0.5550699234008789,
    0.4837340712547302,
    0.5098050832748413,
    0.4758282005786896,
    0.5078961849212646,
    0.4919202923774719,
    0.4425544738769531,
    0.41779211163520813,
    0.3249630928039551,
    0.3282444179058075,
    0.35190847516059875,
    0.4015454053878784,
    0.4159090220928192,
    0.36413484811782837,
    0.33136746287345886,
    0.3179348111152649,
    0.3293605148792267,
    0.3363507390022278,
    0.3488130271434784,
    0.3697815239429474,
    0.4003598093986511,
    0.4380548596382141,
    0.4629708528518677,
    0.46768954396247864,
    0.46815457940101624,
    0.5021200180053711,
    0.5339025855064392,
    0.5489929914474487,
    0.5585252046585083,
    0.5593007206916809,
    0.5501027703285217,
    0.5446568727493286,
    0.5572401285171509
  ]
}