{
  "n_frames": 100,
  "scenewise_psnr": 7.6936229979033985,
  "scenewise_ssim": 0.3577630939851133,
  "scenewise_lpips": 0.9299446761608123,
  "all_framewise_psnrs": [
    6.850087607961991,
    6.73340019003418,
    6.748978594004818,
    6.729541428356169,
    6.874398177301631,
    6.967692253458715,
    7.130131616864767,
    7.623261286844794,
    7.6469825022256,
    7.577995112661834,
    7.568110327597745,
    7.383910595509673,
    7.121791767857611,
    7.230018485752469,
    7.693345995043507,
    7.441914656907764,
    7.093103863853617,
    6.556875568416071,
    6.3376148132386785,
    6.267374961726101,
    6.500659201769663,
    6.4104567110803075,
    6.821341125750562,
    7.576341085281266,
    7.8465090783437095,
    7.663301187780894,
    6.5724140454064,
    5.9734943010980235,
    5.838777567912956,
    6.812277975887922,
    6.083339021486195,
    5.4412161866602995,
    5.415111086217948,
    5.490853350303125,
    6.612812334538428,
    7.81165833110739,
    7.594229823169348,
    8.302973295761806,
    9.760637663068074,
    10.046832696061125,
    10.41537240281555,
    10.027473683177474,
    10.367792194491297,
    10.309046645569826,
    8.121745559559095,
    8.299909593201603,
    7.774013216410207,
    8.475846911068572,
    7.700242074109461,
    7.853347740816079,
    7.309094983355617,
    7.432916724891148,
    7.440738098472426,
    7.872486631825851,
    7.797098292492963,
    7.857073951440821,
    8.342540714990097,
    8.539744552650308,
    8.371327240391937,
    8.556834540490302,
    8.695950336711691,
    8.858257425309947,
    8.412944483464658,
    7.909950534103367,
    6.690354678732269,
    6.766717510925834,
    8.062353942008004,
    8.002132041872338,
    8.050854873403457,
    8.278887961377773,
    7.339736199355247,
    8.114926600581903,
    7.975623503542919,
    7.391327170003214,
    9.019451113711636,
    8.277463115201597,
    8.597692147119016,
    9.227076335077607,
    8.44026764320637,
    8.013154924790232,
    8.417169894144548,
    9.083699447867328,
    8.382648971236147,
    8.69084696788183,
    8.479236116904193,
    8.309883309356657,
    9.021929298474491,
    8.139859255032604,
    8.137358948519143,
    8.916626539170466,
    9.179308302272736,
    9.40331098914089,
    9.587744315033623,
    8.215977010984503,
    7.856030606169465,
    8.079649229922444,
    8.22719297450126,
    7.669081426679494,
    7.461159963563196,
    7.689149737129004
  ],
  "all_framewise_ssim": [
    0.30609390139579773,
    0.30832529067993164,
    0.30793675780296326,
    0.3041170835494995,
    0.3107673227787018,
    0.31300243735313416,
    0.3223894536495209,
    0.32878634333610535,
    0.33581385016441345,
    0.3271982669830322,
    0.32226845622062683,
    0.3241073191165924,
    0.30814942717552185,
    0.323682576417923,
    0.3537709414958954,
    0.34163975715637207,
    0.35154154896736145,
    0.35283970832824707,
    0.3623712956905365,
    0.35491856932640076,
    0.3503918945789337,
    0.34062090516090393,
    0.3464757204055786,
    0.36367011070251465,
    0.3781377375125885,
    0.3673250377178192,
    0.34112346172332764,
    0.3153745234012604,
    0.3017066419124603,
    0.3529480993747711,
    0.3543723523616791,
    0.34461507201194763,
    0.3577117919921875,
    0.3709128797054291,
    0.3781884014606476,
    0.3919784128665924,
    0.39024725556373596,
    0.38991793990135193,
    0.3756873607635498,
    0.35955652594566345,
    0.3780687749385834,
    0.41200801730155945,
    0.4187246263027191,
    0.39815330505371094,
    0.404950350522995,
    0.4410007894039154,
    0.43102362751960754,
    0.38844943046569824,
    0.3907632529735565,
    0.3785668909549713,
    0.35384833812713623,
    0.3439297378063202,
    0.3247116804122925,
    0.33511802554130554,
    0.33561697602272034,
    0.3340824842453003,
    0.36014866828918457,
    0.3851318061351776,
    0.4182254374027252,
    0.4370763301849365,
    0.4517143666744232,
    0.42827486991882324,
    0.41300317645072937,
    0.40999940037727356,
    0.3668327331542969,
    0.3016109764575958,
    0.31393882632255554,
    0.3056693375110626,
    0.2986012399196625,
    0.29528510570526123,
    0.3149090111255646,
    0.3205244541168213,
    0.32677769660949707,
    0.35872766375541687,
    0.38244882225990295,
    0.36368587613105774,
    0.3537398874759674,
    0.3394984304904938,
    0.32407084107398987,
    0.335207462310791,
    0.33652105927467346,
    0.3507031500339508,
    0.3258449137210846,
    0.3490934371948242,
    0.3640214204788208,
    0.3669700622558594,
    0.3697854280471802,
    0.33480310440063477,
    0.3399810791015625,
    0.3540879487991333,
    0.3608853816986084,
    0.3640902042388916,
    0.3666435778141022,
    0.39860057830810547,
    0.423543781042099,
    0.425127238035202,
    0.41191771626472473,
    0.3645501434803009,
    0.3487785756587982,
    0.3631173074245453
  ],
  "all_framewise_lpips": [
    0.9874258041381836,
    0.9857139587402344,
    0.9837250113487244,
    0.9844964742660522,
    0.9803311228752136,
    0.9777064919471741,
    0.9677200317382812,
    0.9649325609207153,
    0.9603805541992188,
    0.9717124104499817,
    0.9765109419822693,
    0.9732003211975098,
    0.9712256193161011,
    0.963529109954834,
    0.9325349926948547,
    0.9520435333251953,
    0.9587002992630005,
    0.9581882953643799,
    0.9582098722457886,
    0.9171905517578125,
    0.9313955307006836,
    0.9788123965263367,
    0.9759325385093689,
    0.9553811550140381,
    0.9453589916229248,
    0.960722804069519,
    0.9765043258666992,
    0.9672423601150513,
    0.9658172726631165,
    0.9651498198509216,
    0.9674227237701416,
    0.9633449912071228,
    0.9518922567367554,
    0.9571390748023987,
    0.9383394718170166,
    0.9222122430801392,
    0.9510427713394165,
    0.9422622323036194,
    0.923983633518219,
    0.9214891791343689,
    0.9073652029037476,
    0.8945935368537903,
    0.9018542170524597,
    0.9192224740982056,
    0.9435794949531555,
    0.8885524868965149,
    0.8976818323135376,
    0.91750168800354,
    0.9224820733070374,
    0.9167910218238831,
    0.9035385847091675,
    0.9113603830337524,
    0.9295626282691956,
    0.9106841683387756,
    0.9033900499343872,
    0.8846557140350342,
    0.8477743864059448,
    0.8362441658973694,
    0.8217895030975342,
    0.8198021650314331,
    0.8158674836158752,
    0.8297315239906311,
    0.852320671081543,
    0.8510943651199341,
    0.8781031370162964,
    0.9256977438926697,
    0.9209152460098267,
    0.9096868634223938,
    0.9261439442634583,
    0.9166411757469177,
    0.918548583984375,
    0.9364779591560364,
    0.9309473633766174,
    0.9184371829032898,
    0.8911985158920288,
    0.929818332195282,
    0.9202171564102173,
    0.8989676833152771,
    0.9066824913024902,
    0.9176428318023682,
    0.9282634258270264,
    0.9243713617324829,
    0.9397903680801392,
    0.9289597272872925,
    0.9150056838989258,
    0.9250346422195435,
    0.9126538634300232,
    0.9332612752914429,
    0.9342464804649353,
    0.9293035864830017,
    0.937075674533844,
    0.9367875456809998,
    0.9450132846832275,
    0.9512546062469482,
    0.9386299848556519,
    0.9413849115371704,
    0.9468660354614258,
    0.9598203897476196,
    0.9575129747390747,
    0.9487420320510864
  ]
}