{
  "n_frames": 87,
  "scenewise_psnr": 16.582675984991376,
  "scenewise_ssim": 0.26007433606854136,
  "scenewise_lpips": 0.8468490277213612,
  "all_framewise_psnrs": [
    16.39076216115249,
    18.05898063761893,
    18.100548394076597,
    17.60739748987841,
    17.271467173426277,
    18.213961686273276,
    16.83531365129755,
    18.31828943633052,
    16.50352108014715,
    16.257337887590705,
    16.416466872246737,
    17.489025300274633,
    17.574936305072466,
    17.778149051373553,
    17.890198776508804,
    17.872117101127373,
    17.738010450745243,
    18.013688924397538,
    17.44027673545578,
    17.819481149903194,
    17.71900985315621,
    16.248194674333035,
    15.657018411711277,
    15.774696064222116,
    16.497089884140017,
    16.900864247326062,
    16.914403192082215,
    16.90446315721928,
    18.112609686204845,
    17.360546282233635,
    17.823558202210368,
    16.99862256669872,
    17.146280986413334,
    16.810997159617532,
    16.988790586558412,
    17.34359985110946,
    16.902281175227802,
    16.919764222016717,
    16.955614617842944,
    17.421761316895623,
    16.995566058682915,
    16.920220362148484,
    17.80626332500779,
    18.118293096412554,
    17.837279655455447,
    17.944682727372463,
    18.013377629971817,
    17.626209528254954,
    17.4552558821571,
    17.774988576878634,
    17.548737736022257,
    17.467343058511933,
    16.9108854068666,
    17.05775042156895,
    17.129221912860817,
    16.877806263965887,
    16.818306983227455,
    16.88185165038169,
    16.556365398761418,
    16.54455228605055,
    16.51230712555659,
    16.532884083582697,
    16.779076556646338,
    16.378542847539237,
    16.15818997265279,
    15.846641419461655,
    15.337387520246683,
    15.005543040161848,
    14.730724908777152,
    14.710045869369047,
    14.508397386349259,
    14.62779096497676,
    14.345496116505213,
    14.667878785077217,
    15.159453459947827,
    15.199418062354464,
    15.217568083211397,
    15.471172200331388,
    15.4588336707364,
    15.784840868882368,
    15.841238444470406,
    15.898661820976429,
    15.90770321816323,
    15.825846529199112,
    15.583691954272652,
    15.402284119561484,
    15.445305224926859
  ],
  "all_framewise_ssim": [
    0.23586930334568024,
    0.30866557359695435,
    0.31769680976867676,
    0.2871575653553009,
    0.264004111289978,
    0.31097474694252014,
    0.20856119692325592,
    0.33885303139686584,
    0.24705402553081512,
    0.21358974277973175,
    0.24739272892475128,
    0.24656856060028076,
    0.3034712076187134,
    0.33746063709259033,
    0.37369224429130554,
    0.38389852643013,
    0.414465069770813,
    0.4411764144897461,
    0.46794572472572327,
    0.4801696240901947,
    0.46141114830970764,
    0.3193574845790863,
    0.22820372879505157,
    0.22642309963703156,
    0.2956375777721405,
    0.30684471130371094,
    0.29401320219039917,
    0.2531175911426544,
    0.3746657073497772,
    0.3090769350528717,
    0.3626117706298828,
    0.29909396171569824,
    0.289339154958725,
    0.2825823724269867,
    0.3330617845058441,
    0.32256019115448,
    0.30518490076065063,
    0.30648884177207947,
    0.3280984163284302,
    0.32208481431007385,
    0.2831335961818695,
    0.2610836923122406,
    0.27204930782318115,
    0.2958066761493683,
    0.2680518925189972,
    0.26916155219078064,
    0.29680684208869934,
    0.2693769931793213,
    0.2502944767475128,
    0.27199721336364746,
    0.2507830560207367,
    0.23649458587169647,
    0.2146034985780716,
    0.20340095460414886,
    0.1947876662015915,
    0.19406865537166595,
    0.184579536318779,
    0.17436158657073975,
    0.18808043003082275,
    0.20832622051239014,
    0.20314396917819977,
    0.2247699648141861,
    0.24954760074615479,
    0.17717599868774414,
    0.1860833615064621,
    0.18236471712589264,
    0.16104532778263092,
    0.16699236631393433,
    0.1595640778541565,
    0.17437271773815155,
    0.1882074624300003,
    0.21215613186359406,
    0.1822061538696289,
    0.18744169175624847,
    0.2567356526851654,
    0.19248519837856293,
    0.17523093521595,
    0.19119144976139069,
    0.16263240575790405,
    0.1897808462381363,
    0.17291702330112457,
    0.1792922466993332,
    0.19067251682281494,
    0.16853918135166168,
    0.1496872752904892,
    0.16284063458442688,
    0.1609632521867752
  ],
  "all_framewise_lpips": [
    0.8074578046798706,
    0.7008888721466064,
    0.6849304437637329,
    0.7161206007003784,
    0.7402885556221008,
    0.7260874509811401,
    0.7930305600166321,
    0.7356860637664795,
    0.8069586157798767,
    0.8202348947525024,
    0.8258862495422363,
    0.8368158340454102,
    0.7893946170806885,
    0.803680956363678,
    0.7900664210319519,
    0.8194658160209656,
    0.8000378608703613,
    0.7749934196472168,
    0.7667685151100159,
    0.7782492637634277,
    0.7684592008590698,
    0.792219877243042,
    0.8284209370613098,
    0.8242865800857544,
    0.7664002180099487,
    0.7707504034042358,
    0.7764029502868652,
    0.8562847971916199,
    0.7820063829421997,
    0.8026655912399292,
    0.7695779204368591,
    0.810863196849823,
    0.8112447261810303,
    0.8072970509529114,
    0.786292552947998,
    0.8084182739257812,
    0.8239359855651855,
    0.8132312297821045,
    0.8209012150764465,
    0.84231036901474,
    0.833409309387207,
    0.8568795919418335,
    0.8382740616798401,
    0.8469644784927368,
    0.8516641855239868,
    0.8749071359634399,
    0.8330973386764526,
    0.8540937900543213,
    0.88433837890625,
    0.8475521802902222,
    0.8676226735115051,
    0.9022521376609802,
    0.8855139017105103,
    0.9023287296295166,
    0.9228385090827942,
    0.8896176815032959,
    0.8893071413040161,
    0.9343287348747253,
    0.8870388865470886,
    0.8746151328086853,
    0.8923662304878235,
    0.8586841225624084,
    0.8536675572395325,
    0.9179050922393799,
    0.8918521404266357,
    0.9077454805374146,
    0.9408674240112305,
    0.9378083944320679,
    0.9511231184005737,
    0.9965848326683044,
    0.9291861653327942,
    0.9055003523826599,
    0.9362199306488037,
    0.9147018790245056,
    0.8794755339622498,
    0.9280751347541809,
    0.9109203815460205,
    0.8977814316749573,
    0.9505054950714111,
    0.9097446203231812,
    0.9098964929580688,
    0.8943743109703064,
    0.8910834789276123,
    0.8949506282806396,
    0.9340144395828247,
    0.8925489187240601,
    0.8926255702972412
  ]
}