{
  "n_frames": 27,
  "scenewise_psnr": 17.275992487050075,
  "scenewise_ssim": 0.3907589996918972,
  "scenewise_lpips": 0.5975712581917092,
  "all_framewise_psnrs": [
    18.482310498352547,
    19.643052869914165,
    19.187487018869554,
    17.722962020272508,
    17.96089308901556,
    17.912957656060332,
    17.83411812137536,
    17.909944534943484,
    18.588182881441895,
    18.771958028959183,
    18.454402190220645,
    17.82340284845648,
    18.332138287367666,
    16.451054785382034,
    13.61862441260265,
    14.857134323209886,
    16.308464884413553,
    15.606702501202944,
    15.83878414643575,
    17.410022054016082,
    16.943651316854684,
    17.686853571166843,
    18.10580650975607,
    17.68783529504891,
    17.071394579501774,
    17.96247004435372,
    18.26403489960718
  ],
  "all_framewise_ssim": [
    0.3790616989135742,
    0.4872455596923828,
    0.467012882232666,
    0.3876260221004486,
    0.38331523537635803,
    0.3417015075683594,
    0.36920905113220215,
    0.4247976243495941,
    0.4364016056060791,
    0.42271652817726135,
    0.4429534375667572,
    0.437307208776474,
    0.4359022378921509,
    0.4327745735645294,
    0.4500241279602051,
    0.3296893537044525,
    0.36319735646247864,
    0.3218120336532593,
    0.327800989151001,
    0.35377082228660583,
    0.3279038965702057,
    0.36054858565330505,
    0.36457955837249756,
    0.3741174638271332,
    0.33028194308280945,
    0.3853975236415863,
    0.38893795013427734
  ],
  "all_framewise_lpips": [
    0.6051880717277527,
    0.5671035051345825,
    0.5617320537567139,
    0.5930712223052979,
    0.5789389610290527,
    0.5858713984489441,
    0.5969159007072449,
    0.5626280307769775,
    0.5634630918502808,
    0.5882458686828613,
    0.5676600933074951,
    0.5670426487922668,
    0.591926097869873,
    0.5961252450942993,
    0.6385996341705322,
    0.6582165360450745,
    0.6493825316429138,
    0.6324761509895325,
    0.6166756749153137,
    0.5998226404190063,
    0.5788663625717163,
    0.6147891879081726,
    0.5991959571838379,
    0.5917066931724548,
    0.6196801662445068,
    0.611584484577179,
    0.5975157618522644
  ]
}