{
  "n_frames": 73,
  "scenewise_psnr": 21.48870727188426,
  "scenewise_ssim": 0.622233060205744,
  "scenewise_lpips": 0.4092024234059739,
  "all_framewise_psnrs": [
    18.063412735166228,
    24.30885710892612,
    23.483224749642577,
    23.29220174170494,
    23.377847046999417,
    24.58380026094698,
    25.32351518846108,
    23.33082273576345,
    16.327917697012648,
    22.95797739041125,
    23.522813961711666,
    23.472498334496784,
    22.521697652082807,
    22.299192370061512,
    22.38777771824285,
    22.066083910882156,
    21.14378439882082,
    21.021565162852728,
    18.24277404627692,
    21.910039131107162,
    23.252998065220496,
    25.164585457280403,
    23.7036540680775,
    25.964217061873796,
    26.20219499229203,
    26.487527386905114,
    25.71120760779049,
    25.72496187620596,
    25.13952046077266,
    22.97532933980269,
    22.207720053006433,
    22.258453954105157,
    22.144311056105813,
    21.6674874384872,
    20.422477325380445,
    19.63427914028186,
    19.486991446501005,
    19.765763649237122,
    20.484281838617342,
    20.60325955159382,
    21.121922893229453,
    21.17008804722531,
    20.809153844868682,
    20.291022720734006,
    21.093922981926475,
    21.181542381438256,
    20.631487400768354,
    20.764351550703083,
    19.607974737940186,
    22.31866744295836,
    23.819084928174043,
    23.42879595685231,
    23.35820364657657,
    23.33579012292646,
    22.780438092495842,
    22.47612561550289,
    22.429392175982038,
    21.616163020436897,
    20.78020528257049,
    19.86926040833662,
    20.287132822918785,
    20.81093189317142,
    20.821491856777044,
    20.651238966847387,
    20.35707354812432,
    20.893440162997948,
    21.607298852548702,
    21.113118856178662,
    20.732720896230962,
    21.138169658752975,
    17.747547792909973,
    21.127681046985025,
    20.140045245577962
  ],
  "all_framewise_ssim": [
    0.4897700250148773,
    0.7894458770751953,
    0.7184391021728516,
    0.7216155529022217,
    0.7190754413604736,
    0.7579532265663147,
    0.7640660405158997,
    0.7052343487739563,
    0.4106559753417969,
    0.6756187081336975,
    0.696984052658081,
    0.6967718005180359,
    0.6538340449333191,
    0.6518125534057617,
    0.6632663607597351,
    0.668967068195343,
    0.6205189824104309,
    0.5803252458572388,
    0.4517393112182617,
    0.5971522927284241,
    0.6884586215019226,
    0.7439963221549988,
    0.692490816116333,
    0.7780138850212097,
    0.7885456085205078,
    0.8028988838195801,
    0.7842589020729065,
    0.7725541591644287,
    0.7404570579528809,
    0.6268592476844788,
    0.5974249839782715,
    0.6067562103271484,
    0.5960425734519958,
    0.5748892426490784,
    0.5159709453582764,
    0.4851730167865753,
    0.4693244695663452,
    0.4589740037918091,
    0.5387434363365173,
    0.5780226588249207,
    0.6128572821617126,
    0.6228626370429993,
    0.6069676876068115,
    0.5699908137321472,
    0.5750147700309753,
    0.5887241959571838,
    0.5845356583595276,
    0.5642762780189514,
    0.5412160754203796,
    0.6470984816551208,
    0.6967551708221436,
    0.6701142191886902,
    0.6370267868041992,
    0.6761344075202942,
    0.6459586024284363,
    0.6236416101455688,
    0.6187888979911804,
    0.5448997616767883,
    0.519991934299469,
    0.4892972409725189,
    0.5319497585296631,
    0.5755879878997803,
    0.5588703155517578,
    0.5373039245605469,
    0.4873112440109253,
    0.5351154208183289,
    0.5759969353675842,
    0.6119938492774963,
    0.5774531960487366,
    0.5739324688911438,
    0.42078232765197754,
    0.5914294719696045,
    0.48731109499931335
  ],
  "all_framewise_lpips": [
    0.4346329867839813,
    0.23430830240249634,
    0.30178964138031006,
    0.30388715863227844,
    0.28702667355537415,
    0.28758737444877625,
    0.30670928955078125,
    0.3376491665840149,
    0.47662803530693054,
    0.34068405628204346,
    0.3158474862575531,
    0.3082350492477417,
    0.35490334033966064,
    0.33874309062957764,
    0.36736175417900085,
    0.39524832367897034,
    0.42868468165397644,
    0.4770970940589905,
    0.5701839923858643,
    0.5238770246505737,
    0.47172796726226807,
    0.4273931086063385,
    0.43618354201316833,
    0.37584057450294495,
    0.3244556188583374,
    0.2683382034301758,
    0.28279775381088257,
    0.31679001450538635,
    0.31679412722587585,
    0.4525778889656067,
    0.4183354377746582,
    0.4202156662940979,
    0.43604588508605957,
    0.43369144201278687,
    0.46512749791145325,
    0.49646157026290894,
    0.5197669267654419,
    0.5240051746368408,
    0.4821937382221222,
    0.4354879856109619,
    0.41406166553497314,
    0.39353543519973755,
    0.3705004155635834,
    0.4111170470714569,
    0.4668738842010498,
    0.46037763357162476,
    0.4537614583969116,
    0.5076900720596313,
    0.47306662797927856,
    0.4340280294418335,
    0.3861401081085205,
    0.3699686825275421,
    0.38029059767723083,
    0.35159969329833984,
    0.38149866461753845,
    0.39394667744636536,
    0.3897038698196411,
    0.44909995794296265,
    0.4621782898902893,
    0.4657648503780365,
    0.42775875329971313,
    0.39689871668815613,
    0.4234951138496399,
    0.4291952848434448,
    0.45042723417282104,
    0.43243172764778137,
    0.40935856103897095,
    0.3838645815849304,
    0.4209131598472595,
    0.4387378394603729,
    0.553379237651825,
    0.4544300138950348,
    0.540368378162384
  ]
}