{
  "n_frames": 100,
  "scenewise_psnr": 18.143658314246125,
  "scenewise_ssim": 0.5425469719952503,
  "scenewise_lpips": 0.502560382783413,
  "all_framewise_psnrs": [
    17.836259142023863,
    17.840500564259575,
    17.819066458313465,
    17.73339554421032,
    17.847471882693306,
    17.816068833424186,
    17.705321651299755,
    17.828873961420456,
    17.758661476478444,
    17.51103934021256,
    17.372525202680944,
    17.724230711773142,
    17.350118844383825,
    17.582756596171883,
    17.88900305979938,
    17.71192009662751,
    17.84229722532441,
    18.09406318628026,
    18.619070017333677,
    18.506026056043414,
    18.326568519414476,
    18.316995126510815,
    18.259049600577686,
    18.1228783163936,
    18.198725009646573,
    18.359501475916044,
    17.636568761180904,
    17.193015353179902,
    17.68352344296986,
    18.233311228412468,
    18.96101196889957,
    18.917546685614635,
    19.285314162255226,
    18.928240748694506,
    18.266871210130567,
    17.517617457642295,
    16.797259308153865,
    18.27415698136394,
    17.94288855166746,
    17.41217157344979,
    17.007381416699946,
    18.223900153784033,
    19.57988627500344,
    19.640335190757327,
    19.634075025482655,
    18.261633283868676,
    18.59221878630402,
    18.795976363417143,
    18.25829063936102,
    17.910506492220357,
    17.76471536354243,
    17.1907648494154,
    17.205927735139227,
    17.418534553868845,
    18.183350461313843,
    17.455113609974447,
    17.700304478200295,
    18.23911042644435,
    18.180368901672388,
    18.562345084994668,
    18.372707252637365,
    18.42913181201604,
    18.16057822608689,
    20.284347017345596,
    18.545510058864135,
    18.38036873566959,
    17.702332384552133,
    17.162098721606036,
    16.56147345906565,
    16.845596897379373,
    18.836059240178194,
    20.21974227018337,
    20.243289678401947,
    20.106318794361226,
    17.84569032059006,
    18.251109828178,
    17.91290262598133,
    17.63618478399817,
    19.279927120940062,
    20.402781941384074,
    20.545102238020043,
    18.80955844410493,
    17.644956660145805,
    17.99062457376272,
    18.43590030504093,
    18.208185241104108,
    18.620671897676722,
    18.260782815462214,
    18.25261401443306,
    18.21584113567882,
    18.03711681668101,
    18.128943749580007,
    18.006964198295634,
    17.69595977109153,
    18.469514624460587,
    19.822494764281675,
    19.05280692889499,
    16.93191165618429,
    17.79429755183021,
    18.56709066390072
  ],
  "all_framewise_ssim": [
    0.5191008448600769,
    0.519091784954071,
    0.5211243629455566,
    0.5190295577049255,
    0.5180216431617737,
    0.5168063044548035,
    0.5106423497200012,
    0.523148775100708,
    0.5304930806159973,
    0.5154855847358704,
    0.510293185710907,
    0.5226738452911377,
    0.5214951038360596,
    0.5288100838661194,
    0.5449922680854797,
    0.5486944317817688,
    0.574651300907135,
    0.6002561450004578,
    0.6280454993247986,
    0.6275145411491394,
    0.6072607636451721,
    0.5994064807891846,
    0.5833050608634949,
    0.5791794657707214,
    0.5748711228370667,
    0.5808996558189392,
    0.5702236294746399,
    0.5584703087806702,
    0.5672464370727539,
    0.5538463592529297,
    0.5723395943641663,
    0.6019715070724487,
    0.6460722088813782,
    0.6392626762390137,
    0.6274064779281616,
    0.6103753447532654,
    0.588205099105835,
    0.5710201263427734,
    0.5281910300254822,
    0.5042185187339783,
    0.5189221501350403,
    0.5832550525665283,
    0.5950471758842468,
    0.5679214000701904,
    0.6112928986549377,
    0.59415203332901,
    0.5984966158866882,
    0.5740587115287781,
    0.5399001240730286,
    0.5154802203178406,
    0.49168574810028076,
    0.4649265706539154,
    0.44892609119415283,
    0.458459734916687,
    0.48071977496147156,
    0.4615917503833771,
    0.47862663865089417,
    0.5086827874183655,
    0.5447096228599548,
    0.5685206055641174,
    0.5850935578346252,
    0.557372510433197,
    0.5448880195617676,
    0.5773177742958069,
    0.5321740508079529,
    0.4250657260417938,
    0.4037739038467407,
    0.39031553268432617,
    0.3994938135147095,
    0.40169355273246765,
    0.4605971872806549,
    0.5252984166145325,
    0.5240696668624878,
    0.5620937943458557,
    0.5544244647026062,
    0.5645086765289307,
    0.5429927706718445,
    0.500085175037384,
    0.5196355581283569,
    0.5545851588249207,
    0.5540522933006287,
    0.5139949917793274,
    0.5116853713989258,
    0.5189796090126038,
    0.5151252746582031,
    0.5094351172447205,
    0.5138468146324158,
    0.5085027813911438,
    0.5177662968635559,
    0.5234718918800354,
    0.5193212628364563,
    0.5141027569770813,
    0.5153489708900452,
    0.581040620803833,
    0.6288053393363953,
    0.6441794037818909,
    0.6080861687660217,
    0.5568577647209167,
    0.5682480931282043,
    0.5833390951156616
  ],
  "all_framewise_lpips": [
    0.46900370717048645,
    0.46699461340904236,
    0.46246016025543213,
    0.4597010314464569,
    0.4602241516113281,
    0.4645644724369049,
    0.4657023847103119,
    0.4659401774406433,
    0.43640682101249695,
    0.4583531320095062,
    0.46155157685279846,
    0.4484921097755432,
    0.4508042335510254,
    0.43425923585891724,
    0.4098988175392151,
    0.41210007667541504,
    0.38696256279945374,
    0.36022689938545227,
    0.34961581230163574,
    0.35234951972961426,
    0.3643292188644409,
    0.3687041699886322,
    0.3761867582798004,
    0.39427509903907776,
    0.402234822511673,
    0.3926222324371338,
    0.40373629331588745,
    0.43865448236465454,
    0.43329891562461853,
    0.4482758939266205,
    0.46040621399879456,
    0.43651682138442993,
    0.3909008800983429,
    0.3999961316585541,
    0.40451982617378235,
    0.43283382058143616,
    0.4711798131465912,
    0.4933045208454132,
    0.5350582599639893,
    0.5540158152580261,
    0.5390231013298035,
    0.5046451687812805,
    0.49555152654647827,
    0.5155948400497437,
    0.48188430070877075,
    0.518020749092102,
    0.5282294154167175,
    0.5557584762573242,
    0.5700975060462952,
    0.5751603245735168,
    0.5709842443466187,
    0.5691148638725281,
    0.580686628818512,
    0.5618577003479004,
    0.5408492684364319,
    0.5427654385566711,
    0.5362191200256348,
    0.5258816480636597,
    0.49814143776893616,
    0.48488849401474,
    0.47272902727127075,
    0.45700138807296753,
    0.46929931640625,
    0.4665917754173279,
    0.5211156010627747,
    0.6529409885406494,
    0.6860891580581665,
    0.6440614461898804,
    0.6361347436904907,
    0.641272246837616,
    0.5742950439453125,
    0.5440908074378967,
    0.5436762571334839,
    0.4866675138473511,
    0.5155232548713684,
    0.5168245434761047,
    0.5312650799751282,
    0.5708105564117432,
    0.5400331616401672,
    0.5214725136756897,
    0.5420156121253967,
    0.5785006284713745,
    0.5852232575416565,
    0.5715914368629456,
    0.5880357027053833,
    0.6146177649497986,
    0.6082829236984253,
    0.6039618253707886,
    0.5942598581314087,
    0.587509036064148,
    0.5946337580680847,
    0.5967907309532166,
    0.5939781665802002,
    0.5254338383674622,
    0.488131582736969,
    0.4783332645893097,
    0.5155012011528015,
    0.553386390209198,
    0.5420384407043457,
    0.5299026966094971
  ]
}