{
  "n_frames": 100,
  "scenewise_psnr": 21.87938189881811,
  "scenewise_ssim": 0.6878003318340653,
  "scenewise_lpips": 0.540725485086441,
  "all_framewise_psnrs": [
    24.913013944328057,
    25.25988887171573,
    23.310439838143285,
    23.907952499416627,
    23.29548136185936,
    20.305077487887907,
    22.305658887195797,
    23.10101094277212,
    23.214119681646963,
    21.582167300211765,
    21.180340518321728,
    23.035566117208116,
    22.27561757702027,
    20.185260695535426,
    24.754358839139346,
    24.126661389144694,
    21.811456501797988,
    21.916447777940498,
    22.52491231576982,
    21.961116022075416,
    21.411456162615572,
    19.140775219422544,
    22.328239227568023,
    21.001085473377252,
    20.459561485981666,
    22.316190228266546,
    24.52806018878193,
    23.02677126598645,
    20.480738183131958,
    20.64889290440155,
    20.52906263125611,
    22.50788590427415,
    23.03145177890036,
    22.729188488507948,
    23.329304157202053,
    23.40495422848833,
    21.669899491073146,
    22.91807610975273,
    22.62773901728416,
    18.84380308177298,
    20.999044078732034,
    21.108339922692345,
    22.58698014198036,
    20.95578201354415,
    21.2864194627416,
    20.695530157029232,
    22.3567745511328,
    21.383404868525197,
    21.951156657548164,
    23.154415736658407,
    22.766017332938986,
    22.75712047436859,
    22.19579449965087,
    22.70172959292492,
    22.25498217581778,
    22.334769251868675,
    21.619853009343608,
    22.063152415303758,
    22.427224098113363,
    21.360449019811764,
    22.36246397634841,
    24.20476371316451,
    22.56381188913547,
    22.296882730667438,
    23.40470087130076,
    24.019606033057617,
    21.080311495112333,
    21.3058199141081,
    21.433608283991102,
    22.47756292006124,
    21.811652309858168,
    21.86122364427161,
    22.426218426566294,
    21.45214152986606,
    21.00721593100406,
    21.442643288643218,
    22.237386515215718,
    22.68952533767377,
    20.228763299662454,
    22.42859860960636,
    21.096302050218775,
    23.270334969187964,
    23.267799521778883,
    21.425618846294956,
    21.21961196711713,
    21.257284736312457,
    18.549703722506553,
    21.433273514789196,
    20.417195230074334,
    21.477929540640027,
    21.68869380341903,
    21.2382107597217,
    22.041843075791757,
    21.236823724447603,
    22.096310367926165,
    22.01631067244586,
    22.69707648720621,
    21.89143645605008,
    21.347573568201838,
    21.35960316750998
  ],
  "all_framewise_ssim": [
    0.7332286834716797,
    0.7453360557556152,
    0.6942399144172668,
    0.7051307559013367,
    0.6885995268821716,
    0.6344252228736877,
    0.6613674759864807,
    0.6824735999107361,
    0.6805956959724426,
    0.6815780997276306,
    0.6900355219841003,
    0.7103576064109802,
    0.6865089535713196,
    0.6712064146995544,
    0.7457156777381897,
    0.749908983707428,
    0.6976755261421204,
    0.7358214855194092,
    0.6935064792633057,
    0.7262213230133057,
    0.7386839389801025,
    0.6519156098365784,
    0.6777553558349609,
    0.6529050469398499,
    0.652368426322937,
    0.732558012008667,
    0.8061948418617249,
    0.728923499584198,
    0.6218964457511902,
    0.6347067356109619,
    0.6545625925064087,
    0.6702136993408203,
    0.6842512488365173,
    0.7046278119087219,
    0.7156438231468201,
    0.7499160170555115,
    0.7465144991874695,
    0.7883994579315186,
    0.7640359997749329,
    0.6830225586891174,
    0.6699409484863281,
    0.6399435997009277,
    0.692935049533844,
    0.6648828983306885,
    0.6459103226661682,
    0.6449348330497742,
    0.6661418080329895,
    0.6533986926078796,
    0.6414194703102112,
    0.686505138874054,
    0.6541075706481934,
    0.6522082686424255,
    0.6530672907829285,
    0.6743921637535095,
    0.6568691730499268,
    0.6417400240898132,
    0.6104784607887268,
    0.6364333629608154,
    0.6541587710380554,
    0.6715454459190369,
    0.6742827892303467,
    0.7244632244110107,
    0.7460489869117737,
    0.6996858716011047,
    0.7166861891746521,
    0.7132601737976074,
    0.7053399085998535,
    0.6704756617546082,
    0.674109160900116,
    0.7104770541191101,
    0.7436873316764832,
    0.6831606030464172,
    0.6722090840339661,
    0.6683838367462158,
    0.6691601276397705,
    0.6796771883964539,
    0.6980512738227844,
    0.6866626739501953,
    0.6581878066062927,
    0.6891610026359558,
    0.6390101313591003,
    0.720733642578125,
    0.7095834612846375,
    0.6697208285331726,
    0.6758878827095032,
    0.6521657705307007,
    0.6091457009315491,
    0.6645938754081726,
    0.6589320302009583,
    0.6581487655639648,
    0.6810483932495117,
    0.6802635192871094,
    0.663646399974823,
    0.6930426955223083,
    0.6893794536590576,
    0.6882842183113098,
    0.7433357238769531,
    0.7293693423271179,
    0.681617796421051,
    0.6887194514274597
  ],
  "all_framewise_lpips": [
    0.44481369853019714,
    0.42588010430336,
    0.4561353921890259,
    0.4569471776485443,
    0.49760881066322327,
    0.5115100145339966,
    0.5973284244537354,
    0.5780467391014099,
    0.6020820140838623,
    0.533480167388916,
    0.5579273700714111,
    0.5697364211082458,
    0.5686721801757812,
    0.561032772064209,
    0.5057514905929565,
    0.5173354744911194,
    0.5301551818847656,
    0.510481595993042,
    0.6125771999359131,
    0.6177008748054504,
    0.5390856266021729,
    0.5842931270599365,
    0.5864596962928772,
    0.5837612152099609,
    0.4776456356048584,
    0.43198275566101074,
    0.3839136064052582,
    0.44316375255584717,
    0.5675414204597473,
    0.5518004298210144,
    0.601073682308197,
    0.5945081114768982,
    0.5516547560691833,
    0.49432504177093506,
    0.5090276598930359,
    0.48687323927879333,
    0.44828999042510986,
    0.39410823583602905,
    0.4421663284301758,
    0.5147114992141724,
    0.5948839783668518,
    0.6038937568664551,
    0.5325132012367249,
    0.5201807022094727,
    0.5291690230369568,
    0.5287975072860718,
    0.5649324655532837,
    0.4915335476398468,
    0.5090681910514832,
    0.4932742118835449,
    0.5247007608413696,
    0.5364580154418945,
    0.5462567806243896,
    0.547907292842865,
    0.554567813873291,
    0.5404201745986938,
    0.5881475806236267,
    0.5916885733604431,
    0.614848256111145,
    0.5931474566459656,
    0.640562891960144,
    0.6381702423095703,
    0.6150096654891968,
    0.5574602484703064,
    0.5524933338165283,
    0.5806856751441956,
    0.5579003095626831,
    0.6384040117263794,
    0.5520576238632202,
    0.5314256548881531,
    0.4586687386035919,
    0.6037671566009521,
    0.624945878982544,
    0.5996829271316528,
    0.5592273473739624,
    0.43389153480529785,
    0.5071739554405212,
    0.5311216115951538,
    0.5212720036506653,
    0.5297188758850098,
    0.5795442461967468,
    0.49847689270973206,
    0.53896164894104,
    0.5709206461906433,
    0.4933917224407196,
    0.5379127264022827,
    0.5262333750724792,
    0.5578874349594116,
    0.5474271774291992,
    0.5804340243339539,
    0.5538709759712219,
    0.518060564994812,
    0.6068362593650818,
    0.5772970914840698,
    0.5722246766090393,
    0.5778594017028809,
    0.5426920056343079,
    0.5139533281326294,
    0.5475950837135315,
    0.5493513345718384
  ]
}