{
  "n_frames": 100,
  "scenewise_psnr": 10.999069329337036,
  "scenewise_ssim": 0.2799981634385489,
  "scenewise_lpips": 1.0070104867219924,
  "all_framewise_psnrs": [
    11.293809585889878,
    11.582183311809317,
    10.879888677971731,
    11.090680783309367,
    11.953879221186128,
    11.796384872664083,
    11.016640609207336,
    10.958552783585795,
    11.713101410674675,
    11.506064623975075,
    11.902814596473949,
    11.232754990984557,
    10.505764298584623,
    10.874783295313236,
    10.91194319971901,
    10.711566524042073,
    10.658533945633542,
    11.642779398410585,
    12.256587961847998,
    12.19172217601982,
    12.100292848103482,
    12.5279926122485,
    12.641108368908382,
    12.411636010290984,
    12.282590111862365,
    11.598458292078409,
    11.73322259309439,
    12.673382240776728,
    12.821245466953728,
    12.896692067179647,
    15.091596855930153,
    9.810544039565837,
    10.182991681972887,
    11.480692138843796,
    11.331635480634885,
    11.234759534858796,
    10.555782988797775,
    10.16653468402803,
    10.819691113566385,
    9.569995131976972,
    8.858214139329903,
    8.65471676967837,
    9.192633518117198,
    9.957093677897749,
    9.563003674797582,
    8.71391581117525,
    8.269333940596646,
    8.064738066210712,
    9.804932292253078,
    11.621553966423953,
    11.692915337361738,
    12.659715125875405,
    12.445599166696535,
    11.081608799982995,
    10.666365050890283,
    10.799120649412991,
    12.245154727835,
    12.472587466608774,
    13.035753587692426,
    13.124008715272666,
    13.066713983631935,
    13.307146394879188,
    13.138429374211565,
    10.700150689484678,
    10.462896479973525,
    11.471937473112465,
    11.058033905432001,
    11.276154927989284,
    11.487104200716512,
    11.080125960366223,
    9.390529582857267,
    9.250478613401278,
    8.81757051949083,
    9.356616228715245,
    10.107852437418533,
    12.220693853809294,
    14.059006355582612,
    19.16767473627068,
    18.07200457875525,
    15.541355782065967,
    13.040168643068593,
    12.673240616822397,
    12.106988834930956,
    9.966515130642566,
    10.818410292546352,
    9.51211287974678,
    7.7445977638859675,
    6.842153619128373,
    6.6346119851574965,
    9.7861260874938,
    12.081680969533837,
    12.35533666197274,
    12.375384895356534,
    12.980030381901617,
    13.198079349666552,
    13.110675437352226,
    12.530205730117853,
    11.586143423882604,
    11.207083532485624,
    10.42482193196731
  ],
  "all_framewise_ssim": [
    0.18939609825611115,
    0.19465796649456024,
    0.21893620491027832,
    0.2577456533908844,
    0.2565697133541107,
    0.24205155670642853,
    0.21141858398914337,
    0.23526698350906372,
    0.2596745789051056,
    0.2692323923110962,
    0.2906826436519623,
    0.3068876266479492,
    0.2655516266822815,
    0.26820871233940125,
    0.2750452756881714,
    0.25534486770629883,
    0.2621786296367645,
    0.27718690037727356,
    0.30480456352233887,
    0.32806792855262756,
    0.3239228427410126,
    0.2855745553970337,
    0.25436997413635254,
    0.25711289048194885,
    0.2490871101617813,
    0.25314775109291077,
    0.27234479784965515,
    0.26597854495048523,
    0.24518902599811554,
    0.23523937165737152,
    0.24465447664260864,
    0.1704108864068985,
    0.18332220613956451,
    0.20471341907978058,
    0.22009406983852386,
    0.2243671864271164,
    0.2123609036207199,
    0.20542187988758087,
    0.2240310162305832,
    0.22992216050624847,
    0.2673346996307373,
    0.29664814472198486,
    0.2940215766429901,
    0.32562246918678284,
    0.3315941393375397,
    0.29250821471214294,
    0.3049549162387848,
    0.31087079644203186,
    0.29176628589630127,
    0.311513751745224,
    0.3247446119785309,
    0.30692538619041443,
    0.2790137529373169,
    0.2104896754026413,
    0.20055659115314484,
    0.22515831887722015,
    0.25174763798713684,
    0.25606778264045715,
    0.2708286941051483,
    0.2568206489086151,
    0.23930156230926514,
    0.2537020742893219,
    0.27648237347602844,
    0.23978352546691895,
    0.19985812902450562,
    0.19297678768634796,
    0.21149052679538727,
    0.24799515306949615,
    0.24309857189655304,
    0.23638635873794556,
    0.25567111372947693,
    0.276870459318161,
    0.29714009165763855,
    0.27489039301872253,
    0.27670153975486755,
    0.3139233887195587,
    0.33915257453918457,
    0.3888879120349884,
    0.3769887387752533,
    0.36619338393211365,
    0.3798571825027466,
    0.34250637888908386,
    0.4149158298969269,
    0.43784794211387634,
    0.42439004778862,
    0.39214539527893066,
    0.4178589880466461,
    0.45993462204933167,
    0.3051762878894806,
    0.296771377325058,
    0.34900760650634766,
    0.34703660011291504,
    0.3571500778198242,
    0.3208339214324951,
    0.2935355603694916,
    0.28168120980262756,
    0.28180229663848877,
    0.24858105182647705,
    0.2327849268913269,
    0.244290292263031
  ],
  "all_framewise_lpips": [
    1.0586694478988647,
    1.0592999458312988,
    1.0372930765151978,
    1.0606675148010254,
    1.0286827087402344,
    1.0324503183364868,
    1.0362266302108765,
    1.0338003635406494,
    1.0233131647109985,
    1.0194276571273804,
    0.9958142638206482,
    0.9978553652763367,
    1.0226845741271973,
    1.0237027406692505,
    1.0259366035461426,
    1.0303771495819092,
    1.0000019073486328,
    0.9832544326782227,
    0.9899708032608032,
    0.9789565801620483,
    0.9833648800849915,
    0.9976626634597778,
    1.008913278579712,
    1.012130618095398,
    1.0327969789505005,
    1.028795599937439,
    1.0205059051513672,
    1.0264770984649658,
    0.9895157217979431,
    0.9969016909599304,
    0.9709557890892029,
    1.0804493427276611,
    1.0592854022979736,
    1.0442787408828735,
    1.0363975763320923,
    1.065109372138977,
    1.0940333604812622,
    1.0677471160888672,
    1.0229469537734985,
    1.0597902536392212,
    1.0466963052749634,
    1.0362118482589722,
    1.0250217914581299,
    0.9900462031364441,
    1.0101462602615356,
    0.9955134391784668,
    1.0015747547149658,
    0.9712669849395752,
    0.9627557396888733,
    0.9501382112503052,
    0.972491443157196,
    0.9956250190734863,
    0.9950290322303772,
    1.042464256286621,
    1.0518624782562256,
    1.013236403465271,
    1.0123710632324219,
    1.0142803192138672,
    1.003913164138794,
    0.9921203255653381,
    0.9952514171600342,
    0.9897335171699524,
    0.9878968000411987,
    1.0289310216903687,
    1.0647724866867065,
    1.0514121055603027,
    1.050826907157898,
    1.0526421070098877,
    1.025161862373352,
    1.0207988023757935,
    1.0486905574798584,
    1.0475208759307861,
    1.0452157258987427,
    1.052455186843872,
    1.0434820652008057,
    0.945897102355957,
    0.9509727954864502,
    0.9029191732406616,
    0.9275398254394531,
    0.9461353421211243,
    0.9559510946273804,
    0.9870427846908569,
    0.9275960922241211,
    0.9403648376464844,
    0.9169507026672363,
    0.927383542060852,
    0.920806884765625,
    0.8903471827507019,
    1.0148775577545166,
    0.9800405502319336,
    0.9603469371795654,
    0.9581445455551147,
    0.9585195779800415,
    0.9718312621116638,
    0.9834849834442139,
    0.996894359588623,
    1.009926676750183,
    1.0303101539611816,
    1.035675287246704,
    1.0370893478393555
  ]
}